spell_id	priority	skill_line_ids	name_en	rank_en	description_en	tooltip_en	name_zh	rank_zh	description_zh	tooltip_zh	notes
85936	all		Flaming Strafe		Onyxia's flaming breath hits all enemies on the ground for $s1 Fire damage.						
85937	all		Flaming Strafe		Onyxia's flaming breath hits all enemies on the ground for $s1 Fire damage.						
85938	all		Flaming Strafe		Onyxia's flaming breath hits all enemies on the ground for $s1 Fire damage.						
85939	all		Flaming Strafe		Onyxia's flaming breath hits all enemies on the ground for $s1 Fire damage.						
85940	all		Flaming Strafe		Onyxia's flaming breath hits all enemies on the ground for $s1 Fire damage.						
85941	all		Flaming Strafe		Onyxia's flaming breath hits all enemies on the ground for $s1 Fire damage.						
85942	all		Flaming Strafe		Onyxia's flaming breath hits all enemies on the ground for $s1 Fire damage.						
85943	all		Flaming Strafe		Onyxia's flaming breath hits all enemies on the ground for $s1 Fire damage.						
85944	all		Flaming Strafe		Onyxia's flaming breath hits all enemies on the ground for $s1 Fire damage.						
85945	all		Flaming Strafe		Onyxia's flaming breath hits all enemies on the ground for $s1 Fire damage.						
85946	all		Flaming Strafe		Onyxia's flaming breath hits all enemies on the ground for $s1 Fire damage.						
85947	all		Flaming Strafe		Onyxia's flaming breath hits all enemies on the ground for $s1 Fire damage.						
85948	all		Flaming Strafe		Onyxia's flaming breath hits all enemies on the ground for $s1 Fire damage.						
85949	all		Flaming Strafe		Onyxia's flaming breath hits all enemies on the ground for $s1 Fire damage.						
85950	all		Flaming Strafe		Onyxia's flaming breath hits all enemies on the ground for $s1 Fire damage.						
85951	all		Flaming Strafe		Onyxia's flaming breath hits all enemies on the ground for $s1 Fire damage.						
85952	all		Flaming Strafe		Onyxia's flaming breath hits all enemies on the ground for $s1 Fire damage.						
85953	all		Dummy Trigger		Dummy Trigger						
85954	all		Fireball		Inflicts Fire damage to an enemy.						
85955	all		Cone of Fire		Inflicts $s1 Fire damage to enemies in a cone in front of the caster.						
85956	all		Bellowing Roar			Fleeing in fear.					
85957	all		Dummy Trigger		Dummy Trigger						
85958	all		Dummy Trigger		Dummy Trigger						
85959	all		Begin Landing		Dummy Trigger						
85960	all		Whirlwind		Attacks nearby enemies in a whirlwind of steel that lasts $d. and inflicts normal damage plus a bonus.	Attacking all nearby enemies for normal damage plus a bonus.					
85961	all		Revenge		Instantly counterattack an enemy for $s1 damage. Revenge must follow a block, dodge, or parry.						
85962	all		Debilitating Slam		Inflicts damage to an enemy, stunning it for $d.	Stunned.					
85963	all		Blackhand's Mark		Gyth's attention is focused on you.	Gyth's attention is focused on you.					
85964	all		Dummy Trigger		Dummy Trigger						
85965	all		Begin Scene: ubrs-stadium-wave-1		Dummy Trigger						
85966	all		Begin Scene: ubrs-stadium-wave-2		Dummy Trigger						
85967	all		Begin Scene: ubrs-stadium-wave-3		Dummy Trigger						
85968	all		Begin Scene: ubrs-stadium-wave-4		Dummy Trigger						
85969	all		Begin Scene: ubrs-stadium-wave-5		Dummy Trigger						
85970	all		Begin Scene: ubrs-stadium-wave-6		Dummy Trigger						
85971	all		Dummy Trigger		Dummy Trigger						
85972	all		Begin Scene: ubrs-stadium-wave-7		Dummy Trigger						
85973	all		Dummy Trigger		Dummy Trigger						
85974	all		Begin Scene: ubrs-stadium-cleanup		Dummy Trigger						
85975	all		Dummy Trigger		Dummy Trigger						
85976	all		Begin Scene: ubrs-stadium-outro		Dummy Trigger						
85977	all		Gift of the Red		Regenerates all nearby group members for $s1 every $t1 seconds for $d.  Druid must channel to maintain the spell.	Heals nearby party members for $s1 every $t1 seconds.					
85978	all		Flamestrike		Calls down a pillar of flame, burning all enemies in a selected area and inflicting additional damage every $t2 sec. for $d.	Fire damage inflicted every $t2 sec.					
85979	all		Cleave		Inflicts $s1% of normal melee damage to an enemy and its nearest allies, affecting up to $x1 targets.						
85980	all		Conflagration		Sets an enemy aflame, inflicting $o1 Fire damage over $d. and sending it into a state of panic. While the target is affected, the flames periodically scorch its nearby allies for $16806s1 damage as well.	You're burning!					
85981	all		Thunderclap		Inflicts Nature damage to nearby enemies, increasing the time between their attacks and slowing their movement for $d.	Time between attacks increased by $s3%.\nMovement speed reduced by $s2%.					
85982	all		Rage		Increases the Physical damage dealt by the caster by $s1 and speeds its attack by $s2% for $d.	Physical damage dealt is increased by $s1.\nAttack speed increased by $s2%.					
85983	all		Pierce Armor		Reduces an enemy's armor by $s1% for $d.	Armor reduced by $s1%.					
85984	all		Molten Engulfment		The ground beneath General Drakkisath slowly begins to heat.	The ground beneath General Drakkisath slowly begins to heat.					
85985	all		Charred Ground		The ground beneath you retains the heat of a recent Molten Engulfment. Dealing $s1 fire damage to the inflamed area every $t1 sec.	The ground beneath you retains the heat of a recent Molten Engulfment. Dealing $s1 fire damage to the inflamed area every $t1 sec.					
85986	all		Molten Engulfment		Deals $s1 Fire damage to all nearby enemies and leaves a flaming blaze behind.	Deals Fire damage every $t2 sec.					
85987	all		Dummy Trigger		Dummy Trigger						
85988	all		Molten Engulfment		Deals $s1 Fire damage to all enemies.						
85989	all		Dummy Trigger		Dummy Trigger						
85990	all		Molten Engulfment								
85991	all		Dummy Trigger		Dummy Trigger						
85992	all		Protection of the Red								
85993	all		Protection of the Red								
85994	all		Begin Scene: ubrs-father-flame-wave-1		Dummy Trigger						
85995	all		Begin Scene: ubrs-father-flame-wave-2		Dummy Trigger						
85996	all		Begin Scene: ubrs-father-flame-wave-3		Dummy Trigger						
85997	all		Begin Scene: ubrs-father-flame-wave-4		Dummy Trigger						
85998	all		Begin Scene: ubrs-father-flame-boss-arrive		Dummy Trigger						
85999	all		Begin Scene: ubrs-father-flame-cleanup		Dummy Trigger						
86000	all		Begin Scene: ubrs-father-flame-outro		Dummy Trigger						
86001	all		Encounter Start		Encounter Start						
86002	all		Flamestrike		Calls down a pillar of flame, burning all enemies in a selected area and inflicting additional damage every $t2 sec. for $d.	Fire damage inflicted every $t2 sec.					
86003	all		Flame Funnel		Inflicts Fire damage to nearby enemies.						
86004	all		Emberseer Growing								
86005	all		Flame Funnel		Flame Funnel						
86006	all		Flame Funnel		Flame Funnel						
86007	all		Flame Funnel		Flame Funnel						
86008	all		Encounter Reset		Encounter Reset						
86009	all		Dummy Trigger		Dummy Trigger						
86010	all		Dummy Trigger		Dummy Trigger						
86011	all		Dummy Trigger		Dummy Trigger						
86012	all		Dummy Trigger		Dummy Trigger						
86013	all		Flamebreak		Inflicts Fire damage to nearby enemies, knocking them back.						
86014	all		Immolate		Burns an enemy, then inflicts additional Fire damage every $t1 sec. for $d.	Fire damage inflicted every $t1 sec.					
86015	all		Berserker Charge		Charges at an enemy, knocking it back and inflicting normal damage plus $s3.						
86016	all		Fireball		Inflicts Fire damage to an enemy.						
86017	all		Fire Blast		Inflicts Fire damage to an enemy.						
86018	all		Flame Breath		Inflicts $s1 Fire damage to enemies in a cone in front of the caster.						
86019	all		Molten Roar		Inflicts $s1 Fire damage to nearby enemies, plus $s2 additional damage every $t2 seconds for $d.	Fire damage inflicted every $t2 sec.					
86020	all		Summon Companions			Chance to hit reduced by $s1%.					
86021	all		Spawn Slime								
86022	all		Fan of Knives		Instantly throw both weapons at all targets within $a1 yards, causing ${$m1*1.5}% weapon damage with daggers, and $s1% weapon damage with all other weapons.						
86023	all		Engineers Toolkit		Strikes an enemy with a lightning bolt that arcs to another nearby enemy. The spell affects up to $x1 targets, causing Nature damage to each.						
86024	all		Wall of Flame		A cascade of magma splashes over enemies in a $a1 yd cone in front of the caster, dealing $s2 Fire damage.						
86025	all		Wall of Flame		Inflicts Fire damage to nearby enemies.						
86026	all		Launch Saw Blades		Shoots saw blades in front of the caster dealing $s1 damage to up to 5 targets.						
86027	all		Eject Sneed		Ejects Sneed from the shedder cockpit.						
86028	all		Exhaust		Targets in a cone in front of the caster take ${$m1*3} Fire damage over $d.						
86029	all		Exhaust		Targets in a cone in front of the caster take ${$m2*3} Fire damage over $d.	Breathing fire damage.					
86030	spellbook	778	Scabbers		Teaches you how to summon this companion.						
86031	all				Teaches you how to summon this companion.						
86032	all		Defias Cannon Destruction		Fires a rocket full of napalm towards the targeted location. The napalm burns all enemies within $66542a1 yards of that location for $66542s1 damage per second for $66542d.	Deals $s1 Fire damage per second.					
86033	all		Fire Defias Cannon		Fires an incendiary cannon ball towards the targeted location. Leaving a wake that burns all enemies within $86032a1 yards of that location for $86032s1 damage per second for $86032d.						
86034	all		Call for Help: Defias Miner		Makes nearby Defias Miners attack nearby targets						
86035	all		Smoke Bomb		Casts a smoke bomb, stunning an enemy for $d.	Stunned.					
86036	all		Blizzard		Calls down a blizzard that lasts $d., inflicting $s1 Frost damage every $t1 sec. to all enemies in a selected area.						
86037	all		Chuck Mug		Inflicts Physical damage to an enemy.						
86038	all		Vomit		Hurl vomit at enemies in front of the caster, dealing $s1 Nature damage.						
86039	all		Ceramic Plating		Renders an ally immune to Fire spells for $d.	Immune to Fire spells.					
86040	all		Launch Saw Blades		Shoots saw blades in front of the caster dealing $s1 damage to up to 5 targets.						
86041	all		Overheating		Sacrifices the caster's life in order to inflict $s1 Fire damage to nearby enemies.						
86042	all		Overheating		Sacrifices the caster's life in order to inflict Fire damage to nearby enemies.	Preparing to explode.					
86043	all		Giga-Rocket		Fire a powerful rocket at the enemy that does $s1 damage and stuns them for $s2 sec.	Stunned.					
86044	all		Sprockets Rockets		Shoots a volley of rockets at the target and anyone within range of the target.						
86045	all		Sprockets Rockets		Shoots a volley of rockets at the target and anyone within range of the target.						
86046	all		Stomp		Stomps the ground, knocking enemies within $a2 yds. into the air and inflicting $s3 Frost damage.						
86047	all		Emerge		Emerge						
86048	all		Tentacle Cleave		Inflicts normal damage plus $s1 to an enemy and its nearest allies, affecting up to $x1 targets.						
86049	all		Draining Poison		Inflicts $o1 Nature damage to an enemy and drains $o1 Mana over $d.	$s1 Nature damage inflicted every $t1 sec.\n$s2 Mana drained every $t1 sec.					
86050	all		Poison Bolt Volley		Shoots poison at all enemies, inflicting $s1 Nature damage, then additional damage every $t2 sec. for $d.	Deals $s2 nature damage every $t2 sec.					
86051	all		Shadow Bolt		Hurls a bolt of dark magic at an enemy, inflicting $s1 Shadow damage.						
86052	all		Dark Depths		Inflicts $s1% of the target's maximum health in damage every $t1 sec. for $d. Stacks up to 5 times.	$s1% of maximum health dealt in damage every $t1 sec.					
86053	all		Thalassophobia		Hurls missiles of dark magic, inflicting Shadow damage and wounding nearby enemies, reducing the effectiveness of any healing by $s2% for $d.	Healing effects reduced by $s2%.					
86054	all		Dark Shriek		Deals shadow damage to nearby enemies and interrupts spellcasting for $d.						
86055	all		Knock Away		Inflicts normal damage plus $s1 to an enemy and knocks it back.						
86056	all		Throw Pickaxe		Throw your pickaxe at the target, dealing $s1 Physical damage.						
86057	all		Snap		Stuns the target for $d.	Stunned.					
86058	all		Frostbolt		Inflicts Frost damage to an enemy and reduces its movement speed for $d.	Reduced movement speed.					
86059	all		Emergency Repair Kit		An emergency repair kit that restores $s1% health.						
86060	all		Fire Blast		Inflicts Fire damage to an enemy.						
86061	all		Shocked		Shocks the enemy to sleep for up to $d. Any hostile action will awaken the target. Only one target can be shocked at a time.	You have been shocked!					
86062	all		Electric Shock		Inflicts $s1 Nature damage every $t1 sec over $d to enemies who enter the area.	$s1 Naturedamage every $t1 $lsecond:seconds;.					
86063	all		Electric Shock		Shocks the ground, dealing damage to any enemies standing in the area.						
86064	all		Charged Up			Shocked!					
86065	all		Charged Up		Shocks enemies within line of sight, dealing $86064s1.						
86066	all		Toxic Bolt		Inflicts Nature damage to an enemy.						
86067	all		Hurricane		Creates a violent storm in the target area causing $s1 Nature damage to enemies every $t1 sec, and increasing the time between the attacks of enemies by $s2%.  Lasts $d.  Druid must channel to maintain the spell.	$s1 damage every $t1 seconds, and time between attacks increased by $s2%.					
86068	all		Dream Lash		Inflicts $s1 Nature damage.	Inflicts $s1 Nature damage.					
86069	all		Poisoned Shot		Inflicts normal damage plus $s2 to an enemy, then an additional $s1 Nature damage every $t1 sec. for $d.	$s1 Nature damage inflicted every $t1 sec.					
86070	all		Blood Draw								
86071	all		Hemovac Max		Absorb blood from a weakened beast.	Filling blood vial.					
86072	all		Begin Event								
86073	all		Fail Event								
86074	all		Success Event								
86075	all		End Event								
86076	all		Overheating		Rapidly building heat to an uncomfortable level.	Rapidly building heat to an uncomfortable level.					
86077	all		Overheating		Rapidly building heat to an uncomfortable level.	Rapidly building heat to an uncomfortable level.					
86078	all		Amplified Water Essence		Douse Dee or Dum to prevent overheating.						
86079	all		Toxic Vapors		Inflicts $s1 Nature damage to nearby enemies every $t1 sec. for $d.	$s1 Nature damage inflicted every $t1 sec.					
86080	all		Entangling Roots		Entangles an enemy in roots, inflicting Nature damage every $t2 sec. and immobilizing it for up to $d.	Immobilized.\nNature damage inflicted every $t2 sec.					
86081	all		Regrowth		Heals an ally for a fixed amount, then heals additional damage every $t2 sec. for $d.	Damage healed every $t2 sec.					
86082	all		Tail Swipe		Inflicts normal damage plus $s1 to an enemy, knocking it back.						
86083	all		Infected Bite		Inflicts $s1 Nature damage to an enemy every $t1 sec. and increases the Physical damage it takes by $s2% for $d.	$s1 Nature damage inflicted every $t1 sec.\nPhysical damage taken is increased by $s2%.					
86084	all		Missile Barrage		Fires a salvo of missiles into the air. These select a random nearby enemy target and slam into them, dealing $s1 damage.						
86088	all		Dummy Trigger		Dummy Trigger						
86089	all		Earthly Resolve		Garr periodically absorbs nearby earth into his body, increasing his damage inflicted by $s1%. This effect stacks.	Damage dealt increased by $s1%.					
86090	all		Spiked Earth Pillar		Dummy Trigger						
86091	all		Spiked Earth Pillar		Garr raises a Spiked Earth Pillar from the ground. After several seconds of rumbling, the pillar will erupt from the targeted location, killing any players still standing on it.						
86092	all		Earth Rumble		Inflicts damage to nearby enemies.						
86093	all		Spiked Earth Pillar		Garr raises a Spiked Earth Pillar from the ground. After several seconds of rumbling, the pillar will erupt from the targeted location, killing any players still standing on it.						
86094	all		Falling Debris		Garr stomps creating a barrage of falling debris that move towards a targeted player. Players who enter the debris suffer ${$s1*2} Physical damage each second they remain in the debris.	Suffering ${$s1*2} Physical damage each second you remain in the debris.					
86095	all		Falling Debris		Garr stomps creating a barrage of falling debris that move towards a targeted player. Players who enter the debris suffer ${$86094s1*2} Physical damage each second they remain in the debris.	Falling Debris is following you!					
86096	all		Fractured Ground								
86097	all		Fractured Ground								
86098	all		Earth Rumble		Inflicts damage to nearby enemies.						
86099	all		Dummy Trigger		Dummy Trigger						
86100	all		Core Rumble		Deals damage to all enemies within $a1 yards.						
86101	all		Core Rumble		Deals $s1 damage every $t1 sec for $d.	Dealing damage to nearby enemies.					
86102	all		Dummy Trigger		Dummy Trigger						
86103	all		Incendiary Rocket		Fires a rocket full of napalm towards the targeted location. The napalm burns all enemies within $66542a1 yards of that location for $66542s1 damage per second for $66542d.	Deals $s1 Fire damage per second.					
86104	all		Incendiary Rocket		Fires a rocket full of napalm towards the targeted location. The napalm burns all enemies within $66542a1 yards of that location for $66542s1 damage per second for $66542d.						
86105	all		Incendiary Rocket		Fires a rocket full of napalm towards the targeted location. The napalm burns all enemies within $66542a1 yards of that location for $66542s1 damage per second for $66542d.	Deals $s1 Fire damage per second.					
86106	all		Incendiary Rocket		Fires a rocket full of napalm towards the targeted location. The napalm burns all enemies within $66542a1 yards of that location for $66542s1 damage per second for $66542d.						
86107	all		Incendiary Rocket		Fires a rocket full of napalm towards the targeted location. The napalm burns all enemies within $66542a1 yards of that location for $66542s1 damage per second for $66542d.	Deals $s1 Fire damage per second.					
86108	all		Incendiary Rocket		Fires a rocket full of napalm towards the targeted location. The napalm burns all enemies within $66542a1 yards of that location for $66542s1 damage per second for $66542d.						
86109	all		Incendiary Rocket		Fires a rocket full of napalm towards the targeted location. The napalm burns all enemies within $66542a1 yards of that location for $66542s1 damage per second for $66542d.	Deals $s1 Fire damage per second.					
86110	all		Incendiary Rocket		Fires a rocket full of napalm towards the targeted location. The napalm burns all enemies within $66542a1 yards of that location for $66542s1 damage per second for $66542d.						
86111	all		Incendiary Rocket		Fires a rocket full of napalm towards the targeted location. The napalm burns all enemies within $66542a1 yards of that location for $66542s1 damage per second for $66542d.	Deals $s1 Fire damage per second.					
86112	all		Incendiary Rocket		Fires a rocket full of napalm towards the targeted location. The napalm burns all enemies within $66542a1 yards of that location for $66542s1 damage per second for $66542d.						
86113	all		Incendiary Rocket		Fires a rocket full of napalm towards the targeted location. The napalm burns all enemies within $66542a1 yards of that location for $66542s1 damage per second for $66542d.	Deals $s1 Fire damage per second.					
86114	all		Incendiary Rocket		Fires a rocket full of napalm towards the targeted location. The napalm burns all enemies within $66542a1 yards of that location for $66542s1 damage per second for $66542d.						
86115	all		Incendiary Rocket		Fires a rocket full of napalm towards the targeted location. The napalm burns all enemies within $66542a1 yards of that location for $66542s1 damage per second for $66542d.	Deals $s1 Fire damage per second.					
86116	all		Incendiary Rocket		Fires a rocket full of napalm towards the targeted location. The napalm burns all enemies within $66542a1 yards of that location for $66542s1 damage per second for $66542d.						
86117	all		Incendiary Rocket		Fires a rocket full of napalm towards the targeted location. The napalm burns all enemies within $66542a1 yards of that location for $66542s1 damage per second for $66542d.	Deals $s1 Fire damage per second.					
86118	all		Incendiary Rocket		Fires a rocket full of napalm towards the targeted location. The napalm burns all enemies within $66542a1 yards of that location for $66542s1 damage per second for $66542d.						
86119	all		Incendiary Rocket		Fires a rocket full of napalm towards the targeted location. The napalm burns all enemies within $66542a1 yards of that location for $66542s1 damage per second for $66542d.	Deals $s1 Fire damage per second.					
86120	all		Incendiary Rocket		Fires a rocket full of napalm towards the targeted location. The napalm burns all enemies within $66542a1 yards of that location for $66542s1 damage per second for $66542d.						
86121	all		Incendiary Rocket		Fires a rocket full of napalm towards the targeted location. The napalm burns all enemies within $66542a1 yards of that location for $66542s1 damage per second for $66542d.	Deals $s1 Fire damage per second.					
86122	all		Incendiary Rocket		Fires a rocket full of napalm towards the targeted location. The napalm burns all enemies within $66542a1 yards of that location for $66542s1 damage per second for $66542d.						
86123	all		Incendiary Rocket		Fires a rocket full of napalm towards the targeted location. The napalm burns all enemies within $66542a1 yards of that location for $66542s1 damage per second for $66542d.	Deals $s1 Fire damage per second.					
86124	all		Incendiary Rocket		Fires a rocket full of napalm towards the targeted location. The napalm burns all enemies within $66542a1 yards of that location for $66542s1 damage per second for $66542d.						
86125	all		Incendiary Rocket		Fires a rocket full of napalm towards the targeted location. The napalm burns all enemies within $66542a1 yards of that location for $66542s1 damage per second for $66542d.	Deals $s1 Fire damage per second.					
86126	all		Incendiary Rocket		Fires a rocket full of napalm towards the targeted location. The napalm burns all enemies within $66542a1 yards of that location for $66542s1 damage per second for $66542d.						
86127	all		Incendiary Rocket		Fires a rocket full of napalm towards the targeted location. The napalm burns all enemies within $66542a1 yards of that location for $66542s1 damage per second for $66542d.	Deals $s1 Fire damage per second.					
86128	all		Incendiary Rocket		Fires a rocket full of napalm towards the targeted location. The napalm burns all enemies within $66542a1 yards of that location for $66542s1 damage per second for $66542d.						
86129	all		Incendiary Rocket		Fires a rocket full of napalm towards the targeted location. The napalm burns all enemies within $66542a1 yards of that location for $66542s1 damage per second for $66542d.	Deals $s1 Fire damage per second.					
86130	all		Incendiary Rocket		Fires a rocket full of napalm towards the targeted location. The napalm burns all enemies within $66542a1 yards of that location for $66542s1 damage per second for $66542d.						
86131	all		Incendiary Rocket		Fires a rocket full of napalm towards the targeted location. The napalm burns all enemies within $66542a1 yards of that location for $66542s1 damage per second for $66542d.	Deals $s1 Fire damage per second.					
86132	all		Incendiary Rocket		Fires a rocket full of napalm towards the targeted location. The napalm burns all enemies within $66542a1 yards of that location for $66542s1 damage per second for $66542d.						
86133	all		Incendiary Rocket		Fires a rocket full of napalm towards the targeted location. The napalm burns all enemies within $66542a1 yards of that location for $66542s1 damage per second for $66542d.	Deals $s1 Fire damage per second.					
86134	all		Incendiary Rocket		Fires a rocket full of napalm towards the targeted location. The napalm burns all enemies within $66542a1 yards of that location for $66542s1 damage per second for $66542d.						
86135	all		Incendiary Rocket		Fires a rocket full of napalm towards the targeted location. The napalm burns all enemies within $66542a1 yards of that location for $66542s1 damage per second for $66542d.	Deals $s1 Fire damage per second.					
86136	all		Incendiary Rocket		Fires a rocket full of napalm towards the targeted location. The napalm burns all enemies within $66542a1 yards of that location for $66542s1 damage per second for $66542d.						
86137	all		Incendiary Rocket		Fires a rocket full of napalm towards the targeted location. The napalm burns all enemies within $66542a1 yards of that location for $66542s1 damage per second for $66542d.	Deals $s1 Fire damage per second.					
86138	all		Incendiary Rocket		Fires a rocket full of napalm towards the targeted location. The napalm burns all enemies within $66542a1 yards of that location for $66542s1 damage per second for $66542d.						
86139	all		Incendiary Rocket		Fires a rocket full of napalm towards the targeted location. The napalm burns all enemies within $66542a1 yards of that location for $66542s1 damage per second for $66542d.	Deals $s1 Fire damage per second.					
86140	all		Incendiary Rocket		Fires a rocket full of napalm towards the targeted location. The napalm burns all enemies within $66542a1 yards of that location for $66542s1 damage per second for $66542d.						
86141	all		Incendiary Rocket		Fires a rocket full of napalm towards the targeted location. The napalm burns all enemies within $66542a1 yards of that location for $66542s1 damage per second for $66542d.	Deals $s1 Fire damage per second.					
86142	all		Incendiary Rocket		Fires a rocket full of napalm towards the targeted location. The napalm burns all enemies within $66542a1 yards of that location for $66542s1 damage per second for $66542d.						
86143	all		Incendiary Rocket		Fires a rocket full of napalm towards the targeted location. The napalm burns all enemies within $66542a1 yards of that location for $66542s1 damage per second for $66542d.	Deals $s1 Fire damage per second.					
86144	all		Incendiary Rocket		Fires a rocket full of napalm towards the targeted location. The napalm burns all enemies within $66542a1 yards of that location for $66542s1 damage per second for $66542d.						
86145	all		Incendiary Rocket		Fires a rocket full of napalm towards the targeted location. The napalm burns all enemies within $66542a1 yards of that location for $66542s1 damage per second for $66542d.	Deals $s1 Fire damage per second.					
86146	all		Incendiary Rocket		Fires a rocket full of napalm towards the targeted location. The napalm burns all enemies within $66542a1 yards of that location for $66542s1 damage per second for $66542d.						
86147	all		Incendiary Rocket		Fires a rocket full of napalm towards the targeted location. The napalm burns all enemies within $66542a1 yards of that location for $66542s1 damage per second for $66542d.	Deals $s1 Fire damage per second.					
86148	all		Incendiary Rocket		Fires a rocket full of napalm towards the targeted location. The napalm burns all enemies within $66542a1 yards of that location for $66542s1 damage per second for $66542d.						
86149	all		Incendiary Rocket		Fires a rocket full of napalm towards the targeted location. The napalm burns all enemies within $66542a1 yards of that location for $66542s1 damage per second for $66542d.	Deals $s1 Fire damage per second.					
86150	all		Incendiary Rocket		Fires a rocket full of napalm towards the targeted location. The napalm burns all enemies within $66542a1 yards of that location for $66542s1 damage per second for $66542d.						
86151	all		Incendiary Rocket		Fires a rocket full of napalm towards the targeted location. The napalm burns all enemies within $66542a1 yards of that location for $66542s1 damage per second for $66542d.	Deals $s1 Fire damage per second.					
86152	all		Incendiary Rocket		Fires a rocket full of napalm towards the targeted location. The napalm burns all enemies within $66542a1 yards of that location for $66542s1 damage per second for $66542d.						
86153	all		Core Heat		Inflicts $s1 Fire damage to an enemy and scorches the target for an additional $s2 damage every $t2 sec. for $d.	$s2 Fire damage inflicted every $t2 sec.					
86154	all		Begin Scene: ragnaros-spawn		Dummy Trigger						
86155	all		Fire Blast		Inflicts Fire damage to an enemy.						
86156	all		Frostbolt		Inflicts Frost damage to an enemy and reduces its movement speed for $d.	Reduced movement speed.					
86157	all		Frost Armor		Encases the caster in a layer of frost that lasts $d. The thick ice increases armor, slows melee attackers' movement, and increases the time between their attacks.	Armor increased by $s1.\nSlowing melee attackers' movement and attacks.					
86158	all		Withering Heat		Reduces an enemy's maximum health by $s1% for $d.	Maximum health reduced by $s1%.					
86159	all		Filling		Fill the vial at the Molten Bridge lava flow.						
86160	all		Hydraxian Preperations		Receiving the blessing of the Hydraxian Waterlords.	Receiving the blessing of the Hydraxian Waterlords.					
86161	all		Hydraxian Preperations		Receiving the blessing of the Hydraxian Waterlords.						
86162	all		Cleave		Inflicts $s1% of normal melee damage to an enemy and its nearest allies, affecting up to $x1 targets.						
86163	all		Pierce Armor		Reduces an enemy's armor by $s1% for $d.	Armor reduced by $s1%.					
86164	all		Fire Nova		Inflicts Fire damage to nearby enemies.						
86165	all		Flame Lash		Burns an enemy for $s1 damage and reduces its Fire resistance by $s2 for $d.	Fire resistance reduced by $s2.					
86166	all		Ball of Flame		Inflicts Fire damage to a random enemy target.						
86167	all		Burning Winds		Stuns an enemy and inflicts $o2 Fire damage over $d.	Stunned.\n$o2 Fire damage inflicted over $d.					
86168	all		Aura of Flames		Bathed in flames, melee attacks against the caster cause $s1 Fire damage.	Dealing $s1 Fire damage when attacked.					
86169	all		Cleave		Inflicts $s1% of normal melee damage to an enemy and its nearest allies, affecting up to $x1 targets.						
86170	all		Bazzalan's Vigilance		Increases the caster's chance to dodge by $s1% for $d.	Chance to dodge increased by $s1%.					
86171	all		Immolate		Burns an enemy, then inflicts additional Fire damage every $t1 sec. for $d.	Fire damage inflicted every $t1 sec.					
86172	all		Rain of Fire		Calls down a molten rain, burning all enemies in a selected area for $s1 Fire damage every $t1 sec. for $d.	$s1 Fire damage inflicted every $t1 sec.					
86173	all		Permanent Stun No Visual								
86174	all		Blessing of Might	Rank 2	Places a Blessing on the friendly target, increasing attack power by $s1 for $d.  Players may only have one Blessing on them per Paladin at any one time.	Increases attack power by $s1.					
86175	all		Seal of Righteousness	Rank 1	Fills the Paladin with holy spirit for $d, granting each melee attack an additional ${$cond($eq($HND,1),0.85*($m1*1.2*1.03*$MWS/100)+0.03*($MW+$mw)/2-1,1.2*($m1*1.2*1.03*$MWS/100)+0.03*($MW+$mw)/2+1)} Holy damage.  Only one Seal can be active on the Paladin at any one time.\n\nUnleashing this Seal's energy will cause $20187s1 Holy damage to an enemy.	Melee attacks cause an additional ${$cond($eq($HND,1),0.85*($m1*1.2*1.03*$MWS/100)+0.03*($MW+$mw)/2-1,1.2*($m1*1.2*1.03*$MWS/100)+0.03*($MW+$mw)/2+1)} Holy damage.					
86176	all		Judgement of Light	Rank 1							
86177	all		Judgement of Light	Rank 1		Melee attacks made against you have a chance of causing the attacker to be healed for $20267s1.					
86178	all		Judgement		Unleashes the energy of a Seal spell upon an enemy.  Refer to individual Seals for Judgement effect.						
86179	all		Holy Light	Rank 4	Heals a friendly target for $s1.						
86180	all		Trigger RP Dummy								
86181	all		Blessing of Sanctuary	Rank 1	Places a Blessing on the friendly target, reducing the duration of stuns and movement impairing effects by $s1%. In addition, grants immunity to Fear effects. Players may only have one Blessing on them per Paladin at any one time.	Duration of stuns and movement impairing effects reduced by $s1%. \nImmune to fear, horror, and turn effects.					
86182	all		Seal of Justice	Rank 1	Fills the Paladin with the spirit of justice for $d, giving each melee attack a chance to stun for $20170d.  Only one Seal can be active on the Paladin at any one time.\n\nUnleashing this Seal's energy will judge an enemy for $20184d, preventing them from fleeing.  Your melee strikes will refresh the spell's duration.  Only one Judgement per Paladin can be active at any one time.	Melee attacks have a chance to stun for $20170d.					
86183	all		Judgement of Wisdom	Rank 1		Attacks and spells used against you have a chance of restoring $20268s1 of the attacker's mana.					
86184	all		Divine Protection	Rank 1	You are protected from all physical attacks and spells for $d, but during that time you cannot attack or use physical abilities yourself.  Once protected, the target cannot be made invulnerable by Divine Shield, Divine Protection or Hand of Protection again for $25771d.	Immune to all attacks and spells.  Cannot attack or use physical abilities.					
86185	all		Consecration	Rank 2	Consecrates the land beneath the Paladin, doing $o1 Holy damage over $d to enemies who enter the area.	$s1 damage every $t1 $lsecond:seconds;.					
86186	all		Blessing of Wisdom	Rank 1	Places a Blessing on the friendly target, restoring $s1 mana every 5 seconds for $d.  Players may only have one Blessing on them per Paladin at any one time.	Restores $s1 mana every 5 seconds.					
86187	all		Seal of Light	Rank 1	Fills the Paladin with divine light for $d, giving each melee attack a chance to heal the Paladin for $20167s1.  Only one Seal can be active on the Paladin at any one time.\n\nUnleashing this Seal's energy will judge an enemy for $20185d, granting attacks and spells made against the judged enemy a chance of healing the attacker for $20267s1. If the attacker is at full health, they receive $84517s1% increased healing from this judgement until it successfully heals.  Your melee strikes will refresh the spell's duration.  Only one Judgement per Paladin can be active at any one time.	Melee attacks have a chance to heal you for $20167s1.					
86188	all		Judgement of Wisdom	Rank 1							
86189	all		Judgement of Wisdom	Rank 1		Attacks and spells used against you have a chance of restoring $20268s1 of the attacker's mana.					
86190	all		Judgement of Wisdom	Rank 1		Attacks and spells used against you have a chance of restoring $20268s1 of the attacker's mana.					
86191	all		Lay on Hands	Rank 1	Heals a friendly target for an amount equal to the Paladin's maximum health.  Drains all of the Paladin's remaining mana when used.						
86192	all		Shadow Bolt	Rank 4	Sends a shadowy bolt at the enemy, causing $s1 Shadow damage.						
86193	all		Cripple	Rank 1	Cripples the target, reducing movement speed by $s3%, increasing time between melee attacks by $s1% and increasing time between ranged attacks by $s2%.  Lasts $d.	Movement speed reduced by $s3%.  Time between melee attacks increased by $s1%.  Time between ranged attacks increased by $s2%.					
86194	all		Hammer Punch		Pounds an enemy, inflicting weapon damage plus $s1 and stunning it for $d.	Stunned.					
86195	all		Frozen Bomb		Reduces movement speed by $s1% and inflicts $s2 Frost damage per $t2 sec on those caught within the lingering icy chill.	Movement speed reduced by $s1%.\nSuffering $s2 Frost damage per $t2 sec.					
86196	all		Frozen Bomb		Deals $71377s1 Frost damage to enemies near the point of impact.						
86197	all		Frozen Bomb		Deals $71377s1 Frost damage to enemies near the point of impact.						
86198	all		Abomination Hook		Inflicts $s1 Physical damage and pulls the target to the caster.						
86199	all		Bile Vomit		Inflicts $s2 Nature damage and an additional $s1 damage every $t2 sec. to enemies in a cone in front of the caster. Nature resistance is reduced by $s2. Lasts $d.	$s2 Nature damage inflicted every $t2 sec.\nNature resistance is reduced by $s3.					
86200	all		Wretching Bile		Coats the target in a disgusting film of bile, reducing damage and healing done by that target by $s2% and dealing $s1 Nature damage every $t1 for $d.	All damage and healing dealt is reduced by $s2%.\n$s1 Nature damage inflicted every $t1 sec.					
86201	all		Bone Smelt		Inflicts $s1 Fire damage to an enemy and reduces its armor by $s2% for $d.	Armor reduced by $s2%.					
86202	all		Flame Spike		Calls down a pillar of flame, burning all enemies in a selected area for $s1 Fire damage and an additional $s2 damage every $t2 sec. for $d.						
86203	all		Spider Web		Pulls the enemy target to Tuten'kash, reducing movement speed by $s2% for $d.	Movement speed reduced by $s2%.					
86204	all		Determined Gore		Gores an enemy, inflicting Physical damage and causing it to bleed for additional damage over $d.  This attack cannot be blocked, dodged, or parried.	$s2 Physical damage inflicted every $t2 sec.					
86205	all		Thundering Stomp		Stomp the ground, dealing Physical damage to enemies in a large area and knocking them into the air.	Movement speed reduced by $s3%.					
86206	all		Summon Boar Spirit		Summons $s1 $lBoar Spirit:Boar Spirits; to aid the caster in battle for $d.						
86207	all		Hex		Transforms an enemy into a frog, rendering it unable to attack or cast spells for $d.	Hexed.					
86208	all		Earth Shield								
86209	all		Earth Shield		Protects the target with an earthen shield, causing melee attacks to heal the shielded target.  This effect can only occur once every few seconds.  $n charges.  Lasts $d.	Melee attacks heal the shielded target.					
86210	all		Hurl Weapon		Throws your weapon, inflicting $s1 Physical damage on the target and an additional $o2 damage over $d.	$o2 Physical damage inflicted over $d.					
86211	all		Scarlet Charger		Summons and dismisses a rideable Scarlet Charger. This mount increases speed depending on your Riding Skill.	Increases speed depending on your Riding Skill.					
86212	all		Dismember		Increases the damage of your next melee swing by $s1 and causes the target to bleed	Bleeding for $s2 damage every $t2 seconds					
86213	all		Immolate		Burns the enemy for $s2 Fire damage and then an additional $o1 Fire damage over $d.	$s1 Fire damage every $t1 seconds.					
86214	all		Impale		Inflicts Physical damage to an enemy and causes it to Bleed for additional damage every $t2 sec. for $d.	$s2 damage inflicted every $t2 sec.					
86215	spellbook	185	Bone Meal								
86216	all		Rend		Inflicts Physical damage to an enemy every $t1 sec. for $d.	Physical damage inflicted every $t1 sec.					
86217	all		Decapitate		Attempts to decapitate all targets in melee range of the caster, causing $s1% weapon damage.						
86218	all		Axe Flurry		Hurls a massive axe, dealing $s1 damage and stunning the target for $d.	Stunned.					
86219	all		Barbaric Strike		A brutal strike that causes the target to bleed, taking additional damage over $d.	Taking $s2 additional damage every $t2 sec.					
86220	all		Axe Volley		Throws your weapon, inflicting its $s1 damage on the target.						
86221	all		Axe Volley		Hurls a volley of Axes.	Hurling a volley of axes.					
86222	all		Call of the Grave		Inflicts $s1 Shadow damage to nearby enemies after $t1 sec.	$s1 Shadow damage inflicted after $t1 sec.					
86223	all		Corruption	Rank 6	Corrupts the target, causing $o1 Shadow damage over $d.	$s1 Shadow damage every $t1 seconds.					
86224	all		Flash Heal	Rank 7	Heals a friendly target for $s1.						
86225	all		Renew	Rank 9	Heals the target for $o1 over $d.	Healing $s1 damage every $t1 seconds.					
86226	all		Healing Touch	Rank 10	Heals a friendly target for $s1.						
86227	all		Holy Wrath		Sends bolts of holy power in all directions, causing $s1 Holy damage to the target and other nearby enemy targets, increasing by 50% between each jump.						
86228	all		Slow		Increases the time between nearby enemies' attacks and casting time by $s1% and slows their movement by $s2% for $d.	Movement speed reduced by $s2%.  Time between melee and ranged attacks increased by $s1%.  Casting time increased by $s1%.					
86229	all		Stoneskin Totem	Rank 1							
86230	all		Arcane Disruption		Deals $s1 Arcane damage to all enemies within $a1 yards, reducing their movement speed by $s3% and knocking them back.	Movement speed reduced by $s3%.					
86231	all		Summon Illusions		Summons 12 illusions to aid the caster in combat and distract the enemy. Illusions last 30 sec.						
86232	all		Spark		Hurls a magical bolt at an enemy, inflicting Arcane damage.						
86233	all		Slow		Increases the time between nearby enemies' attacks and casting time by $s1% and slows their movement by $s2% for $d.	Movement speed reduced by $s2%.  Time between melee and ranged attacks increased by $s1%.  Casting time increased by $s1%.					
86234	all		Warp Rift		An arcane rift opens, burning all enemies in a selected area and inflicting additional damage every $t2 sec. for $d.	Arcane damage inflicted every $t2 sec.					
86235	all		Polymorph		Transforms an enemy into a sheep, forcing it to wander around for up to $d. While wandering, the sheep cannot attack or cast spells. Any damage will transform the target back into its normal form. Only one target can be polymorphed at a time. Only works on beasts, dragons, giants, humanoids, and critters.	Cannot attack or cast spells.					
86236	all		Attack Enable		Attack Enable						
86237	all		On Spawn		On Spawn						
86238	all		Land		Land						
86239	all		Land		Land						
86240	all		Swoop		Inflicts normal damage plus $s1 to enemies in a cone in front of the caster, stunning them for $d.	Stunned.					
86241	all		Shadow Bolt Volley		Hurls missiles of dark magic, inflicting Shadow damage to nearby enemies.						
86242	all		Dominate Mind		Takes control of a humanoid enemy up to level $s1 for $d.	Charmed.					
86243	all		Screech		Reduces the attack power of nearby enemies.	Attack power reduced.					
86244	all		Death Coil		Causes the enemy target to run in horror for $d and causes $s1 Shadow damage.  The caster gains 100% of the damage caused in health.	Horrified.					
86245	all		Death & Decay		Invokes the malignant power of death and decay, inflicting Shadow damage to all enemies in a selected area for $d.						
86246	all		Land		Land						
86247	all		Curse of Agony		Curses nearby enemies with agony, inflicting Shadow damage every $t1 sec. for $d. Only one curse per warlock can be active on any one target.	Shadow damage every $t1 sec.					
86248	all		Shadow Shock		Instantly lashes an enemy with dark magic, inflicting Shadow damage.						
86249	all		Mana Burn		Hits an enemy with an anti-mana bolt. For each point of mana consumed by the bolt, the target takes $e1 damage.						
86250	all		Dark Volley		Hurls missiles of dark magic, inflicting Shadow damage and wounding nearby enemies, reducing the effectiveness of any healing by $s2% for $d.	Healing effects reduced by $s2%.					
86251	all		Frost Fever		A disease dealing Frost damage every 3 sec and reducing the target's melee and ranged attack speed by $s2% for $d.	Deals Frost damage over $d.\nReduces melee and ranged attack speed by $s2%.					
86252	all		Icy Touch		Chills the target for $m1 to $M1 Frost damage and infects them with Frost Fever, a disease that deals periodic damage and reduces melee and ranged attack speed by $86251s2% for $86251d.	Melee and ranged attack speed reduced by $86251s2%.					
86253	all		Blood Plague		A disease dealing Shadow damage every 3 sec for $d.	Deals Shadow damage over $d.					
86254	all		Plague Strike		A vicious strike that deals $s1% weapon damage and infects the target with Blood Plague, a disease dealing Shadow damage over time.						
86255	all		Pestilence		Spreads existing Blood Plague and Frost Fever infections from the target to all other enemies within $a3 yards.						
86256	all		Horn of Winter		The Death Knight blows the Horn of Winter, total health increased by $s1%. Lasts $d.	Total health increased by $s1%.					
86257	all		Death and Decay		Corrupts the ground targeted by the Death Knight, causing $s1 Shadow damage every sec that targets remain in the area for $d.	$s1 Shadow damage inflicted every sec.					
86258	all		Volatile Infection		Infects an enemy for $d., causing it to inflict $24929s1 Nature damage to its nearby allies every $t1 sec.	Inflicting $24929s1 Nature damage to nearby allies every $t1 sec.					
86259	all		Dark Plague		Inflicts Nature damage to an enemy, then an additional damage every $t2 sec. for $d.	$s2 Nature damage inflicted every $t2 sec.					
86260	all		Aura of Rot								
86261	all		Aura of Rot		Causes the caster to automatically inflict $25819s1 Nature damage every $t1 sec. to nearby enemies. The aura lasts until cancelled.	Automatically inflicting $25819s1 Nature damage every $t1 sec. to nearby enemies.					
86262	all		Feral Pounce		Lorekeeper Polkelt pounces at the target stunning them for $d and inflicting Nature damage every $t3 sec.	Stunned.\nInflicts Nature damage every $t3 sec.					
86263	all		Blood Maggot		Creates a Blood Maggot to attack nearby targets.  Caster receives health when the Blood Maggot deals damage.  Lasts $d.						
86264	all		Incite Maggots		Spurs maggots to attack nearby targets.  Caster receives health when the maggots deals damage.  Lasts $d.	Spurs maggots to attack nearby targets.  Caster receives health when the maggots deals damage.					
86265	all		Concussion Blow		A brutal strike that deals weapon damage and stuns the opponent for $d.	Stunned.					
86266	all		Charge		Charges an enemy, inflicting normal damage plus $s2 and stuns the opponent for $d.	Stunned.					
86267	all		Deathblow		A last ditch attack that deals weapon damage and wounds the target, reducing healing effects received by $s3% and inflicting Physical damage every $t2 sec. Lasts $d.	Physical damage inflicted every $t2 sec.\nHealing effects reduced by $s3%.					
86268	all		Frostbolt		Inflicts Frost damage to an enemy and reduces its movement speed for $d.	Reduced movement speed.					
86269	all		Freeze		Stuns an enemy and inflicts Frost damage every $t1 sec. for $d.	Stunned.\nFrost damage inflicted every $t1 sec.					
86270	all		Chill Nova		Blasts nearby enemies for Frost damage, knocking them back and reducing their movement speed for up to $d.	Reduced movement speed.					
86271	all		Frostbolt Volley		Inflicts $s2 Frost damage to nearby enemies, reducing their movement speed by $s1% for $d.	Movement speed reduced by $s1%.					
86272	all		Icy Veins		Hastens your spellcasting, increasing spell casting speed by $s1%.  Lasts $d.	Casting speed of all spells increased by $s1%.					
86273	all		Mind Freeze		Strike the target's mind with cold, dealing $m2 Frost Damage modified by attack power and interrupting spellcasting while also preventing any spell in that school from being cast for $d.						
86274	all		Blizzard		Calls down a blizzard that lasts $d., inflicting $s1 Frost damage every $t1 sec. to all enemies in a selected area.						
86275	all		Bone Barrier		Reduces the Physical and magical damage taken by the caster by $s1% for $d.	Physical and magical damage taken is reduced by $s1%.					
86276	all		Risen Bones		Risen Bones						
86277	all		Risen Bones		Risen Bones						
86278	all		Risen Bones		Risen Bones						
86279	all		Sharpened Bone		A piercing bone that inflicts $s1 Physical damage.	A piercing bone that inflicts $s1 Physical damage.					
86280	all		Strike		Strikes at an enemy, inflicting increased melee damage.						
86281	all		War Stomp		Inflicts normal damage plus $s3 to nearby enemies, knocking them back and stunning them for $d.	Stunned.					
86282	all		Bone Volley		Hurls a volley of bones at nearby enemies, inflicting $s1 damage.						
86283	all		Trample		Inflicts Physical damage to nearby enemies.						
86284	all		Dummy Trigger		Dummy Trigger						
86285	all		Fixated		Fixated.	Fixated.					
86286	all		Flamestrike		Calls down a pillar of flame, burning all enemies in a selected area and inflicting additional damage every $t2 sec. for $d.	Fire damage inflicted every $t2 sec.					
86287	all		Blast Wave		Unleashes a wave of flame, inflicting Fire damage to nearby enemies and reducing their movement speed for $d.	Reduced movement speed.					
86288	all		Fire Shield		Surrounds an ally with a shield of flame that inflicts $37283s1 Fire damage to nearby enemies every $t1 sec.  Lasts $d.	Inflicting $35266s1 Fire damage to nearby enemies every $t1 sec.					
86289	all		Searing Flame		Inflicts Fire damage to an enemy.						
86290	all		Shadowflame		Targets in a cone in front of the caster take $47897s1 Shadow damage and an additional $47960o1 Fire damage over $47960d.						
86291	all		Distracting Ash		Reduces the chance to hit with spells and abilities by $s1%.	Chance to hit with attacks, spells and abilities reduced by $s1%.					
86292	all		Throw Food		Throws a wrench at an enemy, inflicting Physical damage.						
86293	all		Knockback		Knocks enemies back.	Knocks enemies back.					
86294	all		Attack Enable		Attack Enable						
86295	all		On Spawn		On Spawn						
86296	all		Land		Land						
86297	all		Land		Land						
86298	all		Dummy Trigger		Dummy Trigger						
86299	all		Dummy Trigger		Dummy Trigger						
86300	all		Unholy Aura		Causes the caster to automatically inflict $17466s1 Shadow damage every $17467t1 sec. to nearby enemies. The aura lasts until cancelled.						
86301	all		Unholy Aura		Causes the caster to automatically inflict $86300s1 Shadow damage every $t1 sec. to nearby enemies. The aura lasts until cancelled.	Automatically inflicting $86300s1 Shadow damage every $t1 sec. to nearby enemies.					
86302	all		Shadow Bolt		Hurls a bolt of dark magic at an enemy, inflicting Shadow damage.						
86303	all		Death and Decay		Corrupts the ground targeted by the Death Knight, causing $s1 Shadow damage every sec that targets remain in the area for $d.	$s1 Shadow damage inflicted every sec.					
86304	all		Shadow Bolt Volley		Hurls missiles of dark magic, inflicting Shadow damage to nearby enemies.						
86305	all		Dummy Trigger		Dummy Trigger						
86306	all		Banshee Wail		Wails with anguish, inflicting Shadow damage to an enemy.						
86307	all		Dummy Trigger		Dummy Trigger						
86308	all		Knock Away		Inflicts normal damage plus $s1 to an enemy and knocks it back.						
86309	all		Pummel		Pummels an enemy for $s1 damage and interrupts the spell being cast for $d.						
86310	all		Shoot		Shoots at an enemy, inflicting Physical damage.						
86311	all		Dummy Trigger		Dummy Trigger						
86312	all		Vampiric Aura		Melee attacks heal you for $s1.	Melee attacks heal you for $s1.					
86313	all		Scarlet Aura		Melee attacks heal you for $s1.	Melee attacks heal you for $s1.					
86314	all		Carrion Swarm		A cresting wave of chaotic magic splashes over enemies in front of the caster, dealing $s1 Shadow damage and putting them to sleep for $d.	Sleep now...					
86315	all		Nathrezim Revealed								
86316	all		Dummy Trigger		Dummy Trigger						
86317	all		Dummy Trigger		Dummy Trigger						
86318	all		Dummy Trigger		Dummy Trigger						
86319	all		Dummy Trigger		Dummy Trigger						
86320	all		Draining Blow		Drains $s1 health from an enemy, transferring it to the caster.						
86321	all		Crowd Pummel	Rank 3	Pummels nearby enemies for normal damage plus $s1 and interrupts any spell being cast 75% of the time for $d.						
86322	all		Mighty Blow		Inflicts normal damage plus a bonus to an enemy, knocking it back.						
86323	all		Frostbolt		Inflicts Frost damage to an enemy and reduces its movement speed for $d.	Reduced movement speed.					
86324	all		Drain Life		Drains $o1 health from nearby enemies over $d., transferring it to the caster.	$o1 health leeched over $d.					
86325	all		Drain Mana		Drains up to $o1 mana from an enemy over $d. and transfers it to the caster.	$o1 mana leeched over $d.					
86326	all		Cost of Dedication			Taking damage based on the damage done by your Judgement of Dedication. This effect ignores immunities.					
86327	all		Seal of Dedication								
86328	all		Judgement of Dedication		Unleashes the Seal of Dedication on targets in front of you, dealing $s2 Holy damage.						
86329	all		Seal of Dedication		Fills the paladin with strength of will for $d, causing your attacks to deal $86327s1% weapon damage as Holy damage to an additional target.\n        \nUnleashing this Seal's energy will release a wave of light in front of you, dealing $86328s2 Holy damage to all targets it hits. $86328s3% of the damage dealt by this wave will also damage you over $86326d.	Melee attacks deal $86327s1% weapon damage as Holy to an additional target.					
86330	all		Lay on Hands		Restores all health.						
86331	all		Hand of Protection		A targeted party member is protected from all physical attacks for $d.	Immune to physical attacks. 					
86332	all		Dummy Trigger		Dummy Trigger						
86333	all		Pierce Armor		Reduces an enemy's armor by $s1% for $d.	Armor reduced by $s1%.					
86334	all		Encasing Webs		Immobilizes an enemy and increases the time between its attacks by $s2% for $d.	Immobilized.\nTime between attacks increased by $s2%.					
86335	all		Crypt Scarabs		Summons several crypt scarabs to attack the caster's target.						
86336	all		Leeching Swarm		Creates a swarm of locusts to protect the caster. These locusts deal $53468s1 Nature damage per second to all enemies within $53468a1 yards. Lasts $53467d.	Deals $s1 Nature damage per second.					
86337	all		Leeching Swarm		Creates a swarm of locusts to protect the caster. These locusts deal $53468s1 Nature damage per second to all enemies within $53468a1 yards. Lasts $53467d.	Deals $53468s1 Nature damage per second to surrounding enemies.					
86338	all		Call of the Grave		Inflicts $s1 Shadow damage to nearby enemies after $t1 sec.	$s1 Shadow damage inflicted after $t1 sec.					
86339	all		Trample		Inflicts normal damage plus additional damage to nearby enemies.						
86340	all		Knockout		Inflicts normal damage plus $s1 to an enemy, knocking it back and stunning it for $d.	Stunned.					
86341	all		Abomination Hook		Inflicts $s1 Physical damage and pulls the target to the caster.						
86342	all		Haunting Spirits		Curses an enemy for $d., causing it to be periodically haunted by malevolent ghosts.	Haunted...					
86343	all		Haunting Nostalgia		Curses an enemy for $d., causing it to be periodically haunted by malevolent ghosts.	Haunted...					
86344	all		Unending Agony		Damages all enemies within line of sight for $s1 every $t seconds for $d.	Taking damage every $t seconds.					
86345	all		Ravenous Claw		Drains $s1 health from an enemy, transferring it to the caster.						
86346	all		Glutinous Poison		Poisons an enemy, dealing $s1 Nature damage and increasing the costs of its spells and abilities by $s2% for $d.	Spell and ability costs are increased by $s2%.					
86347	all		Blood Offering								
86348	all		Corrupted Blood		Deals $s1 damage and $s2 damage $t2 sec to the target and all nearby enemies for $d spreading to enemies within 10 yards every $t2 sec.	Deals $s2 damage every $t2 sec spreading to enemies within 10 yards every $t2 sec.					
86349	all		Blood Siphon		Your blood is Poisonous!\nDealing $s1 damage per second to Hakkar.\nLasts $d.	Your blood is Poisonous!\nDealing $s1 damage per second to Hakkar.					
86350	all		Blood Siphon			Deals $s1 damage per second.\nFeeding Hakkar $*5;s1 health per second.					
86351	all		Blood Siphon		Siphoning the blood from nearby enemies.	Siphoning the blood from nearby enemies.					
86352	all		Emboldening Cry		Let out a rallying cry, increasing the physical damage of nearby allies by 150%.	Physical damage increased by 150%.					
86353	all		Summon Atal'ai Deathwalker's Spirit								
86354	all		Starfire		Causes $s1 Arcane damage to the target.						
86355	all		Acid Breath		Inflicts $s2 Nature damage and an additional $s1 damage every $t1 sec. to enemies in a cone in front of the caster. Lasts $d.	$s1 Nature damage inflicted every $t1 sec.					
86356	all		Bad Dream		Bad dreams invade your mind, causing you to run in fear from a foe you cannot see.	Bad dreams invade your mind, causing you to run in fear from a foe you cannot see.					
86357	all		Dummy Trigger		Dummy Trigger						
86358	all		Tail Sweep		Inflicts $s1 damage on enemies in a cone behind the caster, knocking them back.						
86359	all		Blood Offering		Offering your own blood to summon the Shade of Hakkar.						
86360	all		Blood Offering		Offering your own blood to summon the Shade of Hakkar.	Offering your own blood to summon the Shade of Hakkar.					
86361	all		Falrin Trigger								
86362	all		Falrin Visual								
86363	all		Cleaver		Hacks at the armor of an enemy and its nearby allies, affecting up to $x1 targets. A target's armor is reduced per Sunder Armor. Can be applied up to 5 times. Lasts $d.	Armor reduced by $s1.					
86364	all		Butcher		Reduces an enemy's Stamina by $s1 and attack speed by $s2% for $d.	Stamina reduced by $s1.\nAttack speed reduced by $s2%.					
86365	all		Slam		Slams the opponent, causing $s1% weapon damage.						
86366	all		Shield Slam		Inflicts damage to an enemy, stunning it for $d.	Stunned.					
86367	all		Battle Shout		Increases the melee attack power of nearby party members by $s1 for $d.	Melee attack power increased by $s1.					
86368	all		Holy Light		Calls upon Holy magic to heal an ally.						
86369	all		Shoot		Shoots at an enemy, inflicting Physical damage.						
86370	all		Divine Shield		Protects the caster from all attacks and spells for $d.	Immune to all attacks and spells.					
86371	all		Torch Strike		Inflicts $s1% weapon damage.						
86372	all		Hamstring		Inflicts weapon damage plus $s1 to an enemy, reducing its movement speed by $s2% for $d.	Movement speed reduced by $s2%.					
86373	all		Hamstring		Inflicts weapon damage plus $s1 to an enemy, reducing its movement speed by $s2% for $d.	Movement speed reduced by $s2%.					
86374	all		Disarm		Disarm the enemy's weapon for $d.	Disarmed!					
86375	all		Anti-Magic		Attempts to remove $s1 Curse, $s2 Disease and $s3 hostile Magic effect from the Imbiber.						
86376	all		Anti-Magic		Removes one harmful magic effect from the imbiber every 5 seconds for 30 seconds.	Removing one harmful magic effect every 5 seconds.					
86377	spellbook	171	Potion of Anti-Magic								
86378	all		Swashbuckling		Sometimes empower the wielding matey, increasing agility by 45 and parry chance by 3%.	Agility increased by $s1.  Parry chance increased by $s2%.					
86379	spellbook	333	Enchant Weapon - Swashbuckler		Permanently enchant a melee weapon to sometimes empower the wielding matey, increasing agility by 45 and parry chance by 3%.						
86380	spellbook	202	Thorium Toolbox								
86381	spellbook	202	White Smoke Flare								
86382	spellbook	165	Big Bag of Hides								
86383	spellbook	165	Wicked Leather Spaulders								
86384	spellbook	197	Ghostweave Circlet								
86386	spellbook	333	Propagate: Small Glimmering Shard		Grow a Small Glimmering Shard into a Large Glimmering Shard.						
86387	spellbook	333	Propagate: Small Glowing Shard		Grow a Small Glowing Shard into a Large Glowing Shard.						
86388	spellbook	333	Propagate: Small Radiant Shard		Grow a Small Radiant Shard into a Large Radiant Shard.						
86389	spellbook	333	Propagate: Small Brilliant Shard		Grow a Small Brilliant Shard into a Large Brilliant Shard.						
86390	all		Sturdy Bonds								
86391	all		Shadow Word: Pain		Utters a word of darkness, inflicting Shadow damage to an enemy every $t1 sec. for $d.	Shadow damage inflicted every $t1 sec.					
86392	all		Shadow Nova		Inflicts moderate Shadow damage to nearby enemies. Causes them to heal you slightly for $d.	Leeches $s2 health every $t2 sec.					
86393	all		Soul Siphon	Rank 1	Drains $o1 health over $d. from an enemy and its nearest ally, healing the caster for up to twice the amount of health stolen.	$o1 health leeched over $d.					
86394	all		Mana Burn		Hits an enemy with an anti-mana bolt. For each point of mana consumed by the bolt, the target takes $e1 damage.						
86395	all		Pain Spike		Inflicts Shadow damage every $t1 sec. over $d.	Inflicts Shadow damage every $t1 sec. over $d.					
86396	all		Whipped Fury		Increases an ally's attack speed by $s1% for $d.	Attack speed increased by $s1%.					
86397	all		Fel Fireball		Hurls a fiery ball that causes $s1 fire damage and an additional $s2 fire damage over $d.	$s2 fire damage over $d.					
86398	all		Mortal Strike		Inflicts $s1% weapon damage and leaves the target wounded, reducing the effectiveness of any healing by $s2% for $d.	Healing effects reduced by $s2%.					
86399	all		Aura of Flames		Bathed in flames, melee attacks against the caster cause $s1 Fire damage.	Dealing $s1 Fire damage when attacked.					
86400	all		Hamstring		Inflicts weapon damage plus $s1 to an enemy, reducing its movement speed by $s2% for $d.	Movement speed reduced by $s2%.					
86401	all		Disarm		Disarm the enemy's weapon for $d.	Disarmed!					
86402	all		pirates-parley								
86403	all		Pirate's Parley		Makes you better able to think like a pirate.	Thinking like a pirate.					
86404	spellbook	171	Pirate's Parley								
86405	all		Increase Spell Dam 42		Increases damage and healing done by magical spells and effects by up to $s1.						
86406	all		Arcane Bolt		Hurls a magical bolt at an enemy, inflicting Arcane damage.						
86407	all		Overpower		Instantly overpowers an enemy, causing weapon damage plus $s1. Can only be used after the target dodges. Overpower cannot be blocked, dodged, or parried.						
86408	all		Strike		Strikes at an enemy, inflicting weapon damage plus $s1.						
86409	all		Makers Matrix		Summons a Makers Matrix to activate the stone beings.						
86410	all		Awaken Automaton		Awaken Automaton						
86411	all		Translocate		Summons a Makers Matrix to activate the stone beings.						
86412	all		Earthquake			Deals $s1 damage every $t1 sec.					
86413	all		Makers Embrace		Instantly throws a bolt of arcane energy at an enemy, inflicting Arcane damage.						
86414	all		Galgann's Fury		Throws fireballs at any enemies within 40 yards.						
86415	all		Shrink		Reduces nearby enemies' Strength by $s1 and Stamina by $s2 for $d.	Strength reduced by $s1.\nStamina reduced by $s2.					
86416	all		Ball Lightning		Hurls a ball of lightning at the target inflicting $s1 Nature damage to the enemy target.						
86417	all		Ball Lightning		Hurls a ball of lightning at the target inflicting $52779s1 Nature damage to the enemy target.						
86418	all		Will of the Makers		Slowly gaining the Will of the Makers.	Slowly gaining the Will of the Makers.					
86419	all		Will of the Makers Unleashed		Lashes out with an instant pulse of arcane energy, inflicting $s1 Arcane damage to enemies within $a1 yards.						
86420	all		Haste Aura		Increases the attack speed of all nearby party members by $s1%.	Attack speed increased by $s1%.					
86421	all		Ricocheting Shield	Rank 1	Hurls a holy shield at the enemy, dealing $s1 Holy damage, Dazing them and then jumping to additional nearby enemies.  Affects $x1 total targets.  Lasts $d.	Dazed.					
86422	all		Piercing Strike		Pierces through an enemy's armor, dealing weapon damage plus $s1 and increasing Physical damage taken by $s2 for $d.	Physical damage taken increased by $s2.					
86423	all		Thunderstorm	Rank 1	Revelosh calls down a bolt of lightning, energizing himself and damaging nearby enemies within 10 yards.						
86424	all		Turtle Power		In a whirlwind of steel you attack all enemies within $a1 yards, causing weapon damage from both melee weapons to each enemy.						
86425	all		Turtle Power		Instantly Whirlwind up to $50622i nearby targets and for the next $d you will perform a whirlwind attack every $t1 sec.  While under the effects of Bladestorm, you can move but cannot perform any other abilities but you do not feel pity or remorse or fear and you cannot be stopped unless killed.	You cannot be stopped and perform a Whirlwind every $t1 sec.  No other abilities can be used.					
86426	all		Ancient Bite		Inflicts Nature damage to an enemy, reducing its armor by $s2 for $d.  Stacks up to $u times.	Armor reduced by $s2.					
86427	all		Serpent Form		Assumes the form of a serpent, increasing damage done by $s2 and increasing attack and casting speed by $s3% for $d.	Damage dealt increased by $s2.\nAttack and casting speed increased by $s3%.					
86428	all		Fixated								
86429	all		Fixate								
86430	all		Singe		Hacks at an enemy's armor, reducing it $s1% per Sunder Armor. Can be applied up to 5 times. Lasts $d.	Armor reduced by $s1%.					
86431	all		Slash								
86432	all		Slash & Singe								
86433	all		Throw		Throws your weapon at an enemy, inflicting $s1% of normal weapon damage.						
86434	all		Pythas Strike		Inflicts $s1% of normal weapon damage and knocks back the enemy.						
86435	all		Summon Treant Allies		Summons $s1 $lTreant Ally:Treant Allies; to accompany the caster until dismissed.						
86436	all		Dream Reflection		Encases you in magic, causing spells to be reflected back upon their target $s1% of the time for $d.	Reflecting spells back to their caster.					
86437	all		Arcane Explosion		Sends out a blast wave of magic, inflicting Arcane damage to nearby enemies.						
86438	all		Blink		Teleports the caster behind the target. Also frees the caster from any bonds.	Blinking...					
86439	all		Ysera's Protection		Protects the caster from all attacks and spells.	Immune to all attacks and spells.					
86440	all		Nature's Balm		Heals a friendly target for $s1.						
86441	all		Stomp		Stomps the ground, inflicting normal damage to nearby enemies and knocking them back.						
86442	all		Lightning Shield		Surrounds the caster with $n balls of lightning that have $h% chance of striking melee or ranged attackers for $s1 damage. Each time the lightning shield strikes, a ball of lightning dissipates. Thus, the shield expires after $d. or after it has struck $n times.	$h% chance of inflicting $s1 Nature damage on hit.					
86443	all		Nature's Fury		Deals Nature damage to nearby friendly units.	Deals Nature damage to nearby friendly units.					
86444	all		Nature's Fury		Infects an enemy for $d., causing it to inflict Nature damage to its nearby allies every $t1 sec.	Inflicts $s1 Nature damage to nearby allies every $t1 sec.					
86445	all		Lashing Roots			Being assaulted by travelling globs of roots.					
86446	all		Root Assault								
86447	all		Assaulting Roots								
86448	all		Muyoh Event Dummy								
86449	all		Summon Raptors								
86450	all		Summon Vipers								
86451	all		Summon Ectoplasm								
86452	all		Flight Form								
86453	all		Summon Wave One								
86454	all		Summon Wave Two								
86455	all		Summon Boss								
86456	all		Complete Encounter								
86457	all		Complete Encounter								
86458	all		Flight Form								
86459	all		Flight Form								
86460	all		Leap and Rake		Leap viciously to the target, causing them to bleed for $o2 over $t.	Bleeding for $s2 damage every second.					
86461	all		Hurricane	Rank 1							
86462	all		Hurricane	Rank 1	Creates a violent storm in the target area causing $86461s1 Nature damage to enemies every $t3 sec,$?s54831[ reducing movement speed by $54831s1%, ][ ]and increasing the time between attacks of enemies by $s2%.  Lasts $d.  Druid must channel to maintain the spell.	$86461s1 damage every $t3 seconds, and time between attacks increased by $s2%.					
86463	all		Innervate		Increases the target's Spirit based mana regeneration by $s2% and allows full mana regeneration while casting.  Lasts $d.	Spirit based mana regeneration increased by $s2%.  Full mana regeneration while casting.					
86464	all		Snake Form Leap		Leap to the target, rooting them for $d, and dealing $s3% Weapon damage.	Rooted.					
86465	all		Snake Form	Shapeshift	Shapeshifts into a serpent for $d., increasing Physical damage by $s3, but sacrificing the ability to cast spells.	Transformed into snake.\nMovement speed increased by $s2%.					
86466	all		Serpent Bite		Inflicts the enemy with a poison, dealing $o damage over $d.	Poisoned via knife or fang, taking $s1 damage every $t seconds.					
86467	all		Lightning Bolt		Blasts an enemy with lightning, inflicting Nature damage.						
86468	all		Healing Touch	Rank 3	Heals a friendly target for $s1.						
86469	all		Poison		Inflicts Nature damage to an enemy every $t1 sec. for $d.	Nature damage inflicted every $t1 sec.					
86470	all		Mark of the Viper		Increases Attack Speed by $s1%. Chance on hit to inflict poison that deals $86469s1 damage every $86469t seconds.	Attack Speed increased by $s1%. Chance on hit to inflict poison.					
86471	all		Serpent Form	Shapeshift	Shapeshifts into a serpent for $d., increasing Physical damage by $s3, but sacrificing the ability to cast spells.	Transformed into serpent.\nPhysical damage dealt is increased by 25.					
86472	all		Serpentine Aura			Attacks made against this unit have a $h% chance to be redirected to the Serpentshifter.					
86473	all		Demoralizing Hiss		Reduces the melee attack power of nearby enemies by $s1 for $d.	Melee attack power reduced by $s1.					
86474	all		Barkskin		The druid's skin becomes as tough as bark.  All damage taken is reduced by $s2%.  This spell is usable while stunned, frozen, incapacitated, feared or asleep.  Usable in all forms.  Lasts $d.	All damage taken is reduced by $s2%.  While protected, damaging attacks will not cause spellcasting delays.					
86475	all		Cure Poison		Cures $s1 poison $leffect:effects; on the target.						
86476	all		Poison Breath		Inflicts $s1 Nature damage to enemies in a cone in front of you.						
86477	all		Poison Charge		Charges an enemy and causes $s1 Nature damage every $t1 sec. to enemies within 5 yards of the target for $d.	$s1 Nature damage inflicted every $t1 sec.					
86478	all		Quake		The ground quakes dealing $s1 Nature damage to targets caught in the aftermath.						
86479	all		Great Sunwalker Kodo		Summons and dismisses a rideable Great Sunwalker Kodo. This mount increases speed depending on your Riding Skill.	Increases speed depending on your Riding Skill.					
86480	all		Rope Visual		A rope leash.	Taking damage will cancel this effect.					
86481	all		Rope Visual		A rope leash.	Taking damage will cancel this effect.					
86482	all		Dummy Rope Visual Tracker								
86483	all		Party Cart		Summons the Party Cart, which serves as a mount. This is a very fast mount, and it has room for more!	Increases speed by $s2%.					
86485	all		Party Cart NPC Mountup		Mounts the target, limited to the outdoors, following normal vehicle rules.	Movement speed increased by 100%.					
86486	all		Swift Forest Strider		Summons and dismisses a rideable Swift Forest Strider. This mount increases speed depending on your Riding Skill.	Increases speed depending on your Riding Skill.					
86487	all		Cobbled Shredder		Summons and dismisses a rideable Cobbled Shredder. This mount increases speed depending on your Riding Skill.	Increases speed depending on your Riding Skill.					
86488	all		Sunwalker Kodo		Summons and dismisses a rideable Sunwalker Kodo. This mount increases speed depending on your Riding Skill.	Increases speed depending on your Riding Skill.					
86489	spellbook	789	Agile Reflexes		Increases the fox's dodge chance by $s1% and reduces the chance ranged attacks hit the fox by $s2%.  Lasts $d.	Dodge chance increased by $s1% and chance ranged attacks hit you reduced by $s2%.					
86490	spellbook	653	Pet Family Scaling - Bat		Increases Damage by $s1%. Increases Base Armor by $s2%. Increases Health by $s3%.						
86491	spellbook	210	Pet Family Scaling - Bear		Decreases Damage by $s1%. Increases Base Armor by $s2%. Increases Health by $s3%.						
86492	spellbook	211	Pet Family Scaling - Boar		Decreases Damage by $s1%. Increases Base Armor by $s2%. Increases Health by $s3%.						
86493	spellbook	213	Pet Family Scaling - Carrion Bird		Increases Damage by $s1%. Increases Base Armor by $s2%. Increases Health by $s3%.						
86494	spellbook	209	Pet Family Scaling - Cat		Increases Damage by $s1%. Increases Base Armor by $s2%. Decreases Health by $s3%.						
86495	spellbook	214	Pet Family Scaling - Crab		Decreases Damage by $s1%. Increases Base Armor by $s2%. Decreases Health by $s3%.						
86496	spellbook	212	Pet Family Scaling - Crocolisk		Increases Damage by $s1%. Increases Base Armor by $s2%. Decreases Health by $s3%.						
86497	spellbook	763	Pet Family Scaling - Dragonhawk		Increases Damage by $s1%. Increases Base Armor by $s2%. Increases Health by $s3%.						
86498	spellbook	215	Pet Family Scaling - Gorilla		Increases Damage by $s1%. Increases Base Armor by $s2%. Increases Health by $s3%.						
86499	spellbook	654	Pet Family Scaling - Hyena		Increases Damage by $s1%. Increases Base Armor by $s2%. Increases Health by $s3%.						
86500	spellbook	764	Pet Family Scaling - Nether Ray		Increases Damage by $s1%. Decreases Base Armor by $s2%. Increases Health by $s3%.						
86501	spellbook	655	Pet Family Scaling - Bird of Prey		Increases Damage by $s1%. Increases Base Armor by $s2%. Increases Health by $s3%.						
86502	spellbook	217	Pet Family Scaling - Raptor		Increases Damage by $s1%. Increases Base Armor by $s2%. Decreases Health by $s3%.						
86503	spellbook	767	Pet Family Scaling - Ravager		Increases Damage by $s1%. Increases Base Armor by $s2%. Decreases Health by $s3%.						
86504	spellbook	236	Pet Family Scaling - Scorpid		Decreases Damage by $s1%. Increases Base Armor by $s2%. Increases Health by $s3%.						
86505	spellbook	768	Pet Family Scaling - Serpent		Increases Damage by $s1%. Increases Base Armor by $s2%. Increases Health by $s3%.						
86506	spellbook	203	Pet Family Scaling - Spider		Increases Damage by $s1%. Increases Base Armor by $s2%. Increases Health by $s3%.						
86507	spellbook	765	Pet Family Scaling - Spore Bat		Increases Damage by $s1%. Increases Base Armor by $s2%. Increases Health by $s3%.						
86508	spellbook	218	Pet Family Scaling - Tallstrider		Increases Damage by $s1%. Increases Base Armor by $s2%. Increases Health by $s3%.						
86509	spellbook	251	Pet Family Scaling - Turtle		Decreases Damage by $s1%. Increases Base Armor by $s2%. Increases Health by $s3%.						
86510	spellbook	766	Pet Family Scaling - Warp Stalker		Decreases Damage by $s1%. Increases Base Armor by $s2%. Increases Health by $s3%.						
86511	spellbook	656	Pet Family Scaling - Wind Serpent		Increases Damage by $s1%. Increases Base Armor by $s2%. Increases Health by $s3%.						
86512	spellbook	208	Pet Family Scaling - Wolf		Increases Damage by $s1%. Increases Base Armor by $s2%. Increases Health by $s3%.						
86513	spellbook	775	Pet Family Scaling - Moth		Increases Damage by $s1%. Decreases Base Armor by $s2%. Increases Health by $s3%.						
86514	spellbook	780	Pet Family Scaling - Chimaera		Increases Damage by $s1%. Increases Base Armor by $s2%. Increases Health by $s3%.						
86515	spellbook	781	Pet Family Scaling - Devilsaur		Increases Damage by $s1%. Increases Base Armor by $s2%. Increases Health by $s3%.						
86516	spellbook	783	Pet Family Scaling - Silithid		Increases Damage by $s1%. Increases Base Armor by $s2%. Increases Health by $s3%.						
86517	spellbook	784	Pet Family Scaling - Worm		Increases Damage by $s1%. Increases Base Armor by $s2%. Increases Health by $s3%.						
86518	spellbook	786	Pet Family Scaling - Rhino		Increases Damage by $s1%. Increases Base Armor by $s2%. Increases Health by $s3%.						
86519	spellbook	785	Pet Family Scaling - Wasp		Increases Damage by $s1%. Decreases Base Armor by $s2%. Increases Health by $s3%.						
86520	spellbook	787	Pet Family Scaling - Core Hound		Increases Damage by $s1%. Increases Base Armor by $s2%. Increases Health by $s3%.						
86521	spellbook	788	Pet Family Scaling - Spirit Beast		Increases Damage by $s1%. Increases Base Armor by $s2%. Increases Health by $s3%.						
86522	spellbook	47	Pet Family Scaling - Fox		Increases Damage by $s1%. Decreases Base Armor by $s2%. Decreases Health by $s3%.						
86523	spellbook	270	Pet Scaling - Damage Pct								
86524	spellbook	270	Pet Scaling - Health Pct								
86525	spellbook	270	Pet Scaling - Armor Pct								
86526	spellbook	270	Pet Scaling - Crit								
86527	spellbook	270	Pet Scaling - Focus Regen								
86528	spellbook	270	Pet Scaling - Hit Chance								
86529	spellbook	270	Pet Scaling - Dodge								
86530	spellbook	270	Pet Scaling - Attack Speed								
86531	spellbook	270	Pet Scaling - Movement Speed								
86532	all		Nature Resistance	Rank 1	Increases Nature resistance by $s1.	Increases Nature resistance by $s1.					
86533	all		Nature Resistance	Rank 2	Increases Nature resistance by $s1.	Increases Nature resistance by $s1.					
86534	all		Nature Resistance	Rank 3	Increases Nature resistance by $s1.	Increases Nature resistance by $s1.					
86535	all		Create Brewfest Brew								
86536	spellbook	101	Special Brew	Cosmetic Racial	Right Click to tap a pony keg of delicious Special Brew.\n\nSpecial Brew disappears if logged out for more than 15 minutes.						
86537	spellbook	792	Racial Knowledge: Gnome	Knowledge	Allows you to use abilities from the Gnome race.						
86538	all		Racial Knowledge: Gnome	Rank 1	Allows you to use abilities from the Gnome race.						
86539	all		Gnome Knowledge		Knows the racial abilities from the Gnome race.	Knows the racial abilities from the Gnome race.					
86540	spellbook	753	Gnomish Innovation	Cosmetic Racial	Your flight path routes throughout the world will take on the appearance of a Gnomish Gyrocopter.						
86541	spellbook	754	Banner of Heritage	Cosmetic Racial	Place a Banner of Heritage at your feet lasting for 3 minutes.						
86542	spellbook	792	Racial Knowledge: Orc	Knowledge	Allows you to use abilities from the Orc race.						
86543	all		Racial Knowledge: Orc	Rank 1	Allows you to use abilities from the Orc race.						
86544	all		Orc Knowledge		Knows the racial abilities from the Orc race.	Knows the racial abilities from the Orc race.					
86545	spellbook	792	Indomitable Fury	Racial	Increases attack power by $s1, but reduces healing effects on you by $86546s1%.  Lasts $d.	Attack power increased by $s1.					
86546	all		Indomitable Fury	Racial		Healing effects reduced by $s1%.					
86547	spellbook	792	Ancient Fury	Racial	Increases attack power by $s1, but reduces healing effects on you by $86548s1%.  Lasts $d.	Attack power increased by $s1.					
86548	all		Ancient Fury	Racial		Healing effects reduced by $s1%.					
86549	spellbook	792	Gnomish Fury	Racial	Increases attack power by $s1, but reduces healing effects on you by $86550s1%.  Lasts $d.	Attack power increased by $s1.					
86550	all		Gnomish Fury	Racial		Healing effects reduced by $s1%.					
86551	spellbook	792	Mountainous Fury	Racial	Increases attack power by $s1, but reduces healing effects on you by $86552s1%.  Lasts $d.	Attack power increased by $s1.					
86552	all		Mountainous Fury	Racial		Healing effects reduced by $s1%.					
86553	spellbook	792	Primal Fury	Racial	Increases attack power by $s1, but reduces healing effects on you by $86554s1%.  Lasts $d.	Attack power increased by $s1.					
86554	all		Primal Fury	Racial		Healing effects reduced by $s1%.					
86555	spellbook	792	Forsaken Fury	Racial	Increases attack power by $s1, but reduces healing effects on you by $86556s1%.  Lasts $d.	Attack power increased by $s1.					
86556	all		Forsaken Fury	Racial		Healing effects reduced by $s1%.					
86557	spellbook	792	Primal Fury	Racial	Increases attack power by $s1, but reduces healing effects on you by $86558s1%.  Lasts $d.	Attack power increased by $s1.					
86558	all		Primal Fury	Racial		Healing effects reduced by $s1%.					
86559	spellbook	792	Indomitable Fury	Racial	Increases your damage and healing from spells and effects by up to $s2, but reduces healing effects on you by $86560s1%.  Lasts $d.	Magical damage and healing done increased by $s2.					
86560	all		Indomitable Fury	Racial		Healing effects reduced by $s1%.					
86561	spellbook	792	Ancient Fury	Racial	Increases your damage and healing from spells and effects by up to $s2, but reduces healing effects on you by $86562s1%.  Lasts $d.	Magical damage and healing done increased by $s2.					
86562	all		Ancient Fury	Racial		Healing effects reduced by $s1%.					
86563	spellbook	792	Gnomish Fury	Racial	Increases your damage and healing from spells and effects by up to $s2, but reduces healing effects on you by $86564s1%.  Lasts $d.	Magical damage and healing done increased by $s2.					
86564	all		Gnomish Fury	Racial		Healing effects reduced by $s1%.					
86565	spellbook	792	Mountainous Fury	Racial	Increases your damage and healing from spells and effects by up to $s2, but reduces healing effects on you by $86566s1%.  Lasts $d.	Magical damage and healing done increased by $s2.					
86566	all		Mountainous Fury	Racial		Healing effects reduced by $s1%.					
86567	spellbook	792	Primal Fury	Racial	Increases your damage and healing from spells and effects by up to $s2, but reduces healing effects on you by $86568s1%.  Lasts $d.	Magical damage and healing done increased by $s2.					
86568	all		Primal Fury	Racial		Healing effects reduced by $s1%.					
86569	spellbook	792	Forsaken Fury	Racial	Increases your damage and healing from spells and effects by up to $s2, but reduces healing effects on you by $86570s1%.  Lasts $d.	Magical damage and healing done increased by $s2.					
86570	all		Forsaken Fury	Racial		Healing effects reduced by $s1%.					
86571	spellbook	792	Primal Fury	Racial	Increases your damage and healing from spells and effects by up to $s2, but reduces healing effects on you by $86572s1%.  Lasts $d.	Magical damage and healing done increased by $s2.					
86572	all		Primal Fury	Racial		Healing effects reduced by $s1%.					
86573	spellbook	792	Indomitable Fury	Racial	Increases melee attack power by $s1 and your damage and healing from spells and effects by up to $s2, but reduces healing effects on you by $86574s1%.  Lasts $d.	Melee attack power increased by $s1 and magical damage and healing done increased by $s2.					
86574	all		Indomitable Fury	Racial		Healing effects reduced by $s1%.					
86575	spellbook	792	Ancient Fury	Racial	Increases melee attack power by $s1 and your damage and healing from spells and effects by up to $s2, but reduces healing effects on you by $86576s1%.  Lasts $d.	Melee attack power increased by $s1 and magical damage and healing done increased by $s2.					
86576	all		Ancient Fury	Racial		Healing effects reduced by $s1%.					
86577	spellbook	792	Gnomish Fury	Racial	Increases melee attack power by $s1 and your damage and healing from spells and effects by up to $s2, but reduces healing effects on you by $86578s1%.  Lasts $d.	Melee attack power increased by $s1 and magical damage and healing done increased by $s2.					
86578	all		Gnomish Fury	Racial		Healing effects reduced by $s1%.					
86579	spellbook	792	Mountainous Fury	Racial	Increases melee attack power by $s1 and your damage and healing from spells and effects by up to $s2, but reduces healing effects on you by $86580s1%.  Lasts $d.	Melee attack power increased by $s1 and magical damage and healing done increased by $s2.					
86580	all		Mountainous Fury	Racial		Healing effects reduced by $s1%.					
86581	spellbook	792	Primal Fury	Racial	Increases melee attack power by $s1 and your damage and healing from spells and effects by up to $s2, but reduces healing effects on you by $86582s1%.  Lasts $d.	Melee attack power increased by $s1 and magical damage and healing done increased by $s2.					
86582	all		Primal Fury	Racial		Healing effects reduced by $s1%.					
86583	spellbook	792	Forsaken Fury	Racial	Increases melee attack power by $s1 and your damage and healing from spells and effects by up to $s2, but reduces healing effects on you by $86584s1%.  Lasts $d.	Melee attack power increased by $s1 and magical damage and healing done increased by $s2.					
86584	all		Forsaken Fury	Racial		Healing effects reduced by $s1%.					
86585	spellbook	792	Primal Fury	Racial	Increases melee attack power by $s1 and your damage and healing from spells and effects by up to $s2, but reduces healing effects on you by $86586s1%.  Lasts $d.	Melee attack power increased by $s1 and magical damage and healing done increased by $s2.					
86586	all		Primal Fury	Racial		Healing effects reduced by $s1%.					
86587	spellbook	125	Lo'Gosh's Guidance	Cosmetic Racial	While travelling when dead you will ride an embodiment of Lo'Gosh with his pack.						
86588	spellbook	124	Tribal Totem	Cosmetic Racial	Don your Tribal Totem.						
86589	all		Tribal Totem: Bloodhoof	Cosmetic Racial	Don your Tribal Totem.	Proudly bearing a totem of the Bloodhoof Clan.					
86590	spellbook	792	Racial Knowledge: Troll	Knowledge	Allows you to use abilities from the Troll race.						
86591	all		Racial Knowledge: Troll	Rank 1	Allows you to use abilities from the Troll race.						
86592	all		Troll Knowledge		Knows the racial abilities from the Troll race.	Knows the racial abilities from the Troll race.					
86593	spellbook	792	Regeneration	Racial Passive	Health regeneration rate increased by $s1%.  $s2% of total Health regeneration may continue during combat.						
86594	spellbook	792	Regeneration	Racial Passive	Health regeneration rate increased by $s1%.  $s2% of total Health regeneration may continue during combat.						
86595	spellbook	792	Regeneration	Racial Passive	Health regeneration rate increased by $s1%.  $s2% of total Health regeneration may continue during combat.						
86596	spellbook	792	Regeneration	Racial Passive	Health regeneration rate increased by $s1%.  $s2% of total Health regeneration may continue during combat.						
86597	spellbook	792	Regeneration	Racial Passive	Health regeneration rate increased by $s1%.  $s2% of total Health regeneration may continue during combat.						
86598	spellbook	792	Regeneration	Racial Passive	Health regeneration rate increased by $s1%.  $s2% of total Health regeneration may continue during combat.						
86599	spellbook	792	Regeneration	Racial Passive	Health regeneration rate increased by $s1%.  $s2% of total Health regeneration may continue during combat.						
86600	all		Berserking		Increases your casting and attack speed by $s1% to $s3%.  At full health the speed increase is $s1% with a greater effect up to $s3% if you are badly hurt when you activate Berserking. Lasts $d sec.	Increases your casting and attack speed by $s1% to $s3%.  At full health the speed increase is $s1% with a greater effect up to $s3% if you are badly hurt when you activate Berserking. Lasts $d sec.					
86601	all		Berserking	Racial	Increases your casting and attack speed by $86600s1% to $86600s3%.  At full health the speed increase is $86600s1% with a greater effect up to $86600s3% if you are badly hurt when you activate Berserking. Lasts $86600d.	Attack and casting speed increased.					
86602	spellbook	792	Berserking	Racial	Increases your casting and attack speed by $86600s1% to $86600s3%.  At full health the speed increase is $86600s1% with a greater effect up to $86600s3% if you are badly hurt when you activate Berserking. Lasts $86600d. Power cost varies based on your currently active form.	Attack and casting speed increased.					
86603	spellbook	792	Berserking	Racial	Increases your casting and attack speed by $86600s1% to $86600s3%.  At full health the speed increase is $86600s1% with a greater effect up to $86600s3% if you are badly hurt when you activate Berserking. Lasts $86600d.	Attack and casting speed increased.					
86604	spellbook	792	Berserking	Racial	Increases your casting and attack speed by $86600s1% to $86600s3%.  At full health the speed increase is $86600s1% with a greater effect up to $86600s3% if you are badly hurt when you activate Berserking. Lasts $86600d.	Attack and casting speed increased.					
86605	spellbook	792	Berserking	Racial	Increases your casting and attack speed by $86600s1% to $86600s3%.  At full health the speed increase is $86600s1% with a greater effect up to $86600s3% if you are badly hurt when you activate Berserking. Lasts $86600d.	Attack and casting speed increased.					
86606	spellbook	733	Bwonsamdi's Judgement	Cosmetic Racial	On death there is a chance for the Loa Bwonsamdi to appear and mock your failure.						
86607	spellbook	792	Racial Knowledge: Night Elf	Knowledge	Allows you to use abilities from the Night Elf race.						
86608	all		Racial Knowledge: Night Elf	Rank 1	Allows you to use abilities from the Night Elf race.						
86609	all		Night Elf Knowledge		Knows the racial abilities from the Night Elf race.	Knows the racial abilities from the Night Elf race.					
86610	spellbook	792	Quickness	Racial Passive	Dodge chance increased by $s1%.						
86611	spellbook	792	Quickness	Racial Passive	Dodge chance increased by $s1%.						
86612	spellbook	792	Quickness	Racial Passive	Dodge chance increased by $s1%.						
86613	spellbook	792	Quickness	Racial Passive	Dodge chance increased by $s1%.						
86614	spellbook	792	Quickness	Racial Passive	Dodge chance increased by $s1%.						
86615	spellbook	792	Quickness	Racial Passive	Dodge chance increased by $s1%.						
86616	spellbook	792	Quickness	Racial Passive	Dodge chance increased by $s1%.						
86617	spellbook	792	Stone Cloak	Racial	Activate to meld into the earth and rocks around you, reducing the chance for enemies to detect your presence.  Lasts until cancelled or upon moving.  Rogues and Druids with Shadowmeld are more difficult to detect while stealthed or prowling.	Cloaked.					
86618	spellbook	792	Spirit Walk	Racial	Activate to enter an ethereal form, reducing the chance for enemies to detect your presence.  Lasts until cancelled or upon moving.  Rogues and Druids with Shadowmeld are more difficult to detect while stealthed or prowling.	Spirit Walking.					
86619	spellbook	792	Technical Obscurity	Racial	Activate to bend light around you, reducing the chance for enemies to detect your presence.  Lasts until cancelled or upon moving.  Rogues and Druids with Shadowmeld are more difficult to detect while stealthed or prowling.	Hidden.					
86620	spellbook	792	Shadowmoon Melding	Racial	Activate to slip into the shadows, reducing the chance for enemies to detect your presence.  Lasts until cancelled or upon moving.  Rogues and Druids with Shadowmeld are more difficult to detect while stealthed or prowling.	Shadowed.					
86621	spellbook	792	Death's Shroud	Racial	Activate to embrace the darkness of undeath, reducing the chance for enemies to detect your presence.  Lasts until cancelled or upon moving.  Rogues and Druids with Shadowmeld are more difficult to detect while stealthed or prowling.	Embracing Darkness.					
86622	spellbook	792	Subtle Camouflage	Racial	Activate to blend into the background, reducing the chance for enemies to detect your presence.  Lasts until cancelled or upon moving.  Rogues and Druids with Shadowmeld are more difficult to detect while stealthed or prowling.	Blending.					
86623	spellbook	792	Jungle Blur	Racial	Activate to hide among your surroundings as your ancestors did before you, reducing the chance for enemies to detect your presence.  Lasts until cancelled or upon moving.  Rogues and Druids with Shadowmeld are more difficult to detect while stealthed or prowling.	Blurred.					
86624	all		Touch of Elune		Increases your critical strike chance by $s1%.	Increases your critical strike chance by $s1%.					
86625	all		Touch of Elune		Increases your attack and casting speed by $s1%.	Increases your attack and casting speed by $s1%.					
86626	spellbook	792	Touch of Elune	Racial Passive	Increases your attack and casting speed by $86625s1% during the night. Increases your critical strike chance by $86624s1% during the day.						
86627	all		Embrace of the Cycle		Increases your critical strike chance by $s1%.	Increases your critical strike chance by $s1%.					
86628	all		Embrace of the Cycle		Increases your attack and casting speed by $s1%.	Increases your attack and casting speed by $s1%.					
86629	spellbook	792	Embrace of the Cycle	Racial Passive	Increases your attack and casting speed by $86628s1% during the night. Increases your critical strike chance by $86627s1% during the day.						
86630	all		Eyes of the Earth Mother		Increases your critical strike chance by $s1%.	Increases your critical strike chance by $s1%.					
86631	all		Eyes of the Earth Mother		Increases your attack and casting speed by $s1%.	Increases your attack and casting speed by $s1%.					
86632	spellbook	792	Eyes of the Earth Mother	Racial Passive	Increases your attack and casting speed by $86631s1% during the night. Increases your critical strike chance by $86630s1% during the day.						
86633	all		Embrace of the Cycle		Increases your critical strike chance by $s1%.	Increases your critical strike chance by $s1%.					
86634	all		Embrace of the Cycle		Increases your attack and casting speed by $s1%.	Increases your attack and casting speed by $s1%.					
86635	spellbook	792	Embrace of the Cycle	Racial Passive	Increases your attack and casting speed by $86634s1% during the night. Increases your critical strike chance by $86633s1% during the day.						
86636	all		Embrace of the Cycle		Increases your critical strike chance by $s1%.	Increases your critical strike chance by $s1%.					
86637	all		Embrace of the Cycle		Increases your attack and casting speed by $s1%.	Increases your attack and casting speed by $s1%.					
86638	spellbook	792	Embrace of the Cycle	Racial Passive	Increases your attack and casting speed by $86637s1% during the night. Increases your critical strike chance by $86636s1% during the day.						
86639	all		Embrace of the Cycle		Increases your critical strike chance by $s1%.	Increases your critical strike chance by $s1%.					
86640	all		Embrace of the Cycle		Increases your attack and casting speed by $s1%.	Increases your attack and casting speed by $s1%.					
86641	spellbook	792	Embrace of the Cycle	Racial Passive	Increases your attack and casting speed by $86640s1% during the night. Increases your critical strike chance by $86639s1% during the day.						
86642	all		Medivh's Astral Knowledge		Increases your critical strike chance by $s1%.	Increases your critical strike chance by $s1%.					
86643	all		Medivh's Astral Knowledge		Increases your attack and casting speed by $s1%.	Increases your attack and casting speed by $s1%.					
86644	spellbook	792	Medivh's Astral Knowledge	Racial Passive	Increases your attack and casting speed by $86643s1% during the night. Increases your critical strike chance by $86642s1% during the day.						
86645	all		Embrace of the Cycle		Increases your critical strike chance by $s1%.	Increases your critical strike chance by $s1%.					
86646	all		Embrace of the Cycle		Increases your attack and casting speed by $s1%.	Increases your attack and casting speed by $s1%.					
86647	spellbook	792	Embrace of the Cycle	Racial Passive	Increases your attack and casting speed by $86646s1% during the night. Increases your critical strike chance by $86645s1% during the day.						
86648	spellbook	792	Elusiveness	Racial Passive	Reduces the chance enemies have to detect you while Shadowmelded or Stealthed.						
86649	spellbook	792	Elusiveness	Racial Passive	Reduces the chance enemies have to detect you while Shadowmelded or Stealthed.						
86650	spellbook	792	Elusiveness	Racial Passive	Reduces the chance enemies have to detect you while Shadowmelded or Stealthed.						
86651	spellbook	792	Elusiveness	Racial Passive	Reduces the chance enemies have to detect you while Shadowmelded or Stealthed.						
86652	spellbook	792	Elusiveness	Racial Passive	Reduces the chance enemies have to detect you while Shadowmelded or Stealthed.						
86653	spellbook	792	Elusiveness	Racial Passive	Reduces the chance enemies have to detect you while Shadowmelded or Stealthed.						
86654	spellbook	792	Elusiveness	Racial Passive	Reduces the chance enemies have to detect you while Shadowmelded or Stealthed.						
86655	spellbook	792	Racial Knowledge: Undead	Knowledge	Allows you to use abilities from the Undead race.						
86656	all		Racial Knowledge: Undead	Rank 1	Allows you to use abilities from the Undead race.						
86657	all		Undead Knowledge		Knows the racial abilities from the Undead race.	Knows the racial abilities from the Undead race.					
86658	all		Body Modification		Taking on the appearance of an Undead creature.	Taking on the appearance of an Undead creature.					
86659	spellbook	220	Body Modification	Cosmetic Racial	Allows the caster to take on the appearance of the selected Undead creature.						
86660	spellbook	792	Iron Lungs	Racial Passive	Underwater breath lasts $s1% longer than normal.						
86661	spellbook	792	Large Lungs	Racial Passive	Underwater breath lasts $s1% longer than normal.						
86662	spellbook	792	Breathing Apparatus	Racial Passive	Underwater breath lasts $s1% longer than normal.						
86663	spellbook	792	Blessing of Aborius	Racial Passive	Underwater breath lasts $s1% longer than normal.						
86664	spellbook	792	Azshara's Legacy	Racial Passive	Underwater breath lasts $s1% longer than normal.						
86665	spellbook	792	Deepened Breath	Racial Passive	Underwater breath lasts $s1% longer than normal.						
86666	spellbook	792	Torga's Touch	Racial Passive	Underwater breath lasts $s1% longer than normal.						
86667	spellbook	792	Stubborn Fortitude	Racial	Provides immunity to Charm, Fear and Sleep while active. May also be used while already afflicted by Charm, Fear or Sleep. Lasts $d.						
86668	spellbook	792	Nature's Resolve	Racial	Provides immunity to Charm, Fear and Sleep while active. May also be used while already afflicted by Charm, Fear or Sleep. Lasts $d.						
86669	spellbook	792	Ingenious Escape	Racial	Provides immunity to Charm, Fear and Sleep while active. May also be used while already afflicted by Charm, Fear or Sleep. Lasts $d.						
86670	spellbook	792	Defiant Resilience	Racial	Provides immunity to Charm, Fear and Sleep while active. May also be used while already afflicted by Charm, Fear or Sleep. Lasts $d.						
86671	spellbook	792	Ancestral Courage	Racial	Provides immunity to Charm, Fear and Sleep while active. May also be used while already afflicted by Charm, Fear or Sleep. Lasts $d.						
86672	spellbook	792	Indomitable Will	Racial	Provides immunity to Charm, Fear and Sleep while active. May also be used while already afflicted by Charm, Fear or Sleep. Lasts $d.						
86673	spellbook	792	Hexward Breaker	Racial	Provides immunity to Charm, Fear and Sleep while active. May also be used while already afflicted by Charm, Fear or Sleep. Lasts $d.						
86674	all		Cannibalize			Regenerate $s1% of total health every $t1 seconds.					
86675	spellbook	792	Cannibalize	Racial	When activated, regenerates $86674s1% of total health every $86674t1 sec for $86674d.  Only works on Humanoid or Undead corpses within $a1 yds.  Any movement, action, or damage taken while Cannibalizing will cancel the effect.						
86676	all		Guttural Howl			Regenerate $s1% of total health every $t1 seconds.					
86677	spellbook	792	Guttural Howl	Racial	When activated, regenerates $86676s1% of total health every $86676t1 sec for $86676d.  Only works on Humanoid or Undead corpses within $a1 yds.  Any movement, action, or damage taken while Howling will cancel the effect.						
86678	all		Lo'una			Regenerate $s1% of total health every $t1 seconds.					
86679	spellbook	792	Lo'una	Racial	When activated, regenerates $86678s1% of total health every $86678t1 sec for $86678d.  Only works on Humanoid or Undead corpses within $a1 yds.  Any movement, action, or damage taken while Praying will cancel the effect.						
86680	all		Ritual Dance			Regenerate $s1% of total health every $t1 seconds.					
86681	spellbook	792	Ritual Dance	Racial	When activated, regenerates $86680s1% of total health every $86680t1 sec for $86680d.  Only works on Humanoid or Undead corpses within $a1 yds.  Any movement, action, or damage taken while Dancing will cancel the effect.						
86682	all		Respectful Cheers			Regenerate $s1% of total health every $t1 seconds.					
86683	spellbook	792	Respectful Cheers	Racial	When activated, regenerates $86682s1% of total health every $86682t1 sec for $86682d.  Only works on Humanoid or Undead corpses within $a1 yds.  Any movement, action, or damage taken while Cheering will cancel the effect.						
86684	all		Elune's Embrace			Regenerate $s1% of total health every $t1 seconds.					
86685	spellbook	792	Elune's Embrace	Racial	When activated, regenerates $86684s1% of total health every $86684t1 sec for $86684d.  Only works on Humanoid or Undead corpses within $a1 yds.  Any movement, action, or damage taken while Embracing will cancel the effect.						
86686	all		Analyze Deceased			Regenerate $s1% of total health every $t1 seconds.					
86687	spellbook	792	Analyze Deceased	Racial	When activated, regenerates $86686s1% of total health every $86686t1 sec for $86686d.  Only works on Humanoid or Undead corpses within $a1 yds.  Any movement, action, or damage taken while Analyzing will cancel the effect.						
86688	all		Last Rites			Regenerate $s1% of total health every $t1 seconds.					
86689	spellbook	792	Last Rites	Racial	When activated, regenerates $86688s1% of total health every $86688t1 sec for $86688d.  Only works on Humanoid or Undead corpses within $a1 yds.  Any movement, action, or damage taken while Praying will cancel the effect.						
86690	all		Increased Healing Potion Effectiveness		Increases the effect that healing potions have on the wearer by $s1%. This effect does not stack.						
86691	spellbook	171	Crude Philosopher Stone		This item binds to you upon being crafted.						
86692	all		Dazzling Light		Increases spell holy damage by up to $s1 for $d.  Battle Elixir	Holy damage dealt by spells and abilities is increased by up to $s1.  Battle Elixir					
86693	all		Elixir of Luring		Increases your Fishing by $s1 for $d.	Fishing increased by $s1.					
86694	spellbook	171	Elixir of Luring								
86695	all		Pure Arcane Power		Increases spell arcane damage by up to $s1 for $d.  Battle Elixir.	Arcane damage dealt by spells and abilities is increased by up to $s1.  Battle Elixir.					
86696	spellbook	171	Elixir of Pure Arcane Power								
86697	all		Elixir of Virtuous Diplomacy								
86698	all		Elixir of Virtuous Diplomacy		Increases reputation gained with the Argent Dawn by $s1% for $d.	Increases reputation gained with the Argent Dawn.					
86699	spellbook	171	Elixir of Virtuous Diplomacy								
86700	spellbook	171	Polished Philosopher Stone		This item binds to you upon being crafted.						
86701	spellbook	171	Inlaid Philosopher Stone		This item binds to you upon being crafted.						
86702	spellbook	171	Enchanted Philosopher Stone		This item binds to you upon being crafted.						
86703	spellbook	171	Mixology	Passive	You receive $s1% increased duration and $s2% increased effect from elixirs and flasks.						
86704	all		Plagueward		Cures up to $s1 diseases.						
86705	spellbook	171	Potion of Plagueward								
86706	spellbook	171	Materia Prima		This item binds to you upon being crafted.						
86707	spellbook	164	Agile Citrine Amulet		This item binds to you upon being crafted.						
86708	spellbook	164	Arcanite Bulwark								
86709	spellbook	164	Attuned Bronze Breastplate		This item binds to you upon being crafted.						
86710	spellbook	164	Attuned Copper Leggings								
86711	spellbook	164	Attuned Steel Shoulders								
86712	spellbook	164	Black Diamond Amulet								
86713	spellbook	164	Boardin' Sword								
86714	all		Greater Stats								
86715	all		Copper Belt Buckle		Infuse your belt, permanently increasing all primary stats by 1. Only the Blacksmith's belt can be infused, and infusing a belt will cause it to become soulbound.						
86716	spellbook	164	Copper Belt Buckle		This item binds to you upon being crafted.						
86717	spellbook	164	Green Iron Shield								
86718	spellbook	164	Heavy Copper Shield								
86719	spellbook	164	Heavy Mithril Shield								
86720	spellbook	164	High Elven Shield								
86721	spellbook	164	Holy Guard								
86722	spellbook	164	Holy Shield								
86723	all		Greater Stats								
86724	all		Iron Belt Buckle		Infuse your belt, permanently increasing all primary stats by 3. Only the Blacksmith's belt can be infused, and infusing a belt will cause it to become soulbound.						
86725	spellbook	164	Iron Belt Buckle		This item binds to you upon being crafted.						
86726	all		Reduces Parry & Dodge 1		Reduces your chance to be dodged or parried with axes by ${$m1/4}%.						
86727	all		Reduces Parry & Dodge 1		Reduces your chance to be dodged or parried with maces by ${$m1/4}%.						
86728	all		Reduces Parry & Dodge 1		Reduces your chance to be dodged or parried with swords by ${$m1/4}%.						
86729	spellbook	164	Axesmith's Legacy		This item binds to you upon being crafted.						
86730	spellbook	164	Hammersmith's Legacy		This item binds to you upon being crafted.						
86731	spellbook	164	Swordsmith's Legacy		This item binds to you upon being crafted.						
86732	spellbook	164	Dummy 300 Skill								
86733	all		Greater Stats								
86734	all		Mithril Belt Buckle		Infuse your belt, permanently increasing all primary stats by 4. Only the Blacksmith's belt can be infused, and infusing a belt will cause it to become soulbound.						
86735	spellbook	164	Mithril Belt Buckle		This item binds to you upon being crafted.						
86736	spellbook	164	Pristine Black Diamond Ring		This item binds to you upon being crafted.						
86737	all		Increase Defense 3		Increased Defense +$s1.						
86738	spellbook	164	Pure Silver Shield								
86739	spellbook	164	Quick Bronze Dagger								
86740	spellbook	164	Repair All	Rank 1	Repair all of your gear to full durability.						
86741	spellbook	164	Repair All	Rank 2	Repair all of your gear to full durability.						
86742	spellbook	164	Rough Bronze Shield								
86743	spellbook	164	Runed Copper Ring		This item binds to you upon being crafted.						
86744	spellbook	164	Shadowgem Pendant		This item binds to you upon being crafted.						
86745	spellbook	164	Shiny Agate Ring								
86746	spellbook	164	Shiny Aquamarine Ring								
86747	all		Greater Stats								
86748	all		Silver Belt Buckle		Infuse your belt, permanently increasing all primary stats by 2. Only the Blacksmith's belt can be infused, and infusing a belt will cause it to become soulbound.						
86749	spellbook	164	Silver Belt Buckle		This item binds to you upon being crafted.						
86750	spellbook	164	Silver Moonstone Necklace								
86751	spellbook	164	Strong Silver Broadsword		This item binds to you upon being crafted.						
86752	spellbook	164	Sturdy Mithril Mace								
86753	all		Greater Stats								
86754	all		Thorium Belt Buckle		Infuse your belt, permanently increasing all primary stats by 5. Only the Blacksmith's belt can be infused, and infusing a belt will cause it to become soulbound.						
86755	spellbook	164	Thorium Belt Buckle		This item binds to you upon being crafted.						
86756	spellbook	164	Thorium Shield								
86757	spellbook	202	Thorium Throwing Axe								
86758	spellbook	164	Truesilver Belt								
86759	spellbook	164	Truesilver Helm								
86760	all		Strength			Strength increased by $s1.					
86761	all		Food		Restores $o1 health over $d.  Must remain seated while eating.	Restores $/5;s1 health per second.					
86762	all		Food		Restores $o1 health over $d.  Must remain seated while eating.  If you spend at least 10 seconds eating you will become well fed and gain $86760s1 Strength for $86760d.	Restores $/5;s1 health per second.					
86763	spellbook	185	Protein Shake								
86764	all		Increased Hit Chance 1		Improves your chance to hit with melee and ranged attacks by $s1%.						
86765	spellbook	333	Enchant Ring - Superior Spell Power		Permanently enchant a ring to increase damage and healing done by magical spells and effects by 8. Only the enchanter's rings can be enchanted and enchanting a ring will cause it to become soulbound.						
86766	spellbook	333	Enchant Ring - Superior Attack Power		Permanently enchant a ring to increase attack power by 14. Only the enchanter's rings can be enchanted and enchanting a ring will cause it to become soulbound.						
86767	spellbook	333	Enchant Ring - Superior Stamina		Permanently enchant a ring to increase stamina by 8. Only the enchanter's rings can be enchanted and enchanting a ring will cause it to become soulbound.						
86768	spellbook	333	Enchant Ring - Greater Spell Power		Permanently enchant a ring to increase damage and healing done by magical spells and effects by 6. Only the enchanter's rings can be enchanted and enchanting a ring will cause it to become soulbound.						
86769	spellbook	333	Enchant Ring - Greater Attack Power		Permanently enchant a ring to increase attack power by 12. Only the enchanter's rings can be enchanted and enchanting a ring will cause it to become soulbound.						
86770	spellbook	333	Enchant Ring - Greater Stamina		Permanently enchant a ring to increase stamina by 6. Only the enchanter's rings can be enchanted and enchanting a ring will cause it to become soulbound.						
86771	spellbook	333	Lesser Nether Wand								
86772	spellbook	333	Enchant Ring - Lesser Spell Power		Permanently enchant a ring to increase damage and healing done by magical spells and effects by 4. Only the enchanter's rings can be enchanted and enchanting a ring will cause it to become soulbound.						
86773	spellbook	333	Enchant Ring - Lesser Attack Power		Permanently enchant a ring to increase attack power by 8. Only the enchanter's rings can be enchanted and enchanting a ring will cause it to become soulbound.						
86774	spellbook	333	Enchant Ring - Lesser Stamina		Permanently enchant a ring to increase stamina by 4. Only the enchanter's rings can be enchanted and enchanting a ring will cause it to become soulbound.						
86775	all		Increase Spell Dam NoHealing 16		Increases damage and healing done by magical spells and effects by up to $s1.						
86776	spellbook	333	Enchant Ring - Minor Spell Power		Permanently enchant a ring to increase damage and healing done by magical spells and effects by 2. Only the enchanter's rings can be enchanted and enchanting a ring will cause it to become soulbound.						
86777	spellbook	333	Enchant Ring - Minor Attack Power		Permanently enchant a ring to increase attack power by 4. Only the enchanter's rings can be enchanted and enchanting a ring will cause it to become soulbound.						
86778	spellbook	333	Enchant Ring - Minor Stamina		Permanently enchant a ring to increase stamina by 2. Only the enchanter's rings can be enchanted and enchanting a ring will cause it to become soulbound.						
86779	all		Increase Spell Dam NoHealing 8		Increases damage and healing done by magical spells and effects by up to $s1.						
86780	spellbook	333	Enchant Ring - Spell Power		Permanently enchant a ring to increase damage and healing done by magical spells and effects by 5. Only the enchanter's rings can be enchanted and enchanting a ring will cause it to become soulbound.						
86781	spellbook	333	Enchant Ring - Attack Power		Permanently enchant a ring to increase attack power by 10. Only the enchanter's rings can be enchanted and enchanting a ring will cause it to become soulbound.						
86782	spellbook	333	Enchant Ring - Stamina		Permanently enchant a ring to increase stamina by 5. Only the enchanter's rings can be enchanted and enchanting a ring will cause it to become soulbound.						
86783	all		Orb of Calamity		Heal a friendly target for 518 to 616 health, or deal 282 to 316 Nature damage to an enemy.						
86784	spellbook	333	Orb of Calamity								
86785	spellbook	333	Spellweaver								
86786	spellbook	333	Staff of Affinity								
86787	all		Praise of the Moon								
86788	all		Praise of the Moon		Spirit increased by $86787s1 during the night.						
86789	spellbook	333	Staff of the Moon								
86790	all		Increase Spell Dam Arcane 30		Increases damage done by Arcane spells and effects by up to $s1.						
86791	spellbook	333	Stanchion of Dazzling Light								
86792	all		Dragon's Wisdom		Cause your spell casts to occasionally grant the wisdom of dragons, increasing intellect by 60 and restoring 80 mana every 5 seconds for 15 seconds.	Intellect increased by $s1.  Restores $s2 mana every 5 seconds.					
86793	all		Dragon's Wisdom		Cause your spell casts to occasionally grant the wisdom of dragons, increasing intellect by 60 and restoring 80 mana every 5 seconds for 15 seconds.						
86794	spellbook	333	Enchant Weapon - Dragon's Wisdom		Permanently enchant a melee weapon to cause your spell casts to occasionally grant the wisdom of dragons, increasing intellect by 60 and restoring 80 mana every 5 seconds for 15 seconds.						
86795	all		Eluding		Sometimes bless the wielder with 30 agility, 200 armor, and 5% dodge for 15 seconds.	Agility increased by $s1.  Armor increased by $s2.  Dodge increased by $s3%.					
86796	spellbook	333	Enchant 2H Weapon - Elusive		Permanently enchant a two-handed melee weapon to sometimes bless the wielder with 30 agility, 200 armor, and 5% dodge for 15 seconds.						
86797	all		Ferocious		Sometimes empower the wielder, increasing melee attack power by 100 and melee attack speed by 3%.	Attack power increased by $s1.  Attack speed increased by $s2%.					
86798	spellbook	333	Enchant Weapon - Ferocity		Permanently enchant a melee weapon to sometimes empower the wielder, increasing melee attack power by 100 and melee attack speed by 3%.						
86799	all		Holy Healing		Sometimes bless the wielder, healing you for 150-300 and increasing your healing received by 20% for 10 seconds.	Healing received increased by $s2%.					
86800	spellbook	333	Enchant Weapon - Panacea		Permanently enchant a melee weapon to sometimes bless the wielder, healing you for 150-300 and increasing your healing received by 20% for 10 seconds.						
86801	spellbook	202	Agile Tiger Goggles								
86802	all		Arcane Reflector		Reflects Arcane spells back at their caster for $d.	Reflecting Arcane spells.					
86803	spellbook	202	Ley-Stabilized Arcane Reflector								
86804	spellbook	202	Blue Smoke Flare								
86805	spellbook	164	Copper Plated Knuckles								
86806	spellbook	202	Copper Tiger Goggles								
86807	spellbook	202	Green Smoke Flare								
86808	spellbook	202	Hyper Focused Goggles								
86809	spellbook	164	Iridescent Knuckles								
86810	spellbook	202	Quick Laser Goggles								
86811	spellbook	202	Reinforced Tiger Goggles								
86812	all		Revantusk Disguise		Transforms the caster to the appearance of a Revantusk Troll.	Disguised.					
86813	spellbook	202	Revantusk Disguise								
86814	spellbook	164	Steel Plated Knuckles								
86815	spellbook	202	Sturdy Tackle Box								
86816	spellbook	202	Truesilver Arquebus								
86817	spellbook	182	Lotus Affinity	Passive	You sometimes find Black Lotus from high level herbs.						
86818	spellbook	182	Natural Talent	Rank 1	Your resistance to all schools of magic is increased by $s1.						
86819	spellbook	182	Natural Talent	Rank 2	Your resistance to all schools of magic is increased by $s1.						
86820	spellbook	182	Natural Talent	Rank 3	Your resistance to all schools of magic is increased by $s1.						
86821	spellbook	182	Natural Talent	Rank 4	Your resistance to all schools of magic is increased by $s1.						
86822	spellbook	182	Natural Talent	Rank 5	Your resistance to all schools of magic is increased by $s1.						
86823	spellbook	165	Blue Dragonscale Boots								
86824	spellbook	165	Bracers of Affinity								
86825	spellbook	165	Brown Leather Tunic								
86826	all		Increase Spell Dam Fire 25		Increases damage done by Fire spells and effects by up to $s1.						
86827	spellbook	165	Cloak of Elemental Fusion								
86828	all		Heavy Sorcerer's Kit		Permanently embed an armor kit onto your pants, increasing damage and healing done by magical spells and effects by 8. Only the leatherworker's pants can be enchanted and embedding pants will cause it to become soulbound.						
86829	all		Heavy Warrior's Kit		Permanently embed an armor kit onto your pants, increasing your attack power by 15. Only the leatherworker's pants can be enchanted and embedding pants will cause it to become soulbound.						
86830	all		Heavy Protector's Kit		Permanently embed an armor kit onto your pants, increasing your stamina by 8. Only the leatherworker's pants can be enchanted and embedding pants will cause it to become soulbound.						
86831	spellbook	165	Heavy Sorcerer's Kit		This item binds to you upon being crafted.						
86832	spellbook	165	Heavy Warrior's Kit		This item binds to you upon being crafted.						
86833	spellbook	165	Heavy Protector's Kit		This item binds to you upon being crafted.						
86834	spellbook	165	Heavy Attuned Armor		This item binds to you upon being crafted.						
86835	spellbook	165	Toughened Leather Hat		This item binds to you upon being crafted.						
86836	spellbook	165	Heavy Wrapped Belt								
86837	spellbook	165	Thick Leatherworker's Bag								
86838	all		Light Sorcerer's Kit		Permanently embed an armor kit onto your pants, increasing damage and healing done by magical spells and effects by 3. Only the leatherworker's pants can be enchanted and embedding pants will cause it to become soulbound.						
86839	all		Light Warrior's Kit		Permanently embed an armor kit onto your pants, increasing your attack power by 5. Only the leatherworker's pants can be enchanted and embedding pants will cause it to become soulbound.						
86840	all		Light Protector's Kit		Permanently embed an armor kit onto your pants, increasing your stamina by 3. Only the leatherworker's pants can be enchanted and embedding pants will cause it to become soulbound.						
86841	spellbook	165	Light Sorcerer's Kit		This item binds to you upon being crafted.						
86842	spellbook	165	Light Warrior's Kit		This item binds to you upon being crafted.						
86843	spellbook	165	Light Protector's Kit		This item binds to you upon being crafted.						
86844	spellbook	165	Light Leather Shoulders		This item binds to you upon being crafted.						
86845	spellbook	165	Living Cloak								
86846	spellbook	165	Living Helm								
86847	all		Medium Sorcerer's Kit		Permanently embed an armor kit onto your pants, increasing damage and healing done by magical spells and effects by 5. Only the leatherworker's pants can be enchanted and embedding pants will cause it to become soulbound.						
86848	all		Medium Warrior's Kit		Permanently embed an armor kit onto your pants, increasing your attack power by 10. Only the leatherworker's pants can be enchanted and embedding pants will cause it to become soulbound.						
86849	all		Medium Protector's Kit		Permanently embed an armor kit onto your pants, increasing your stamina by 5. Only the leatherworker's pants can be enchanted and embedding pants will cause it to become soulbound.						
86850	spellbook	165	Medium Sorcerer's Kit		This item binds to you upon being crafted.						
86851	spellbook	165	Medium Warrior's Kit		This item binds to you upon being crafted.						
86852	spellbook	165	Medium Protector's Kit		This item binds to you upon being crafted.						
86853	spellbook	165	Murloc Scale Gloves								
86854	spellbook	165	Pearl Encrusted Shoulders								
86855	spellbook	165	Rough Leather Cap								
86856	all		Rugged Sorcerer's Kit		Permanently embed an armor kit onto your pants, increasing damage and healing done by magical spells and effects by 16. Only the leatherworker's pants can be enchanted and embedding pants will cause it to become soulbound.						
86857	all		Rugged Warrior's Kit		Permanently embed an armor kit onto your pants, increasing your attack power by 28. Only the leatherworker's pants can be enchanted and embedding pants will cause it to become soulbound.						
86858	all		Rugged Protector's Kit		Permanently embed an armor kit onto your pants, increasing your stamina by 16. Only the leatherworker's pants can be enchanted and embedding pants will cause it to become soulbound.						
86859	spellbook	165	Rugged Sorcerer's Kit		This item binds to you upon being crafted.						
86860	spellbook	165	Rugged Warrior's Kit		This item binds to you upon being crafted.						
86861	spellbook	165	Rugged Protector's Kit		This item binds to you upon being crafted.						
86862	all		Mount Speed		Increases mount speed by $s1%.	Mounted speed increased by $s1%.					
86863	all		Mount Speed		Increases mount speed by $s1%.	Mounted speed increased by $s1%.					
86864	spellbook	165	Heavy Saddle		This item binds to you upon being crafted.						
86865	spellbook	165	Rugged Saddle		This item binds to you upon being crafted.						
86866	all		Thick Sorcerer's Kit		Permanently embed an armor kit onto your pants, increasing damage and healing done by magical spells and effects by 12. Only the leatherworker's pants can be enchanted and embedding pants will cause it to become soulbound.						
86867	all		Thick Warrior's Kit		Permanently embed an armor kit onto your pants, increasing your attack power by 20. Only the leatherworker's pants can be enchanted and embedding pants will cause it to become soulbound.						
86868	all		Thick Protector's Kit		Permanently embed an armor kit onto your pants, increasing your stamina by 12. Only the leatherworker's pants can be enchanted and embedding pants will cause it to become soulbound.						
86869	spellbook	165	Thick Sorcerer's Kit		This item binds to you upon being crafted.						
86870	spellbook	165	Thick Warrior's Kit		This item binds to you upon being crafted.						
86871	spellbook	165	Thick Protector's Kit		This item binds to you upon being crafted.						
86872	spellbook	165	Thick Enchanted Boots								
86873	spellbook	165	Toughened Leather Pants								
86874	spellbook	186	Smelt Arcanite								
86875	spellbook	186	Made of Metal	Rank 1	All your hard work spent mining has made you exceptionally tough, increasing your total health by $s1%.						
86876	spellbook	186	Made of Metal	Rank 2	All your hard work spent mining has made you exceptionally tough, increasing your total health by $s1%.						
86877	spellbook	186	Made of Metal	Rank 3	All your hard work spent mining has made you exceptionally tough, increasing your total health by $s1%.						
86878	spellbook	186	Made of Metal	Rank 4	All your hard work spent mining has made you exceptionally tough, increasing your total health by $s1%.						
86879	spellbook	186	Made of Metal	Rank 5	All your hard work spent mining has made you exceptionally tough, increasing your total health by $s1%.						
86880	spellbook	393	Beasts of the Wild	Rank 1	Your appreciation for the art of hunting increases your damage done to beasts and dragonkin by $s1%.						
86881	spellbook	393	Beasts of the Wild	Rank 2	Your appreciation for the art of hunting increases your damage done to beasts and dragonkin by $s1%.						
86882	spellbook	393	Beasts of the Wild	Rank 3	Your appreciation for the art of hunting increases your damage done to beasts and dragonkin by $s1%.						
86883	spellbook	393	Beasts of the Wild	Rank 4	Your appreciation for the art of hunting increases your damage done to beasts and dragonkin by $s1%.						
86884	spellbook	393	Beasts of the Wild	Rank 5	Your appreciation for the art of hunting increases your damage done to beasts and dragonkin by $s1%.						
86885	spellbook	197	Acolyte's Gloves								
86886	spellbook	197	Attuned Linen Belt								
86887	spellbook	197	Blue Linen Hood								
86888	spellbook	197	Bracers of Power								
86889	spellbook	197	Dreamweave Boots								
86890	spellbook	197	Earthen Silk Boots								
86891	spellbook	197	Ghostweave Boots								
86892	spellbook	197	Ghostweave Bracers								
86893	spellbook	197	Infused Bag								
86894	all		Linen Sorcerer's Embroidery		Attach an embroidery onto your cloak, increasing damage and healing done by magical spells and effects by 3. Only the tailor's cloak can be enchanted and enchanting a cloak will cause it to become soulbound.						
86895	all		Linen Warrior's Embroidery		Attach an embroidery onto your cloak, increasing your attack power by 5. Only the tailor's cloak can be enchanted and enchanting a cloak will cause it to become soulbound.						
86896	all		Linen Protector's Embroidery		Attach an embroidery onto your cloak, increasing your stamina by 3. Only the tailor's cloak can be enchanted and enchanting a cloak will cause it to become soulbound.						
86897	spellbook	197	Linen Sorcerer's Embroidery		This item binds to you upon being crafted.						
86898	spellbook	197	Linen Warrior's Embroidery		This item binds to you upon being crafted.						
86899	spellbook	197	Linen Protector's Embroidery		This item binds to you upon being crafted.						
86900	all		Mageweave Sorcerer's Embroidery		Attach an embroidery onto your cloak, increasing damage and healing done by magical spells and effects by 12. Only the tailor's cloak can be enchanted and enchanting a cloak will cause it to become soulbound.						
86901	all		Mageweave Warrior's Embroidery		Attach an embroidery onto your cloak, increasing your attack power by 20. Only the tailor's cloak can be enchanted and enchanting a cloak will cause it to become soulbound.						
86902	all		Mageweave Protector's Embroidery		Attach an embroidery onto your cloak, increasing your stamina by 12. Only the tailor's cloak can be enchanted and enchanting a cloak will cause it to become soulbound.						
86903	spellbook	197	Mageweave Sorcerer's Embroidery		This item binds to you upon being crafted.						
86904	spellbook	197	Mageweave Warrior's Embroidery		This item binds to you upon being crafted.						
86905	spellbook	197	Mageweave Protector's Embroidery		This item binds to you upon being crafted.						
86906	all		Touch of Moonlight		Increases your magical damage and healing effects by $s1.	Magical damage and healing effects are increaed by $s1.					
86907	all		Moonlight Gloves		Your attacks and spells have a chance to increase your damage done by magical spells and effects by 15 for 20 seconds. This effect can only occur during Night.						
86908	spellbook	197	Moonlight Gloves								
86909	spellbook	197	Robe of Affinity								
86910	spellbook	197	Runecloth Bracers								
86911	all		Runecloth Sorcerer's Embroidery		Attach an embroidery onto your cloak, increasing damage and healing done by magical spells and effects by 16. Only the tailor's cloak can be enchanted and enchanting a cloak will cause it to become soulbound.						
86912	all		Runecloth Warrior's Embroidery		Attach an embroidery onto your cloak, increasing your attack power by 28. Only the tailor's cloak can be enchanted and enchanting a cloak will cause it to become soulbound.						
86913	all		Runecloth Protector's Embroidery		Attach an embroidery onto your cloak, increasing your stamina by 16. Only the tailor's cloak can be enchanted and enchanting a cloak will cause it to become soulbound.						
86914	spellbook	197	Runecloth Sorcerer's Embroidery		This item binds to you upon being crafted.						
86915	spellbook	197	Runecloth Warrior's Embroidery		This item binds to you upon being crafted.						
86916	spellbook	197	Runecloth Protector's Embroidery		This item binds to you upon being crafted.						
86917	all		Silk Sorcerer's Embroidery		Attach an embroidery onto your cloak, increasing damage and healing done by magical spells and effects by 8. Only the tailor's cloak can be enchanted and enchanting a cloak will cause it to become soulbound.						
86918	all		Silk Warrior's Embroidery		Attach an embroidery onto your cloak, increasing your attack power by 15. Only the tailor's cloak can be enchanted and enchanting a cloak will cause it to become soulbound.						
86919	all		Silk Protector's Embroidery		Attach an embroidery onto your cloak, increasing your stamina by 8. Only the tailor's cloak can be enchanted and enchanting a cloak will cause it to become soulbound.						
86920	spellbook	197	Silk Sorcerer's Embroidery		This item binds to you upon being crafted.						
86921	spellbook	197	Silk Warrior's Embroidery		This item binds to you upon being crafted.						
86922	spellbook	197	Silk Protector's Embroidery		This item binds to you upon being crafted.						
86923	spellbook	197	Spidersilk Turban								
86924	all		Woolen Sorcerer's Embroidery		Attach an embroidery onto your cloak, increasing damage and healing done by magical spells and effects by 5. Only the tailor's cloak can be enchanted and enchanting a cloak will cause it to become soulbound.						
86925	all		Woolen Warrior's Embroidery		Attach an embroidery onto your cloak, increasing your attack power by 10. Only the tailor's cloak can be enchanted and enchanting a cloak will cause it to become soulbound.						
86926	all		Woolen Protector's Embroidery		Attach an embroidery onto your cloak, increasing your stamina by 5. Only the tailor's cloak can be enchanted and enchanting a cloak will cause it to become soulbound.						
86927	spellbook	197	Woolen Sorcerer's Embroidery		This item binds to you upon being crafted.						
86928	spellbook	197	Woolen Warrior's Embroidery		This item binds to you upon being crafted.						
86929	spellbook	197	Woolen Protector's Embroidery		This item binds to you upon being crafted.						
86930	spellbook	197	Woolen Hood		This item binds to you upon being crafted.						
86931	all		Enabling PvP		Prepares you for Player versus Player combat allowing you to attack and be attacked by opposite faction players.						
86932	all		Bear Form PvP Marker								
86933	all		Cat Form PvP Marker								
86934	all		Aquatic Form PvP Marker								
86935	all		Travel Form PvP Marker								
86936	all		Moonkin Form PvP Marker								
86937	all		Tree Form PvP Marker								
86938	all		Ghost Wolf PvP Marker								
86939	all		World Brawler		Recently engaged in active World PvP.	Recently engaged in active World PvP.					
86940	all		Warmode Flagger		Actively engaging in Warmode.	Actively engaging in Warmode.					
