spell_id	priority	skill_line_ids	name_en	rank_en	description_en	tooltip_en	name_zh	rank_zh	description_zh	tooltip_zh	notes
71961	all		Heroic Leap		Leap through the air and slam down on all enemies within $52174a1 yards of the target area, stunning them for $52174d.						
71962	all		Presence of the Darkfallen		The presence of other members of the pack increases damage done by $s1% to all members of the pack within $a1 yards.	Increases damage done by $s1%.					
71963	all		Presence of the Darkfallen		The presence of other members of the pack increases damage done by $s1% to all members of the pack within $a1 yards.	Increases damage done by $s1%.					
71964	all		Presence of the Darkfallen		The presence of other members of the pack increases damage done by $s1% to all members of the pack within $a1 yards.	Increases damage done by $s1%.					
71965	all		Rain of Chaos		Calls down a molten rain, burning all enemies in a selected area for $s2 Chaos damage every $t2 sec. for $d.	$s2 Chaos damage inflicted every $t2 sec.					
71966	all		Unstable Experiment		Professor Putricide begins to peform a wicked experiment on you all!	Professor Putricide begins to peform a wicked experiment on you all!					
71967	all		Unstable Experiment		Professor Putricide begins to peform a wicked experiment on you all!	Professor Putricide begins to peform a wicked experiment on you all!					
71968	all		Unstable Experiment		Professor Putricide begins to peform a wicked experiment on you all!	Professor Putricide begins to peform a wicked experiment on you all!					
71970	all		Nightmare Cloud								
71971	all		Hittin' Ya Proc								
71972	all		Hittin' Ya Effect								
71977	all		Summon Nightmare Portal								
71986	all		Nightmare Portal Visual (Pre-effect)								
71987	all		Summon Nightmare Portal								
71988	all		Vile Fumes		Sprays an enemy with vile fumes, incapacitating it for $d. Any damage caused will revive the target.	Incapacitated and reeking.					
71993	all		Frozen Mallet		Attacks have a chance to apply Frostbite! Frostbite inflicts $72004s1 damage every $72004t1 sec for $72004d.	Attacks have a chance to apply Frostbite!					
71994	all		Nightmare Portal Visual								
71998	all		Ace at the Ruins of Vashj'elan: Quest Invisibility 01								
72004	all		Frostbite		The Frostbite inflicts $s1 Frost damage every $t1 sec and reduces move speed by $s2% for $d.	Inflicts $s1 Frost damage every $t1 sec.\nReduces movement speed by $s2%.					
72005	all		Deathchill Bolt		Deals $s1 Shadowfrost damage to an enemy target.						
72006	all		Shadow Cleave		Inflicts $s1 Shadow damage to enemies in front of the attacker.						
72007	all		Frostbolt		Inflicts $s1 Frost damage to an enemy and reduces its movement speed by $s2% for $d.	Reduced movement speed.					
72008	all		Shadow Bolt		Inflicts $s1 Shadow damage to an enemy.						
72010	all		Vengeful Blast		Inflicts $s1 Shadowfrost damage to an enemy.						
72011	all		Vengeful Blast		Inflicts $s1 Shadowfrost damage to all enemies within $a1 yards of the target.						
72012	all		Vengeful Blast		Inflicts $s1 Shadowfrost damage to all enemies within $a1 yards of the target.						
72015	all		Frostbolt Volley		Inflicts $s1 Frost damage to nearby enemies and drains $s3 mana, reducing their movement speed by $s2% for $d.	Movement speed reduced by $s2%.					
72016	all		Frostbolt Volley		Inflicts $s1 Frost damage to nearby enemies and drains $s3 mana, reducing their movement speed by $s2% for $d.	Movement speed reduced by $s2%.					
72017	all		Acid Burst		The caster explodes, dealing $s1 Nature damage instantly and $s2 Nature damage per second to all enemies within $a1 yards. Lasts $d.	Deals $s2 Nature damage per second.					
72018	all		Acid Burst		The caster explodes, dealing $s1 Nature damage instantly and $s2 Nature damage per second to all enemies within $a1 yards. Lasts $d.	Deals $s2 Nature damage per second.					
72019	all		Column of Frost		Marks the location under a random player target. After 2 seconds a column of frost errupts from this location, dealing $70702s1 Frost damage to all enemies within $70702a1 yards, knocking them into the air.						
72020	all		Column of Frost		Marks the location under a random player target. After 2 seconds a column of frost errupts from this location, dealing $70702s1 Frost damage to all enemies within $70702a1 yards, knocking them into the air.						
72021	all		Corrosion		Whenever the caster lands a melee swing, the target takes $s2 Nature damage every $t2 seconds and their armor is reduced by $s1%. This effect can stack up to 5 times. Lasts $d.	Armor reduced by $s1%.\nDeals $s2 Nature damage every $t2 sec.					
72022	all		Corrosion		Whenever the caster lands a melee swing, the target takes $s2 Nature damage every $t2 seconds and their armor is reduced by $s1%. This effect can stack up to 5 times. Lasts $d.	Armor reduced by $s1%.\nDeals $s2 Nature damage every $t2 sec.					
72023	all		Fireball		Inflicts $s1 Fire damage to an enemy.						
72024	all		Fireball		Inflicts $s1 Fire damage to an enemy.						
72025	all		Gut Spray		Deals $s2 Nature damage per second and increases Physical damage taken by $s3% for $d.	Deals $s2 Nature damage per second.\nIncreases Physical damage taken by $s3%.					
72026	all		Gut Spray		Deals $s2 Nature damage per second and increases Physical damage taken by $s3% for $d.	Deals $s2 Nature damage per second.\nIncreases Physical damage taken by $s3%.					
72027	all		Lay Waste		Surrounds the caster in flames for $69325d1, pulsing $69326s1 Fire damage to all enemies every $69325t1 sec.						
72028	all		Lay Waste		Surrounds the caster in flames for $69325d1, pulsing $69326s1 Fire damage to all enemies every $69325t1 sec.						
72029	all		Mana Void		Summons a Mana Void at a random enemies location. This Mana Void burns $71086s1 mana per second to all enemies within a $71086a1 radius. Lasts 30 seconds.						
72030	all		Mana Void		Summons a Mana Void at a random enemies location. This Mana Void burns $71086s1 mana per second to all enemies within a $71086a1 radius. Lasts 30 seconds.						
72031	all		Nightmares		Deals $s1 Nature damage per second to Valithria Dreamwalker.						
72032	all		Nightmares		Deals $s1 Nature damage per second to Valithria Dreamwalker.						
72033	all		Nightmares		Deals $s1 Nature damage per second to Valithria Dreamwalker.						
72034	all		Whiteout		Inflicts $s1 Frost damage to all nearby enemies and increases Frost damage taken by $s2%.	Increases Frost damage taken by $s2%.					
72036	all		Whiteout Visual								
72037	all		Shock Vortex		Creates a vortex of swirling force near an enemy target that inflicts damage and knocks back enemies near it.						
72038	all		Empowered Shock Vortex		A wave of force emanates from the caster, inflicting $s1 Physical damage and knocking nearby friends away.						
72039	all		Empowered Shock Vortex		Creates force vortices on all nearby enemies, inflicting $s1 Physical damage and knocking enemies near the target away.						
72040	all		Conjure Empowered Flame		Conjures an empowered ball of flames that flies through the air toward the target and explodes on impact.						
72041	all		Ball of Flames Summon								
72049	all		Circle the Wagons, Er... Boats: Quest Phase 2								
72052	all		Kinetic Bomb		Explodes on impact with the ground, inflicting $s1 Physical damage and knocking enemies back in a wide area.						
72053	all		Kinetic Bomb		Summons a Kinetic Bomb. The bomb drifts toward the ground and explodes on contact. Direct damage is absorbed by the bomb and converted into energy, propelling the bomb higher in the air with each hit.						
72054	all		Kinetic Bomb Visual								
72057	all		Lich Slap		Slaps the target with a cold hand, dealing $s1 Shadow damage and knocking them back.						
72059	all		Unstable		The Kinetic Bomb is highly unstable and will dissipate harmlessly after $d if it fails to detonate on a hard surface.	The Kinetic Bomb is highly unstable and will dissipate harmlessly after $d if it fails to detonate on a hard surface.					
72065	all		Shroud of Protection		A targeted party member is protected from all physical attacks for $d.	Immune to physical attacks.					
72066	all		Shroud of Spell Warding		A targeted party member is protected from all magical attacks for $d.	Immune to magical attacks.					
72067	all		Frozen Orb								
72068	all		Frozen Orb								
72071	all		Generic Two-way Threat								
72074	all		Surrender Or Else!: Character's Force Reaction								
72075	all		Surrender Or Else!: Faceless of the Deep - Beam Controller								
72079	all		Frozen Orb Health Periodic								
72080	all		Kinetic Bomb		Summons a Kinetic Bomb. The bomb drifts toward the ground and explodes on contact. Direct damage is absorbed by the bomb and converted into energy, propelling the bomb higher in the air with each hit.						
72081	all		Frozen Orb		The Frozen Orb inflicts $72082s1 damage every $t1 sec to enemies within $72082a1 yards.	The Frozen Orb inflicts $72082s1 damage every $t1 sec to enemies within $72082a1 yards.					
72082	all		Frozen Orb		Inflicts $s1 damage to enemies within $a1 yards of the Frozen Orb.	Inflicts $s1 damage to enemies within $a1 yards of the Frozen Orb.					
72084	all		Random Aggro								
72087	all		Kinetic Bomb Knockback								
72088	all		Bone Spike Graveyard		Hurls a massive bone spike which impales any enemies in the way.	Conjuring bone spikes.					
72089	all		Bone Spike Graveyard		Hurls a massive bone spike which impales any enemies in the way.	Conjuring bone spikes.					
72090	all		Freezing Ground		Inflicts Frost damage to nearby enemies, immobilizing them for up to $d.	Immobilized.					
72091	all		Frozen Orb		Creates a Frozen Orb at a nearby location.	Creates a Frozen Orb at a nearby location.					
72092	all		Frozen Orb								
72093	all		Frozen Orb								
72094	all		Frozen Orb								
72095	all		Frozen Orb		Creates a Frozen Orb at a nearby location.	Creates a Frozen Orb at a nearby location.					
72096	all		Whiteout		Inflicts $s1 Frost damage to all nearby enemies and increases Frost damage taken by $s2%.	Increases Frost damage taken by $s2%.					
72097	all		Frozen Orb		Inflicts $s1 damage to enemies within $a1 yards of the Frozen Orb.	Inflicts $s1 damage to enemies within $a1 yards of the Frozen Orb.					
72098	all		Frostbite		The Frostbite inflicts $s1 Frost damage every $t1 sec and reduces move speed by $s2% for $d.	Inflicts $s1 Frost damage every $t1 sec.\nReduces movement speed by $s2%.					
72099	all		Blood Orb Cast Visual								
72100	all		Blood Orb State Visual								
72101	all		Inoculated		You have become resistant to the blight, decreasing Shadow damage taken by $s1% for $d. Stacks up to 3 times.	Decreases Shadow damage taken by $s1%.					
72102	all		Inoculated		You have become resistant to the blight, decreasing Shadow damage taken by $s1% for $d. Stacks up to 3 times.	Decreases Shadow damage taken by $s1%.					
72103	all		Inoculated		You have become resistant to the blight, decreasing Shadow damage taken by $s1% for $d. Stacks up to 3 times.	Decreases Shadow damage taken by $s1%.					
72104	all		Freezing Ground		Inflicts Frost damage to nearby enemies, immobilizing them for up to $d.	Immobilized.					
72106	all		Polymorph: Spider		Transforms an enemy into a spider, forcing it to wander around for up to $d. While wandering, the spider cannot attack or cast spells. Any damage will transform the target back into its normal form. Only one target can be polymorphed at a time. Only works on beasts, dragons, giants, humanoids, and critters.	Cannot attack or cast spells.					
72108	all		Death and Decay		$m1 Shadow damage inflicted every $t1 sec to all targets in the affected area for $d.	$s1 Shadow damage inflicted every $t1 sec.					
72109	all		Death and Decay		$m1 Shadow damage inflicted every $t1 sec to all targets in the affected area for $d.	$s1 Shadow damage inflicted every $t1 sec.					
72110	all		Death and Decay		$m1 Shadow damage inflicted every $t1 sec to all targets in the affected area for $d.	$s1 Shadow damage inflicted every $t1 sec.					
72111	all		Spelldifficulty_dbc id:2136 spellid0 serverside spell								
72118	all		Surrender Or Else!: Ace's Yell - Controller								
72119	all		Surrender Or Else!: Ace's Yell - Effect								
72120	all		Frostbite		The Frost Bite inflicts $s1 Frost damage every $t1 sec and reduces move speed by $s2% for $d.	Inflicts $s1 Frost damage every $t1 sec.\nReduces movement speed by $s2%.					
72121	all		Frostbite		The Frost Bite inflicts $s1 Frost damage every $t1 sec and reduces move speed by $s2% for $d.	Inflicts $s1 Frost damage every $t1 sec.\nReduces movement speed by $s2%.					
72122	all		Frozen Mallet		Attacks have a chance to apply Frostbite! Frostbite inflicts $72120s1 damage every $72120t1 sec for $72120d.	Attacks have a chance to apply Frostbite!					
72123	all		Frost Blast		The Frost Warder fires a Blast of Frost at the target, inflicting $s1 Frost damage.						
72124	all		Frost Blast		The Frost Warder fires a Blast of Frost at the target, inflicting $s1 Frost damage.						
72125	all		Spelldifficulty_dbc id:2136 spellid1 serverside spell								
72130	all		Spirit Activate Visual								
72131	all		Remove Empowered Blood								
72132	all		Gushing Wound		Feeds Shadow's Edge with the blood of its owner. Inflicts $s1 damage per second and weakens the victim, reducing their damage dealt by $s2%.	Feeds Shadow's Edge with the blood of its owner. Inflicts $s1 damage per second and weakens the victim, reducing their damage dealt by $s2%.					
72133	all		Pain and Suffering		Deals $s2 Shadow damage in a cone effect in front of the caster. In addition, the targets will take $s3 Shadow damage per second for $d.	Deals $s3 Shadow damage per second.					
72134	all		Explosion								
72137	all		Explosion								
72143	all		Enrage		Increases Physical damage by $s1%.	Increases Physical damage by $s1%.					
72144	all		Orange Blight Residue		Leaves a lingering trace of exposure to Festergut's blight.	Lingering traces of Festergut's blight.					
72145	all		Green Blight Residue		Leaves a lingering trace of exposure to Rotface's blight.	Lingering traces of Rotface's blight.					
72146	all		Enrage		Increases Physical damage by $s1%.	Increases Physical damage by $s1%.					
72147	all		Enrage		Increases Physical damage by $s1%.	Increases Physical damage by $s1%.					
72148	all		Enrage		Increases Physical damage by $s1%.	Increases Physical damage by $s1%.					
72149	all		Shockwave		Sends a wave of force in front of the caster, causing $s1% weapon damage in a $a1 yard cone.	Stunned.					
72151	all		Frenzied Bloodthirst		Empowers the caster with dark might, increasing all damage dealt by $s1% and heal the caster for $s2% of his damage dealt.	Damage increased by $s1%.\nHealed for $s2% of all damage inflicted.\nAttacks cause no threat.					
72154	all		Thirst Quenched		Shadow's Edge has slaked its bloodthirst and is ready to feast upon Lana'thel's soul.	Shadow's Edge has slaked its bloodthirst and is ready to feast upon Lana'thel's soul.					
72155	all		Harvest Blight Specimen								
72162	all		Harvest Blight Specimen								
72163	all		Fireball		Hurls a fiery ball that causes $s1 Fire damage.						
72164	all		Fireball		Inflicts $s1 Fire damage to the target.						
72166	all		Frostbolt		Launches a bolt of frost at the enemy, causing $s1 Frost damage and slowing movement speed by $s2% for $d.	Movement slowed by $s2%.					
72167	all		Frostbolt		Launches a bolt of frost at the enemy, causing $s1 Frost damage and slowing movement speed by $s2% for $d.	Movement slowed by $s2%.					
72169	all		Flamestrike	Rank 9	Calls down a pillar of fire, burning all enemies within the area for $s1 Fire damage and an additional $o2 Fire damage over $d.	$s2 Fire damage every $t2.					
72170	all		Flamestrike	Rank 9	Calls down a pillar of fire, burning all enemies within the area for $s1 Fire damage and an additional $o2 Fire damage over $d.	$s2 Fire damage every $t2.					
72171	all		Chains of Ice		Forms icy chains around the enemy, locking the target in place for $d.	Frozen in place.					
72172	all		Call Blood Beast		Saurfang calls forth a pair of blood beasts.						
72173	all		Call Blood Beast		Saurfang calls forth a pair of blood beasts.						
72176	all		Blood Link		Damage inflicted by this creature infuses Deathbringer Saurfang with Blood Power.	Damage inflicted by this creature infuses Deathbringer Saurfang with Blood Power.					
72178	all		Blood Link		Saurfang gains Blood Power from damage he inflicts with abilities and summoned creatures.	Damage inflicted with abilities and summoned creatures generates Blood Power.					
72180	all		Aggro Nearest Slave								
72194	all		Shield Bash		Bashes an enemy with the caster's shield, inflicting Physical damage and interrupting the spell being cast.						
72195	all		Blood Link		Saurfang gains Blood Power from damage he inflicts with abilities and summoned creatures.						
72196	all		Shield Bash		Bashes an enemy with the caster's shield, inflicting Physical damage and interrupting the spell being cast.						
72198	all		Spectral Strike		A spectral swing that slices past armor, dealing $s1% of normal weapon damage. This strike ignores all armor.						
72202	all		Blood Link								
72203	all		Tortured Enrage		Increases melee attack speed by $s1%.	Attack speed increased by $s1%.					
72208	all		Shoot		Shoots at an enemy, inflicting $s1 Physical damage.						
72209	all		Mograine Forge Beam II								
72211	all		Shoot		Shoots at an enemy, inflicting $s1 Physical damage.						
72212	all		Summon Shadowmourne Bunny								
72213	all		Summon Shadowmourne Axe								
72214	all		Gastric Bloat								
72215	all		Frost Trap		Place a frost trap that creates an ice slick around itself for $13810d when the first enemy approaches it.  All enemies within $13810a1 yards will be slowed by $13810s1% while in the area of effect.  Trap will exist for $13809d.  Only one trap can be active at a time.						
72216	all		Frost Trap								
72217	all		Frost Trap Aura		Place a frost trap that creates an ice slick around itself for $72217d when the first enemy approaches it.  All enemies within $72217a1 yards will be slowed by $72217s1% while in the area of effect.  Trap will exist for $72215d.	Movement speed slowed by $s1%.					
72218	all		Aggro Me!		Adds a large amount of threat to the target.						
72219	all		Gastric Bloat		Inflicts $s1 damage and applies Gastric Bloat to the target, increasing damage done by $s2% for $d and will cause a Gastric Explosion at 10 stacks inflicting massive damage to nearby allies.	Increases damage dealt by $s2%.\nCauses a Gastric Explosion at 10 stacks.					
72220	all		Summon Dream Portal								
72221	all		Luck of the Draw			Increases damage done by $s1%, healing done by $s2%, and health by $s3% whenever you use the Dungeon tool to find other players for your group.					
72222	all		Cursed Arrow		Shoots a cursed arrow, increasing the Magical damage taken by the target by $s1%.	Magical damage taken increased by $s1%.					
72223	all		Summon Dream Portal								
72224	all		Summon Dream Portal								
72225	all		Summon Dream Portal								
72227	all		Gastric Explosion		The Gastric Bloat caused a Gastric Explosion, inflicting $s1 damage to all nearby allies and instantly killing the caster.						
72228	all		Gastric Explosion		The Gastric Bloat caused a Gastric Explosion, inflicting $s1 damage to all nearby allies and instantly killing the caster.						
72229	all		Gastric Explosion		The Gastric Bloat caused a Gastric Explosion, inflicting $s1 damage to all nearby allies and instantly killing the caster.						
72230	all		Gastric Explosion		The Gastric Bloat caused a Gastric Explosion, inflicting $s1 damage to all nearby allies and instantly killing the caster.						
72231	all		Gastric Bloat		Linked Aura	Linked Aura					
72232	all		Weakened Spirit		The target's soul is weakened by the force of Power Word: Shield, and cannot be shielded again for $d.	Cannot be affected by Guardian Spirit.					
72233	all		Spelldifficulty_dbc id:2146 spellid1 serverside spell								
72234	all		Spelldifficulty_dbc id:2146 spellid2 serverside spell								
72235	all		Spelldifficulty_dbc id:2146 spellid3 serverside spell								
72242	all		Zero Power								
72254	all		Mark of the Fallen Champion								
72255	all		Mark of the Fallen Champion		Causes Deathbringer Saurfang's melee attacks to splash to this target, inflicting $s1 additional Physical damage.						
72256	all		Mark of the Fallen Champion		Deathbringer Saurfang's melee attacks to splash to targets marked by the fallen champion, inflicting additional Physical damage.						
72257	all		Remove Marks of the Fallen Champion								
72258	all		Shoot		Shoots at an enemy, inflicting Physical damage.						
72259	all		Remorseless Winter		Creates a massive winter storm, dealing $68983s1 Frost damage per second to all surrounding enemies within $68983a1 yards.	Deals $68983s1 Frost damage per second to all surrounding enemies.					
72260	all		Mark of the Fallen Champion		Heals Deathbringer Saurfang for $s1% of his total health.						
72261	all		Delirious Slash		Inflicts $71623s1% of weapon damage to an enemy and causes it to bleed for $71623s2 damage per application every $71623t2 sec. for $71623d.						
72262	all		Quake		Sends out underground shockwaves, causing the edge of the platform to crumble.						
72264	all		Delirious Slash		Inflicts $s2% of weapon damage to an enemy and causes it to bleed for $s3 damage per application every $t3 sec. for $d.	$s3 damage inflicted every $t3 sec.					
72265	all		Delirious Slash		Inflicts $s2% of weapon damage to an enemy and causes it to bleed for $s3 damage per application every $t3 sec. for $d.	$s3 damage inflicted every $t3 sec.					
72266	all		Delirious Slash		Inflicts $s2% of weapon damage to an enemy and causes it to bleed for $s3 damage per application every $t3 sec. for $d.	$s3 damage inflicted every $t3 sec.					
72267	all		Delirious Slash		Inflicts $s2% of weapon damage to an enemy and causes it to bleed for $s3 damage per application every $t3 sec. for $d.	$s3 damage inflicted every $t3 sec.					
72268	all		Ice Shot		Shoots an enemy, inflicting $s1 Frost damage and stunning the target for $d.	Stunned.					
72269	all		Ice Shot		Shoots an enemy, inflicting $s1 Frost damage and stunning the target for $d.	Stunned.					
72270	all		Vile Gas								
72271	all		Vile Gas								
72272	all		Vile Gas		Inflicts a Vile plague in targeted area, inflicting $s1 damage every $t1 sec for $d. The plague causes the infected targets to vomit uncontrollably inflicting $69244s1 damage to nearby allies.	Inflicts $s1 damage every $t1 sec.\nDisoriented.					
72273	all		Vile Gas		Inflicts a Vile plague in targeted area, inflicting $s1 damage every $t1 sec for $d. The plague causes the infected targets to vomit uncontrollably inflicting $69244s1 damage to nearby allies.	Inflicts $s1 damage every $t1 sec.\nDisoriented.					
72274	all		Vile Gas		Inflicts a Vile plague in targeted area, inflicting $s1 damage every $t1 sec for $d. The plague causes the infected targets to vomit uncontrollably inflicting $12345s1 damage to nearby allies.	Inflicts $s1 damage every $t1 sec.\nDisoriented.					
72276	all		Vile Gas		Deals $s1 damage to all friends within $a1 yards.						
72277	all		Vile Gas		Deals $s1 damage to all friends within $a1 yards.						
72278	all		Mark of the Fallen Champion		Heals Deathbringer Saurfang for $s1% of his total health.						
72279	all		Mark of the Fallen Champion		Heals Deathbringer Saurfang for $s1% of his total health.						
72280	all		Mark of the Fallen Champion		Heals Deathbringer Saurfang for $s1% of his total health.						
72281	all		Invincible		Summons and dismisses Invincible. This mount increases speed depending on your Riding Skill.	Increases speed depending on your Riding Skill.					
72282	all		Invincible		Summons and dismisses Invincible. This mount increases speed depending on your Riding Skill.	Increases speed depending on your Riding Skill.					
72283	all		Invincible		Summons and dismisses Invincible. This mount increases speed depending on your Riding Skill.	Increases speed depending on your Riding Skill.					
72284	all		Invincible		Summons and dismisses a rideable Invincible. This mount increases speed depending on your Riding Skill.	Increases speed depending on your Riding Skill.					
72285	all		Vile Gas Trigger								
72286	spellbook	777	Invincible		Summons and dismisses the flying undead horse Invincible.  This mount changes depending on your Riding skill and location.						
72287	all		Vile Gas Trigger Summon								
72288	all		Vile Gas Trigger								
72289	all		Frost Infusion Quest Credit								
72290	all		Frost-Imbued Blade		Shadow's Edge pulses with Frost energy and is prepared for Sindragosa's demise.	Shadow's Edge pulses with Frost energy and is prepared for Sindragosa's demise.					
72291	all		Sindragosa - Clear Auras								
72292	all		Frost Infusion		Shadow's Edge absorbs Sindragosa's frost breath, making it painful to wield. Inflicts $s1 damage per second.	Shadow's Edge absorbs Sindragosa's frost breath, making it painful to wield. Inflicts $s1 damage per second.					
72293	all		Mark of the Fallen Champion		Deathbringer Saurfang's melee attacks splash to the target, inflicting additional Physical damage. If the target dies while under this effect Saurfang is healed for $72260s1% of his total health.	$72255s1 Physical damage inflicted when Saurfang performs a melee attack. Heals Saurfang for $72260s1% of his total health on death.					
72295	all		Malleable Goo		Professor Putricide bounces a Malleable ball of Green Goo at the target, inflicting $70853s1 damage and slowing attack and cast speed by $70853s2% for $70853d.						
72296	all		Malleable Goo		Professor Putricide bounces a Malleable ball of Green Goo at the target, inflicting $72297s1 damage and slowing attack and cast speed by $72297t2% for $72297d.						
72297	all		Malleable Goo		Inflicts $s1 damage in a $a1 yard radius and slows casting and attack speed by $s2% for $d.	Slows casting and attack speed by $s2%.					
72298	all		Malleable Goo Summon								
72299	all		Malleable Goo Summon Trigger								
72300	all		BFGC - Despawn All								
72301	all		Blood Beam Visual RLeg								
72302	all		Blood Beam Visual LLeg								
72303	all		Blood Beam Visual LHand								
72304	all		Blood Beam Visual RHand								
72305	all		Soul Barrage								
72306	all		Battle Fury		Increases all damage done by $s1%.	All damage done increased by $s1%.					
72307	all		Battle Fury		Increases all damage done by $s1%.	All damage done increased by $s1%.					
72308	all		Battle Fury		Increases all damage done by $s1%.	All damage done increased by $s1%.					
72309	all		Malleable Goo Summon Trigger								
72310	all		Malleable Goo Summon Trigger								
72311	all		Malleable Goo Summon Trigger								
72313	all		Twilight Bloodbolt Visual								
72318	all		Shadow Word: Pain		Utters a word of darkness, inflicting Shadow damage to an enemy every $t1 sec. for $d.	Shadow damage inflicted every $t1 sec.					
72319	all		Shadow Word: Pain		Utters a word of darkness, inflicting Shadow damage to an enemy every $t1 sec. for $d.	Shadow damage inflicted every $t1 sec.					
72320	all		Circle of Destruction		A circle of destruction is unleashed, causing $s1 Shadow damage and knockback to enemies within $a1 yds of the target.						
72321	all		Cower in Fear		Strikes fear in an enemy, causing it to cower in terror for $d.	Cowering in fear.					
72322	all		Dark Mending		Heals an ally with dark magic for $s1 health.						
72323	all		Circle of Destruction		A circle of destruction is unleashed, causing $s1 Shadow damage and knockback to enemies within $a1 yds of the target.						
72324	all		Dark Mending		Heals an ally with dark magic for $s1 health.						
72325	all		Shadowstep Trigger								
72326	all		Shadowstep		Steps through shadows, dealing $s2 Shadow damage and teleporting behind the target.						
72327	all		Shadowstep		Steps through shadows, dealing $s2 Shadow damage and teleporting behind the target.						
72329	all		Deadly Poison		Inflicts $s1 Nature damage every $t1 sec for $d. Stacks up to 5 times on a single target.	$s1 Nature damage inflicted every $t1 sec.					
72330	all		Deadly Poison		Inflicts $s1 Nature damage every $t1 sec for $d. Stacks up to 5 times on a single target.	$s1 Nature damage inflicted every $t1 sec.					
72333	all		Envenomed Dagger Throw		Inflicts Nature damage every $t1 sec and reduces movement speed by $s2% for $d.	$s1 Nature damage inflicted every $t1 sec.\nMovement speed reduced by $s2%.					
72334	all		Envenomed Dagger Throw		Inflicts $s1 Nature damage every $t1 sec and reduces movement speed by $s2% for $d.	$s1 Nature damage inflicted every $t1 sec.\nMovement speed reduced by $s2%.					
72335	all		Kidney Shot		A nasty strike targeting the enemy's vitals, stunning  the current enemy target for $d.	Stunned.					
72336	all		Amplify Magic		Amplifies magic used against an enemy, increasing damage taken from spells by up to $s1 and healing spells by up to $s2.  Lasts $d.	Increases magic damage taken by up to $s1 and healing by up to $s2.					
72340	all		Teleport Players on Victory								
72341	all		Hallucinatory Creature		Damage taken increased by $s1%.\nDamage dealt reduced by $s2%.	Damage taken increased by $s1%.\nDamage dealt reduced by $s2%.					
72342	all		Hallucination		Creates a copy of the caster nearby, which cast spells and attack the mage's enemies.  Lasts $55342d. Will explode upon death, dealing $72344s1 Arcane damage to nearby enemies when killed.						
72343	all		Hallucination		Turns the caster invisible and stuns him for $d.	Invisible.					
72344	all		Hallucination		Deals $s1 Arcane damage to all enemies near the Hallucination when it dies.						
72345	all		Hallucination		Deals $s1 Arcane damage to all enemies near the Hallucination when it dies.						
72346	all		Lock Players and Tap Chest								
72347	all		Lock Players and Tap Chest								
72350	all		Fury of Frostmourne		Deals $s2 Shadow damage to all enemies and rendering them unable to release spirit or resurrect.						
72351	all		Fury of Frostmourne			Cannot resurrect.					
72356	all		Call Blood Beast		Saurfang calls forth a pair of blood beasts.						
72357	all		Call Blood Beast		Saurfang calls forth a pair of blood beasts.						
72358	all		Call Blood Beast		Saurfang calls forth a pair of blood beasts.						
72360	all		Obliterate		A brutal instant attack that deals $s1 damage.						
72362	all		Well of Corruption		Corrupts targets within the circle, increasing their Shadow damage taken.	Inflicts Corrupted Touch every $t1 sec.					
72363	all		Corrupted Flesh		Corrupts the flesh of nearby enemies, reducing their maximum health by $s1% for $d.	Maximum health reduced by $s1%.					
72365	all		Bug 181860 Proc								
72366	all		Bug 181860 Effect Linked Aura		Linked Aura - Should be same stack as Primary Aura and go away when Primary Aura goes away.	Linked Aura - Should be same stack as Primary Aura and go away when Primary Aura goes away.					
72367	all		Bug 181860 Effect		Primary Aura	Primary Aura					
72368	all		Shared Suffering		Deals ${$72368m1*1000*$72368d/$72368t1} Shadow damage over $72368d to an enemy target. When removed, it splits the remaining damage to the target and his allies.	Dealing $s1 Shadow damage every $t1 sec. \nDeals the remaining damage to nearby allies if dispelled.					
72369	all		Shared Suffering		Deals ${$72368m1*1000*$72368d/$72368t1} Shadow damage over $72368d to an enemy target. When removed, it splits the remaining damage to the target and his allies.	Dealing $s1 Shadow damage every $t1 sec. \nDeals the remaining damage to nearby allies if dispelled.					
72370	all		Blood Power		Saurfang grows $s1% larger for each point of Blood Power he has.	Saurfang grows $s1% larger for each point of Blood Power he has.					
72371	all		Blood Power		Saurfang grows $s1% larger and deals $s2% more damage for each point of Blood Power he has.	Saurfang grows $s1% larger and deals $s2% more damage for each point of Blood Power he has.					
72372	all		Terenas Menethil								
72373	all		Shared Suffering		Deals ${$72368m1*$72368d/$72368t1} Shadow damage over $72368d to an enemy target. When removed, it splits the remaining damage to the target and his allies.						
72376	all		Raise Dead								
72378	all		Blood Nova		Blood explodes outward from a random enemy target, inflicting $72379s1 Physical damage to nearby enemies.						
72379	all		Blood Nova								
72380	all		Blood Nova		Blood explodes outward from a random enemy target, inflicting $s1 Physical damage to nearby enemies.						
72383	all		Corrupted Touch		Increases Shadow damage taken by $s1%.	Shadow damage taken increased by $s1%.					
72385	all		Boiling Blood		Boils the blood of an enemy, inflicting $s1 Physical damage every $t1 sec for $d.	$s1 Physical damage inflicted every $t1 sec.					
72389	all		[DND] Kill								
72390	all		Hopelessness		Reduces the damage and healing dealt by all nearby enemies by $s1%.	Damage and healing dealt reduced by $s1%.					
72391	all		Hopelessness		Reduces the damage and healing dealt by all nearby enemies by $s1%.	Damage and healing dealt reduced by $s1%.					
72393	all		Hopelessness		Reduces the damage and healing dealt by all nearby enemies by $s1%.	Damage and healing dealt reduced by $s1%.					
72395	all		Hopelessness		Reduces the damage and healing dealt by all nearby enemies by $s1%.	Damage and healing dealt reduced by $s1%.					
72396	all		Hopelessness		Reduces the damage and healing dealt by all nearby enemies by $s1%.	Damage and healing dealt reduced by $s1%.					
72397	all		Hopelessness		Reduces the damage and healing dealt by all nearby enemies by $s1%.	Damage and healing dealt reduced by $s1%.					
72398	all		Broken Frostmourne								
72399	all		Broken Frostmourne								
72400	all		[DND] Trigger								
72401	all		Mutated Transformation Mirror Name		Mirror's Name	Mirror's Name					
72402	all		Mutated Transformation Mirror Name		Mirror's Name	Mirror's Name					
72405	all		Broken Frostmourne								
72406	all		Summon Broken Frostmourne								
72407	all		Summon Broken Frostmourne								
72408	all		Rune of Blood		Saurfang leeches health when he performs melee attacks on targets marked with Rune of Blood.						
72409	all		Rune of Blood		Leeches $s1 health from an enemy target and heals Saurfang for 10 times that amount.						
72410	all		Rune of Blood		Saurfang's melee attacks leech health from the target. Saurfang is healed for many times amount leeched.	$72409s1 health leeched when damaged by Saurfang's melee attacks. Saurfang is healed for many times the amount leeched.					
72411	all		Shadowmourne Quest Accept								
72412	all		Frostforged Champion		Increases attack power by $s1 for $d.	Increases attack power by $s1.					
72413	all		Item - Icecrown Reputation Ring Melee		Chance on hit to increase your attack power by $72412s1 for $72412d.						
72414	all		Frostforged Defender		Increases armor by $s1 for $d.	Increases armor by $s1.					
72415	all		Item - Icecrown Reputation Ring Tank Trigger		When struck in combat has a chance of increasing your armor by $72414s1 for $72414d.						
72416	all		Frostforged Sage		Increases spell power by $s1 for $d.	Spell power increased by $s1.					
72417	all		Item - Icecrown Reputation Ring Caster Trigger		Your offensive spells have a chance on hit to increase your spell power by $72416s1 for $72416d.						
72418	all		Chilling Knowledge		Increases spell power by $s1 for $d.	Spell power increased by $s1.					
72419	all		Item - Icecrown Reputation Ring Healer Trigger		Your helpful spells have a chance to increase your spell power by $72418s1 for $72418d.						
72420	all		Summon Terenas								
72421	all		Lich Slap		Slaps the target with a cold hand, dealing $s1 Shadow damage and knocking them back.						
72422	all		Quivering Strike		A fearful strike lands on the enemy, dealing $s1%  of the damage of a normal melee swing and reducing the target's chance to dodge by $s2% for $d. This strike may not be avoided.	Dodge chance reduced by $s2%.					
72423	all		Mass Resurrection		Resurrects all nearby fallen allies.						
72424	all		Life Infusion		Awakens the spark of life inside the target.	Infused with life energy.					
72426	all		Impending Despair		Inflicts an enemy with a sense of impending despair. The target will be stunned and cowering for $72428d. if not dispelled before $d.	Stunned for $72428d. if not dispelled.					
72427	all		Backstab								
72428	all		Despair Stricken		The enemy succumbs to Impending Despair, stunning the target for $d.	Stunned.					
72429	all		Mass Resurrection		Resurrects all nearby fallen allies.						
72430	all		[DND] Pulse								
72431	all		Jump								
72434	all		Obliterate		A brutal instant attack that deals $s1 damage.						
72435	all		Defiling Horror		A blood curdling yell rings out, filling the minds of nearby enemy targets with Horror and dealing $s2 Shadow damage every $t2 sec. for $d.	Horrified.\n$s2 Shadow damage inflicted every $t2 sec.					
72436	all		Corrupted Flesh		Corrupts the flesh of nearby enemies, reducing their maximum health by $s1% for $d.	Maximum health reduced by $s1%.					
72437	all		Gaseous Bloat Dummy Targeted		You have been targeted by the Gas Cloud's Gaseous Bloat!	You have been targeted by the Gas Cloud's Gaseous Bloat!					
72438	all		Blood Nova		Blood explodes outward from a random enemy target, inflicting $s1 Physical damage to nearby enemies.						
72439	all		Blood Nova		Blood explodes outward from a random enemy target, inflicting $s1 Physical damage to nearby enemies.						
72440	all		Blood Nova		Blood explodes outward from a random enemy target, inflicting $s1 Physical damage to nearby enemies.						
72441	all		Boiling Blood		Boils the blood of an enemy, inflicting $s1 Physical damage every $t1 sec for $d.	$s1 Physical damage inflicted every $t1 sec.					
72442	all		Boiling Blood		Boils the blood of an enemy, inflicting $s1 Physical damage every $t1 sec for $d.	$s1 Physical damage inflicted every $t1 sec.					
72443	all		Boiling Blood		Boils the blood of an enemy, inflicting $s1 Physical damage every $t1 sec for $d.	$s1 Physical damage inflicted every $t1 sec.					
72444	all		Mark of the Fallen Champion		Causes Deathbringer Saurfang's melee attacks to splash to this target, inflicting $s1 additional Physical damage.						
72445	all		Mark of the Fallen Champion		Causes Deathbringer Saurfang's melee attacks to splash to this target, inflicting $s1 additional Physical damage.						
72446	all		Mark of the Fallen Champion		Causes Deathbringer Saurfang's melee attacks to splash to this target, inflicting $s1 additional Physical damage.						
72447	all		Rune of Blood		Leeches $s1 health from an enemy target and heals Saurfang for 10 times that amount.						
72448	all		Rune of Blood		Leeches $s1 health from an enemy target and heals Saurfang for 20 times that amount.						
72449	all		Rune of Blood		Leeches $s1 health from an enemy target and heals Saurfang for 20 times that amount.						
72450	all		Corrupted Touch		Increases Shadow damage taken by $s1%.	Shadow damage taken increased by $s1%.					
72451	all		Mutated Plague		Inflicts damage every $t1 sec.	Inflicts damage every $t1 sec.					
72452	all		Defiling Horror		A blood curdling yell rings out, filling the minds of nearby enemy targets with Horror and dealing $s2 Shadow damage every $t2 sec. for $d.	Horrified.\n$s2 Shadow damage inflicted every $t2 sec.					
72453	all		Quivering Strike		A fearful strike lands on the enemy, dealing $s1%  of the damage of a normal melee swing and reducing the target's chance to dodge by $s2% for $d. This strike may not be avoided.	Dodge chance reduced by $s2%.					
72454	all		Mutated Plague		Inflicts Shadow damage.	Inflicts Shadow damage.					
72455	all		Gaseous Bloat		Inflicts $s1 damage every $t1 sec and if the Gas Cloud hits you it will expunge all of the remaining Gaseous Bloat and harm all nearby allies.	Inflicts $s1 damage every $t1 sec.\nIf the Gas Cloud hits you it will expunge all remaining Gaseous Bloat, inflicting damage to all nearby allies.					
72456	all		Mutated Slime		Inflicts damage to targets in the Mutated Slime.	Inflicts damage to targets in the Mutated Slime.					
72457	all		Regurgitated Ooze		The Regurgitated Ooze has a surprising effect on the target, slowing its movement speed by $s1% and dealing $s2 damage every $t2 sec for $d.	Movemend speed decreased by $s1%.\nInflicts $s2 damage every $t2 sec.					
72458	all		Malleable Goo		Inflicts $s1 damage in a $a1 yard radius and slows casting and attack speed by $s2% for $d.	Slows casting and attack speed by $s2%.					
72459	all		Choking Gas Explosion		The explosion inflicts $s1 damage to enemies within $a1 yards, knocking them back and reducing their chance to hit by $s2% for $d.	Reduces chance to hit by $s2%.					
72460	all		Choking Gas		The Choking Gas inflicts $s1 damage and causes you to choke, reducing your chance to hit by $s2% for $d.	Reduces chance to hit by $s2%.					
72461	all		Mutated Strength		Increases damage done by $s1% and increases attack speed by $s2% also attacks cause the caster to become more mutated, inflicting increasing damage every $72451t1 sec.	Increases Physical damage dealt by $s1%.\nIncreases attack speed by $s2%.\nAttacks cause the caster to become mutated further.					
72463	all		Mutated Plague		Inflicts damage every $t1 sec.	Inflicts damage every $t1 sec.					
72464	all		Mutated Plague		Inflicts Shadow damage.	Inflicts Shadow damage.					
72465	all		Life Infusion		Awakens the spark of life inside the target.	Infused with life energy.					
72466	all		Soul Preservation		Awakens the spark of life inside the target.	Life energies preserve Sindragosa's spirit.					
72467	all		Quest Clearing Aura								
72468	all		Summon Alexandros								
72469	all		Alexandros Spawn								
72478	all		Summon Spirits								
72479	all		[DND] Pulse								
72480	all		Summon Nightmare Portal								
72481	all		Summon Nightmare Portal								
72482	all		Summon Nightmare Portal								
72483	all		Summon Nightmare Portal								
72484	all		Debug Heal		Calls upon Holy magic to heal an ally.						
72485	all		Deathchill Blast		Deals $s1 Shadowfrost damage to all enemies within $a1 yards of the target.						
72486	all		Deathchill Blast		Deals $s1 Shadowfrost damage to all enemies within $a1 yards of the target.						
72487	all		Deathchill Blast		Deals $s1 Shadowfrost damage to all enemies within $a1 yards of the target.						
72488	all		Deathchill Bolt		Deals $s1 Shadowfrost damage to an enemy target.						
72489	all		Deathchill Bolt		Deals $s1 Shadowfrost damage to an enemy target.						
72490	all		Necrotic Strike		Strikes an enemy with a cursed blade, dealing $s1% of weapon damage to the target and inflicting a lasting malady that negates the next $s2 healing received.	Absorbs up to $s2 points of healing received.					
72491	all		Necrotic Strike		Strikes an enemy with a cursed blade, dealing $s1% of weapon damage to the target and inflicting a lasting malady that negates the next $s2 healing received.	Absorbs up to $s2 points of healing received.					
72492	all		Necrotic Strike		Strikes an enemy with a cursed blade, dealing $s1% of weapon damage to the target and inflicting a lasting malady that negates the next $s2 healing received.	Absorbs up to $s2 points of healing received.					
72493	all		Shadow Cleave		Inflicts $s1 Shadow damage to enemies in front of the attacker.						
72494	all		Shadow Cleave		Inflicts $s1 Shadow damage to enemies in front of the attacker.						
72495	all		Dark Martyrdom		The caster surrenders to dark energies, exploding to deal $s1 Shadowstorm damage to all enemies within $a1 yards, and leaving only skeletal remains behind.						
72496	all		Dark Martyrdom		The caster surrenders to dark energies, exploding to deal $s1 Shadowstorm damage to all enemies within $a1 yards, and leaving only skeletal remains behind.						
72497	all		Dark Martyrdom		The caster surrenders to dark energies, exploding to deal $s1 Shadowstorm damage to all enemies within $a1 yards, and leaving only skeletal remains behind.						
72498	all		Dark Martyrdom		The caster surrenders to dark energies, exploding to deal $s1 Shadowstorm damage to all enemies within $a1 yards, and leaving only skeletal remains behind.						
72499	all		Dark Martyrdom		The caster surrenders to dark energies, exploding to deal $s1 Shadowstorm damage to all enemies within $a1 yards, and leaving only skeletal remains behind.						
72500	all		Dark Martyrdom		The caster surrenders to dark energies, exploding to deal $s1 Shadowstorm damage to all enemies within $a1 yards, and leaving only skeletal remains behind.						
72501	all		Frostbolt		Inflicts $s1 Frost damage to an enemy and reduces its movement speed by $s2% for $d.	Reduced movement speed.					
72502	all		Frostbolt		Inflicts $s1 Frost damage to an enemy and reduces its movement speed by $s2% for $d.	Reduced movement speed.					
72503	all		Shadow Bolt		Inflicts $s1 Shadow damage to an enemy.						
72504	all		Shadow Bolt		Inflicts $s1 Shadow damage to an enemy.						
72505	all		Ooze Eruption		Inflicts $s1 damage shared with nearby targets, knocking them back in all directions!	Inflicts $s1 damage shared with nearby targets, knocking them back in all directions!					
72506	all		Mutated Plague		Inflicts Shadow damage.	Inflicts Shadow damage.					
72507	all		Mutated Plague		Inflicts Shadow damage.	Inflicts Shadow damage.					
72508	all		Mutated Transformation		The diseases from the Mutated Abomination is inflicting damage to nearby players!	Inflicts $70402s1 damage to nearby players every $t1 sec.\nCuring the disease will revert the player to their form.					
72509	all		Mutated Transformation		The diseases from the Mutated Abomination is inflicting damage to nearby players!	Inflicts $70402s1 damage to nearby players every $t1 sec.\nCuring the disease will revert the player to their form.					
72510	all		Mutated Transformation		The diseases from the Mutated Abomination is inflicting damage to nearby players!	Inflicts $70402s1 damage to nearby players every $t1 sec.\nCuring the disease will revert the player to their form.					
72511	all		Mutated Transformation		The diseases from the Mutated Abomination is inflicting damage to nearby players!	The diseases from the Mutated Abomination is inflicting damage to nearby players!					
72512	all		Mutated Transformation		The diseases from the Mutated Abomination is inflicting damage to nearby players!	The diseases from the Mutated Abomination is inflicting damage to nearby players!					
72513	all		Mutated Transformation		The diseases from the Mutated Abomination is inflicting damage to nearby players!	The diseases from the Mutated Abomination is inflicting damage to nearby players!					
72521	all		Shadowmourne Visual Low								
72523	all		Shadowmourne Visual High								
72525	all		Berserk		Damage done increased by $s1%.\nAttack and casting speeds increased by $s2%.	Damage done increased by $s1%.\nAttack and casting speeds increased by $s2%.					
72526	all		Dummy Nuke								
72527	all		Eat Ooze		Eats nearby Mutated Slime decreasing the size of the pool, giving you $s2 Ooze energy!						
72528	all		Mystic Buffet		Buffets all nearby foes with Arcane energy, increasing all magic damage taken by $s1% per application.	Damage taken from magical sources increased by $s1%.					
72529	all		Mystic Buffet		Buffets all nearby foes with Arcane energy, increasing all magic damage taken by $s1% per application.	Damage taken from magical sources increased by $s1%.					
72530	all		Mystic Buffet		Buffets all nearby foes with Arcane energy, increasing all magic damage taken by $s1% per application.	Damage taken from magical sources increased by $s1%.					
72531	all		Killing Ice		Deals $s1 Frost damage to an enemy who is very far away -- too far away.						
72532	all		Pterrordax Scale Cleanup								
72533	all		Shizzle's Flyer: Quest Complete								
72536	all		Desperate Resolve		Increases armor by $s1% and attack speed by $s2%.	Armor increased by $s1%\nAttack speed increased by $s2%.					
72537	all		Desperate Resolve		Increases armor by $s1% and attack speed by $s2%.	Armor increased by $s1%\nAttack speed increased by $s2%.					
72538	all		Desperate Resolve		Increases armor by $s1% and attack speed by $s2%.	Armor increased by $s1%\nAttack speed increased by $s2%.					
72539	all		Hurl Axe		Hurl an axe at the target, inflicting $s1 Physical damage.						
72540	all		Hurl Axe		Hurl an axe at the target, inflicting $s1 Physical damage.						
72541	all		Hurl Axe		Hurl an axe at the target, inflicting $s1 Physical damage.						
72545	all		Shoot								
72546	all		Harvest Soul			Your soul is being consumed by Frostmourne.					
72548	all		Malleable Goo		Inflicts $s1 damage in a $a1 yard radius and slows casting and attack speed by $s2% for $d.	Slows casting and attack speed by $s2%.					
72549	all		Malleable Goo		Inflicts $s1 damage in a $a1 yard radius and slows casting and attack speed by $s2% for $d.	Slows casting and attack speed by $s2%.					
72550	all		Malleable Goo		Inflicts $s1 damage in a $a1 yard radius and slows casting and attack speed by $s2% for $d.	Slows casting and attack speed by $s2%.					
72551	all		Gastric Bloat		Inflicts $s1 damage and applies Gastric Bloat to the target, increasing damage done by $s2% for $d and will cause a Gastric Explosion at 10 stacks inflicting massive damage to nearby allies.	Increases damage dealt by $s2%.\nCauses a Gastric Explosion at 10 stacks.					
72552	all		Gastric Bloat		Inflicts $s1 damage and applies Gastric Bloat to the target, increasing damage done by $s2% for $d and will cause a Gastric Explosion at 10 stacks inflicting massive damage to nearby allies.	Increases damage dealt by $s2%.\nCauses a Gastric Explosion at 10 stacks.					
72553	all		Gastric Bloat		Inflicts $s1 damage and applies Gastric Bloat to the target, increasing damage done by $s2% for $d and will cause a Gastric Explosion at 10 stacks inflicting massive damage to nearby allies.	Increases damage dealt by $s2%.\nCauses a Gastric Explosion at 10 stacks.					
72556	all		Birmingham Tools Test		Propagation Test						
72558	all		Birmingham Tools Test 2								
72559	all		Birmingham Tools Test 3		aoeu	aoeu					
72560	all		Birmingham Tools Test 3		aoeu	aoeu					
72561	all		Birmingham Tools Test 5		aoeu	aoeu					
72562	all		helen tool test								
72564	all		helen test								
72566	all		Shoot		Shoot at the target, inflicting $s1 Physical damage.						
72567	all		Shoot		Shoot at the target, inflicting $s1 Physical damage.						
72568	all		Shoot		Shoot at the target, inflicting $s1 Physical damage.						
72569	all		Wounding Strike		Inflicts $s1% weapon damage and leaves the target wounded, reducing the effectiveness of any healing by $s2% for $d.	Healing effects reduced by $s2%.					
72570	all		Wounding Strike		Inflicts $s1% weapon damage and leaves the target wounded, reducing the effectiveness of any healing by $s2% for $d.	Healing effects reduced by $s2%.					
72571	all		Wounding Strike		Inflicts $s1% weapon damage and leaves the target wounded, reducing the effectiveness of any healing by $s2% for $d.	Healing effects reduced by $s2%.					
72572	all		Terenas Loses Inside								
72585	all		Soul Missile		A soul erupts from the void.						
72586	all		Blessing of Forgotten Kings		Gives all members of the raid or group the Blessing of Forgotten Kings, increasing total stats by $s1% for $d.	Increases stats by $s1%.					
72588	all		Gift of the Wild		Gives the Gift of the Wild to all party and raid members, increasing armor by $s1, all attributes by $s2 and all resistances by $s3 for $d.	Increases armor by $s1, all attributes by $s2 and all resistances by $s3.					
72589	all		Green Beam		Channels the Unholy force into Arthas.						
72590	all		Fortitude		Increases Stamina by $s1 for all party and raid members for $d.	Stamina increased by $s1.					
72594	all		Red Beam		Channels the Unholy force into Arthas.						
72595	all		Restore Soul		Returns the target's soul to their body, bringing them back to life.						
72597	all		Harvest Soul								
72598	all		Blue Beam		Channels the Frost force into Arthas.						
72603	all		Body And Soul: Big Blue Bonfire								
72608	all		Harvest Soul								
72611	all		Imprisoned Soul								
72613	all		Naxxramas Teleport - Sapphiron Exit								
72615	all		Malleable Goo		Professor Putricide bounces a Malleable ball of Green Goo at the target, inflicting $70853s1 damage and slowing attack and cast speed by $70853s2% for $70853d.						
72617	all		Naxxramas Teleport - Sapphiron Entry								
72618	all		Mutated Plague Clear								
72619	all		Choking Gas		The Choking Gas inflicts $s1 damage and causes you to choke, reducing your chance to hit by $s2% for $d.	Reduces chance to hit by $s2%.					
72620	all		Choking Gas		The Choking Gas inflicts $s1 damage and causes you to choke, reducing your chance to hit by $s2% for $d.	Reduces chance to hit by $s2%.					
72621	all		Choking Gas Explosion		The explosion inflicts $s1 damage to enemies within $a1 yards, knocking them back and reducing their chance to hit by $s2% for $d.	Reduces chance to hit by $s2%.					
72622	all		Choking Gas Explosion		The explosion inflicts $s1 damage to enemies within $a1 yards, knocking them back and reducing their chance to hit by $s2% for $d.	Reduces chance to hit by $s2%.					
72623	all		Drink		Restores ${$m2/5*30} mana over $d.  Must remain seated while drinking.	Restores ${$m2/5} mana per second.					
72624	all		Ooze Eruption		Inflicts $s1 damage shared with nearby targets, knocking them back in all directions!	Inflicts $s1 damage shared with nearby targets, knocking them back in all directions!					
72625	all		Ooze Eruption		Inflicts $s1 damage shared with nearby targets, knocking them back in all directions!	Inflicts $s1 damage shared with nearby targets, knocking them back in all directions!					
72627	all		Harvest Soul								
72628	all		Anti-Magic Zone (Small)								
72629	all		Aura of Darkness		Deals $s1 Shadow damage to all enemies within $a1 yards.						
72630	all		Well of Souls (Small)								
72633	all		Shock Vortex								
72635	all		Swarming Shadows		Inflicts $s1 Shadow damage.	Inflicts $s1 Shadow damage.					
72636	all		Swarming Shadows		Inflicts $s1 Shadow damage.	Inflicts $s1 Shadow damage.					
72637	all		Swarming Shadows		Inflicts $s1 Shadow damage.	Inflicts $s1 Shadow damage.					
72638	all		Swarming Shadows		Swarming shadows inflict $s1 damage every $t1 sec.	Swarming shadows inflict $s1 damage every $t1 sec.\nShadows accumulate beneath you every $t1 seconds.					
72639	all		Swarming Shadows		Swarming shadows inflict $s1 damage every $t1 sec.	Swarming shadows inflict $s1 damage every $t1 sec.\nShadows accumulate beneath you every $t1 seconds.					
72640	all		Swarming Shadows		Swarming shadows inflict $s1 damage every $t1 sec.	Swarming shadows inflict $s1 damage every $t1 sec.\nShadows accumulate beneath you every $t1 seconds.					
72641	all		Frost Breath		Inflicts $s1 Frost damage to enemies in a $a1 yard cone in front of the caster. In addition, the targets' attack speed is decreased by $s2% for $d.	Attack speed decreased by $s2%.					
72644	all		Body And Soul: Yngwie's Body Dragging Controller								
72645	all		Shield Slam		Inflicts damage to an enemy, stunning it for $d.	Stunned.					
72648	all		Frenzied Bloodthirst		Empowers the caster with dark might, increasing all damage dealt by $s1% and heal the caster for $s2% of his damage dealt.	Damage increased by $s1%.\nHealed for $s2% of all damage inflicted.\nAttacks cause no threat.					
72649	all		Frenzied Bloodthirst		Empowers the caster with dark might, increasing all damage dealt by $s1% and heal the caster for $s2% of his damage dealt.	Damage increased by $s1%.\nHealed for $s2% of all damage inflicted.\nAttacks cause no threat.					
72650	all		Frenzied Bloodthirst		Empowers the caster with dark might, increasing all damage dealt by $s1% and heal the caster for $s2% of his damage dealt.	Damage increased by $s1%.\nHealed for $s2% of all damage inflicted.\nAttacks cause no threat.					
72669	all		Impale		Impaled upon a bone spike.	Stunned.\nBleeding.					
72670	all		Impale		Impaled upon a bone spike.	Stunned.\nBleeding.					
72671	all		Mutated Plague		Inflicts damage every $t1 sec.	Inflicts damage every $t1 sec.					
72672	all		Mutated Plague		Inflicts damage every $t1 sec.	Inflicts damage every $t1 sec.					
72673	all		Mutated Strength		Increases damage done by $s1% and increases attack speed by $s2%.	Increases Physical damage dealt by $s1%.\nIncreases attack speed by $s2%.					
72674	all		Mutated Strength		Increases damage done by $s1% and increases attack speed by $s2%.	Increases Physical damage dealt by $s1%.\nIncreases attack speed by $s2%.					
72675	all		Mutated Strength		Increases damage done by $s1% and increases attack speed by $s2%.	Increases Physical damage dealt by $s1%.\nIncreases attack speed by $s2%.					
72679	all		Harvested Soul			Increases all damage dealt by $s1%.					
72687	all		Rope								
72688	all		Spectral Strike		A spectral swing that slices past armor, dealing $s1% of normal weapon damage. This strike ignores all armor.						
72699	all		Random Charge Primer								
72700	all		Charge Target Dest (No Log)								
72701	all		Coldflame		Summons a line of frost that hits enemies in the way.						
72702	all		Coldflame		Summons a line of frost that hits enemies in the way.						
72703	all		Coldflame		Summons a line of frost that hits enemies in the way.						
72704	all		Coldflame		Summons a line of frost that hits enemies in the way.						
72705	all		Coldflame		Summons a line of frost that hits enemies in the way.						
72706	all		Achievement Check								
72711	all		Summon Souls		"This is a dummy aura that Lady Sylvanas Windrunner applies to herself when she begins the song, Lament of the Highborne""."						
72712	all		Falric/Marwyn Spawn Aura								
72723	all		Resistant Skin		The skin of this creature is highly resistant. Damage from area of effect attacks is reduced by $s1% and damage from Diseases is reduced by $s2%.	Damage from area of effect attacks is reduced by $s1% and damage from Diseases is reduced by $s2%.					
72724	all		Valithria Immunities								
72726	all		Frostmourne Despawn								
72728	all		Corrode Flesh		Corrodes the enemy flesh, then inflicts additional Nature damage every $t1 sec. for $d.	Nature damage inflicted every $t1 sec.					
72729	all		Frostmourne Equip								
72734	all		Mass Dispel		Dispels magic in a $32375a1 yard radius, removing $32375s1 harmful $lspell:spells; from each friendly target and $32375s1 beneficial $lspell:spells; from each enemy target.  Affects a maximum of $32375i friendly targets and $32375i enemy targets.  This dispel is potent enough to remove Magic effects that are normally undispellable.						
72735	all		Black Beam		Channels the Death force into Arthas.						
72737	all		Frenzy		Saurfang goes into a frenzy, increasing his attack speed by $s1%.	Attack speed increased by $s1%.					
72743	all		Defile								
72745	all		Mutated Plague		The Mutated Plague spreads to Professor Putricide, healing him for $s1 for each stack of Mutated Plague that was on the target.	The Mutated Plague spreads to Professor Putricide, healing him for $s1 for each stack of Mutated Plague that was on the target.					
72746	all		Mutated Plague		The Mutated Plague spreads to Professor Putricide, healing him for $s1 for each stack of Mutated Plague that was on the target.	The Mutated Plague spreads to Professor Putricide, healing him for $s1 for each stack of Mutated Plague that was on the target.					
72747	all		Mutated Plague		The Mutated Plague spreads to Professor Putricide, healing him for $s1 for each stack of Mutated Plague that was on the target.	The Mutated Plague spreads to Professor Putricide, healing him for $s1 for each stack of Mutated Plague that was on the target.					
72748	all		Mutated Plague		The Mutated Plague spreads to Professor Putricide, healing him for $s1 for each stack of Mutated Plague that was on the target.	The Mutated Plague spreads to Professor Putricide, healing him for $s1 for each stack of Mutated Plague that was on the target.					
72752	all		Will of the Forsaken Cooldown Trigger								
72754	all		Defile		Deals Shadow damage per second to all enemies within the area. Every time an enemy takes damage from this effect, the damage and size of the area increases. Lasts 60 sec.						
72756	all		Defile								
72757	all		Will of the Forsaken Cooldown Trigger (WOTF)								
72762	all		Defile		Defiles the area under a random target. Any enemies got within this area will be dealt shadow damage and cause the area to grow. Lasts 30s.						
72769	all		Scent of Blood		Saurfang's Blood Beasts catch the scent of blood, reducing all nearby enemies movement speed by $s1% and increasing their damage by $72771s1% for $d.	Movement speed reduced by $s1%.					
72770	all		Abracadaver!		Summons a Cadaver that will protect you for $d.						
72771	all		Scent of Blood			Physical Damage done increased by $s1%.					
72779	all		Access Progression Check								
72782	all		Ball of Flames Proc								
72783	all		Ball of Flames Proc								
72784	all		Ball of Flames Proc								
72785	all		Empowered Flare		Empowered Flames discharge some of their stored energy, inflicting $s1 Fire damage to a random nearby target.						
72786	all		Empowered Flare		Empowered Flames discharge some of their stored energy, inflicting $s1 Fire damage to a random nearby target.						
72787	all		Empowered Flare		Empowered Flames discharge some of their stored energy, inflicting $s1 Fire damage to a random nearby target.						
72789	all		Flames		Explode violently, inflicting a minimum of $s1 Fire damage to nearby enemies. Larger balls of flame deal additional damage based on size.						
72790	all		Flames		Explode violently, inflicting a minimum of $s1 Fire damage to nearby enemies. Larger balls of flame deal additional damage based on size.						
72791	all		Flames		Explode violently, inflicting a minimum of $s1 Fire damage to nearby enemies. Larger balls of flame deal additional damage based on size.						
72796	all		Glittering Sparks		Glittering sparks shoot from the caster's hands in a cone, burning enemies for $o2 Fire damage over $d and reducing their movement speed by $s3%.	Deals $s2 damage every $t2 sec. and reduces movement speed by $s3%.					
72797	all		Glittering Sparks		Glittering sparks shoot from the caster's hands in a cone, burning enemies for $o2 Fire damage over $d and reducing their movement speed by $s3%.	Deals $s2 damage every $t2 sec. and reduces movement speed by $s3%.					
72798	all		Glittering Sparks		Glittering sparks shoot from the caster's hands in a cone, burning enemies for $o2 Fire damage over $d and reducing their movement speed by $s3%.	Deals $s2 damage every $t2 sec. and reduces movement speed by $s3%.					
72800	all		Kinetic Bomb		Explodes on impact with the ground, inflicting $s1 Physical damage and knocking enemies back in a wide area.						
72801	all		Kinetic Bomb		Explodes on impact with the ground, inflicting $s1 Physical damage and knocking enemies back in a wide area.						
72802	all		Kinetic Bomb		Explodes on impact with the ground, inflicting $s1 Physical damage and knocking enemies back in a wide area.						
72804	all		Shadow Lance		Hurls a bolt of dark magic at an enemy, inflicting $s1 Shadow damage.						
72805	all		Shadow Lance		Hurls a bolt of dark magic at an enemy, inflicting $s1 Shadow damage.						
72806	all		Shadow Lance		Hurls a bolt of dark magic at an enemy, inflicting $s1 Shadow damage.						
72807	spellbook	777	Icebound Frostbrood Vanquisher		Summons and dismisses a rideable Icebound Frostbrood Vanquisher.  This is an extremely fast mount.  This mount can only be summoned in Outland or Northrend. This mount increases speed depending on your Riding Skill.	Increases speed depending on your Riding Skill.					
72808	spellbook	777	Bloodbathed Frostbrood Vanquisher		Summons and dismisses a rideable Bloodbathed Frostbrood Vanquisher.  This is an extremely fast mount.  This mount can only be summoned in Outland or Northrend. This mount increases speed depending on your Riding Skill.	Increases speed depending on your Riding Skill.					
72809	all		Empowered Shadow Lance		Hurls a bolt of dark magic at an enemy, inflicting $s1 Shadow damage.						
72810	all		Empowered Shadow Lance		Hurls a bolt of dark magic at an enemy, inflicting $s1 Shadow damage.						
72811	all		Empowered Shadow Lance		Hurls a bolt of dark magic at an enemy, inflicting $s1 Shadow damage.						
72812	all		Shock Vortex		Deals $s1 damage to all enemies within $A yards and knocks them back.						
72813	all		Shock Vortex		Deals $s1 damage to all enemies within $A yards and knocks them back.						
72814	all		Shock Vortex		Deals $s1 damage to all enemies within $A yards and knocks them back.						
72815	all		Empowered Shock Vortex		A wave of force emanates from the caster, inflicting $s1 Physical damage and knocking nearby friends away.						
72816	all		Empowered Shock Vortex		A wave of force emanates from the caster, inflicting $s1 Physical damage and knocking nearby friends away.						
72817	all		Empowered Shock Vortex		A wave of force emanates from the caster, inflicting $s1 Physical damage and knocking nearby friends away.						
72826	all		Create Pet Box								
72827	all		Achievement Credit								
72828	all		Achievement Check								
72830	all		Achievement Check								
72832	all		Gaseous Bloat		Inflicts $s1 damage every $t1 sec and if the Gas Cloud hits you it will expunge all of the remaining Gaseous Bloat and harm all nearby allies.	Inflicts $s1 damage every $t1 sec.\nIf the Gas Cloud hits you it will expunge all remaining Gaseous Bloat, inflicting damage to all nearby allies.					
72833	all		Gaseous Bloat		Inflicts $s1 damage every $t1 sec and if the Gas Cloud hits you it will expunge all of the remaining Gaseous Bloat and harm all nearby allies.	Inflicts $s1 damage every $t1 sec.\nIf the Gas Cloud hits you it will expunge all remaining Gaseous Bloat, inflicting damage to all nearby allies.					
72836	all		Volatile Ooze Adhesive		The Volatile Ooze Adhesive bonds the target to the Volatile Ooze, inflicting $s1 damage every $t1 sec and rooting the target. The Volatile Ooze will move towards the target, exploding for $70492s1 damage, split among all nearby targets.	Rooted.\nInflicts $s1 damage every $t1 sec.\nWhen the Volatile Ooze reaches you, it will explode for $70492s1 damage, split among all nearby targets.					
72837	all		Volatile Ooze Adhesive		The Volatile Ooze Adhesive bonds the target to the Volatile Ooze, inflicting $s1 damage every $t1 sec and rooting the target. The Volatile Ooze will move towards the target, exploding for $70492s1 damage, split among all nearby targets.	Rooted.\nInflicts $s1 damage every $t1 sec.\nWhen the Volatile Ooze reaches you, it will explode for $70492s1 damage, split among all nearby targets.					
72838	all		Volatile Ooze Adhesive		The Volatile Ooze Adhesive bonds the target to the Volatile Ooze, inflicting $s1 damage every $t1 sec and rooting the target. The Volatile Ooze will move towards the target, exploding for $70492s1 damage, split among all nearby targets.	Rooted.\nInflicts $s1 damage every $t1 sec.\nWhen the Volatile Ooze reaches you, it will explode for $70492s1 damage, split among all nearby targets.					
72840	all		Volatile Experiment		Professor Putricide begins to peform a wicked experiment on you all!	Professor Putricide begins to peform a wicked experiment on you all!					
72841	all		Volatile Experiment		Professor Putricide begins to peform a wicked experiment on you all!	Professor Putricide begins to peform a wicked experiment on you all!					
72842	all		Volatile Experiment		Professor Putricide begins to peform a wicked experiment on you all!	Professor Putricide begins to peform a wicked experiment on you all!					
72843	all		Volatile Experiment		Professor Putricide begins to peform a wicked experiment on you all!	Professor Putricide begins to peform a wicked experiment on you all!					
72845	all		Don't Look Up								
72846	all		Plague Avoidance								
72847	all		Arctic Breath								
72848	all		Arctic Breath		An icy breath that freezes targets in a cone in front of the caster, inflicting $o2 Frost damage over $d.	$s2 Frost damage every $t2 sec.					
72850	all		Create Concoction		Professor Putricide is rifling through the lab table, searching for a powerful potion!	Professor Putricide is rifling through the lab table, searching for a powerful potion!					
72851	all		Create Concoction		Professor Putricide is rifling through the lab table, searching for a powerful potion!	Professor Putricide is rifling through the lab table, searching for a powerful potion!					
72852	all		Create Concoction		Professor Putricide is rifling through the lab table, searching for a powerful potion!	Professor Putricide is rifling through the lab table, searching for a powerful potion!					
72854	all		Unbound Plague		Inflicts damage every $t1 sec, the damage is increased every second the Blight remains on you!  If you get too near to a friendly target, you will transfer the Plague from you to them.	The Plague inflicts increasing damage every $t1 sec.\nIf you get too near a friendly target, you will transfer the Plague to them.					
72855	all		Unbound Plague		Inflicts damage every $t1 sec, the damage is increased every second the Blight remains on you!  If you get too near to a friendly target, you will transfer the Plague from you to them.	The Plague inflicts increasing damage every $t1 sec.\nIf you get too near a friendly target, you will transfer the Plague to them.					
72856	all		Unbound Plague		Inflicts damage every $t1 sec, the damage is increased every second the Blight remains on you!  If you get too near to a friendly target, you will transfer the Plague from you to them.	The Plague inflicts increasing damage every $t1 sec.\nIf you get too near a friendly target, you will transfer the Plague to them.					
72858	all		Gaseous Bloat		The Gas Cloud is fixated on the player with Gaseous Bloat.  If he catches him it will cause him to cast Expunge Gas, inflicting damage to nearby players based on how bloated the player is.	Fixated on the player with Gaseous Bloat.\nMelee attacks cause Expunged Gas which deals damage based on how bloated the player is.					
72859	all		Gaseous Bloat		The Gas Cloud is fixated on the player with Gaseous Bloat.  If he catches him it will cause him to cast Expunge Gas, inflicting damage to nearby players based on how bloated the player is.	Fixated on the player with Gaseous Bloat.\nMelee attacks cause Expunged Gas which deals damage based on how bloated the player is.					
72860	all		Gaseous Bloat		The Gas Cloud is fixated on the player with Gaseous Bloat.  If he catches him it will cause him to cast Expunge Gas, inflicting damage to nearby players based on how bloated the player is.	Fixated on the player with Gaseous Bloat.\nMelee attacks cause Expunged Gas which deals damage based on how bloated the player is.					
72861	all		Ooze Eruption Search Periodic								
72862	all		Ooze Eruption Search Periodic								
72863	all		Ooze Eruption Search Periodic								
72864	all		Death Plague		Deals $s1 Nature damage to nearby allies and infects them with Death Plague.						
72865	all		Death Plague		Infects an enemy with a malevolent plague that will kill its host if unable to spread. After $t1 sec, the Plague will infect all players within 8 yards, dealing $72864s1 Nature damage. If the target fails to infect anyone, the host's rapid death will follow.	Infects allies within 8 yards upon expiration, also dealing $72864s1 Nature damage.\nIf the Plague does not find a new host, it |cFFFF0000KILLS|r you.					
72867	all		Death Plague		The Death Plague deems its host unworthy and kills it, exiting the body in search of a superior host.						
72868	all		Slime Puddle		Inflicts $s1 damage to targets in the Slime Puddle.	Inflicts $s1 damage to targets in the Slime Puddle.					
72869	all		Slime Puddle		Inflicts $s1 damage to targets in the Slime Puddle.	Inflicts $s1 damage to targets in the Slime Puddle.					
72873	all		Malleable Goo		Inflicts $s1 damage in a $a1 yard radius and slows casting and attack speed by $s2% for $d.	Slows casting and attack speed by $s2%.					
72874	all		Malleable Goo		Inflicts $s1 damage in a $a1 yard radius and slows casting and attack speed by $s2% for $d.	Slows casting and attack speed by $s2%.					
72875	all		Regurgitated Ooze		The Regurgitated Ooze has a surprising effect on the target, slowing its movement speed by $s1% and dealing $s2 damage every $t2 sec for $d.	Movemend speed decreased by $s1%.\nInflicts $s2 damage every $t2 sec.					
72876	all		Regurgitated Ooze		The Regurgitated Ooze has a surprising effect on the target, slowing its movement speed by $s1% and dealing $s2 damage every $t2 sec for $d.	Movemend speed decreased by $s1%.\nInflicts $s2 damage every $t2 sec.					
72877	all		Clear Plague								
72879	all		Death Plague								
72881	all		Kill... EVERYTHING!								
72882	all		Kill... EVERYTHING! Trigger								
72883	all		Hurry it up, Buddy								
72884	all		Recently Infected		Lingering traces of the Death Plague prevent a one-time host from being reinfected for $d.	Protects against reinfection with the Death Plague.					
72888	all		Achievement Check								
72890	all		Swarming Shadows		Shadows accumulate beneath the target.	Shadows accumulate beneath the target.					
72893	all		Dummy Nuke								
72898	all		Waterbolt		Deals $s1 Frost damage to the target.						
72900	all		Start Halls of Reflection Quest AE								
72901	all		Shadow Bolt		Hurls a bolt of dark magic at an enemy, inflicting Shadow damage.						
72905	all		Frostbolt Volley		Inflicts $s1 Frost damage to nearby enemies, reducing their movement speed for $d.	Movement speed reduced by $s2%.					
72906	all		Frostbolt Volley		Inflicts $s1 Frost damage to nearby enemies, reducing their movement speed for $d.	Movement speed reduced by $s2%.					
72907	all		Frostbolt Volley		Inflicts $s1 Frost damage to nearby enemies, reducing their movement speed for $d.	Movement speed reduced by $s2%.					
72908	all		Frostbolt Volley		Inflicts $s1 Frost damage to nearby enemies, reducing their movement speed for $d.	Movement speed reduced by $s2%.					
72910	all		Spawn Chest								
72911	all		Spawn Chest								
72912	all		Spawn Chest								
72914	all		Lok'lira's Bargain		Disguised as a Brunnhildar Challenger.	Disguised as a Brunnhildar Challenger.					
72915	all		Arthas Teleporter Ceremony								
72926	all		Quest Accept: The Ballad of Maximillian								
72928	all		Achievement								
72929	all		Death Plague								
72930	all		Deep Freeze		Chills a random target, reducing movement speed by $s3% and dealing significant Frost damage after $t2 sec.	Deals $s2 Frost damage after $t2 sec.\nMovement speed reduced by $s3%.					
72934	all		Quest Credit								
72945	all		Forcecast Summon and Despawn Devilsaur Queen								
72946	all		Zombie Shooter at Lost Peak: Shoot - Cover								
72947	all		Devilsaur Queen Kill Credit								
72952	spellbook	202	Shatter Rounds								
72953	spellbook	202	Iceblade Arrow								
72954	all		Recently Spawned								
72955	all		Quest Complete: The Ballad of Maximillian								
72957	all		Call of the Shoveltusk		Beckons the wild spirit of the Shoveltusk to bolster the spirits of the summoner.						
72958	all		Shaman T10 shoulder visual								
72959	all		Achievement								
72960	all		Shadow Bolt		Hurls a bolt of dark magic at an enemy, inflicting Shadow damage.						
72961	all		Shadow Bolt		Hurls a bolt of dark magic at an enemy, inflicting Shadow damage.						
72962	all		Rot Worm								
72963	all		Flesh Rot		Any time the caster deals melee damage, the target is sprayed with acid dealing $s1 Nature damage per second for $d.	Deals $s1 Nature damage per second.					
72964	all		Flesh Rot		Any time the caster deals melee damage, the target is sprayed with acid dealing $s1 Nature damage per second for $d.	Deals $s1 Nature damage per second.					
72965	all		Flesh Rot		Any time the caster deals melee damage, the target is sprayed with acid dealing $s1 Nature damage per second for $d.	Deals $s1 Nature damage per second.					
72966	all		Flesh Rot		Any time the caster deals melee damage, the target is sprayed with acid dealing $s1 Nature damage per second for $d.	Deals $s1 Nature damage per second.					
72967	all		Flesh-eating Bite		Deals $s1% attack damage to the target.						
72968	all		Precious's Ribbon		A ribbon of affection.	"|cFF00AA99""Best in Show""|r"					
72969	all		<INTERNAL>Orgimmar Portal Teleport to Vashj'ir (Immortal Coil)								
72972	all		Summon Guard								
72973	all		Summoned Guard								
72980	all		Shadow Resonance								
72981	all		Shroud of Sorrow		An aura of sorrow and despair emanates from the caster, inflicting $70985s1 Shadow damage every $t1 sec. to nearby enemies.	Inflicts $70985s1 Shadow damage every $t1 seconds.					
72982	all		Shroud of Sorrow		An aura of sorrow and despair emanates from the caster, inflicting $70985s1 Shadow damage every $t1 sec. to nearby enemies.	Inflicts $70985s1 Shadow damage every $t1 seconds.					
72983	all		Shroud of Sorrow		An aura of sorrow and despair emanates from the caster, inflicting $70985s1 Shadow damage every $t1 sec. to nearby enemies.	Inflicts $70985s1 Shadow damage every $t1 seconds.					
72985	all		Swarming Shadows		Empowers the caster with dark might, increasing all damage dealt by $s1% and heal the caster for $s2% of his damage dealt.	Damage increased by $s1%.\nHealed for $s2% of all damage inflicted.\nAttacks cause no threat.					
72995	all		Shadow's Edge								
72998	all		Shadow Prison			Enemies who move will be encased in a prison of Shadow energy that inflicts increasing Shadow damage for every second of movement.					
72999	all		Shadow Prison		Binds an enemy. Movement by a bound enemy inflicts $s1 initial Shadow damage, increasing by $s2 for each second of movement. Remaining motionless for $d will reset the stack.	Moving inflicts ${350+$m2} Shadow damage.					
73001	all		Shadow Prison								
73003	all		Summoned Guard Response								
73005	all		Summoned Guard Emote								
73015	all		Uncontrollable Frenzy								
73017	all		Summon Broken Frostmourne								
73019	all		Vile Gas		Inflicts a Vile plague in targeted area, inflicting $s1 damage every $t1 sec for $d. The plague causes the infected targets to vomit uncontrollably inflicting $69244s1 damage to nearby allies.	Inflicts $s1 damage every $t1 sec.\nDisoriented.					
73020	all		Vile Gas		Inflicts a Vile plague in targeted area, inflicting $s1 damage every $t1 sec for $d. The plague causes the infected targets to vomit uncontrollably inflicting $69244s1 damage to nearby allies.	Inflicts $s1 damage every $t1 sec.\nDisoriented.					
73021	all		Summon Broken Frostmourne								
73022	all		Mutated Infection		The Mutated Infection inflicts $s1 damage every $t1 sec and reduces healing received by $s2% for $d.  After the Infection is removed a small ooze is created at the target's location.	Inflicts $s1 damage every $t1 sec.\nReduces healing received by $s2%.\nWhen the Infection is removed a Small Ooze is created.					
73023	all		Mutated Infection		The Mutated Infection inflicts $s1 damage every $t1 sec and reduces healing received by $s2% for $d.  After the Infection is removed a small ooze is created at the target's location.	Inflicts $s1 damage every $t1 sec.\nReduces healing received by $s2%.\nWhen the Infection is removed a Small Ooze is created.					
73024	all		Weak Radiating Ooze		Inflicts $s1 damage to enemies within $a1 yards.	Inflicts $s1 damage to enemies within $a1 yards.					
73025	all		Weak Radiating Ooze		Inflicts $s1 damage to enemies within $a1 yards.	Inflicts $s1 damage to enemies within $a1 yards.					
73026	all		Radiating Ooze		Inflicts $s1 damage to enemies within $a1 yards.	Inflicts $s1 damage to enemies within $a1 yards.					
73027	all		Radiating Ooze		Inflicts $s1 damage to enemies within $a1 yards.	Inflicts $s1 damage to enemies within $a1 yards.					
73028	all		Harvested Soul			Increases all damage dealt by $s1%.					
73029	all		Unstable Ooze Explosion		Inflicts $s1 damage to enemies within $a1 yards.	Inflicts $s1 damage to enemies within $a1 yards.					
73030	all		Unstable Ooze Explosion		Inflicts $s1 damage to enemies within $a1 yards.	Inflicts $s1 damage to enemies within $a1 yards.					
73031	all		Pungent Blight		Violently releases the Gaseous Blight, dealing $s1 Shadow damage to all enemy players, releasing the deadly Blight back into the room.	Violently releases the Gaseous Blight, dealing $s1 Shadow damage to all enemy players, releasing the deadly Blight back into the room.					
73032	all		Pungent Blight		Violently releases the Gaseous Blight, dealing $s1 Shadow damage to all enemy players, releasing the deadly Blight back into the room.	Violently releases the Gaseous Blight, dealing $s1 Shadow damage to all enemy players, releasing the deadly Blight back into the room.					
73033	all		Blighted Spores		Inflicts $s1 Shadow damage every $t1 sec for $d.	Inflicts $s1 Shadow damage every $t1 sec.					
73034	all		Blighted Spores		Inflicts $s1 Shadow damage every $t1 sec for $d.	Inflicts $s1 Shadow damage every $t1 sec.					
73035	all		Essence of the Captured								
73036	all		Essence of the Captured								
73037	all		Empowered Shock Vortex		Creates force vortices on all nearby enemies, inflicting $s1 Physical damage and knocking enemies near the target away.						
73038	all		Empowered Shock Vortex		Creates force vortices on all nearby enemies, inflicting $s1 Physical damage and knocking enemies near the target away.						
73039	all		Empowered Shock Vortex		Creates force vortices on all nearby enemies, inflicting $s1 Physical damage and knocking enemies near the target away.						
73040	all		Vortex								
73041	all		Summoned Guard Emote								
73045	all		Marrowgar Attempt								
73046	all		Spirit Burst		Deals $s1 Shadow damage to all enemies within $a1 yards.						
73047	all		Deathwhisper Attempt								
73048	all		Gunship Attempt								
73049	all		Deathbringer Attempt								
73050	all		Festergut Attempt								
73051	all		Rotface Attempt								
73052	all		Blood Princes Attempt								
73053	all		Valithria Attempt								
73054	all		Putricide Attempt								
73055	all		Blood Queen Attempt								
73056	all		Sindragosa Attempt								
73057	all		Lich King Attempt								
73058	all		Blood Nova		Blood explodes outward from a random enemy target, inflicting $72379s1 Physical damage to nearby enemies.						
73059	all		Rogue Class Crit/Dodge Debuff								
73061	all		Frost Breath		Inflicts $s1 Frost damage to enemies in a $a1 yard cone in front of the caster. In addition, the targets' attack speed is decreased by $s2% and movement decreased by $s3% for $d.	Attack speed decreased by $s2%.\nMovement speed decreased by $s3%.					
73062	all		Frost Breath		Inflicts $s1 Frost damage to enemies in a $a1 yard cone in front of the caster. In addition, the targets' attack speed is decreased by $s2% and movement decreased by $s3% for $d.	Attack speed decreased by $s2%.\nMovement speed decreased by $s3%.					
73063	all		Frost Breath		Inflicts $s1 Frost damage to enemies in a $a1 yard cone in front of the caster. In addition, the targets' attack speed is decreased by $s2% and movement decreased by $s3% for $d.	Attack speed decreased by $s2%.\nMovement speed decreased by $s3%.					
73064	all		Frost Breath		Inflicts $s1 Frost damage to enemies in a $a1 yard cone in front of the caster. In addition, the targets' attack speed is decreased by $s2% and movement decreased by $s3% for $d.	Attack speed decreased by $s2%.\nMovement speed decreased by $s3%.					
73067	all		Hit Summoner								
73069	all		Summon								
73070	all		Incite Terror		Strikes fear into enemies, causing them to flee in terror for up to $d.	Fleeing in fear.					
73071	all		Mole Machine Spawn			Deals $s1 damage every $t1 sec.					
73072	all		Summon Dark Iron Mole Machine								
73073	all		Summon								
73074	all		Summon Dark Iron Mole Machine								
73075	all		Taunt Morbidus		Taunts the target to attack you, but has no effect if the target is already attacking you.						
73076	all		Throw Shield		Hurl your shield at the enemy, dealing $s1 damage and stunning them for $d.	Stunned.					
73077	all		Rocket Pack								
73078	all		Frostmourne Room Teleport Visual								
73079	all		Plague Blast		Shoots poison at an enemy, inflicting Nature damage.						
73082	all		Deploy Radiageigatron		Sends a Radiageigatron out to the targeted area to measure radiation levels.						
73083	all		Become Random Undead								
73088	all		Awaken Undead								
73089	all		Forcecast Awaken Undead								
73091	all		Summon Civilian								
73092	all		Summon Recruit								
73095	all		Lilian Mirror Credit								
73096	all		Scarlet Cannibalize Credit and Quest Launch								
73098	all		Stun Self								
73104	all		Citizen Costume								
73114	all		Murloc Returned Trigger								
73115	all		Murloc Returned Kill Credit								
73117	all		Plague Sickness		Increases damage taken from Unbound Plague by $s1%.	Increases damage taken from Unbound Plague by $s1%.					
73119	all		[DND] Fire Visual								
73120	all		Guzzle Potions		Professor Putricide starts to drink every potion on the table!	Professor Putricide starts to drink every potion on the table!					
73121	all		Guzzle Potions		Professor Putricide starts to drink every potion on the table!	Professor Putricide starts to drink every potion on the table!					
73122	all		Guzzle Potions		Professor Putricide starts to drink every potion on the table!	Professor Putricide starts to drink every potion on the table!					
73126	all		Volcanoth!: Quest Invisibility 01								
73128	all		Talk								
73129	all		Talk								
73138	all		Borean Tundra - Valiance Keep Flavor - Queue - Reply Profession								
73139	all		Borean Tundra - Valiance Keep Flavor - Queue - Assign Profession - Soldier								
73140	all		Borean Tundra - Valiance Keep Flavor - Queue - Assign Profession - Civilian								
73142	all		Bone Spike Graveyard		Hurls a massive bone spike which impales any enemies in the way.	Conjuring bone spikes.					
73143	all		Bone Spike Graveyard		Hurls a massive bone spike which impales any enemies in the way.	Conjuring bone spikes.					
73144	all		Bone Spike Graveyard		Hurls a massive bone spike which impales any enemies in the way.	Conjuring bone spikes.					
73145	all		Bone Spike Graveyard		Hurls a massive bone spike which impales any enemies in the way.	Conjuring bone spikes.					
73146	all		Old Friends: Sassy Yell 01								
73152	all		Summon Worgen Infiltrator - Force Player Cast								
73157	all		Instakill Other								
73159	all		Play Movie								
73160	all		Launch Worgen Quest								
73161	all		Worgen Infiltrator Invisiblity - Quest Invis 1								
73164	all		Tap Valanar								
73165	all		Tap Valanar								
73168	all		Worgen Infiltrator - Stealth Trail Periodic								
73170	all		Tear Gas Periodic Trigger								
73173	all		Vile Gas		Deals $s1 damage to all friends within $a1 yards.						
73174	all		Vile Gas		Deals $s1 damage to all friends within $a1 yards.						
73175	all		Call of the Shoveltusk <DND>		Beckons the wild spirit of the Shoveltusk to bolster the spirits of the summoner.						
73176	all		Call of the Shoveltusk <DND>		Beckons the wild spirit of the Shoveltusk to bolster the spirits of the summoner.						
73177	all		Call of the Shoveltusk <DND>								
73178	all		Call of the Shoveltusk <DND>								
73189	all		Slime Spray		Deals $s1 damage to enemies in a cone infront of the enemy.						
73190	all		Slime Spray		Deals $s1 damage to enemies in a cone infront of the enemy.						
73202	all		Old Friends: Switch Seats								
73213	all		Emote - Shout (No Sheath)								
73218	all		Lilian Caged Kill Credit								
73219	all		Tirisfal: Annihilate the Worgen - Quest Complete								
73220	all		Emote - Sit (No Sheath)								
73221	all		Tirisfal: Beat Them, Then Eat Them - Quest Complete								
73251	all		Sapta Sight		Allows the imbiber to see elemental spirits.	Detect elemental spirits.					
73252	all		Kill								
73261	all		Scale Aura								
73288	all		Elemental Effect								
73300	all		Elemental Effect								
73313	spellbook	777	Crimson Deathcharger	Summon	Summons and dismisses your rideable Crimson Deathcharger.   This mount increases speed depending on your Riding Skill.	Increases speed depending on your Riding Skill.					
73320	all		Frostborn Illusion		Assume the form of a Frost Dwarf for $d.	Transformed into one of Yorg Stormheart's subjects.					
73323	all		Sapta Sight		Allows the imbiber to see elemental spirits.	Detect elemental spirits.					
73324	all		Portal: Dalaran		Creates a portal, teleporting group members that use it to Dalaran.						
73326	all		Tabard of the Lightbringer		Suffuses the wearer with the Light.	Suffused with the Light.					
73330	all		Emote - Question (No Sheath)								
73331	all		Lament of the Highborne		Summons Sylvanas's Lamenters.						
73332	all		Lament of the Highborne								
73333	all		Lament of the Highborne								
73342	all		1 Health								
73395	all		Elemental Credit								
73410	all		[DND] Put out Fire								
73412	all		[PH] Extinguish								
73414	all		Mine Disposal, The Goblin Way: Quest Invisibility 01								
73420	all		Ambassador Gaines TEST								
73421	all		Deathknell Class Training - Quest Complete								
73422	all		Chaos Bane		Unleashed Chaos Bane, granting $s1 strength for $d.	Strength Increased by $s1.					
73423	all		Quest Accept: Beat Them, Then Eat Them								
73435	all		Ever So Lonely: Quest Complete								
73436	all		Ever So Lonely: Objective Completion Logic								
73451	all		Lilian Voss Daughterhood Trigger								
73452	all		Lilian Voss Daughterhood Aura								
73454	all		Benedictus Voss Event KC								
73480	all		Instakill Vehicle Passenger 2								
73483	all		The Pride Of Kezan: Aggro Aura - Controller								
73484	all		The Pride Of Kezan: Aggro Aura - Effect								
73488	all		Life Siphon		Deals $s1 Shadow damage to an enemy target, healing the caster for 10 times the damage dealt.						
73489	all		Life Siphon								
73491	all		Flame Jet		Destroys Watery Servants.						
73492	all		Tidal Wave		Destroys Blazing Servants.						
73499	all		Shockwave		Destroys Earthen Servants.						
73501	all		Val'kyr Transform								
73513	all		A Daughter's Embrace: Quest Accept								
73525	all		Shadow Trap								
73529	all		Shadow Trap		Deals $s1 Shadow damage to all enemies within $a1 yards, knocking them back.						
73530	all		Shadow Trap								
73533	all		<INTERNAL>Fourth and Goal: Change Seats Spacer								
73535	all		Approved!								
73536	all		Trespasser!								
73537	all		No Man's Land			You are where you should not be...					
73539	all		Summon Shadow Trap								
73540	all		Summon Shadow Trap								
73548	all		Sear		Sears the target with flames.						
73553	all		Borean Tundra - Valiance Keep Flavor - Queue - Assign Profession - City								
73555	all		Water Bolt		Pelts the target with water.						
73556	all		Boulder		Tosses a boulder at the target.						
73567	all		Kaja'Cola Gives You IDEAS! (TM): Quest Dungeon Set 2.0 Invisibility								
73572	all		Spirit Bomb								
73574	all		Empowered		The Ancient Crystal has imbued you with elemental abilities to use against Twilight's Hammer elemental servants.	The Ancient Crystal has imbued you with elemental abilities to use against Twilight's Hammer elemental servants.					
73576	all		Explosion		Deals $s1 Shadow damage to all enemies within $a1 yards.						
73579	all		Summon Spirit Bomb								
73581	all		Summon Spirit Bomb								
73582	all		Trigger Vile Spirit (Inside, Heroic)								
73584	all		zzOLDMind Spike								
73585	all		zzOLDMind Spike								
73594	all		Free Their Minds: Quest Invisibility 01 - Ace								
73596	all		Free Their Minds: Quest Invisibility 02 - Izzy								
73598	all		Free Their Minds: Quest Invisibility 03 - Gobber								
73618	all		Close Escort: Catapult Movement Controller - Periodic								
73650	all		Restore Soul								
73653	all		Orc Class Ability Training Credit								
73654	all		Harvest Souls		Attempts to harvest the soul of all nearby enemies, dealing $s1 Shadow damage per second for $d. If a target is still alive after the channel is completed, that target's soul will be transfered into Frostmourne to be devoured.	Deals $s1 Shadow damage per second.					
73655	all		Harvest Soul		Slowly consumes the soul of the target, dealing $s1 Shadow damage per second.	Your soul is being consumed by Frostmourne.\nDeals $s1 Shadow damage per second.					
73656	all		Rwag's Stealth Detect Trigger								
73657	all		Rwag's Stealth Detect Aura								
73659	all		Harvest Soul								
73663	all		Valley of Trials Class Training - Quest Complete								
73665	all		zzOldSummon Sunwalker Kodo								
73666	all		zzOldSummon Exarch's Elekk								
73675	all		Scorpid Threat								
73676	all		Poison Extraction KC								
73697	all		Forcecast Summon Durotar Riding Wolf								
73707	all		Player Opens Den Cage								
73708	all		Defile		Deals Shadow damage per second to all enemies within the area. Every time an enemy takes damage from this effect, the damage and size of the area increases. Lasts 60 sec.						
73709	all		Defile		Deals Shadow damage per second to all enemies within the area. Every time an enemy takes damage from this effect, the damage and size of the area increases. Lasts 60 sec.						
73710	all		Defile		Deals Shadow damage per second to all enemies within the area. Every time an enemy takes damage from this effect, the damage and size of the area increases. Lasts 60 sec.						
73712	all		Arthas Court of Bones Exit Dummy								
73713	all		Grunt Groan Aura								
73714	all		Refresh Zone Auras Court of Bones								
73717	all		Launch Loss Reduction								
73725	all		[DND] Test Cheer								
73732	all		Drowning Descent								
73740	all		Ram		Rams any enemies in front of the demolisher, dealing $s2 damage and knocking them back. Also deals $s3 siege damage to nearby structures.						
73743	all		Teleport to Razor Hill Guard Tower								
73750	all		Durotar Watershed Quest Kill Credit 1								
73751	all		Durotar Watershed Quest Kill Credit 2								
73752	all		Durotar Watershed Quest Kill Credit 3								
73753	all		Durotar Watershed Quest Kill Credit 4								
73754	all		Durotar Watershed - Quest Completion Checker								
73761	all		Icecrown Player Power Increase Primer								
73762	all		Strength of Wrynn		The King of Stormwind lends you his strength, increasing total health, healing done, damage absorption, and damage dealt by $s1%.	Health increased by $s1%.\nHealing and absorption effects increased by $s2%.\nDamage dealt increased by $s3%.					
73770	all		[DND] Salute Quest Valid								
73771	all		[DND] Salute Quest Credit								
73772	all		Empowered		The Ancient Crystal has imbued you with elemental abilities to use against Twilight's Hammer elemental servants.	The Ancient Crystal has imbued you with elemental abilities to use against Twilight's Hammer elemental servants.					
73773	all		Ice Burst		Deals $s2 Frost damage to all enemies within $a1 yards, knocking them back.						
73774	all		Ice Burst		Deals $s2 Frost damage to all enemies within $a1 yards, knocking them back.						
73775	all		Ice Burst		Deals $s2 Frost damage to all enemies within $a1 yards, knocking them back.						
73776	all		Ice Pulse		Deals $s1 Frost damage to all enemies within $a1 yards of the target.						
73777	all		Ice Pulse		Deals $s1 Frost damage to all enemies within $a1 yards of the target.						
73778	all		Ice Pulse		Deals $s1 Frost damage to all enemies within $a1 yards of the target.						
73779	all		Infest		Deals $s2 Shadow damage to all enemy players within $a1 yards. In addition, the targets will take increasing Shadow damage per second. This effect is removed when the target has more than 90% health.	Deals increasing Shadow damage per second.\nRemoved when target has more than 90% health.					
73780	all		Infest		Deals $s2 Shadow damage to all enemy players within $a1 yards. In addition, the targets will take increasing Shadow damage per second. This effect is removed when the target has more than 90% health.	Deals increasing Shadow damage per second.\nRemoved when target has more than 90% health.					
73781	all		Infest		Deals $s2 Shadow damage to all enemy players within $a1 yards. In addition, the targets will take increasing Shadow damage per second. This effect is removed when the target has more than 90% health.	Deals increasing Shadow damage per second.\nRemoved when target has more than 90% health.					
73782	all		Life Siphon		Deals $s1 Shadow damage to an enemy target, healing the caster for 10 times the damage dealt.						
73783	all		Life Siphon		Deals $s1 Shadow damage to an enemy target, healing the caster for 10 times the damage dealt.						
73784	all		Life Siphon		Deals $s1 Shadow damage to an enemy target, healing the caster for 10 times the damage dealt.						
73785	all		Necrotic Plague		Infests the target with a deadly plague, causing $s1 Shadow damage every $t1 sec for $d. If the target dies while afflicted or the effect ends, this effect will gain an additional stack and jump to a nearby unit. If this effect is dispeled, it will lose a stack and jump to a nearby unit. Whenever this effect jumps, The Lich King's power will increase.	Deals $s1 Shadow damage every $t1 sec.\nJumps to nearby target when removed or host dies.					
73786	all		Necrotic Plague		Infests the target with a deadly plague, causing $s1 Shadow damage every $t1 sec for $d. If the target dies while afflicted or the effect ends, this effect will gain an additional stack and jump to a nearby unit. If this effect is dispeled, it will lose a stack and jump to a nearby unit. Whenever this effect jumps, The Lich King's power will increase.	Deals $s1 Shadow damage every $t1 sec.\nJumps to nearby target when removed or host dies.					
73787	all		Necrotic Plague		Infests the target with a deadly plague, causing $s1 Shadow damage every $t1 sec for $d. If the target dies while afflicted or the effect ends, this effect will gain an additional stack and jump to a nearby unit. If this effect is dispeled, it will lose a stack and jump to a nearby unit. Whenever this effect jumps, The Lich King's power will increase.	Deals $s1 Shadow damage every $t1 sec.\nJumps to nearby target when removed or host dies.					
73788	all		Pain and Suffering		Deals $s2 Shadow damage in a cone effect in front of the caster. In addition, the targets will take $s3 Shadow damage per second for $d.	Deals $s3 Shadow damage per second.					
73789	all		Pain and Suffering		Deals $s2 Shadow damage in a cone effect in front of the caster. In addition, the targets will take $s3 Shadow damage per second for $d.	Deals $s3 Shadow damage per second.					
73790	all		Pain and Suffering		Deals $s2 Shadow damage in a cone effect in front of the caster. In addition, the targets will take $s3 Shadow damage per second for $d.	Deals $s3 Shadow damage per second.					
73791	all		Remorseless Winter		Creates a massive winter storm, dealing $s1 Frost damage per second to all surrounding enemies within $a1 yards.						
73792	all		Remorseless Winter		Creates a massive winter storm, dealing $s1 Frost damage per second to all surrounding enemies within $a1 yards.						
73793	all		Remorseless Winter		Creates a massive winter storm, dealing $s1 Frost damage per second to all surrounding enemies within $a1 yards.						
73794	all		Shockwave		Sends a wave of force in front of the caster, causing $s1% weapon damage in a $a1 yard cone.	Stunned.					
73795	all		Shockwave		Sends a wave of force in front of the caster, causing $s1% weapon damage in a $a1 yard cone.	Stunned.					
73796	all		Shockwave		Sends a wave of force in front of the caster, causing $s1% weapon damage in a $a1 yard cone.	Stunned.					
73797	all		Soul Reaper		Strikes the target for $s1% weapon damage and afflicts the target with Soul Reaper. This effect deals $s2 Shadow damage after $d and increases the caster's haste by $69410s1% for $69410d.	Deals $s2 Shadow damage and the caster gains $69410s1% bonus physical damage after $d.					
73798	all		Soul Reaper		Strikes the target for $s1% weapon damage and afflicts the target with Soul Reaper. This effect deals $s2 Shadow damage after $d and increases the caster's haste by $69410s1% for $69410d.	Deals $s2 Shadow damage and the caster gains $69410s1% bonus physical damage after $d.					
73799	all		Soul Reaper		Strikes the target for $s1% weapon damage and afflicts the target with Soul Reaper. This effect deals $s2 Shadow damage after $d and increases the caster's haste by $69410s1% for $69410d.	Deals $s2 Shadow damage and the caster gains $69410s1% bonus physical damage after $d.					
73800	all		Soul Shriek		Deals $s1 Shadow damage to all enemies in a $a1 yard cone in front of the caster, silencing them for $d.	Silenced.					
73801	all		Soul Shriek		Deals $s1 Shadow damage to all enemies in a $a1 yard cone in front of the caster, silencing them for $d.	Silenced.					
73802	all		Soul Shriek		Deals $s1 Shadow damage to all enemies in a $a1 yard cone in front of the caster, silencing them for $d.	Silenced.					
73803	all		Explosion		Deals $s1 Shadow damage to all enemies within $a1 yards.						
73804	all		Explosion		Deals $s1 Shadow damage to all enemies within $a1 yards.						
73805	all		Explosion		Deals $s1 Shadow damage to all enemies within $a1 yards.						
73806	all		Spirit Burst		Sacrifices the caster, dealing $s1 Shadow damage to all enemies within $a1 yards.						
73807	all		Spirit Burst		Sacrifices the caster, dealing $s1 Shadow damage to all enemies within $a1 yards.						
73808	all		Spirit Burst		Sacrifices the caster, dealing $s1 Shadow damage to all enemies within $a1 yards.						
73809	all		Citizen Costume								
73810	all		Citizen Costume								
73811	all		Citizen Costume								
73812	all		Citizen Costume								
73813	all		Citizen Costume								
73814	all		Citizen Costume								
73815	all		Citizen Costume								
73816	all		Hellscream's Warsong		The warsong of Hellscream fills you with strength, increasing total health, healing done, damage absorption, and damage dealt by $s1%.	Health increased by $s1%.\nHealing and absorption effects increased by $s2%.\nDamage dealt increased by $s3%.					
73818	all		Hellscream's Warsong		The warsong of Hellscream fills you with strength, increasing total health, healing done, damage absorption, and damage dealt by $s1%.	Health increased by $s1%.\nHealing and absorption effects increased by $s2%.\nDamage dealt increased by $s3%.					
73819	all		Hellscream's Warsong		The warsong of Hellscream fills you with strength, increasing total health, healing done, damage absorption, and damage dealt by $s1%.	Health increased by $s1%.\nHealing and absorption effects increased by $s2%.\nDamage dealt increased by $s3%.					
73820	all		Hellscream's Warsong		The warsong of Hellscream fills you with strength, increasing total health, healing done, damage absorption, and damage dealt by $s1%.	Health increased by $s1%.\nHealing and absorption effects increased by $s2%.\nDamage dealt increased by $s3%.					
73821	all		Hellscream's Warsong		The warsong of Hellscream fills you with strength, increasing total health, healing done, damage absorption, and damage dealt by $s1%.	Health increased by $s1%.\nHealing and absorption effects increased by $s2%.\nDamage dealt increased by $s3%.					
73822	all		Hellscream's Warsong		The warsong of Hellscream fills you with strength, increasing total health, healing done, damage absorption, and damage dealt by $s1%.	Health increased by $s1%.\nHealing and absorption effects increased by $s2%.\nDamage dealt increased by $s3%.					
73823	all		Harvest Souls								
73824	all		Strength of Wrynn		The King of Stormwind lends you his strength, increasing total health, healing done, damage absorption, and damage dealt by $s1%.	Health increased by $s1%.\nHealing and absorption effects increased by $s2%.\nDamage dealt increased by $s3%.					
73825	all		Strength of Wrynn		The King of Stormwind lends you his strength, increasing total health, healing done, damage absorption, and damage dealt by $s1%.	Health increased by $s1%.\nHealing and absorption effects increased by $s2%.\nDamage dealt increased by $s3%.					
73826	all		Strength of Wrynn		The King of Stormwind lends you his strength, increasing total health, healing done, damage absorption, and damage dealt by $s1%.	Health increased by $s1%.\nHealing and absorption effects increased by $s2%.\nDamage dealt increased by $s3%.					
73827	all		Strength of Wrynn		The King of Stormwind lends you his strength, increasing total health, healing done, damage absorption, and damage dealt by $s1%.	Health increased by $s1%.\nHealing and absorption effects increased by $s2%.\nDamage dealt increased by $s3%.					
73828	all		Strength of Wrynn		The King of Stormwind lends you his strength, increasing total health, healing done, damage absorption, and damage dealt by $s1%.	Health increased by $s1%.\nHealing and absorption effects increased by $s2%.\nDamage dealt increased by $s3%.					
73829	all		[DND] Dance Quest Valid								
73830	all		[DND] Dance Quest Credit								
73831	all		[DND] Roar Quest Valid								
73832	all		[DND] Roar Quest Credit								
73833	all		[DND] Cheer Quest Credit								
73834	all		[DND] Cheer Quest Valid								
73835	all		[DND] Test Salute								
73836	all		[DND] Test Roar								
73837	all		[DND] Test Dance								
73842	all		Teleport and Cancel Hunting								
73843	all		Award Reputation - Boss Kill								
73844	all		Award Reputation: 50								
73845	all		Award Reputation: 50								
73846	all		Award Reputation - Boss Kill								
73849	all		The Wolf - Periodic Kodo Trigger								
73850	all		The Wolf - Periodic Kodo Aura								
73870	all		A Shaman's Fable - Quest Credit								
73875	all		The Wolf - Approach Kodo								
73878	all		Boss Hittin' Ya								
73879	all		Boss Hittin' Ya								
73885	all		Quest Accept: A Shaman's Fable								
73886	all		[DND] Test Stop Dance								
73895	all		Good-bye, Sweet Oil: Quest Invisibility								
73896	all		Mount Up								
73906	all		Quest Credit								
73910	all		Ron's Test Fireball								
73912	all		Necrotic Plague		Infests the target with a deadly plague, causing $s1 Shadow damage every $t1 sec for $d. If the target dies while afflicted or the effect ends, this effect will gain an additional stack and jump to a nearby unit. If this effect is dispeled, it will lose a stack and jump to a nearby unit. Whenever this effect jumps, The Lich King's power will increase.	Deals $s1 Shadow damage every $t1 sec.\nJumps to nearby target when removed or host dies.					
73913	all		Necrotic Plague		Infests the target with a deadly plague, causing $s1 Shadow damage every $t1 sec for $d. If the target dies while afflicted or the effect ends, this effect will gain an additional stack and jump to a nearby unit. If this effect is dispeled, it will lose a stack and jump to a nearby unit. Whenever this effect jumps, The Lich King's power will increase.	Deals $s1 Shadow damage every $t1 sec.\nJumps to nearby target when removed or host dies.					
73914	all		Necrotic Plague		Infests the target with a deadly plague, causing $s1 Shadow damage every $t1 sec for $d. If the target dies while afflicted or the effect ends, this effect will gain an additional stack and jump to a nearby unit. If this effect is dispeled, it will lose a stack and jump to a nearby unit. Whenever this effect jumps, The Lich King's power will increase.	Deals $s1 Shadow damage every $t1 sec.\nJumps to nearby target when removed or host dies.					
73915	all		Kill Chip Endale Quests: Quest Complete								
73916	all		Conflagration		Deals $s1 Fire damage to nearby allies.						
73922	all		Citizen Costume								
73923	all		Citizen Costume								
73924	all		Citizen Costume								
73925	all		Citizen Costume								
73927	all		Citizen Costume								
73928	all		Citizen Costume								
73929	all		Citizen Costume								
73930	all		Citizen Costume								
73931	all		Citizen Costume								
73932	all		Citizen Costume								
73933	all		Citizen Costume								
73934	all		Citizen Costume								
73935	all		Citizen Costume								
73936	all		Citizen Costume								
73937	all		Citizen Costume								
73938	all		Citizen Costume								
73939	all		Citizen Costume								
73940	all		Citizen Costume								
73941	all		Citizen Costume								
73942	all		Citizen Costume								
73943	all		Motivate		Motivates a Gnome Citizen to enlist.						
73952	all		Motivate								
73953	all		Motivate								
73954	all		[DND] Persuaded								
73955	all		[DND] Persuaded								
73957	all		Prophecies of Doom Quest Credit								
73960	all		[DND] Persuaded								
73961	all		Icecrown - Reputation Ring - Strength Path								
73962	all		Kill Candy Cane Quests: Quest Complete								
73965	all		Summon Cat Minion								
73968	all		Summon Bunny Minion								
73973	all		Poster Location Marker	Rank 1							
73980	all		[DND] Random Talk								
73985	all		[DND] Random Talk								
74026	all		The Slave Pits: Quest Invisibility 01								
74027	all		<INTERNAL>Orgimmar Portal Teleport to Vashj'ir (Legion's Rest)								
74033	all		Place Poster		Place a warning poster near one of the green markers in the Valley of Strength.						
74034	all		Motivated			Deliver this new recruit to Captain Tread Sparknozzle in this time or the gnome will lose interest!					
74035	all		Motivate		Motivates a Gnome Citizen to enlist.						
74046	all		Motivate								
74062	all		Motivate								
74063	all		Ron's Test Frostbolt								
74069	all		Spawn Invisibility Aura								
74071	all		Motivate								
74074	all		Plague Siphon			Increases physical damage dealt by $s1%.\nStack increases each time Nectrotic Plague jumps.					
74079	all		Elemental Blessing			The elements have granted you water walking, increased health and increased health regeneration.					
74080	all		Motivate		Motivates a Gnome Citizen to enlist.						
74081	all		Summon Broken Frostmourne								
74082	all		Drake Whisper								
74086	all		Destroy Soul								
74090	all		Kill All Players								
74092	all		EI Phase			You feel at peace with the world.					
74098	all		Place Poster		Place a warning poster near a green marker in Stormwind.						
74099	all		Summon Orgrimmar Citizen								
74102	all		Close Escort: Bunny to Character - Ambush A								
74111	all		[DND] Create Motivateatron								
74115	all		Pain and Suffering		Lashes out at all targets behind the caster, dealing $74117s1 Shadow damage per second.						
74116	all		Pain and Suffering								
74117	all		Pain and Suffering		Lashes out at all targets behind the caster, dealing $74117s1 Shadow damage per second.						
74118	all		Ooze Variable		You have the Ooze Variable! You will be targeted with things that also have the Ooze trait alsoyou are unable to harm Gaseous creatures.	You will be targeted with things that also have the Ooze trait.\nYou are unable to harm Gaseous creatures.					
74119	all		Gas Variable		You have the Gas Variable! You will be targeted with things that also have the Gas trait and are unable to harm Ooze creatures.	You will be targeted with things that also have the Gas trait.\nYou are also unable to harm Ooze creatures.					
74120	all		Summon Poster Visual								
74125	all		Summon Creator Spell Test								
74144	all		Poster Location Marker								
74148	all		Perform Speech		Give a speech from one of Toby's prepared speeches.						
74152	all		Astral Rain								
74153	all		Eject!		Eject!						
74154	all		Speech Performed								
74155	all		Speech Performed								
74156	all		Speech Performed								
74157	all		Left Leg		Test the left leg servos.						
74159	all		Right Leg		Test the right leg servos.						
74160	all		Evasive Maneuvers		Evasive maneuvers, patern delta!						
74162	all		Defile								
74163	all		Defile								
74164	all		Defile								
74166	all		Mount Up								
74167	all		Up to the Citadel: Cast from Gossip - Alliance								
74174	all		Shoot		Test fires a spread of harmless pellets.						
74178	all		Shoot								
74179	all		Shoot		Test the right leg servos.						
74181	all		Self Destruct								
74182	all		Shoot								
74184	all		Shoot Credit								
74185	all		Shoot Response								
74203	all		Summon Tank								
