spell_id	priority	skill_line_ids	name_en	rank_en	description_en	tooltip_en	name_zh	rank_zh	description_zh	tooltip_zh	notes
17073	spellbook	573	Naturalist	Rank 5	Reduces the cast time of your Healing Touch spell by $/1000;S1 sec and increases the damage you deal with physical attacks in all forms by $s2%.						
17074	spellbook	573	Improved Regrowth	Rank 1	Increases the critical effect chance of your Regrowth spell by $s1%.						
17075	spellbook	573	Improved Regrowth	Rank 2	Increases the critical effect chance of your Regrowth spell by $s1%.						
17076	spellbook	573	Improved Regrowth	Rank 3	Increases the critical effect chance of your Regrowth spell by $s1%.						
17077	spellbook	573	Improved Regrowth	Rank 4	Increases the critical effect chance of your Regrowth spell by $s1%.						
17078	spellbook	573	Improved Regrowth	Rank 5	Increases the critical effect chance of your Regrowth spell by $s1%.						
17080	all		Intensity	Rank 1							
17081	all		Improved Enrage	Rank 2							
17085	all		Player Released Thistle Bear								
17086	all		Breath		Onyxia's flaming breath hits all enemies on the ground for $s1 Fire damage.						
17087	all		Breath		Onyxia's flaming breath hits all enemies on the ground for $s1 Fire damage.						
17088	all		Breath		Onyxia's flaming breath hits all enemies on the ground for $s1 Fire damage.						
17089	all		Breath		Onyxia's flaming breath hits all enemies on the ground for $s1 Fire damage.						
17090	all		Breath		Onyxia's flaming breath hits all enemies on the ground for $s1 Fire damage.						
17091	all		Breath		Onyxia's flaming breath hits all enemies on the ground for $s1 Fire damage.						
17092	all		Breath		Onyxia's flaming breath hits all enemies on the ground for $s1 Fire damage.						
17093	all		Breath		Onyxia's flaming breath hits all enemies on the ground for $s1 Fire damage.						
17094	all		Breath		Onyxia's flaming breath hits all enemies on the ground for $s1 Fire damage.						
17095	all		Breath		Onyxia's flaming breath hits all enemies on the ground for $s1 Fire damage.						
17097	all		Breath		Onyxia's flaming breath hits all enemies on the ground for $s1 Fire damage.						
17099	all		Furor		Gives you a chance to gain $/10;17057s1 Rage when you shapeshift into Bear and Dire Bear Form, and you keep a portion of your Energy when you shapeshift into Cat Form, and increases your total Intellect while in Moonkin form.						
17104	spellbook	573	Gift of Nature	Rank 1	Increases the effect of all healing spells by $s1%.						
17105	all		Banshee Curse		Reduces an enemy's chance to hit by $s1% for $d.	Chance to hit reduced by $s1%.					
17106	spellbook	573	Intensity	Rank 1	Allows $s1% of your Mana regeneration to continue while casting and causes your Enrage ability to instantly generate $/10;17080s1 rage.						
17107	spellbook	573	Intensity	Rank 2	Allows $s1% of your Mana regeneration to continue while casting and causes your Enrage ability to instantly generate $/10;35358s1 rage.						
17108	spellbook	573	Intensity	Rank 3	Allows $s1% of your Mana regeneration to continue while casting and causes your Enrage ability to instantly generate $/10;35359s1 rage.						
17111	spellbook	573	Improved Rejuvenation	Rank 1	Increases the effect of your Rejuvenation spell by $s1%.						
17112	spellbook	573	Improved Rejuvenation	Rank 2	Increases the effect of your Rejuvenation spell by $s1%.						
17113	spellbook	573	Improved Rejuvenation	Rank 3	Increases the effect of your Rejuvenation spell by $s1%.						
17114	all		Improved Rejuvenation	Rank 4	Increases the effect of your Rejuvenation spell by $s1%.						
17115	all		Improved Rejuvenation	Rank 5	Increases the effect of your Rejuvenation spell by $s1%.						
17116	spellbook	573	Nature's Swiftness		When activated, your next Nature spell becomes an instant cast spell.	Your next Nature spell will be an instant cast spell.					
17117	all		Magatha Incendia Powder		Magatha Conjure's Incendia Powder						
17118	spellbook	573	Subtlety	Rank 1	Reduces the threat generated by your spells by $s1% and reduces the chance your spells will be dispelled by $s2%.						
17119	spellbook	573	Subtlety	Rank 2	Reduces the threat generated by your spells by $s1% and reduces the chance your spells will be dispelled by $s2%.						
17120	spellbook	573	Subtlety	Rank 3	Reduces the threat generated by your spells by $s1% and reduces the chance your spells will be dispelled by $s2%.						
17121	spellbook	573	Subtlety	Rank 4	Reduces the threat generated by your spells by $s1% and reduces the chance your spells will be dispelled by $s2%.						
17122	spellbook	573	Subtlety	Rank 5	Reduces the threat generated by your spells by $s1% and reduces the chance your spells will be dispelled by $s2%.						
17123	spellbook	573	Improved Tranquility	Rank 1	Reduces threat caused by Tranquility by $s1%.						
17124	spellbook	573	Improved Tranquility	Rank 2	Reduces threat caused by Tranquility by $s1%.						
17131	all		Hover								
17132	all		Pamela's Doll Trap								
17133	all		Create Pamela's Doll		Attach the pieces into a whole.						
17134	all		Musty Tome Trap			Movement speed reduced by $s1%.\nIncreases time between attacks by $s2%.					
17136	all		Onyxia Trans								
17137	all		Flash Heal		Calls upon Holy magic to heal an ally.						
17138	all		Flash Heal		Calls upon Holy magic to heal an ally.						
17139	all		Power Word: Shield		Wraps an ally in a shield that lasts up to $d, absorbing Physical or magical damage. While the shield holds, spells will not be interrupted by Physical attacks.	Shielded against Physical and magical damage.					
17140	all		Holy Fire		Consumes an enemy in flames, burning it and inflicting additional Fire damage every $t2 sec. over $d.	Fire damage inflicted every $t2 sec.					
17141	all		Holy Fire		Consumes an enemy in flames, burning it and inflicting additional Fire damage every $t2 sec. over $d.	Fire damage inflicted every $t2 sec.					
17142	all		Holy Fire		Consumes an enemy in flames, burning it and inflicting additional Fire damage every $t2 sec. over $d.	Fire damage inflicted every $t2 sec.					
17143	all		Holy Strike		Consecrates the caster's weapon, inflicting additional damage on its next attack. All damage inflicted is based on Holy magic.						
17144	all		Wrath		Blasts a target for $s1 Nature damage.						
17145	all		Blast Wave		Unleashes a wave of flame, inflicting Fire damage to nearby enemies and reducing their movement speed for $d.	Reduced movement speed.					
17146	all		Shadow Word: Pain		Utters a word of darkness, inflicting Shadow damage to an enemy every $t1 sec. for $d.	Shadow damage inflicted every $t1 sec.					
17147	all		Exorcism		Inflicts Holy damage to an undead enemy.						
17148	all		Brain Hacker		Wounds the target for $s1 damage and lowers Intellect of target by $s2 for $d.	Lowered Intellect.					
17149	all		Exorcism		Inflicts Holy damage to an undead enemy.						
17150	all		Arcane Might		Increases the magical damage dealt by an ally by $s1 for $d.	Magical damage dealt is increased by $s1.					
17151	all		Shadow Barrier		Reduces the Shadow damage taken by an ally by $s1 for $d.	Shadow damage taken is reduced by $s1.					
17152	all		Destiny		Increases Strength by $s1 for $d.	Strength increased by $s1.					
17153	all		Rend		Wounds the target causing them to bleed for $o1 damage over $d.	Bleeding for $s1 damage every $t1 sec.					
17154	all		The Green Tower	Rank 1	Causes $s1 Nature damage to attackers when hit and increases Nature resistance by $s2 for $d.	Increased Nature resistance and inflicts $s1 Nature damage to attackers.					
17155	all		Sprinkling Purified Water		Douses the flames off the braziers found within Jaedenar and dispels their protective magic.						
17156	all		Maul		Adds $s1 damage to the next attack.						
17157	all		Lightning Breath		Breathes lightning at an enemy, inflicting Nature damage.						
17158	all		Venom Spit		Spits poison at an enemy, causing harm and inflicting additional Nature damage every $t2 sec. for $d.	Nature damage inflicted every $t2 sec.					
17159	all		Port to Haleh								
17160	all		Port to Mazthoril								
17161	all		Taking Moon Well Sample		This container should be filled with water from the corrupt moon well in Jaedenar.						
17162	all		Summon Water Elemental		Summon a Water Elemental to fight for the caster for $d.						
17163	all		Unsummon Mechanical Yeti								
17164	all		Summon Scarlet Hound		Summons $s1 $lScarlet Hound:Scarlet Hounds; to accompany the caster until dismissed.						
17165	all		Mind Flay		Inflicts Shadow damage to an enemy and reduces its movement speed for $d.	Shadow damage inflicted over $d.\nReduced movement speed.					
17166	all		Release Umi's Yeti		Select Umi's friend and click to release the Mechanical Yeti.						
17167	all		Blue Flight								
17168	all		Haleh's Will			You've been kicked!					
17169	all		Summon Carrion Scarab								
17170	all		Fatal Sting		Stings an enemy and inflicts additional Nature damage every $t2 sec. for $d. Caster must be very badly wounded in order to cast this spell.	Nature damage inflicted every $t2 sec.					
17171	all		Shadow Shot		Shoots an enemy, inflicting Shadow damage.						
17172	all		Hex		Transforms an enemy into a frog, rendering it unable to attack or cast spells for $d.	Hexed.					
17173	all		Drain Life		Drains health from an enemy over $d., transferring it to the caster.	$o1 health leeched over $d.					
17174	all		Concussive Shot		Dazes an enemy, reducing its movement speed by $s1% for $d.	Movement speed reduced by $s1%.					
17175	all		Resist Arcane		Increases an ally's Arcane resistance by $s1 for $d.	Arcane resistance increased by $s1.					
17176	all		Panther Cage Key		Opens Panther Cage						
17177	all		Seal of Protection		Protects a targeted party member from all attacks for $d., as well as preventing it from attacking or using abilities. Players may only have one seal on them per paladin at any one time.	Immune to Physical attack.\nCannot attack or use abilities.					
17178	all		Alex's Audacity		Defense +1000. Consider yourself born again hardcore!						
17179	all		Boon of Life		Use on Ras Frostwhisper, the lich, to make him mortal.						
17180	spellbook	333	Enchanted Thorium								
17181	spellbook	333	Enchanted Leather								
17183	all		Poison		Poisons target for $s1 Nature damage every $t1 sec for $d.	$s1 Nature damage inflicted every $t1 sec.					
17186	all		Ras Becomes a Boy!								
17187	spellbook	171	Transmute: Arcanite		Turns a bar of Thorium and an Arcane Crystal into Arcanite.						
17189	all		Frostwhisper's Lifeblood								
17190	all		Ras Frostwhisper Visual Dummy								
17191	spellbook	56	Improved Renew	Rank 3	Increases the amount healed by your Renew spell by $s1%.						
17194	all		Mind Blast		Inflicts Shadow damage to an enemy, but causes a high amount of threat.						
17195	all		Scorch		Scorches an enemy for Fire damage.						
17196	all		Seeping Willow		Lowers all stats by $s2 and deals $s1 Nature damage every $t1 sec to all enemies within an $a1 yard radius of the caster for $d.	All stats lowered by $s2 and periodic Nature damage.					
17197	all		Maggot Goo		Poisons nearby enemies for $s1 damage, then inflicts an additional $s2 Nature damage every $t2 sec. for $d.	$s2 Nature damage inflicted every $t2 sec.					
17198	all		Overpower		Instantly overpowers an enemy, causing weapon damage plus $s1. Can only be used after the target dodges. Overpower cannot be blocked, dodged, or parried.						
17199	all		Fire Cannon								
17200	all		Call of the Hero								
17201	all		Dispel Magic		Dispels magic on an ally, removing $s1 harmful $lspell:spells;.						
17202	all		Avenge								
17203	all		Fireball Volley		Inflicts Fire damage to nearby enemies.						
17204	all		Summon Skeleton		Summons $s1 $lSkeleton:Skeletons; to aid the caster in battle for $d.						
17205	all		Winterfall Firewater		Increases the caster's melee attack power by $s1 for $d.	Melee attack power increased by $s1.					
17206	all		DEPRECATED PET SCALING		If you see this, report this!						
17207	all		Whirlwind		Attacks nearby enemies in a whirlwind of steel that lasts $d. and inflicts normal damage plus $15576s1.	Attacking all nearby enemies for normal damage plus $15576s1.					
17208	all		DEPRECATED PET SCALING		If you see this, report this!						
17209	all		DEPRECATED PET SCALING		If you see this, report this!						
17210	all		DEPRECATED PET SCALING		If you see this, report this!						
17211	all		DEPRECATED PET SCALING		If you see this, report this!						
17212	all		DEPRECATED PET SCALING		If you see this, report this!						
17213	all		Curse of Vengeance		Reduces the Spirit of an enemy by $s1% for $d.	Spirit reduced by $s1%.					
17214	all		DEPRECATED PET SCALING		If you see this, report this!						
17215	all		DEPRECATED PET SCALING		If you see this, report this!						
17216	all		DEPRECATED PET SCALING		If you see this, report this!						
17217	all		DEPRECATED PET SCALING		If you see this, report this!						
17218	all		DEPRECATED PET SCALING		If you see this, report this!						
17219	all		DEPRECATED PET SCALING		If you see this, report this!						
17220	all		DEPRECATED PET SCALING		If you see this, report this!						
17221	all		DEPRECATED PET SCALING		If you see this, report this!						
17222	all		DEPRECATED PET SCALING		If you see this, report this!						
17223	all		DEPRECATED PET SCALING		If you see this, report this!						
17224	all		Upgrade Zigguraut								
17225	all		Upgrade Zigguraut								
17226	all		Upgrade Zigguraut								
17227	all		Curse of Weakness		Reduces the Physical damage dealt by an enemy by $s1 for $d. Only one curse per warlock can be active on any one target.	Physical damage dealt is reduced by $s1.					
17228	all		Shadow Bolt Volley		Hurls missiles of dark magic, inflicting Shadow damage to nearby enemies.						
17229	spellbook	777	Winterspring Frostsaber		Summons and dismisses a rideable Winterspring Frostsaber.   This mount increases speed depending on your Riding Skill.	Increases speed depending on your Riding Skill.					
17230	all		Infected Wound		Increases the Physical damage taken by an enemy by $s1 for $d.	Physical damage taken is increased by $s1.					
17231	all		Summon Illusory Wraith		Summons $s1 $lIllusory Wraith:Illusory Wraiths; to aid the caster in battle for $d.						
17232	all		Devotion Aura		Gives $s1 additional armor to nearby party members for $d. Players may only have one aura on them per paladin at any one time.	Armor increased by $s1.					
17233	all		Lay on Hands	Rank 1	Heals an ally for an amount equal to the caster's maximum health. Drains all of the caster's remaining mana when used.						
17234	all		Shadow Shock		Instantly lashes an enemy with dark magic, inflicting Shadow damage.						
17235	all		Raise Undead Scarab		Summons an Undead Scarab.						
17236	all		Upgrade Zigguraut								
17237	all		Upgrade Zigguraut								
17238	all		Drain Life		Drains health from an enemy over $d, transferring it to the caster.	$o1 health leeched over $d.					
17239	all		Upgrade Zigguraut								
17240	all		Upgrade Zigguraut								
17241	all		Upgrade Zigguraut								
17242	all		Upgrade Zigguraut								
17243	all		Drain Mana		Drains up to $o1 mana from an enemy over $d. and transfers it to the caster.	$o1 mana leeched over $d.					
17244	all		Possess		Takes control of a humanoid enemy up to level $s1 for $d. and increases its maximum health by $s3%.	Charmed.\nMaximum health increased by $s3.					
17245	spellbook	574	Improved Nature's Grasp	Rank 1	Increases the chance for your Nature's Grasp to entangle an enemy by $s1%.						
17246	all		Possessed			Charmed.\nDamage dealt is increased by $s1%.					
17247	spellbook	574	Improved Nature's Grasp	Rank 2	Increases the chance for your Nature's Grasp to entangle an enemy by $s1%.						
17248	spellbook	574	Improved Nature's Grasp	Rank 3	Increases the chance for your Nature's Grasp to entangle an enemy by $s1%.						
17249	spellbook	574	Improved Nature's Grasp	Rank 4	Increases the chance for your Nature's Grasp to entangle an enemy by $s1%.						
17250	all		Possess								
17251	all		Spirit Healer Res								
17252	all		Mark of the Dragon Lord		A protective mana shield surrounds the caster absorbing 500 damage. While the shield holds, increases mana regeneration by $s2 every $t2 sec for $d.	Absorbs damage and increases mana regeneration by $s2 every $t2 sec.					
17253	spellbook	203,208,209,210,211,212,213,215,217,218,251,653,654,656,763,764,766,767,768,775,785	Bite	Rank 1	Bite the enemy, causing $s1 damage.						
17254	all		Bite	Rank 1							
17255	spellbook	203,208,209,210,211,212,213,215,217,218,251,653,654,656,763,764,766,767,768,775,785	Bite	Rank 2	Bite the enemy, causing $s1 damage.						
17256	spellbook	203,208,209,210,211,212,213,215,217,218,251,653,654,656,763,764,766,767,768,775,785	Bite	Rank 3	Bite the enemy, causing $s1 damage.						
17257	spellbook	203,208,209,210,211,212,213,215,217,218,251,653,654,656,763,764,766,767,768,775,785	Bite	Rank 4	Bite the enemy, causing $s1 damage.						
17258	spellbook	203,208,209,210,211,212,213,215,217,218,251,653,654,656,763,764,766,767,768,775,785	Bite	Rank 5	Bite the enemy, causing $s1 damage.						
17259	spellbook	203,208,209,210,211,212,213,215,217,218,251,653,654,656,763,764,766,767,768,775,785	Bite	Rank 6	Bite the enemy, causing $s1 damage.						
17260	spellbook	203,208,209,210,211,212,213,215,217,218,251,653,654,656,763,764,766,767,768,775,785	Bite	Rank 7	Bite the enemy, causing $s1 damage.						
17261	spellbook	203,208,209,210,211,212,213,215,217,218,251,653,654,656,763,764,766,767,768,775,785	Bite	Rank 8	Bite the enemy, causing $s1 damage.						
17262	all		Bite	Rank 2							
17263	all		Bite	Rank 3							
17264	all		Bite	Rank 4							
17265	all		Bite	Rank 5							
17266	all		Bite	Rank 6							
17267	all		Bite	Rank 7							
17268	all		Bite	Rank 8							
17269	all		Create Resonating Skull								
17270	all		Create Bone Dust								
17271	all		Test Fetid Skull		Wave over a Fetid skull to test its resonance.						
17272	all		Summon								
17273	all		Pyroblast		Inflicts Fire damage to an enemy, then additional damage every $t2 sec. for $d.	Fire damage inflicted every $t2 sec.					
17274	all		Pyroblast		Inflicts Fire damage to an enemy, then additional damage every $t2 sec. for $d.	Fire damage inflicted every $t2 sec.					
17275	all		Heart of the Scale		Increases Fire Resistance by 20 and deals 20 Fire damage to anyone who strikes you with a melee attack for $d.	Increases Fire Resistance and causes $s1 Fire damage to attackers.					
17276	all		Scald		Scalds an enemy for Fire damage, stunning it for $d.	Stunned.					
17277	all		Blast Wave		Unleashes a wave of flame, inflicting Fire damage to nearby enemies and reducing their movement speed for $d.	Reduced movement speed.					
17278	all		Cannon Fire		Deals $s1 Fire damage to enemies.						
17279	all		Summon Crimson Rifleman		Calls for the Crimson Riflemen to assist Cannon Master Willey.						
17280	all		Increase Spell Dam 43		Increases damage and healing done by magical spells and effects by up to $s1.						
17281	all		Crusader Strike		Inflicts $s1 damage to an enemy and increases the Holy damage it takes by $s2 per Crusader Strike. Can be applied up to 5 times. Lasts $d.	Holy damage taken is increased.					
17283	all		Smokey's Lighter		Deals $s1 Fire damage to all targets in a cone in front of the caster.						
17284	all		Holy Strike		Consecrates the caster's weapon, inflicting $s1 additional damage on its next attack. All damage inflicted is based on Holy magic.						
17285	all		Enchant Annals of Darrowshire								
17286	all		Crusader's Hammer		Stuns nearby enemies, rendering them unable to move or attack for $d.	Stunned.					
17287	all		Mind Blast		Inflicts Shadow damage to an enemy, but causes a high amount of threat.						
17288	all		Balnazzar Transform								
17289	all		Shadow Shock		Instantly lashes an enemy with dark magic, inflicting Shadow damage.						
17290	all		Fireball		Inflicts Fire damage to an enemy.						
17291	all		Stratholme Holy Water		Inflicts between 438 and 562 damage to Undead in a 10 yard radius.						
17292	all		Poison		Poisons target for $s1 Nature damage every $t1 sec for $d.	$s1 Nature damage inflicted every $t1 sec.					
17293	all		Burning Winds		Stuns an enemy and inflicts $o2 Fire damage over $d.	Stunned.\n$o2 Fire damage inflicted over $d.					
17294	all		Flame Breath		Inflicts $s1 Fire damage to enemies in a cone in front of the caster.						
17307	all		Knockout		Inflicts normal damage plus $s1 to an enemy, knocking it back and stunning it for $d.	Stunned.					
17308	all		Stun		Knocks target silly for $d1.	Stunned.					
17310	all		Summon Darrowshire Spirit								
17311	spellbook	78	Mind Flay	Rank 2	Assault the target's mind with Shadow energy, causing $o1 Shadow damage over $d and slowing their movement speed by $s2%.	Movement speed slowed by $s2%.					
17312	spellbook	78	Mind Flay	Rank 3	Assault the target's mind with Shadow energy, causing $o1 Shadow damage over $d and slowing their movement speed by $s2%.	Movement speed slowed by $s2%.					
17313	spellbook	78	Mind Flay	Rank 4	Assault the target's mind with Shadow energy, causing $o1 Shadow damage over $d and slowing their movement speed by $s2%.	Movement speed slowed by $s2%.					
17314	spellbook	78	Mind Flay	Rank 5	Assault the target's mind with Shadow energy, causing $o1 Shadow damage over $d and slowing their movement speed by $s2%.	Movement speed slowed by $s2%.					
17315	all		Puncture Armor		Punctures target's armor lowering it by $s1. Can be applied up to 3 times.	Armor decreased by $s1.					
17319	all		Undead Slayer 81		+$s1 Attack Power when fighting Undead.						
17320	all		Increase Healing 84		Increases healing done by up to $s1 and damage done by up to $s2 for all magical spells and effects.						
17321	all		Spirit Spawn-in								
17322	spellbook	78	Shadow Reach	Rank 1	Increases the range of your offensive Shadow spells by $s1%.						
17323	spellbook	78	Shadow Reach	Rank 2	Increases the range of your offensive Shadow spells by $s1%.						
17324	all		Beast Slaying 132		Increases attack power by $s1 when fighting Beasts.						
17327	all		Spirit Particles								
17328	all		Aura of Penitence		Grants the wearer 3 points of mana regeneration each second.						
17329	spellbook	574	Nature's Grasp	Rank 6	While active, any time an enemy strikes the caster they have a $h% chance to become afflicted by Entangling Roots (Rank 6).  Only useable outdoors.  $n charge.  Lasts $d.	Melee damage you take has a chance to entangle the enemy.					
17330	all		Poison		Poisons target for $s1 Nature damage every $t1 sec for $d.	$s1 Nature damage inflicted every $t1 sec.					
17331	all		Fang of the Crystal Spider		Slows target enemy's casting speed and increases the time between melee and ranged attacks by $s1% for $d.	Decreased attack speed and casting speed.					
17332	all		Spider's Kiss		Chance on Hit: Immobilizes the target and lowers their armor by 100 for 10 sec.						
17333	all		Spider's Kiss	Rank 1		Root and armor reduction.					
17334	all		Portal Effect: Stormwind								
17347	spellbook	39	Hemorrhage	Rank 2	An instant strike that deals $s2% weapon damage and causes the target to hemorrhage, increasing any Physical damage dealt to the target by up to $s3.  Lasts $n charges or $d.  Awards 1 combo point.	Increases damage taken by $s3.					
17348	spellbook	39	Hemorrhage	Rank 3	An instant strike that deals $s2% weapon damage and causes the target to hemorrhage, increasing any Physical damage dealt to the target by up to $s3.  Lasts $n charges or $d.  Awards 1 combo point.	Increases damage taken by $s3.					
17350	all		Argent Dawn		Has a 1% chance when struck in combat of increasing chance to block by 50% for 10 sec.	Chance to block increased by 50%.					
17351	all		Argent Dawn	Rank 1	Increases block rating by 250.	Increases block rating by 250.					
17352	all		Argent Avenger		Increases Attack Power against Undead by $s1 for $d.	Increased Attack Power against Undead.					
17353	all		Shoot		Shoots at an enemy, inflicting Physical damage.						
17364	spellbook	373	Stormstrike		Instantly attack with your weapon, or both weapons if you are dual wielding.  In addition, the target takes $s1% additional Nature damage.  Lasts $d.	Increases Nature damage taken by $s1%.					
17366	all		Fire Nova		Inflicts Fire damage to nearby enemies.						
17367	all		Increase Spell Dam 32		Increases damage and healing done by magical spells and effects by up to $s1.						
17368	all		Egan's Blaster		Use to free Spectral and Ghostly Citizens.						
17369	all		Increased Bow		Increases bow skill rating by $s1.						
17370	all		Soul Freed								
17371	all		Increase Healing 44		Increases healing done by up to $s1 and damage done by up to $s2 for all magical spells and effects.						
17372	all		Egan's Blaster Effect								
17390	spellbook	134	Faerie Fire (Feral)	Rank 2	Decrease the armor of the target by $s1 for $d.  While affected, the target cannot stealth or turn invisible.	Decreases armor by $s1.  Cannot stealth or turn invisible.					
17391	spellbook	134	Faerie Fire (Feral)	Rank 3	Decrease the armor of the target by $s1 for $d.  While affected, the target cannot stealth or turn invisible.	Decreases armor by $s1.  Cannot stealth or turn invisible.					
17392	spellbook	134	Faerie Fire (Feral)	Rank 4	Decrease the armor of the target by $s1 for $d.  While affected, the target cannot stealth or turn invisible.	Decreases armor by $s1.  Cannot stealth or turn invisible.					
17393	all		Shadow Bolt		Hurls a bolt of dark magic at an enemy, inflicting Shadow damage.						
17398	all		Balnazzar Transform Stun			Stunned.					
17399	all		Shadow Shock		Instantly lashes nearby enemies with dark magic, inflicting Shadow damage.						
17400	all		Perm. Illusion DeathKnight								
17401	spellbook	574	Hurricane	Rank 2	Creates a violent storm in the target area causing $42232s1 Nature damage to enemies every $t3 sec, and increasing the time between attacks by $s2%.  Lasts $d.  Druid must channel to maintain the spell.	$42232s1 damage every $t3 seconds, and increasing the time between attacks by $s2%.					
17402	spellbook	574	Hurricane	Rank 3	Creates a violent storm in the target area causing $42233s1 Nature damage to enemies every $t3 sec, and increasing the time between attacks by $s2%.  Lasts $d.  Druid must channel to maintain the spell.	$42233s1 damage every $t3 seconds, and increasing the time between attacks by $s2%.					
17405	all		Domination		Takes control of a humanoid enemy up to level $s1 for $d.	Charmed.					
17407	all		Wound		Wounds the target for $s1 damage and deals an additional $s2 damage every $t2 sec for $d.	Deals $s2 damage every $t2 sec.					
17408	all		Summon Freed Soul								
17427	all		Combat Endurance	Rank 1	Allows $s1% of your Health regeneration to work while in combat.						
17428	all		Combat Endurance	Rank 2	Allows $s1% of your Health regeneration to work while in combat.						
17429	all		Combat Endurance	Rank 3	Allows $s1% of your Health regeneration to work while in combat.						
17430	all		Summon Anubisath Swarmguard								
17431	all		Summon Anubisath Warrior		Calls an Anubisath Warrior to assist you for $d.						
17432	all		Opening Stratholme Postbox		Opens a Stratholme postbox.						
17434	all		Shadow Bolt		Hurls a bolt of dark magic at an enemy, inflicting Shadow damage.						
17435	all		Shadow Bolt		Hurls a bolt of dark magic at an enemy, inflicting Shadow damage.						
17439	all		Shadow Shock		Instantly lashes an enemy with dark magic, inflicting Shadow damage.						
17441	all		Air Bubbles			Air bubbles allow breathing.					
17442	all		Air Bubbles								
17443	all		Air Bubbles			Air bubbles allow breathing.					
17445	all		Bone Smelt		Inflicts $s1 Fire damage to an enemy and reduces its armor by $s2% for $d.	Armor reduced by $s2%.					
17446	all		The Black Sleep		Bewitches enemies in a cone in front of the caster so that they fall asleep, rendering them unable to attack or cast spells for $d.	Cannot attack or cast spells.					
17447	all		Circle of Flame		Channels $s1 health into mana every $t1 sec for $d.	Mana convert.					
17448	all		Testament of Hope		Restores $s1 health. Can only be used at 10% health.						
17449	all		Summon Oracle Sphere								
17450	spellbook	777	Ivory Raptor		Summons and dismisses a rideable Ivory Raptor.   This mount increases speed depending on your Riding Skill.	Increases speed depending on your Riding Skill.					
17451	all		Reputation - Armorsmithing								
17452	all		Reputation - Weaponsmithing								
17453	spellbook	777	Green Mechanostrider		Summons and dismisses a rideable Green Mechanostrider. This mount increases speed depending on your Riding Skill.	Increases speed depending on your Riding Skill.					
17454	spellbook	777	Unpainted Mechanostrider		Summons and dismisses a rideable Unpainted Mechanostrider. This mount increases speed depending on your Riding Skill.	Increases speed depending on your Riding Skill.					
17455	spellbook	777	Purple Mechanostrider		Summons and dismisses a rideable Purple Mechanostrider. This mount increases speed depending on your Riding Skill.	Increases speed depending on your Riding Skill.					
17456	spellbook	777	Red and Blue Mechanostrider		Summons and dismisses a rideable Red and Blue Mechanostrider. This mount increases speed depending on your Riding Skill.	Increases speed depending on your Riding Skill.					
17457	all		Undead Slayer 75		Increases attack power by $s1 when fighting Undead.						
17458	spellbook	777	Fluorescent Green Mechanostrider		Summons and dismisses a rideable Fluorescent Green Mechanostrider. This mount increases speed depending on your Riding Skill.	Increases speed depending on your Riding Skill.					
17459	spellbook	777	Icy Blue Mechanostrider Mod A		Summons and dismisses a rideable Icy Blue Mechanostrider Mod A.    This mount increases speed depending on your Riding Skill.	Increases speed depending on your Riding Skill.					
17460	spellbook	777	Frost Ram		Summons and dismisses a rideable Frost Ram.   This mount increases speed depending on your Riding Skill.	Increases speed depending on your Riding Skill.					
17461	spellbook	777	Black Ram		Summons and dismisses a rideable Black Ram.   This mount increases speed depending on your Riding Skill.	Increases speed depending on your Riding Skill.					
17462	spellbook	777	Red Skeletal Horse		Summons and dismisses a rideable Red Skeletal Horse. This mount increases speed depending on your Riding Skill.	Increases speed depending on your Riding Skill.					
17463	spellbook	777	Blue Skeletal Horse		Summons and dismisses a rideable Blue Skeletal Horse. This mount increases speed depending on your Riding Skill.	Increases speed depending on your Riding Skill.					
17464	spellbook	777	Brown Skeletal Horse		Summons and dismisses a rideable Brown Skeletal Horse. This mount increases speed depending on your Riding Skill.	Increases speed depending on your Riding Skill.					
17465	spellbook	777	Green Skeletal Warhorse		Summons and dismisses a rideable Green Skeletal Warhorse.   This mount increases speed depending on your Riding Skill.	Increases speed depending on your Riding Skill.					
17466	all		Unholy Aura		Causes the caster to automatically inflict $17466s1 Shadow damage every $17467t1 sec. to nearby enemies. The aura lasts until cancelled.						
17467	all		Unholy Aura		Causes the caster to automatically inflict $17466s1 Shadow damage every $t1 sec. to nearby enemies. The aura lasts until cancelled.	Automatically inflicting $17466s1 Shadow damage every $t1 sec. to nearby enemies.					
17468	spellbook	778	Pet Fish		Summons your pet fish.   He used to look healthier....						
17469	spellbook	778	Pet Stone		Summons your pet stone.   It doesn't seem very active though...						
17470	all		Ravenous Claw		Drains $s1 health from an enemy, transferring it to the caster.						
17471	all		Death Pact								
17472	all		Death Pact								
17473	all		Raise Dead		Attempts to raise an undead servant back to life to aid the caster in battle. After $d., if the servant still lives, it will sacrifice itself to heal the caster.						
17474	all		Find Relic Fragment		Recover Highborne Relic Fragments.						
17475	all		Raise Dead		Attempts to raise an undead servant back to life to aid the caster in battle. After 12 seconds, if the servant still lives, it will sacrifice itself to heal the caster.						
17476	all		Raise Dead		Attempts to raise an undead servant back to life to aid the caster in battle. After 12 seconds, if the servant still lives, it will sacrifice itself to heal the caster.						
17477	all		Raise Dead		Attempts to raise an undead servant back to life to aid the caster in battle. After 12 seconds, if the servant still lives, it will sacrifice itself to heal the caster.						
17478	all		Raise Dead		Attempts to raise an undead servant back to life to aid the caster in battle. After 12 seconds, if the servant still lives, it will sacrifice itself to heal the caster.						
17479	all		Raise Dead		Attempts to raise an undead servant back to life to aid the caster in battle. After 12 seconds, if the servant still lives, it will sacrifice itself to heal the caster.						
17480	all		Raise Dead								
17481	spellbook	777	Rivendare's Deathcharger		Summons and dismisses Baron Rivendare's Deathcharger.   This mount increases speed depending on your Riding Skill.	Increases speed depending on your Riding Skill.					
17482	all		Beast Slaying 48		+$s1 Attack Power when fighting Beasts.						
17483	all		Shadow Bolt		Sends a shadowy bolt at the enemy causing $s1 Shadow damage and dealing $s2 damage every $t2 sec for $d.	Deals $s2 Shadow damage every $t2 sec.					
17484	all		Skullforge Brand		Drains target for $s1 Shadow damage every $t1 sec and transfers it to the caster. Lasts for $d.	Life leech.					
17485	spellbook	373	Ancestral Knowledge	Rank 1	Increases your total Intellect by $s1%.						
17486	spellbook	373	Ancestral Knowledge	Rank 2	Increases your total Intellect by $s1%.						
17487	spellbook	373	Ancestral Knowledge	Rank 3	Increases your total Intellect by $s1%.						
17488	spellbook	373	Ancestral Knowledge	Rank 4	Increases your total Intellect by $s1%.						
17489	spellbook	373	Ancestral Knowledge	Rank 5	Increases your total Intellect by $s1%.						
17490	all		Summon Skeleton		Summons a Skeleton that will protect you for $d.						
17492	all		Hand of Thaurissan		Inflicts Fire damage to an enemy, stunning it for $d.	Stunned.					
17493	all		Increase Spell Dam 44		Increases damage and healing done by magical spells and effects by up to $s1.						
17494	all		Slavedriver's Cane		Decreases target's Attack Power by $s1 for $d1 and transfers it into Spirit to you.	Cruel punishment.					
17495	all		Crest of Retribution		Deals $17496s1 damage every time you block.						
17496	all		Crest of Retribution		Deals $s1 damage.	Deals $s1 damage.					
17498	all		Speed		Increases run speed by $s1%.	Increases run speed by $s1%.					
17499	all		Surge of Strength		Increases Strength by $s1 for $d.	Increased Strength.					
17500	all		Malown's Slam		Knocks target silly for $d and increases Strength by $17499s1 for $17499d.	Knocked silly.					
17501	all		Cannon Fire		Hurls a fiery ball that causes $s1 fire damage to the enemy.						
17503	all		Frostbolt		Inflicts Frost damage to an enemy and reduces its movement speed for $d.	Reduced movement speed.					
17504	all		Rend		Wounds the target causing them to bleed for $o1 damage over $d.	Bleeding for $s1 damage every $t1 sec.					
17505	all		Curse of Timmy		Lowers all attributes of target by $s1 for $d.	All stats lowered by $s1.					
17506	all		Soul Breaker		Target enemy loses $s1 health and mana every $t1 sec for $d.	Drains 12 health and mana every 3 sec.					
17507	all		Passive Root								
17508	all		Undead Slayer 108		Increases attack power by $s1 when fighting Undead.						
17509	all		Shadow Bolt		Sends a shadowy bolt at the enemy causing $s1 Shadow damage.						
17510	all		Corruption		Corrupts the target, causing $o1 damage over $d.	Inflicts $s1 Shadow damage every $t1 sec.					
17511	all		Poison		Poisons target for $s1 Nature damage every $t1 sec for $d.	$s1 Nature damage inflicted every $t1 sec.					
17512	all		Piccolo of the Flaming Fire			Invokes the spirit of dance.					
17513	all		Increased Defense		Increased Defense +$s1.						
17527	all		Mighty Rage Potion								
17528	all		Mighty Rage		Increases Rage by $/10;s1 and increases Strength by $s2 for $d.	Strength increased by $s2.					
17529	all		Vitreous Focuser								
17530	all		Restore Mana		Restores $s1 mana.						
17531	all		Restore Mana		Restores $s1 mana.						
17533	all		Perm. Illusion Pig								
17534	all		Healing Potion		Restores $s1 health.						
17535	all		Elixir of the Sages		Increases Intellect and Spirit by $s1 for $d. Guardian Elixir.	Intellect and Spirit increased by $s1. Guardian Elixir.					
17536	all		Awaken Kerlonian		Awaken the sleeping druid.						
17537	all		Elixir of Brute Force		Increases Strength and Stamina by $s1 for $d. Battle Elixir.	Strength and Stamina increased by $s1. Battle Elixir.					
17538	all		Elixir of the Mongoose		Increases Agility by $s1 and chance to get a critical hit by $s2% for $d. Battle Elixir.	Agility increased by $s1, Critical hit chance increases by $s2%. Battle Elixir.					
17539	all		Greater Arcane Elixir		Increases spell damage by up to $s1 for $d. Battle Elixir.	Magical damage dealt by spells and abilities is increased by up to $s1. Battle Elixir.					
17540	all		Greater Stoneshield		Increases armor by $s1 for $d.	Increased armor.					
17543	all		Fire Protection		Absorbs $s1 fire damage.  Lasts $d.	Absorbs $s1 fire damage.					
17544	all		Frost Protection		Absorbs $s1 frost damage.  Lasts $d.	Absorbs $s1 frost damage.					
17545	all		Holy Protection 	Rank 6	Absorbs $s1 holy damage.  Lasts $d.	Absorbs $s1 holy damage.					
17546	all		Nature Protection 		Absorbs $s1 nature damage.  Lasts $d.	Absorbs $s1 nature damage.					
17547	all		Mortal Strike		Inflicts $s1% weapon damage and leaves the target wounded, reducing the effectiveness of any healing by $s2% for $d.	Healing effects reduced by $s2%.					
17548	all		Shadow Protection 		Absorbs $s1 shadow damage.  Lasts $d.	Absorbs $s1 shadow damage.					
17549	all		Arcane Protection		Absorbs $s1 arcane damage.  Lasts $d.	Absorbs $s1 arcane damage.					
17550	all		Purification		Attempts to remove $s1 Curse, $s2 Disease and $s3 hostile Magic effect from the Imbiber.						
17551	spellbook	171	Stonescale Oil								
17552	spellbook	171	Mighty Rage Potion								
17553	spellbook	171	Superior Mana Potion								
17554	spellbook	171	Elixir of Superior Defense								
17555	spellbook	171	Elixir of the Sages								
17556	spellbook	171	Major Healing Potion								
17557	spellbook	171	Elixir of Brute Force								
17559	spellbook	171	Transmute: Air to Fire		Transmutes Air into Fire.						
17560	spellbook	171	Transmute: Fire to Earth		Transmutes Fire into Earth.						
17561	spellbook	171	Transmute: Earth to Water		Transmutes Earth into Water.						
17562	spellbook	171	Transmute: Water to Air		Transmutes Water into Air.						
17563	spellbook	171	Transmute: Undeath to Water		Purifies Essence of Undeath turning it into Water.						
17564	spellbook	171	Transmute: Water to Undeath		Taints Essence of Water turning it into Undeath.						
17565	spellbook	171	Transmute: Life to Earth		Transmutes Living Essence into Earth.						
17566	spellbook	171	Transmute: Earth to Life		Transmutes Earth to Living Essence.						
17567	spellbook	778	Summon Blood Parrot		Right Click to summon a Blood Parrot to accompany you. The parrot will remain until sent away or you remove the hat.						
17570	spellbook	171	Greater Stoneshield Potion								
17571	spellbook	171	Elixir of the Mongoose								
17572	spellbook	171	Purification Potion								
17573	spellbook	171	Greater Arcane Elixir								
17574	spellbook	171	Greater Fire Protection Potion								
17575	spellbook	171	Greater Frost Protection Potion								
17576	spellbook	171	Greater Nature Protection Potion								
17577	spellbook	171	Greater Arcane Protection Potion								
17578	spellbook	171	Greater Shadow Protection Potion								
17579	spellbook	171	Greater Holy Protection Potion								
17580	spellbook	171	Major Mana Potion								
17607	all		Portal Effect: Ironforge								
17608	all		Portal Effect: Darnassus								
17609	all		Portal Effect: Orgrimmar								
17610	all		Portal Effect: Thunder Bluff								
17611	all		Portal Effect: Undercity								
17613	all		Dark Mending		Heals an ally with dark magic.						
17615	all		Mana Burn		Hits an enemy with an anti-mana bolt. For each point of mana consumed by the bolt, the target takes $e1 damage.						
17616	all		Corpse Explosion		Causes a corpse to explode, inflicting $61614s1 Shadow damage on enemies near the corpse.						
17617	all		Increased Armor 400		+$s1 Armor.						
17618	all		Summon Risen Lackey		Summons $s1 $lRisen Lackey:Risen Lackeys; to aid the caster in battle for $d.						
17619	all		Alchemists Stone		Increases the effects that healing and mana potions have on the wearer by 33%.						
17620	all		Drain Life		Drains $o1 health from an enemy over $d., transferring it to the caster.	$o1 health leeched over $d.					
17621	all		Reputation - Caer Darrow								
17622	all		Caer Darrow Ghosts								
17623	all		Visions of the Past			Allows wielder to see the spirits of Caer Darrow. Only works on Caer Darrow.					
17624	all		Petrification		You turn to stone, protecting you from all physical attacks and spells for $d, but during that time you cannot attack, move or cast spells.  You can only have the effect of one flask at a time.	Immune to all attacks and spells.  Cannot attack, move or use spells.					
17625	all		Unholy Aura		Increases movement speed and life regeneration rate.	Increased movement speed and life regeneration.					
17626	all		Flask of the Titans		Increases the player's maximum health by $s1 for $d.  Counts as both a Battle and Guardian elixir.  This effect persists through death.	Health increased by $s1.					
17627	all		Distilled Wisdom		Increases Intellect by $s1 for $d. Counts as both a Battle and Guardian elixir. This effect persists through death.	Intellect increased by $s1.					
17628	all		Supreme Power		Increases damage done by magical spells and effects by up to $s1 for $d.  Counts as both a Battle and Guardian elixir.  This effect persists through death.	Spell damage increased by up to $s1.					
17629	all		Chromatic Resistance		Increases your resistance to all schools of magic by $s1 for $d.  Counts as both a Battle and Guardian elixir.  This effect persists through death and stacks with all other resistance spells and items.	All magic schools resistance increased by $s1.					
17630	all		Mana Burn		Hits an enemy with an anti-mana bolt. For each point of mana consumed by the bolt, the target takes $e1 damage.						
17631	all		Wail of Souls		Inflicts Shadow damage to nearby enemies and hits them with anti-mana bolts, knocking them back.						
17632	spellbook	171	Alchemist's Stone		This item binds to you upon being crafted.						
17633	all		Arcane Focus		Increases an ally's casting speed by $s1% for $d.	Casting speed increased by $s1%.					
17634	spellbook	171	Flask of Petrification								
17635	spellbook	171	Flask of the Titans								
17636	spellbook	171	Flask of Distilled Wisdom								
17637	spellbook	171	Flask of Supreme Power								
17638	spellbook	171	Flask of Chromatic Resistance								
17639	all		Wail of the Banshee		Reduces an enemy's chance to hit by $s1% for $d.	Chance to hit reduced by $s1%.					
17646	all		Summon Onyxia Whelp								
17647	all		Create Onyxia Spawner								
17648	all		Surrender								
17649	all		Accept Surrender								
17650	all		Altered Cauldron Toxin		Damage dealt is decreased by $s1%.	Damage dealt is decreased by $s1%.					
17651	all		Image Projection		Summons $17653s1 $lSpectral Projection:Spectral Projections; to fight in the place of the caster, who becomes invisible and invulnerable, though unable to act. After $d., these apparitions sacrifice their lives to heal the caster, who resumes the battle.	Invisible, but unable to act.\nImmune to all attacks and spells.					
17652	all		Image Projection		Leeches health from the projections, slowly restoring its own health.						
17653	all		Summon Spectral Projections		Summons 5 Spectral Projections.						
17667	all		Light On Fire								
17668	all		Ramstein's Lightning Bolts		Harness the power of lightning to strike down all enemies around you for $17669s1 Nature damage.						
17669	all		Ramstein's Lightning Bolts								
17670	all		Argent Dawn Commission			Allows for acquisition of Scourgestones on behalf of the Argent Dawn.					
17671	all		Mortar Disturb								
17672	all		Summon Spectral Essence								
17673	all		Shade Form Visual								
17674	all		Immune: Physical								
17675	all		Lava Trap 1								
17676	all		Lava Trap 3								
17677	all		Lava Trap 4								
17678	all		Despawn Spectral Combatants								
17679	all		Shellfish Trap								
17680	all		Spirit Spawn-out								
17681	all		Reputation - Caer Darrow								
17682	all		Drain Mana		Drains mana from an enemy over $d. and transfers it to the caster.	$o1 mana leeched over $d.					
17683	all		Full Heal								
17684	all		Increase Fire Dam 39		Increases damage done by Fire spells and effects by up to $s1.						
17686	all		Deadly Acid		The caster explodes in a spray of deadly acid, afflicting all nearby enemies, dealing $s1 Nature damage every $t sec for $d.	$o1 Nature damage inflicted over $d.					
17687	all		Flurry		Increases the caster's attack speed by $s1% for $d, affecting up to 3 swings.	Attack speed increased by $s1%.					
17688	all		Deadly Acid								
17689	all		Disease Burst		Deals $s1 Nature damage to all nearby enemies.						
17690	all		Disease Burst								
17691	all		Time Out			Stunned.\nYou will be revived automatically in $d					
17692	all		Marduk's Curse			$o1 Shadow damage inflicted over $d.					
17694	all		Summon Darrowshire Poltergeist (DND)								
17695	all		Defiling Aura		Surrounds the caster with an aura that periodically reduces the Shadow resistance of nearby enemies by $17697s1. The aura lasts until cancelled.	Periodically reducing the Shadow resistance of nearby enemies.					
17697	all		Defiling Aura		Reduces the Shadow resistance of nearby enemies for $d.	Shadow resistance reduced by $s1.					
17698	all		Death Pact								
17707	spellbook	778	Panda Cub		Right Click to summon and dismiss your panda cub.						
17708	spellbook	778	Mini Diablo		Right Click to summon and dismiss Mini Diablo.						
17709	spellbook	778	Zergling		Right Click to summon and dismiss your zergling.						
17712	all		Lifestone Healing		Restores $s1 health.						
17713	all		Increased Critical 10		Improves your chance to get a critical strike with melee and ranged attacks by $s1%.						
17715	all		Consuming Shadows		Causes the caster to periodically inflict $17716s1 Shadow damage to all enemies in a selected area, slowing their movement to $17716s2%. Lasts $d.	Periodically damaging and slowing enemies in a selected area.					
17716	all		Consuming Shadows		Deals $s1 Shadow damage and reduces movement speed by $s2% for $d.	Movement speed slowed by $s2%.					
17727	spellbook	354	Create Spellstone	Rank 2	Creates a Greater Spellstone that can be used to dispel all harmful magic effects from the caster (Reduced cooldown over Rank 1).\n\nConjured items disappear if logged out for more than 15 minutes.						
17728	spellbook	354	Create Spellstone	Rank 3	Creates a Major Spellstone that can be used to dispel all harmful magic effects from the caster (Reduced cooldown over Rank 2).\n\nConjured items disappear if logged out for more than 15 minutes.						
17729	all		Greater Spellstone		Dispels all harmful magic effects from the caster.						
17730	all		Major Spellstone		Dispels all harmful magic effects from the caster.						
17731	all		Eruption		Lava errupts from the cracks in the floor, dealing $s1 Fire damage.						
17734	all		Fool's Curse		NPCs will not speak to you for the duration of the spell.	NPCs will not speak to you for the duration of the spell.					
17735	spellbook	204	Suffering	Rank 1	Taunts all enemies within $a1 yards, increasing the chance that they will attack the Voidwalker.						
17736	all		Suffering	Rank 1							
17737	spellbook	673	Language Gutterspeak								
17738	all		Curse of the Plague Rat		Transforms an enemy into a rat, forcing it to wander around and deal $17739s1 Nature damage every $t3 sec to nearby allies for up to $d. While wandering, the rat cannot attack or cast spells, but regenerates very quickly. Only one target can be cursed at a time.	Cannot attack or cast spells.\nInflicting $17739s1 Nature damage every $t3 sec to nearby allies.\nIncreased health regeneration.					
17739	all		Disease								
17740	all		Mana Shield		Enfolds the caster in a protective shield that lasts $d. and absorbs up to $s1 Physical damage, draining mana instead of health. Drains $e mana per point of damage absorbed.	Shielded against Physical damage: losing mana instead of health.					
17741	all		Mana Shield		Enfolds the caster in a protective shield that lasts $d. and absorbs up to $s1 Physical damage, draining mana instead of health. Drains $e mana per point of damage absorbed.	Shielded against Physical damage: losing mana instead of health.					
17742	all		Cloud of Disease		A foul cloud of disease surrounds the corpse, dealing $s1 damage every second for $d.						
17743	all		Peon Sleeping		Causes the caster to dream of orcish pork.						
17744	all		Force Target - Kick								
17745	all		Diseased Spit		Spits at an enemy, inflicting Nature damage and reducing its Stamina for $d.	Reduced Stamina.					
17746	all		Stealth 5		Increases your effective stealth level by 1.						
17747	all		Increase Fire Dam 23		Increases damage done by Fire spells and effects by up to $s1.						
17748	all		Kick Peon								
17749	all		Kick Peon Prologue								
17750	spellbook	204	Suffering	Rank 2	Taunts all enemies within $a1 yards, increasing the chance that they will attack the Voidwalker.  More effective than Suffering (Rank 1).						
17751	spellbook	204	Suffering	Rank 3	Taunts all enemies within $a1 yards, increasing the chance that they will attack the Voidwalker.  More effective than Suffering (Rank 2).						
17752	spellbook	204	Suffering	Rank 4	Taunts all enemies within $a1 yards, increasing the chance that they will attack the Voidwalker.  More effective than Suffering (Rank 3).						
17753	all		Suffering	Rank 2							
17754	all		Suffering	Rank 3							
17755	all		Suffering	Rank 4							
17767	spellbook	204	Consume Shadows	Rank 1	The Voidwalker consumes nearby shadows to bolster its form, recovering $o1 health over $d.  Cannot be used while in combat.	Heals $s1 damage every $t1 seconds.					
17768	all		Wolfshead Helm		When shapeshifting into Cat form the Druid gains 20 energy, when shapeshifting into Bear form the Druid gains 5 rage.						
17769	all		Wolfshead Helm Rage								
17770	all		Wolfshead Helm Energy								
17771	all		Curse of Agony		Curses nearby enemies with agony, inflicting Shadow damage every $t1 sec. over $d. Only one curse per warlock can be active on any one target.	Shadow damage inflicted every $t1 sec.					
17772	all		Spread								
17773	all		Summon Illusions		Summons $s1 illusions to aid the caster in combat and distract the enemy. Illusions last $d.						
17774	all		Spread								
17775	all		Air Bubbles			Air bubbles allow breathing.					
17776	all		Consume Shadows	Rank 1							
17777	all		Create Commission								
17778	spellbook	593	Cataclysm	Rank 1	Reduces the Mana cost of your Destruction spells by $s1%.						
17779	spellbook	593	Cataclysm	Rank 2	Reduces the Mana cost of your Destruction spells by $s1%.						
17780	spellbook	593	Cataclysm	Rank 3	Reduces the Mana cost of your Destruction spells by $s1%.						
17781	spellbook	593	Cataclysm	Rank 4	Reduces the Mana cost of your Destruction spells by $s1%.						
17782	spellbook	593	Cataclysm	Rank 5	Reduces the Mana cost of your Destruction spells by $s1%.						
17783	spellbook	355	Fel Concentration	Rank 1	Gives you a $s1% chance to avoid interruption caused by damage while channeling the Drain Life, Drain Mana, or Drain Soul spell.						
17784	spellbook	355	Fel Concentration	Rank 2	Gives you a $s1% chance to avoid interruption caused by damage while channeling the Drain Life, Drain Mana, or Drain Soul spell.						
17785	spellbook	355	Fel Concentration	Rank 3	Gives you a $s1% chance to avoid interruption caused by damage while channeling the Drain Life, Drain Mana, or Drain Soul spell.						
17786	spellbook	355	Fel Concentration	Rank 4	Gives you a $s1% chance to avoid interruption caused by damage while channeling the Drain Life, Drain Mana, or Drain Soul spell.						
17787	spellbook	355	Fel Concentration	Rank 5	Gives you a $s1% chance to avoid interruption caused by damage while channeling the Drain Life, Drain Mana, or Drain Soul spell.						
17788	spellbook	593	Bane	Rank 1	Reduces the casting time of your Shadow Bolt and Immolate spells by $/1000;S1 sec and your Soul Fire spell by $/1000;S2 sec.						
17789	spellbook	593	Bane	Rank 2	Reduces the casting time of your Shadow Bolt and Immolate spells by $/1000;S1 sec and your Soul Fire spell by $/1000;S2 sec.						
17790	spellbook	593	Bane	Rank 3	Reduces the casting time of your Shadow Bolt and Immolate spells by $/1000;S1 sec and your Soul Fire spell by $/1000;S2 sec.						
17791	spellbook	593	Bane	Rank 4	Reduces the casting time of your Shadow Bolt and Immolate spells by $/1000;S1 sec and your Soul Fire spell by $/1000;S2 sec.						
17792	spellbook	593	Bane	Rank 5	Reduces the casting time of your Shadow Bolt and Immolate spells by $/1000;S1 sec and your Soul Fire spell by $/1000;S2 sec.						
17793	spellbook	593	Improved Shadow Bolt	Rank 1	Your Shadow Bolt critical strikes increase Shadow damage dealt to the target by $17794s1% until 4 non-periodic damage sources are applied.  Effect lasts a maximum of $17794d.						
17794	all		Shadow Vulnerability			Shadow damage increased by $s1%.					
17796	spellbook	593	Improved Shadow Bolt	Rank 2	Your Shadow Bolt critical strikes increase Shadow damage dealt to the target by $17798s1% until 4 non-periodic damage sources are applied.  Effect lasts a maximum of $17798d.						
17797	all		Shadow Vulnerability			Shadow damage increased by $s1%.					
17798	all		Shadow Vulnerability			Shadow damage increased by $s1%.					
17799	all		Shadow Vulnerability			Shadow damage increased by $s1%.					
17800	all		Shadow Vulnerability			Shadow damage increased by $s1%.					
17801	spellbook	593	Improved Shadow Bolt	Rank 3	Your Shadow Bolt critical strikes increase Shadow damage dealt to the target by $17797s1% until 4 non-periodic damage sources are applied.  Effect lasts a maximum of $17797d.						
17802	spellbook	593	Improved Shadow Bolt	Rank 4	Your Shadow Bolt critical strikes increase Shadow damage dealt to the target by $17799s1% until 4 non-periodic damage sources are applied.  Effect lasts a maximum of $17799d.						
17803	spellbook	593	Improved Shadow Bolt	Rank 5	Your Shadow Bolt critical strikes increase Shadow damage dealt to the target by $17800s1% until 4 non-periodic damage sources are applied.  Effect lasts a maximum of $17800d.						
17804	spellbook	355	Soul Siphon	Rank 1	Increases the amount drained by your Drain Life and Drain Soul spells by an additional $s1% for each unique Affliction effect on the target, up to a maximum of $s2% additional effect.						
17805	spellbook	355	Soul Siphon	Rank 2	Increases the amount drained by your Drain Life and Drain Soul spells by an additional $s1% for each unique Affliction effect on the target, up to a maximum of $s2% additional effect.						
17809	all		Lesser Firestone Attack		Fire damage proc.						
17810	spellbook	355	Improved Corruption	Rank 1	Reduces the casting time of your Corruption spell by $/1000;S1 sec, and the casting time of your Seed of Corruption spell by $/1000;S2 sec.						
17811	spellbook	355	Improved Corruption	Rank 2	Reduces the casting time of your Corruption spell by $/1000;S1 sec, and the casting time of your Seed of Corruption spell by $/1000;S2 sec.						
17812	spellbook	355	Improved Corruption	Rank 3	Reduces the casting time of your Corruption spell by $/1000;S1 sec, and the casting time of your Seed of Corruption spell by $/1000;S2 sec.						
17813	spellbook	355	Improved Corruption	Rank 4	Reduces the casting time of your Corruption spell by $/1000;S1 sec, and the casting time of your Seed of Corruption spell by $/1000;S2 sec.						
17814	spellbook	355	Improved Corruption	Rank 5	Reduces the casting time of your Corruption spell by $/1000;S1 sec, and the casting time of your Seed of Corruption spell by $/1000;S2 sec.						
17815	spellbook	593	Improved Immolate	Rank 1	Increases the initial damage of your Immolate spell by $s1%.						
17816	all		Sharp Dresser		Impress others with your fashion sense.						
17818	all		Increased Bow		Reduces your chance to be dodged or parried by $s1%.						
17819	all		Increase Nature Dam 29		Increases damage done by Nature spells and effects by up to $s1.						
17820	all		Veil of Shadow		Reduces healing effects for nearby enemies by $s1% for $d.	Healing effects reduced by $s1%.					
17821	all		Increase Arcane Dam 23		Increases damage done by Arcane spells and effects by up to $s1.						
17822	all		Increase Arcane Dam 24		Increases damage done by Arcane spells and effects by up to $s1.						
17823	all		Increase Arcane Dam 26		Increases damage done by Arcane spells and effects by up to $s1.						
17824	all		Increase Arcane Dam 27		Increases damage done by Arcane spells and effects by up to $s1.						
17825	all		Increase Arcane Dam 29		Increases damage done by Arcane spells and effects by up to $s1.						
17826	all		Increase Arcane Dam 30		Increases damage done by Arcane spells and effects by up to $s1.						
17827	all		Increase Arcane Dam 31		Increases damage done by Arcane spells and effects by up to $s1.						
17828	all		Increase Arcane Dam 33		Increases damage done by Arcane spells and effects by up to $s1.						
17829	all		Increase Arcane Dam 34		Increases damage done by Arcane spells and effects by up to $s1.						
17830	all		Increase Arcane Dam 36		Increases damage done by Arcane spells and effects by up to $s1.						
17831	all		Call of the Grave		Inflicts $s1 Shadow damage to nearby enemies after $t1 sec.	$s1 Shadow damage inflicted after $t1 sec.					
17832	all		Increase Arcane Dam 37		Increases damage done by Arcane spells and effects by up to $s1.						
17833	spellbook	593	Improved Immolate	Rank 2	Increases the initial damage of your Immolate spell by $s1%.						
17834	spellbook	593	Improved Immolate	Rank 3	Increases the initial damage of your Immolate spell by $s1%.						
17835	spellbook	593	Improved Immolate	Rank 4	Increases the initial damage of your Immolate spell by $s1%.						
17836	spellbook	593	Improved Immolate	Rank 5	Increases the initial damage of your Immolate spell by $s1%.						
17837	all		Increase Arcane Dam 39		Increases damage done by Arcane spells and effects by up to $s1.						
17838	all		Increase Arcane Dam 40		Increases damage done by Arcane spells and effects by up to $s1.						
17839	all		Increase Arcane Dam 41		Increases damage done by Arcane spells and effects by up to $s1.						
17840	all		Increase Arcane Dam 43		Increases damage done by Arcane spells and effects by up to $s1.						
17841	all		Increase Arcane Dam 44		Increases damage done by Arcane spells and effects by up to $s1.						
17842	all		Increase Arcane Dam 46		Increases damage done by Arcane spells and effects by up to $s1.						
17843	all		Flash Heal		Calls upon Holy magic to heal an ally.						
17844	all		Increase Arcane Dam 47		Increases damage done by Arcane spells and effects by up to $s1.						
17845	all		Increase Arcane Dam 49		Increases damage done by Arcane spells and effects by up to $s1.						
17846	all		Increase Arcane Dam 50		Increases damage done by Arcane spells and effects by up to $s1.						
17847	all		Increase Arcane Dam 51		Increases damage done by Arcane spells and effects by up to $s1.						
17848	all		Increase Arcane Dam 53		Increases damage done by Arcane spells and effects by up to $s1.						
17849	all		Increase Arcane Dam 54		Increases damage done by Arcane spells and effects by up to $s1.						
17850	spellbook	204	Consume Shadows	Rank 2	The Voidwalker consumes nearby shadows to bolster its form, recovering $o1 health over $d.  Cannot be used while in combat.	Heals $s1 damage every $t1 seconds.					
17851	spellbook	204	Consume Shadows	Rank 3	The Voidwalker consumes nearby shadows to bolster its form, recovering $o1 health over $d.  Cannot be used while in combat.	Heals $s1 damage every $t1 seconds.					
17852	spellbook	204	Consume Shadows	Rank 4	The Voidwalker consumes nearby shadows to bolster its form, recovering $o1 health over $d.  Cannot be used while in combat.	Heals $s1 damage every $t1 seconds.					
17853	spellbook	204	Consume Shadows	Rank 5	The Voidwalker consumes nearby shadows to bolster its form, recovering $o1 health over $d.  Cannot be used while in combat.	Heals $s1 damage every $t1 seconds.					
17854	spellbook	204	Consume Shadows	Rank 6	The Voidwalker consumes nearby shadows to bolster its form, recovering $o1 health over $d.  Cannot be used while in combat.	Heals $s1 damage every $t1 seconds.					
17855	all		Consume Shadows	Rank 2							
17856	all		Consume Shadows	Rank 3							
17857	all		Consume Shadows	Rank 4							
17859	all		Consume Shadows	Rank 5							
17860	all		Consume Shadows	Rank 6							
17863	all		Shadow Portal								
17866	all		Increase Fire Dam 24		Increases damage done by Fire spells and effects by up to $s1.						
17867	all		Increase Fire Dam 26		Increases damage done by Fire spells and effects by up to $s1.						
17868	all		Increase Fire Dam 27		Increases damage done by Fire spells and effects by up to $s1.						
17869	all		Increase Fire Dam 30		Increases damage done by Fire spells and effects by up to $s1.						
17870	all		Increase Fire Dam 31		Increases damage done by Fire spells and effects by up to $s1.						
17871	all		Increase Fire Dam 33		Increases damage done by Fire spells and effects by up to $s1.						
17872	all		Increase Fire Dam 34		Increases damage done by Fire spells and effects by up to $s1.						
17873	all		Increase Fire Dam 36		Increases damage done by Fire spells and effects by up to $s1.						
17874	all		Increase Fire Dam 37		Increases damage done by Fire spells and effects by up to $s1.						
17875	all		Increase Fire Dam 40		Increases damage done by Fire spells and effects by up to $s1.						
17876	all		Increase Fire Dam 41		Increases damage done by Fire spells and effects by up to $s1.						
17877	spellbook	593	Shadowburn	Rank 1	Instantly blasts the target for $s2 Shadow damage.  If the target dies within $29341d of Shadowburn, and yields experience or honor, the caster gains a Soul Shard.						
17878	all		Increase Fire Dam 43		Increases damage done by Fire spells and effects by up to $s1.						
17879	all		Increase Fire Dam 44		Increases damage done by Fire spells and effects by up to $s1.						
17880	all		Increase Fire Dam 46		Increases damage done by Fire spells and effects by up to $s1.						
17881	all		Increase Fire Dam 47		Increases damage done by Fire spells and effects by up to $s1.						
17882	all		Increase Fire Dam 49		Increases damage done by Fire spells and effects by up to $s1.						
17883	all		Immolate		Burns an enemy, then inflicts additional Fire damage every $t1 sec. for $d.	Fire damage inflicted every $t1 sec.					
17884	all		Increase Fire Dam 50		Increases damage done by Fire spells and effects by up to $s1.						
17885	all		Increase Fire Dam 51		Increases damage done by Fire spells and effects by up to $s1.						
17886	all		Increase Fire Dam 53		Increases damage done by Fire spells and effects by up to $s1.						
17887	all		Increase Fire Dam 54		Increases damage done by Fire spells and effects by up to $s1.						
17889	all		Increase Frost Dam 23		Increases damage done by Frost spells and effects by up to $s1.						
17890	all		Increase Frost Dam 24		Increases damage done by Frost spells and effects by up to $s1.						
17891	all		Increase Frost Dam 26		Increases damage done by Frost spells and effects by up to $s1.						
17892	all		Increase Frost Dam 27		Increases damage done by Frost spells and effects by up to $s1.						
17893	all		Increase Frost Dam 30		Increases damage done by Frost spells and effects by up to $s1.						
17894	all		Increase Frost Dam 31		Increases damage done by Frost spells and effects by up to $s1.						
17895	all		Increase Frost Dam 33		Increases damage done by Frost spells and effects by up to $s1.						
17896	all		Increase Frost Dam 34		Increases damage done by Frost spells and effects by up to $s1.						
17897	all		Increase Frost Dam 36		Increases damage done by Frost spells and effects by up to $s1.						
17898	all		Increase Frost Dam 37		Increases damage done by Frost spells and effects by up to $s1.						
17899	all		Increase Frost Dam 39		Increases damage done by Frost spells and effects by up to $s1.						
17900	all		Increase Frost Dam 40		Increases damage done by Frost spells and effects by up to $s1.						
17901	all		Increase Frost Dam 41		Increases damage done by Frost spells and effects by up to $s1.						
17902	all		Increase Frost Dam 43		Increases damage done by Frost spells and effects by up to $s1.						
17903	all		Increase Frost Dam 44		Increases damage done by Frost spells and effects by up to $s1.						
17904	all		Decrease Mana Cost - Fire		Decreases mana cost of Fire spells and effects by $s1.						
17905	all		Increase Frost Dam 46		Increases damage done by Frost spells and effects by up to $s1.						
17906	all		Increase Frost Dam 47		Increases damage done by Frost spells and effects by up to $s1.						
17907	all		Increase Frost Dam 49		Increases damage done by Frost spells and effects by up to $s1.						
17908	all		Increase Frost Dam 50		Increases damage done by Frost spells and effects by up to $s1.						
17909	all		Increase Frost Dam 51		Increases damage done by Frost spells and effects by up to $s1.						
17910	all		Increase Frost Dam 53		Increases damage done by Frost spells and effects by up to $s1.						
17911	all		Increase Frost Dam 54		Increases damage done by Frost spells and effects by up to $s1.						
17912	all		Decrease Mana Cost - Shadow		Decreases mana cost of Shadow spells and effects by $s1.						
17913	all		Decrease Mana Cost - Nature		Decreases mana cost of Nature spells and effects by $s1.						
17914	all		Decrease Mana Cost - Frost		Decreases mana cost of Frost spells and effects by $s1.						
17915	all		Decrease Mana Cost - Arcane		Decreases mana cost of Arcane spells and effects by $s1.						
17916	all		Decrease Mana Cost - Shadow		Decreases mana cost of Holy spells and effects by $s1.						
17917	spellbook	593	Destructive Reach	Rank 1	Increases the range of your Destruction spells by $s1% and reduces threat caused by Destruction spells by $s2%.						
17918	spellbook	593	Destructive Reach	Rank 2	Increases the range of your Destruction spells by $s1% and reduces threat caused by Destruction spells by $s2%.						
17919	spellbook	593	Searing Pain	Rank 2	Inflict searing pain on the enemy target, causing $s1 Fire damage.  Causes a high amount of threat.						
17920	spellbook	593	Searing Pain	Rank 3	Inflict searing pain on the enemy target, causing $s1 Fire damage.  Causes a high amount of threat.						
17921	spellbook	593	Searing Pain	Rank 4	Inflict searing pain on the enemy target, causing $s1 Fire damage.  Causes a high amount of threat.						
17922	spellbook	593	Searing Pain	Rank 5	Inflict searing pain on the enemy target, causing $s1 Fire damage.  Causes a high amount of threat.						
17923	spellbook	593	Searing Pain	Rank 6	Inflict searing pain on the enemy target, causing $s1 Fire damage.  Causes a high amount of threat.						
17924	spellbook	593	Soul Fire	Rank 2	Burn the enemy's soul, causing $s1 Fire damage.						
17925	spellbook	355	Death Coil	Rank 2	Causes the enemy target to run in horror for $d and causes $s1 Shadow damage.  The caster gains ${100*$e1}% of the damage caused in health.	Horrified.					
17926	spellbook	355	Death Coil	Rank 3	Causes the enemy target to run in horror for $d and causes $s1 Shadow damage.  The caster gains ${100*$e1}% of the damage caused in health.	Horrified.					
17927	spellbook	593	Improved Searing Pain	Rank 1	Increases the critical strike chance of your Searing Pain spell by $s1%.						
17928	spellbook	355	Howl of Terror	Rank 2	Howl, causing $i enemies within $a1 yds to flee in terror for $d.  Damage caused may interrupt the effect.	Fleeing in terror.					
17929	spellbook	593	Improved Searing Pain	Rank 2	Increases the critical strike chance of your Searing Pain spell by $s1%.						
17930	spellbook	593	Improved Searing Pain	Rank 3	Increases the critical strike chance of your Searing Pain spell by $s1%.						
17933	all		Firestone Attack		Fire damage proc.						
17934	all		Greater Firestone Attack		Fire damage proc.						
17935	all		Major Firestone Attack		Fire damage proc.						
17939	all		Shadow Portal								
17941	all		Shadow Trance		Gives your Corruption and Drain Life spells a chance to cause you to enter a Shadow Trance state after damaging the opponent.  The Shadow Trance state reduces the casting time of your next Shadow Bolt spell by $17941s1%.	Your next Shadow Bolt becomes an instant cast spell.					
17943	all		Shadow Portal								
17944	all		Shadow Portal								
17945	all		Firestone	Rank 2	Enchants the main hand weapon with fire, granting each attack a chance to deal $17933s1 additional fire damage, and increasing your damage done by Fire spells and effects by up to $23481s1						
17946	all		Shadow Portal								
17947	all		Firestone	Rank 3	Enchants the main hand weapon with fire, granting each attack a chance to deal $17934s1 additional fire damage, and increasing your damage done by Fire spells and effects by up to $23482s1						
17948	all		Shadow Portal								
17949	all		Firestone	Rank 4	Enchants the main hand weapon with fire, granting each attack a chance to deal $17935s1 additional fire damage, and increasing your damage done by Fire spells and effects by up to $23483s1						
17950	all		Shadow Portal		Teleports an enemy to one of 6 locations within Scholomance.						
17951	spellbook	354	Create Firestone	Rank 2	Creates a Firestone that can be used to enchant the main hand weapon with fire, granting each attack a chance to deal $17933s1 additional Fire damage.  In addition, equipping the Firestone increases the damage done by fire spells by $23481s1.\n\nConjured items disappear if logged out for more than 15 minutes.						
17952	spellbook	354	Create Firestone	Rank 3	Creates a Greater Firestone that can be used to enchant the main hand weapon with fire, granting each attack a chance to deal $17934s1 additional Fire damage.  In addition, equipping the Greater Firestone increases the damage done by fire spells by $23482s1.\n\nConjured items disappear if logged out for more than 15 minutes.						
17953	spellbook	354	Create Firestone	Rank 4	Creates a Major Firestone that can be used to enchant the main hand weapon with fire, granting each attack a chance to deal $17935s1 additional Fire damage.  In addition, equipping the Major Firestone increases the damage done by fire spells by $23483s1.\n\nConjured items disappear if logged out for more than 15 minutes.						
17954	spellbook	593	Emberstorm	Rank 1	Increases the damage done by your Fire spells by $s1% and reduces the cast time of your Incinerate spell by $s2%.						
17955	spellbook	593	Emberstorm	Rank 2	Increases the damage done by your Fire spells by $s1%, and reduces the cast time of your Incinerate spell by $s2%.						
17956	spellbook	593	Emberstorm	Rank 3	Increases the damage done by your Fire spells by $s1%, and reduces the cast time of your Incinerate spell by $s2%.						
17957	spellbook	593	Emberstorm	Rank 4	Increases the damage done by your Fire spells by $s1%, and reduces the cast time of your Incinerate spell by $s2%.						
17958	spellbook	593	Emberstorm	Rank 5	Increases the damage done by your Fire spells by $s1%, and reduces the cast time of your Incinerate spell by $s2%.						
17959	spellbook	593	Ruin	Rank 1	Increases the critical strike damage bonus of your Destruction spells by $s1%.						
17960	all		Kodo Bones Trap								
17961	all		Scarlet Illusion		Disguised as a member of the Scarlet Crusade	Disguised as a member of the Scarlet Crusade					
17962	spellbook	593	Conflagrate	Rank 1	Ignites a target that is already afflicted by your Immolate, dealing $s1 Fire damage and consuming the Immolate spell.						
17963	all		Sundering Cleave		Hacks at the armor of an enemy and its nearby allies, affecting up to $x1 targets. A target's armor is reduced per Sunder Armor. Can be applied up to 5 times. Lasts $d.	Armor reduced by $s1.					
17987	all		Increase Nature Dam 23		Increases damage done by Nature spells and effects by up to $s1.						
17988	all		Increase Nature Dam 24		Increases damage done by Nature spells and effects by up to $s1.						
17989	all		Increase Nature Dam 26		Increases damage done by Nature spells and effects by up to $s1.						
17990	all		Increase Nature Dam 27		Increases damage done by Nature spells and effects by up to $s1.						
17991	all		Increase Nature Dam 30		Increases damage done by Nature spells and effects by up to $s1.						
17992	all		Increase Nature Dam 31		Increases damage done by Nature spells and effects by up to $s1.						
17993	all		Increase Nature Dam 33		Increases damage done by Nature spells and effects by up to $s1.						
17994	all		Increase Nature Dam 36		Increases damage done by Nature spells and effects by up to $s1.						
17995	all		Increase Nature Dam 37		Increases damage done by Nature spells and effects by up to $s1.						
17996	all		Increase Nature Dam 39		Increases damage done by Nature spells and effects by up to $s1.						
17997	all		Increase Nature Dam 40		Increases damage done by Nature spells and effects by up to $s1.						
17998	all		Increase Nature Dam 41		Increases damage done by Nature spells and effects by up to $s1.						
17999	all		Increase Nature Dam 43		Increases damage done by Nature spells and effects by up to $s1.						
18000	all		Increase Nature Dam 44		Increases damage done by Nature spells and effects by up to $s1.						
18001	all		Increase Nature Dam 46		Increases damage done by Nature spells and effects by up to $s1.						
18002	all		Increase Nature Dam 47		Increases damage done by Nature spells and effects by up to $s1.						
18003	all		Increase Nature Dam 49		Increases damage done by Nature spells and effects by up to $s1.						
18004	all		Increase Nature Dam 50		Increases damage done by Nature spells and effects by up to $s1.						
18005	all		Increase Nature Dam 51		Increases damage done by Nature spells and effects by up to $s1.						
18006	all		Increase Nature Dam 53		Increases damage done by Nature spells and effects by up to $s1.						
18007	all		Increase Nature Dam 54		Increases damage done by Nature spells and effects by up to $s1.						
18008	all		Increase Shadow Dam 26		Increases damage done by Shadow spells and effects by up to $s1.						
18009	all		Increase Shadow Dam 27		Increases damage done by Shadow spells and effects by up to $s1.						
18010	all		Increase Shadow Dam 29		Increases damage done by Shadow spells and effects by up to $s1.						
18011	all		Increase Shadow Dam 30		Increases damage done by Shadow spells and effects by up to $s1.						
18012	all		Increase Shadow Dam 31		Increases damage done by Shadow spells and effects by up to $s1.						
18013	all		Increase Shadow Dam 33		Increases damage done by Shadow spells and effects by up to $s1.						
18014	all		Increase Shadow Dam 34		Increases damage done by Shadow spells and effects by up to $s1.						
18015	all		Increase Shadow Dam 36		Increases damage done by Shadow spells and effects by up to $s1.						
18016	all		Increase Shadow Dam 37		Increases damage done by Shadow spells and effects by up to $s1.						
18017	all		Increase Shadow Dam 39		Increases damage done by Shadow spells and effects by up to $s1.						
18018	all		Increase Shadow Dam 40		Increases damage done by Shadow spells and effects by up to $s1.						
18019	all		Increase Shadow Dam 41		Increases damage done by Shadow spells and effects by up to $s1.						
18020	all		Increase Shadow Dam 43		Increases damage done by Shadow spells and effects by up to $s1.						
18021	all		Increase Shadow Dam 44		Increases damage done by Shadow spells and effects by up to $s1.						
18022	all		Increase Shadow Dam 46		Increases damage done by Shadow spells and effects by up to $s1.						
18023	all		Increase Shadow Dam 47		Increases damage done by Shadow spells and effects by up to $s1.						
18024	all		Increase Shadow Dam 49		Increases damage done by Shadow spells and effects by up to $s1.						
18025	all		Increase Shadow Dam 50		Increases damage done by Shadow spells and effects by up to $s1.						
18026	all		Increase Shadow Dam 51		Increases damage done by Shadow spells and effects by up to $s1.						
18027	all		Increase Shadow Dam 53		Increases damage done by Shadow spells and effects by up to $s1.						
18028	all		Increase Shadow Dam 54		Increases damage done by Shadow spells and effects by up to $s1.						
18029	all		Increase Healing 35		Increases healing done by up to $s1 and damage done by up to $s2 for all magical spells and effects.						
18030	all		Increase Healing 37		Increases healing done by up to $s1 and damage done by up to $s2 for all magical spells and effects.						
18031	all		Increase Healing 40		Increases healing done by up to $s1 and damage done by up to $s2 for all magical spells and effects.						
18032	all		Increase Healing 42		Increases healing done by up to $s1 and damage done by up to $s2 for all magical spells and effects.						
18033	all		Increase Healing 46		Increases healing done by up to $s1 and damage done by up to $s2 for all magical spells and effects.						
18034	all		Increase Healing 48		Increases healing done by up to $s1 and damage done by up to $s2 for all magical spells and effects.						
18035	all		Increase Healing 51		Increases healing done by up to $s1 and damage done by up to $s2 for all magical spells and effects.						
18036	all		Increase Healing 55		Increases healing done by up to $s1 and damage done by up to $s2 for all magical spells and effects.						
18037	all		Increase Healing 57		Increases healing done by up to $s1 and damage done by up to $s2 for all magical spells and effects.						
18038	all		Increase Healing 59		Increases healing done by up to $s1 and damage done by up to $s2 for all magical spells and effects.						
18039	all		Increase Healing 62		Increases healing done by up to $s1 and damage done by up to $s2 for all magical spells and effects.						
18040	all		Increase Healing 64		Increases healing done by up to $s1 and damage done by up to $s2 for all magical spells and effects.						
18041	all		Increase Healing 66		Increases healing done by up to $s1 and damage done by up to $s2 for all magical spells and effects.						
18042	all		Increase Healing 68		Increases healing done by up to $s1 and damage done by up to $s2 for all magical spells and effects.						
18043	all		Increase Healing 70		Increases healing done by up to $s1 and damage done by up to $s2 for all magical spells and effects.						
18044	all		Increase Healing 73		Increases healing done by up to $s1 and damage done by up to $s2 for all magical spells and effects.						
18045	all		Increase Healing 75		Increases healing done by up to $s1 and damage done by up to $s2 for all magical spells and effects.						
18046	all		Increase Healing 77		Increases healing done by up to $s1 and damage done by up to $s2 for all magical spells and effects.						
18047	all		Increase Healing 79		Increases healing done by up to $s1 and damage done by up to $s2 for all magical spells and effects.						
18048	all		Increase Healing 81		Increases healing done by up to $s1 and damage done by up to $s2 for all magical spells and effects.						
18049	all		Increase Spell Dam 26		Increases damage and healing done by magical spells and effects by up to $s1.						
18050	all		Increase Spell Dam 33		Increases damage and healing done by magical spells and effects by up to $s1.						
18052	all		Increase Spell Dam 34		Increases damage and healing done by magical spells and effects by up to $s1.						
18053	all		Increase Spell Dam 36		Increases damage and healing done by magical spells and effects by up to $s1.						
18054	all		Increase Spell Dam 37		Increases damage and healing done by magical spells and effects by up to $s1.						
18055	all		Increase Spell Dam 39		Increases damage and healing done by magical spells and effects by up to $s1.						
18056	all		Increase Spell Dam 40		Increases damage and healing done by magical spells and effects by up to $s1.						
18057	all		Increase Spell Dam 41		Increases damage and healing done by magical spells and effects by up to $s1.						
18058	all		Increase Spell Dam 42		Increases damage and healing done by magical spells and effects by up to $s1.						
18060	all		Attack Power 200		+$s1 Attack Power.						
18061	all		Increased 1H Sword		Reduces your chance to be dodged or parried by $s1%.						
18062	all		Increased Dodge 8		Increases your chance to dodge an attack by $s1%.						
18063	all		Increased Parry 5		Increases your chance to parry an attack by $s1%.						
18064	all		Increased Block 20		Increases your chance to block attacks with a shield by $s1%.						
18066	all		Increased Hit Chance 10		Improves your chance to hit with melee and ranged attacks by $s1%.						
18067	all		Beast Slaying 45		+$s1 Attack Power when fighting Beasts.						
18068	all		Increased Armor 270		+$s1 Armor.						
18069	all		Increased Armor 160		+$s1 Armor.						
18070	all		Earthborer Acid		Eats away at an enemy's armor, reducing it by $s1 per application. Can be applied up to 5 times. Lasts $d.	Reduced armor.					
18071	all		Enriched Manna Biscuit		Restores $25695o1 health and $25696o2 mana over $25695d.  Must remain seated while eating.	Restores $/5;s1 health and $/5;s2 mana per second.					
18072	all		Uppercut		Inflicts normal damage plus $s1 to an enemy, knocking it back.						
18073	spellbook	593	Pyroclasm	Rank 2	Gives your Rain of Fire, Hellfire, and Soul Fire spells a 26% chance to stun the target for $18093d.						
18074	all		Undead Slayer 30		+$s1 Attack Power when fighting Undead.						
18075	all		Rend		Wounds the target causing them to bleed for $o1 damage over $d.	Bleeding for $s1 damage every $t1 sec.					
18076	all		Beast Slaying 72		+$s1 Attack Power when fighting Beasts.						
18077	all		Poison		Poisons target for $s1 Nature damage every $t1 sec for $d.	$s1 Nature damage inflicted every $t1 sec.					
18078	all		Rend		Wounds the target causing them to bleed for $o1 damage over $d.	Bleeding for $s1 damage every $t1 sec.					
18079	all		Demon Slaying 33		+$s1 Attack Power when fighting Demons.						
18080	all		Beast Slaying 21		Increases attack power by $s1 when fighting Beasts.						
18081	all		Lightning Bolt	Rank 1	Blasts a target for $s1 Nature damage.						
18082	all		Fireball		Hurls a fiery ball that causes $s1 Fire damage and an additional $o2 damage over $d.	$s2 Fire damage every $t2 sec.					
18083	all		Firebolt		Blasts a target for $s1 Fire damage.						
18084	all		Drain Life		Steals $s1 life from target enemy.						
18085	all		Frost Blast		Blasts a target for $s1 Frost damage.						
18086	all		Firebolt		Blasts a target for $s1 Fire damage.						
18087	all		Demon Slaying 78		+$s1 Attack Power when fighting Demons.						
18088	all		Corruption		Corrupts the target, causing $o1 damage over $d.	Inflicts $s1 Shadow damage every $t1 sec.					
18089	all		Lightning Bolt	Rank 1	Blasts a target for $s1 Nature damage.						
18090	all		Wound		Wounds the target for $s1 damage.						
18091	all		Arcane Blast		Blasts a target for $s1 Arcane damage.						
18092	all		Frost Blast		Blasts a target for $s1 Frost damage.						
18093	spellbook	593	Pyroclasm			Stunned.					
18094	spellbook	355	Nightfall	Rank 1	Gives your Corruption, Drain Life, and Seed of Corruption spells a $h% chance to cause you to enter a Shadow Trance state after damaging the opponent.  The Shadow Trance state reduces the casting time of your next Shadow Bolt spell by $17941s1%.						
18095	spellbook	355	Nightfall	Rank 2	Gives your Corruption, Drain Life, and Seed of Corruption spells a $h% chance to cause you to enter a Shadow Trance state after damaging the opponent.  The Shadow Trance state reduces the casting time of your next Shadow Bolt spell by $17941s1%.						
18096	spellbook	593	Pyroclasm	Rank 1	Gives your Rain of Fire, Hellfire, and Soul Fire spells a 13% chance to stun the target for $18093d.						
18097	all		The Green Tower		When struck in combat has a 1% chance of raising a thorny shield that inflicts $17154s1 Nature damage to attackers when hit and increases Nature resistance by $17154s2 for $17154d.\n						
18098	all		Undead Slayer 45		+$s1 Attack Power when fighting Undead.						
18099	all		Chill Nova		Blasts nearby enemies for Frost damage, knocking them back and reducing their movement speed for up to $d.	Reduced movement speed.					
18100	all		Frost Armor		Encases the caster in a layer of frost that lasts $d. The thick ice increases armor, slows melee attackers' movement to $18101s2%, and increases the time between their attacks by $18101s1%.	Armor increased by $s1.\nSlowing melee attackers' movement and attacks.					
18101	all		Chilled	Rank 1	Increases the time between an enemy's attacks by $s1% and decreases its movement speed by $s2%.	Time between attacks increased by $s1%.\nMovement speed reduced by $s2%.					
18103	all		Backhand		Backhands an enemy, stunning it for $d.	Stunned.					
18104	all		Wrath		Blasts a target for $s1 Nature damage.						
18105	all		Fireball		Hurls a fiery ball that causes $s1 Fire damage and an additional $o2 damage over $d.	$s2 Fire damage every $t2 sec.					
18106	all		Rend		Wounds the target causing them to bleed for $o1 damage over $d.	Bleeding for $s1 damage every $t1 sec.					
18107	all		Wound		Wounds the target for $s1 damage.						
18108	all		Fireball		Hurls a fiery ball that causes $s1 Fire damage and an additional $o2 damage over $d.	$s2 Fire damage every $t2 sec.					
18109	all		Beast Slaying 39		Increases attack power by $s1 when fighting Beasts.						
18110	all		Transform Viewing Room Students								
18111	all		Shadow Bolt		Sends a shadowy bolt at the enemy causing $s1 Shadow damage.						
18112	all		Firebolt		Blasts a target for $s1 Fire damage.						
18113	all		Manifestation Cleansing		Arcane Explosion Visual on the caster.						
18114	all		Resist All								
18115	all		Viewing Room Student Transform - Effect								
18116	all		Kirtonos Gargoyle Passive								
18118	all		Aftermath			Movement slowed by $s1%.					
18119	spellbook	593	Aftermath	Rank 1	Gives your Destruction spells a $h% chance to daze the target for $18118d.						
18120	spellbook	593	Aftermath	Rank 2	Gives your Destruction spells a $h% chance to daze the target for $18118d.						
18121	spellbook	593	Aftermath	Rank 3	Gives your Destruction spells a $h% chance to daze the target for $18118d.						
18122	spellbook	593	Aftermath	Rank 4	Gives your Destruction spells a $h% chance to daze the target for $18118d.						
18123	spellbook	593	Aftermath	Rank 5	Gives your Destruction spells a $h% chance to daze the target for $18118d.						
18124	all		Blessed Sunfruit		Restores $o1 health over $d.  Must remain seated while eating.  If you spend at least 10 seconds eating you will become well fed and gain $18125s1 increased attack power against undead for $18125d.	Restores $/5;s1 health per second.					
18125	all		Blessed Sunfruit		Increases attack power against undead by $s1 for $d.	Attack power against undead increased by $m1.					
18126	spellbook	593	Improved Firebolt	Rank 1	Reduces the casting time of your Imp's Firebolt spell by $/1000;S1 sec and decreases its mana cost by $s2%. When your Imp's Firebolt critically hits, you have a $s3% chance to gain Impish Fire, increasing the initial damage of your next single target Fire spell by 10%.						
18127	spellbook	593	Improved Firebolt	Rank 2	Reduces the casting time of your Imp's Firebolt spell by $/1000;S1 sec and decreases its mana cost by $s2%. When your Imp's Firebolt critically hits, you have a $s3% chance to gain Impish Fire, increasing the initial damage of your next single target Fire spell by 10%.						
18128	spellbook	593	Improved Lash of Pain	Rank 1	Reduces the cooldown of your Succubus' Lash of Pain spell by $/1000;s1 sec.						
18129	spellbook	593	Improved Lash of Pain	Rank 2	Reduces the cooldown of your Succubus' Lash of Pain spell by $/1000;s1 sec.						
18130	spellbook	593	Devastation	Rank 1	Increases the critical strike chance of your Destruction spells by $s1%.						
18131	spellbook	593	Devastation	Rank 2	Increases the critical strike chance of your Destruction spells by $s1%.						
18132	spellbook	593	Devastation	Rank 3	Increases the critical strike chance of your Destruction spells by $s1%.						
18133	spellbook	593	Devastation	Rank 4	Increases the critical strike chance of your Destruction spells by $s1%.						
18134	spellbook	593	Devastation	Rank 5	Increases the critical strike chance of your Destruction spells by $s1%.						
18135	spellbook	593	Intensity	Rank 1	Gives you a $s1% chance to resist interruption caused by damage while casting or channeling any Destruction spell.						
18136	spellbook	593	Intensity	Rank 2	Gives you a $s1% chance to resist interruption caused by damage while casting or channeling any Destruction spell.						
18137	spellbook	792	Shadowguard	Rank 1	The caster is surrounded by shadows.  When a spell, melee or ranged attack hits the caster, the attacker will be struck for $28377s1 Shadow damage.  Attackers can only be damaged once every few seconds.  This damage causes no threat.  $n charges.  Lasts $d.	Causes $s1 Shadow damage to attacker on hit.  This damage causes no threat.  $n charges.					
18138	all		Shadow Bolt		Sends a shadowy bolt at the enemy causing $s1 Shadow damage.						
18139	all		GM Only ON								
18140	all		Blessed Sunfruit Juice		Restores $o1 mana over $d.  Must remain seated while drinking.  If you spend at least 10 seconds drinking you will become well quenched and gain $18141s1 increased spell damage against undead for $18141d.	Restores $/5;s1 mana per second.					
18141	all		Blessed Sunfruit Juice		Increases spell damage against undead by $s1 for $d.	Spell damage against undead increased by $m1.					
18142	all		Peasant Transform								
18144	all		Swoop		Inflicts normal damage plus $s1 to enemies in a cone in front of the caster, stunning them for $d.	Stunned.					
18145	all		Force Target - Kick with impact								
18146	all		Chilling Touch		You have a chance to deal a chilling touch which slows the target, reducing the time between attacks and movemente speed by $12531s2% for $12531d.						
18147	all		Static Field		Inflicts $s1 Nature damage to nearby enemies.						
18149	all		Volatile Infection		Infects an enemy for $d., causing it to inflict $18150s1 Nature damage to its nearby allies every $t1 sec.	Inflicting $18150s1 Nature damage to nearby allies every $t1 sec.					
18150	all		Volatile Infection								
18151	all		Noxious Catalyst		Reduces an enemy's Nature resistance by $s1 for $d.	Nature resistance reduced by $s1.					
18152	all		Draining Touch		Drains $s1 health from an enemy, transferring it to the caster.						
18153	all		Kodo Kombobulator		Kodo Kombobulator on any Ancient, Aged, or Dying Kodo to lure the Kodo to follow (one at a time).						
18159	all		Curse of the Fallen Magram		Increases all forms of damage taken by an enemy by $s1% for $d.	Physical and magical damage taken is increased by $s1%.					
18163	all		Strength of Arko'narin		Causes Arko'narin to become an elite mob.	With the power of Lightforge on her side, Arko will fight out of Jaedenar!					
18164	all		Shadow Bolt		Hurls a bolt of dark magic at an enemy, inflicting Shadow damage.						
18165	all		Holy Fire		Consumes an enemy in flames, burning it and inflicting additional Fire damage every $t2 sec. over $d.	Fire damage inflicted every $t2 sec.					
18166	all		Summon Magram Ravager		Summons an Undead Ravager.						
18167	all		Holy Fire								
18172	all		Kodo Kombobulator		The Kodo casts on Player to give player condition for Quest Credit	Kombobulator is attracting a Kodo.					
18173	all		Burning Adrenaline		Damage done increased by $s1%.\nSpells cast are all instant.\nReduces max health by $23619s1% every second.\nDeals $*2;23478s1 damage to surrounding allies on death.	Damage done increased by $s1%.\nSpells cast are all instant.\nReduces max health by $23619s1% every second.\nDeals $*2;23478s1 damage to surrounding allies on death.					
18174	spellbook	355	Suppression	Rank 1	Reduces the chance for enemies to resist your Affliction spells by $s1%.						
18175	spellbook	355	Suppression	Rank 2	Reduces the chance for enemies to resist your Affliction spells by $s1%.						
18176	spellbook	355	Suppression	Rank 3	Reduces the chance for enemies to resist your Affliction spells by $s1%.						
18177	spellbook	355	Suppression	Rank 4	Reduces the chance for enemies to resist your Affliction spells by $s1%.						
18178	spellbook	355	Suppression	Rank 5	Reduces the chance for enemies to resist your Affliction spells by $s1%.						
18179	spellbook	355	Improved Curse of Weakness	Rank 1	Increases the effect of your Curse of Weakness by $s1%.						
18180	spellbook	355	Improved Curse of Weakness	Rank 2	Increases the effect of your Curse of Weakness by $s1%.						
18182	spellbook	355	Improved Life Tap	Rank 1	Increases the amount of Mana awarded by your Life Tap spell by $s1%.						
18183	spellbook	355	Improved Life Tap	Rank 2	Increases the amount of Mana awarded by your Life Tap spell by $s1%.						
18184	all		Sire's Suicide								
18185	all		Increased Defense		Increased Defense +$s1.						
18186	all		Firebolt		Has a 5% chance on striking the enemy for $18187s1 Fire damage.						
18187	all		Firebolt	Rank 1	Blasts the enemy for $s1 Fire damage.						
18188	all		Increased Armor 180		+$s1 Armor.						
18189	all		TEST Arcane Concentration	Rank 5	TEST: Gives you a $s2% chance of entering a Clearcasting state after any damage spell hits a target.  The Clearcasting state reduces the mana cost of your next damage spell by $12536s1%.						
18190	all		Increased Armor 140		+$s1 Armor.						
18191	all		Increased Stamina		Increases Stamina by $s1 for $d.	Stamina increased by $s1.					
18192	all		Increased Agility		Increases Agility by $s1 for $d.	Agility increased by $s1.					
18193	all		Increased Spirit		Increases Spirit by $s1 for $d.	Spirit increased by $s1.					
18194	all		Mana Regeneration			Regenerating $s1 Mana per 5 seconds.					
18195	all		Increased Armor 220		+$s1 Armor.						
18196	all		Increased Defense		Increased Defense +$s1.						
18197	all		Poison		Poisons target for $s1 Nature damage every $t1 sec for $d.	$s1 Nature damage inflicted every $t1 sec.					
18198	all		Undead Slayer 66		+$s1 Attack Power when fighting Undead.						
18199	all		Fireball		Hurls a fiery ball that causes $s1 Fire damage and an additional $o2 damage over $d.	$s2 Fire damage every $t2 sec.					
18200	all		Rend		Wounds the target causing them to bleed for $o1 damage over $d.	Bleeding for $s1 damage every $t1 sec.					
18201	all		Beast Slaying 24		Attack Power increased by $s1 when fighting Beasts.						
18202	all		Rend		Wounds the target causing them to bleed for $o1 damage over $d.	Bleeding for $s1 damage every $t1 sec.					
18203	all		Poison		Poisons target for $s1 Nature damage every $t1 sec for $d.	$s1 Nature damage inflicted every $t1 sec.					
18204	all		Frost Blast		Blasts a target for $s1 Frost damage.						
18205	all		Shadow Bolt		Sends a shadowy bolt at the enemy causing $s1 Shadow damage.						
18206	all		Fatal Wound		Delivers a fatal wound for $s1 damage.						
18207	all		Beast Slaying 60		+$s1 Attack Power when fighting Beasts.						
18208	all		Poison		Poisons target for $s1 Nature damage every $t1 sec for $d.	$s1 Nature damage inflicted every $t1 sec.					
18209	spellbook	769	Test Grow								
18210	spellbook	769	Test Shrink								
18211	all		Shadow Bolt		Sends a shadowy bolt at the enemy causing $s1 Shadow damage.						
18212	all		Demon Slaying 99		+$s1 Attack Power when fighting Demons.						
18213	spellbook	355	Improved Drain Soul	Rank 1	Returns $s3% of your maximum mana if the target is killed by you while you drain its soul, and increases the damage of Drain Soul by $s1%.  In addition, your Affliction spells generate $s2% less threat.						
18214	all		Shadow Bolt		Sends a shadowy bolt at the enemy causing $s1 Shadow damage.						
18217	all		Shadow Bolt		Sends a shadowy bolt at the enemy causing $s1 Shadow damage.						
18218	spellbook	355	Grim Reach	Rank 1	Increases the range of your Affliction spells by $s1%.						
18219	spellbook	355	Grim Reach	Rank 2	Increases the range of your Affliction spells by $s1%.						
18220	spellbook	355	Dark Pact	Rank 1	Drains $s1 of your pet's Mana, returning 100% to you.						
18222	all		Health Regeneration		Regenerates $s1 Health every 5 seconds.	Regenerating $s1 Health every 5 seconds.					
18223	spellbook	355	Bane of Exhaustion		Reduces the target's movement speed by $s1% for $d.  Only one Bane per Warlock can be active on any one target.	Movement speed slowed by $s1%.					
18229	all		Food		Restores $o1 health over $d.   Must remain seated while eating.   Also increases your Stamina by $18191s for $18191d. 	Restores $/5;s1 health per second.					
18230	all		Food		Restores $o1 health over $d.   Must remain seated while eating.   If you eat for 10 seconds will also increase your Agility by $18192s for $18192d. 	Restores $/5;s1 health per second.					
18231	all		Food		Restores $o1 health over $d.  Must remain seated while eating.  If you spend at least 10 seconds eating you will become well fed and gain $87543s1 Strength for $87543d.	Restores $/5;s1 health per second.					
18232	all		Food		Restores $o1 health over $d.   Must remain seated while eating.   Also restores $18222s1 health every 5 seconds for $18222d.	Restores $/5;s1 health per second.					
18233	all		Food		Restores $o1 health over $d.   Must remain seated while eating.   Also restores $18194s Mana every 5 seconds for $18194d.	Restores $/5;s1 health per second.					
18234	all		Food		Restores $o1 health over $d.  Must remain seated while eating.  If you spend at least 10 seconds eating you will become well fed and gain $87545s1 Intellect for $87545d.	Restores $/5;s1 health per second.					
18238	spellbook	185	Spotted Yellowtail								
18239	spellbook	185	Cooked Glossy Mightfish								
18240	spellbook	185	Grilled Squid								
18241	spellbook	185	Filet of Redgill								
18242	spellbook	185	Hot Smoked Bass								
18243	spellbook	185	Nightfin Soup								
18244	spellbook	185	Poached Sunscale Salmon								
18245	spellbook	185	Lobster Stew								
18246	spellbook	185	Mightfish Steak								
18247	spellbook	185	Baked Salmon								
18248	spellbook	356	Fishing	Artisan	Equip a fishing pole and find a body of water to fish.  Right-Click on the bob in the water when it splashes to catch your fish.  Higher skill increases your chance of fishing successfully in higher level areas.						
18249	all		Artisan Fishing								
18260	spellbook	185	Cooking	Artisan	Allows a cook to make amazing recipes up to a maximum potential skill of 300.						
18261	all		Artisan Cook								
18262	all		Call Bloodshot		Summons Bloodshot to accompany the caster until dismissed.						
18264	all		Headmaster's Charge		Gives $M1 additional intellect to party members within $a1 yards.	Intellect increased by $s1.					
18265	spellbook	355	Siphon Life	Rank 1	Deals $s2 damage and transfers $s1 health from the target to the caster every $t1 sec.  Lasts $d.	$s2 damage and draining $s1 health to the caster every $t1 sec.					
18266	all		Curse of Agony		Curses an enemy with agony, inflicting Shadow damage every $t1 sec. over $d. Only one curse per warlock can be active on any one target.	Shadow damage inflicted every $t1 sec.					
18267	all		Curse of Weakness		Reduces the Physical damage dealt by an enemy for $d. Only one curse per warlock can be active on any one target.	Physical damage dealt is reduced by $s1.					
18268	all		Fire Shield								
18269	all		Kodo Kombobulator		This is linked to a periodic trigger to alert the kodo to Despawn						
18270	all		Dark Plague		Inflicts Nature damage to an enemy, then an additional damage every $t2 sec. for $d.	$s2 Nature damage inflicted every $t2 sec.					
18271	spellbook	355	Shadow Mastery	Rank 1	Increases the damage dealt or life drained by your Shadow spells by $s1%.						
18272	spellbook	355	Shadow Mastery	Rank 2	Increases the damage dealt or life drained by your Shadow spells by $s1%.						
18273	spellbook	355	Shadow Mastery	Rank 3	Increases the damage dealt or life drained by your Shadow spells by $s1%.						
18274	spellbook	355	Shadow Mastery	Rank 4	Increases the damage dealt or life drained by your Shadow spells by $s1%.						
18275	spellbook	355	Shadow Mastery	Rank 5	Increases the damage dealt or life drained by your Shadow spells by $s1%.						
18276	all		Frost Blast		Blasts a target for $s1 Frost damage.						
18277	all		Call Bone Gryphon		Calls a Bone Gryphon to serve as your flying mount. May only be summoned and ridden within Onslaught Harbor.						
18278	all		Silence	Rank 1	Silences an enemy preventing it from casting spells for $d.	Cannot cast spells.					
18280	all		Second Chances: Summon Lord-Commander Arete								
18281	all		Increased Armor 210		+$s1 Armor.						
18282	all		Dummy Spell								
18288	spellbook	355	Amplify Bane		Increases the effect of your next Bane of Doom or Bane of Agony by $s1%, your next Bane of Exhaustion by an additional $s2%, or your next Bane of Tongues by an additional $s3%.  Lasts $d.	Increases effect for your next Bane of Doom or Bane of Agony by $s1%, your next Bane of Exhaustion by an additional $s2%, or your next Bane of Tongues by an additional $s3%.					
18289	all		Creeping Mold		Diseases target enemy for $s1 Nature damage every $t1 sec for $d.	$s1 Nature damage inflicted every $t1 sec.					
18307	all		Death by Peasant		Calls forth 3 servants of the House Barov that will fight, cook, and clean for you.						
18308	all		Death by Peasant		Calls forth 3 servants of the House Barov that will fight, cook, and clean for you.						
18309	all		Bear Form	Shapeshift	Shapeshifts into a bear, increasing armor and hit points, as well as allowing the use of various bear abilities. Lasts until cancelled.	Shapeshifted into bear.\nArmor and hit points increased.					
18327	all		Silence		Silences nearby enemies, preventing them from casting spells for $d.	Cannot cast spells.					
18328	all		Incapacitating Shout		Reduces the movement speed of nearby enemies by $s1% for $d.	Movement speed reduced by $s1%.					
18347	all		Haunted			A chill surrounds you.					
18348	all		Poltergeist Periodic Schedule (DND)								
18349	all		Poltergeist Periodic (DND)								
18350	all		Dummy Trigger								
18351	all		Breath								
18352	all		Breath		Onyxia's flaming breath hits all enemies on the ground for $s1 Fire damage.						
18353	all		Breath		Onyxia's flaming breath hits all enemies on the ground for $s1 Fire damage.						
18354	all		Breath		Onyxia's flaming breath hits all enemies on the ground for $s1 Fire damage.						
18355	all		Breath		Onyxia's flaming breath hits all enemies on the ground for $s1 Fire damage.						
18356	all		Breath		Onyxia's flaming breath hits all enemies on the ground for $s1 Fire damage.						
18357	all		Breath		Onyxia's flaming breath hits all enemies on the ground for $s1 Fire damage.						
18358	all		Breath		Onyxia's flaming breath hits all enemies on the ground for $s1 Fire damage.						
18359	all		Breath		Onyxia's flaming breath hits all enemies on the ground for $s1 Fire damage.						
18360	all		Breath		Onyxia's flaming breath hits all enemies on the ground for $s1 Fire damage.						
18361	all		Breath								
18362	all		Kodo Kombobulator		This is used to turn the kodo into gossip to give player Quest Credit						
18363	spellbook	777	Riding Kodo		Summons and dismisses a rideable kodo. This mount increases speed depending on your Riding Skill.	Increases speed depending on your Riding Skill.					
18364	all		Cloak of Fire		Deals $18374s1 Fire damage every $t1 sec to all nearby enemies for $d.	Deals $18374s1 Fire damage every $t1 sec.					
18367	all		Create Dawn's Gambit								
18368	all		Strike		Strikes at an enemy, inflicting increased melee damage.						
18369	all		Increased Defense		Increased Defense +$s1.						
18371	all		Drain Soul		Returns a percentage of your maximum mana if the target is killed by you while you drain its soul.  In addition, your Affliction spells generate less threat.						
18372	spellbook	355	Improved Drain Soul	Rank 2	Returns $s3% of your maximum mana if the target is killed by you while you drain its soul, and increases the damage of Drain Soul by $s1%.  In addition, your Affliction spells generate $s2% less threat.						
18373	all		Aynasha's Root								
18374	all		Cloak of Fire								
18375	all		Aynasha's Arrow								
18376	all		Corruption		Corrupts nearby enemies, inflicting Shadow damage every $t1 sec. for $d.	Shadow damage every $t1 sec.					
18377	all		Kodo Kombobulator		The Kodo casts on self after being hit by 'kodo Item'						
18378	all		Increased Mana Regen		Restores $s1 mana per 5 sec.						
18379	all		Increased Mana Regen		Restores $s1 mana per 5 sec.						
18380	all		Poltergeist Despawn (DND)								
18381	all		Cripple	Rank 1	Reduces target enemy's attack power by $s1 for $d.	Reduced attack power.					
18382	all		Increased Critical Spell		Improves your chance to get a critical strike with spells by $s1%.						
18383	all		Poltergeist Despawn Schedule (DND)								
18384	all		Increased Critical Spell		Improves your chance to get a critical strike with spells by $s1%.						
18385	all		Replenish Mana		Restores $s1 mana.						
18386	all		Heal Pet		Heal your pet for $s1.						
18387	all		Onyxia								
18388	all		Quick Fade		Reduces the cooldown of your Fade ability by $/1000;s1 sec.						
18389	spellbook	769	dmg5								
18390	all		dmg6								
18391	all		Speed Burst								
18392	all		Fireball		Inflicts $s1 Fire damage to all enemies in a selected area.						
18395	all		Dismounting Shot		Knocks an enemy down, forcing it to dismount and stunning it for $d.	Stunned.					
18396	all		Dismounting Blast		Knocks an enemy back, forcing it to dismount.	Forced to dismount.					
18397	all		Filling		Fill with water from the Auberdine moonwell.						
18398	all		Frost Blast		Blasts a target for $s1 Frost damage.						
18399	all		Flamestrike		Calls down a pillar of flame, burning all enemies in a selected area and inflicting additional damage every $t2 sec. for $d.	Fire damage inflicted every $t2 sec.					
18400	all		Piccolo of the Flaming Fire		Causes nearby players to dance.	Dancing to the music.					
18401	spellbook	197	Bolt of Runecloth								
18402	spellbook	197	Runecloth Belt								
18403	spellbook	197	Frostweave Tunic								
18404	spellbook	197	Frostweave Robe								
18405	spellbook	197	Runecloth Bag								
18406	spellbook	197	Runecloth Robe								
18407	spellbook	197	Runecloth Tunic								
18408	spellbook	197	Cindercloth Vest								
18409	spellbook	197	Runecloth Cloak								
18410	spellbook	197	Ghostweave Belt								
18411	spellbook	197	Frostweave Gloves								
18412	spellbook	197	Cindercloth Gloves								
18413	spellbook	197	Ghostweave Gloves								
18414	spellbook	197	Brightcloth Robe								
18415	spellbook	197	Brightcloth Gloves								
18416	spellbook	197	Ghostweave Vest								
18417	spellbook	197	Runecloth Gloves								
18418	spellbook	197	Cindercloth Cloak								
18419	spellbook	197	Felcloth Pants								
18420	spellbook	197	Brightcloth Cloak								
18421	spellbook	197	Wizardweave Leggings								
18422	spellbook	197	Cloak of Fire								
18423	spellbook	197	Runecloth Boots								
18424	spellbook	197	Frostweave Pants								
18425	all		Silenced - Improved Kick		Gives your Kick ability a chance to silence the target for $18425d.	Silenced.					
18427	spellbook	38	Aggression	Rank 1	Increases the damage of your Sinister Strike, Backstab, and Eviscerate abilities by $s1%.						
18428	spellbook	38	Aggression	Rank 2	Increases the damage of your Sinister Strike, Backstab, and Eviscerate abilities by $s1%.						
18429	spellbook	38	Aggression	Rank 3	Increases the damage of your Sinister Strike, Backstab, and Eviscerate abilities by $s1%.						
18430	all		Dragon Hover								
18431	all		Bellowing Roar		Releases a bellowing roar, which fears all enemies for $d.	Fleeing in fear.					
18432	all		Fire Nova		Inflicts $s1 Fire damage to nearby enemies.						
18433	all		Dummy Trigger 2								
18434	spellbook	197	Cindercloth Pants								
18435	all		Flame Breath		Inflicts $s1 Fire damage to enemies in a cone in front of the caster.						
18436	spellbook	197	Robe of Winter Night								
18437	spellbook	197	Felcloth Boots								
18438	spellbook	197	Runecloth Pants								
18439	spellbook	197	Brightcloth Pants								
18440	spellbook	197	Mooncloth Leggings								
18441	spellbook	197	Ghostweave Pants								
