spell_id	priority	skill_line_ids	name_en	rank_en	description_en	tooltip_en	name_zh	rank_zh	description_zh	tooltip_zh	notes
70652	all		Item - Death Knight T10 Tank 4P Bonus		When you activate Blood Tap, you gain $70654s1% damage reduction from all attacks for $70654d.						
70653	all		Lich King Zap Player								
70654	all		Blood Armor		Damage taken reduced by $s1%.	Damage taken reduced by $s1%.					
70655	all		Item - Death Knight T10 Melee 2P Bonus		Your Obliterate and Scourge Strike abilities deal $s1% increased damage, and your Heart Strike ability deals $s2% increased damage.						
70656	all		Item - Death Knight T10 Melee 4P Bonus		Whenever all your runes are on cooldown, you gain $70657s1% increased damage done with weapons, spells, and abilities for the next $70657d.						
70657	all		Advantage	Rank 5	Whenever all your runes are on cooldown, you gain $s1% increased damage done with weapons, spells, and abilities for the next $d.	$s1% increased damage done.					
70658	all		Item - Druid T10 Restoration 2P Bonus		The healing granted by your Wild Growth spell reduces $s1% less over time.						
70659	all		Necrotic Strike		Strikes an enemy with a cursed blade, dealing $s1% of weapon damage to the target and inflicting a lasting malady that negates the next $s2 healing received.	Absorbs up to $s2 points of healing received.					
70660	all		Gnomish Pleasure Device		Infuses the user with 1,000 megavolts of pure gnomish pleasure.						
70663	all		Shadow Nova		Inflicts Shadow damage to nearby enemies.						
70664	all		Item - Druid T10 Restoration 4P Bonus (Rejuvenation)		Each time your Rejuvenation spell heals a target, it has a $h% chance to jump to a new target at full duration.						
70665	all		Soul Spawn								
70666	all		Imprisoned Soul								
70667	all		Frostmourne Spawn Sound								
70668	all		Rot Worm Spawn								
70670	all		Shadow Cleave		Inflicts $s1 Shadow damage to enemies in front of the attacker.						
70671	all		Leeching Rot		Afflicts the target with Fetid Rot, dealing $s1 Nature damage every $t1 sec. and decreasing healing received by $s2%. Lasts $d.	Deals $s1 Nature damage every $t1 sec.\nDecreases healing received by $s2%					
70672	all		Gaseous Bloat		Inflicts $s1 damage every $t1 sec and if the Gas Cloud hits you it will expunge all of the remaining Gaseous Bloat and harm all nearby allies.	Inflicts $s1 damage every $t1 sec.\nIf the Gas Cloud hits you it will expunge all remaining Gaseous Bloat, inflicting damage to all nearby allies.					
70673	all		Lich King Despawn								
70674	all		Vampiric Might		Empowers the caster with dark might, increasing all damage dealt by $s1% and heals the caster for $s2% of his damage dealt.	Damage increased by $s1%.\nHealed for $s2% of all damage inflicted.					
70675	all		Rot Worm Spawner								
70676	all		Rot Worm Spawner								
70677	all		Vampiric Might		Heals the caster for $70674s2% of all damage dealt.						
70679	all		Soul Despawn								
70682	all		Crucible of Souls Missile								
70683	all		Capturing The Unknown: Quest Accept								
70689	all		Soul Despawn Aura								
70690	all		[DND] Spawned								
70691	all		Rejuvenation		Heals the target over $d.	Heals damage every $t1 seconds.					
70692	all		Shield of the Lich King								
70693	all		Uther Despawn								
70698	all		Quel'Delar's Will								
70700	all		Throw Quel'Delar								
70701	all		Expunged Gas		The Gas Cloud's attack has expunged all of the gas from the target! Expunged Gas inflicts damage to all enemies based on the number of Gaseous Blight stacks that were remaining on the target when they were attacked.	The Gas Cloud's attack has expunged all of the gas from the target! Expunged Gas inflicts damage to all enemies based on the number of Gaseous Blight stacks that were remaining on the target when they were attacked.					
70702	all		Column of Frost		Marks the location under a random player target. After 2 seconds a column of frost errupts from this location, dealing $70702s1 Frost damage to all enemies within $70702a1 yards, knocking them into the air.						
70703	all		Set Quel'Delar World State								
70704	all		Column of Frost		Marks the location under a random player target. After 2 seconds a column of frost errupts from this location, dealing $70702s1 Frost damage to all enemies within $70702a1 yards, knocking them into the air.						
70709	all		Summon Vampiric Fiend								
70710	all		Leeching Rot		Afflicts the target with Fetid Rot, dealing $s1 Nature damage every $t1 sec. and decreasing healing received by $s2%. Lasts $d.	Deals $s1 Nature damage every $t1 sec.\nDecreases healing received by $s2%					
70711	all		Empowered Blood		Damage done increased by $s1%.\nSpells have no cost and are instant.\nMelee and ranged attack speed increased 100%.	Damage done increased by $s1%. \nSpells have no cost and are instant.\nMelee and ranged attack speed increased 100%.					
70713	all		Remove Rocket Packs								
70714	all		Icebound Armor		Entombs Crok in a protective block of ice.						
70715	all		Column of Frost								
70718	all		Item - Druid T10 Balance 2P Bonus		When you gain Clearcasting from your Omen of Clarity talent, you deal $70721s1% additional Nature and Arcane damage for $70721d.						
70719	all		Essence of the Captured								
70720	all		Essence of the Captured								
70721	all		Omen of Doom		Nature and Arcane damage done increased by $s1%.	Nature and Arcane damage done increased by $s1%.					
70722	all		Amplify Magic Visual								
70723	all		Item - Druid T10 Balance 4P Bonus		Your critical strikes from Starfire and Wrath cause the target to languish for an additional $70723s1% of your spell's damage over $71023d.						
70724	all		Item - Druid T10 Feral 2P Bonus		Your Swipe (Bear) and Lacerate abilities deal $s1% additional damage and the cost of your Rip ability is reduced by $s3 energy.						
70725	all		Enraged Defense		Damage taken reduced by $s1%.	Damage taken reduced by $s1%.					
70726	all		Item - Druid T10 Feral 4P Bonus		Your Enrage ability no longer decreases your armor and instead decreases all damage taken by $70725s1%, and the periodic damage done by your Rake ability can now be a critical strike.						
70727	all		Item - Hunter T10 2P Bonus		Your Auto Shots have a $h% chance to cause you and your pet to deal $70728s1% additional damage for $70728d.						
70728	all		Exploit Weakness		Damage done increased by $s1%.	Damage done increased by $s1%.					
70730	all		Item - Hunter T10 4P Bonus		When your Serpent Sting and Wyvern Sting abilities deal damage, you have a $h% chance to gain $71007s1% attack power for $71007d.						
70731	all		Vegard Shield 2								
70733	all		Stoneform		Turned to stone.	Stone.					
70737	all		Vegard Summon Ghouls								
70739	all		Geist Alarm		Movement speed reduced by $s1%.	Movement speed reduced by $s1%.					
70740	all		Geist Alarm		Movement speed reduced by $s1%.\nTime between attacks increased by $s2%.\nCasting speed reduced by $s3%.	Movement speed reduced by $s1%.\nTime between attacks increased by $s2%.\nCasting speed reduced by $s2%.					
70743	all		AoD Special - Vegard								
70744	all		Acid Burst		The caster explodes, dealing $s1 Nature damage instantly and $s2 Nature damage per second to all enemies within $a1 yards. Lasts $d.	Deals $s2 Nature damage per second.					
70745	all		Ping Ghoul Summoner								
70746	all		Teleport Into Sunwell								
70747	all		Quad Core		Damage done increased by $s1%.	Damage done increased by $s1%.					
70748	all		Item - Mage T10 4P Bonus		Your Mirror Image ability also causes you to deal $70747s1% additional damage for $70747d.						
70749	all		Corrosion								
70750	all		Battle Shout		Increases the damage of nearby party members by $s1% and attack speed by $s2% for $d.	Damage increased by $s1% and attack speed by $s2%					
70751	all		Corrosion		Whenever the caster lands a melee swing, the target takes $s2 Nature damage every $t2 seconds and their armor is reduced by $s1%. This effect can stack up to 5 times. Lasts $d.	Armor reduced by $s1%.\nDeals $s2 Nature damage every $t2 sec.					
70752	all		Item - Mage T10 2P Bonus		Your Hot Streak, Missile Barrage, and Brain Freeze talents also grant you $70753s1% haste for $70753d when the effect of the talent is consumed.						
70753	all		Pushing the Limit		Spell haste increased by $s1%.	Spell haste increased by $s1%.					
70754	all		Fireball		Inflicts $s1 Fire damage to an enemy.						
70755	all		Item - Paladin T10 Holy 2P Bonus		While your Divine Illumination talent is active, your healing spells are $71166s1% stronger.						
70756	all		Item - Paladin T10 Holy 4P Bonus		Your Holy Shock spell causes the next Holy Light you cast within $70757d to have ${$70757m1/-1000}.1 sec reduced cast time.						
70757	all		Holiness	Rank 5	${$m1/-1000}.1 sec reduced cast time on next Holy Light.	${$m1/-1000}.1 sec reduced cast time on next Holy Light.					
70758	all		Item - Paladin T10 Protection 2P Bonus		Your Hammer of the Righteous ability deals $s1% increased damage.						
70759	all		Frostbolt Volley		Inflicts $s1 Frost damage to nearby enemies, reducing their movement speed by $s2% for $d.	Movement speed reduced by $s2%.					
70760	all		Deliverance		Dodge chance increased by $s1%.	Dodge chance increased by $s1%.					
70761	all		Item - Paladin T10 Protection 4P Bonus		When you activate Divine Plea, you gain $70760s1% dodge for $70760d.						
70762	all		Item - Paladin T10 Retribution 4P Bonus		Your Seals and Judgements deal $s1% additional damage.						
70763	all		Dream Portal Visual								
70764	all		Citizen Costume								
70765	all		Item - Paladin T10 Retribution 2P Bonus		Your melee attacks have a $h% chance to reset the cooldown on your Divine Storm ability.						
70766	all		Dream State			Flight.					
70767	all		Pet Experience	Rank 9							
70768	all		Shroud of the Occult		Envelops the caster in a powerful barrier that deflects all harmful magic, prevents cast interruption, and absorbs up to $s3 damage before breaking.	Reflecting harmful spells.\nCannot be interrupted.\nAbsorbs up to $s3 damage before breaking.					
70769	all		Divine Storm!		Divine Storm cooldown reset.						
70770	all		Item - Priest T10 Healer 2P Bonus		Your Flash Heal has a $h% chance to cause the target to heal for $s1% of the healed amount over $70809d.						
70771	all		Lovely Card		Increases Intellect by ${$FLOOR($COND($GT($pl,15),$pl-15,0)*0.4155)+3} for $d.	Intellect increased.					
70772	spellbook	56	Blessed Healing		Heals over $d.	Healing over $d.					
70774	all		Lovely Card		Increases Agility by ${$FLOOR($COND($GT($pl,15),$pl-15,0)*0.4155)+3} for $d.	Agility increased.					
70777	all		Lovely Card		Increases Stamina by ${$FLOOR($COND($GT($pl,15),$pl-15,0)*0.4155)+3} for $d.	Stamina increased.					
70779	all		Lovely Card		Increases Spirit by ${$FLOOR($COND($GT($pl,15),$pl-15,0)*0.4155)+3} for $d.	Spirit increased.					
70781	all		Light's Hammer Teleport		Teleports the target to the Light's Hammer.	Frozen.					
70782	all		Ghoul's Touch		Slows target's movement speed by 20%. Stacks up to 4 times.	Slows target's movement speed by 20%. Stacks up to 4 times.					
70784	all		Ping Light's Vengeance								
70785	all		Holy Bomb Visual								
70786	all		Holy Bomb Explosion								
70787	all		Ghoul Explode								
70788	all		Holy Aura								
70789	all		Zap Ghouls Aura								
70790	all		Zap Ghouls								
70791	all		Holy Aura Timer								
70792	all		Kill Vegard								
70798	all		Item - Priest T10 Healer 4P Bonus		Increases the effect of Power Word: Shield by $s1% and Circle of Healing by $s2%.						
70800	all		Item - Priest T10 Shadow 2P Bonus		The critical strike chance of your Shadow Word: Pain, Devouring Plague, and Vampiric Touch spells is increased by $s1%.						
70801	all		Item - Priest T10 Shadow 4P Bonus		Reduces the channel duration by ${$m1/-1000}.1 sec and period by ${$m1/-3000}.2 sec on your Mind Flay spell.						
70802	all		Mayhem	Rank 1	Adds $s1 combo points on your current target.						
70803	all		Item - Rogue T10 4P Bonus	Rank 3	Gives your melee finishing moves a $h1% chance to add $70802s1 combo points to your target.						
70804	all		Tricks of the Trade		Gain $s1 energy.						
70805	all		Item - Rogue T10 2P Bonus	Rank 3	Your Tricks of the Trade ability now grants you $70804s1 energy instead of costing energy.						
70806	all		Rapid Currents		Increases spell haste by $s1%	Increased spell haste by $s1%.					
70807	all		Item - Shaman T10 Restoration 2P Bonus	Rank 3	Your Riptide spell grants $70806s1% spell haste for your next spellcast within $70806d.						
70808	all		Item - Shaman T10 Restoration 4P Bonus		Your Chain Heal critical strikes cause the target to heal for $s1% of the healed amount over $70809d.						
70809	spellbook	374	Chained Heal	Rank 1	Heals the target for $70808s1% of a recent critical heal Chain Heal over $d.	Healing damage every $t1 sec.					
70811	all		Item - Shaman T10 Elemental 2P Bonus	Rank 3	Your Lightning Bolt and Chain Lightning spells reduce the remaining cooldown on your Elemental Mastery talent by ${$m1/1000} sec.						
70812	all		Gaseous Bloat Protection								
70814	all		Bone Slice		Splits $s1% of normal melee damage to an enemy and its two nearest allies.						
70815	all		Spawn Cultists								
70816	all		Spelldifficulty_dbc id:2146 spellid0 serverside spell								
70817	all		Item - Shaman T10 Elemental 4P Bonus		Your Lava Burst spell causes your Flame Shock effect on the target to deal at least two additional periodic damage ticks before expiring.						
70819	all		Summon Fanatic								
70820	all		Summon Adherent								
70821	all		Blood Mirror		$70821s1% of damage done to you is dealt to the linked source.	$70821s1% of damage done to you is dealt to the linked source.					
70822	all		Vegard Death								
70823	all		Coldflame		Inflicts $s1 Frost damage every $t1 sec for $d.	Deals $s1 Frost damage every $t1 sec.					
70824	all		Coldflame		Inflicts $s1 Frost damage every $t1 sec for $d.	Deals $s1 Frost damage every $t1 sec.					
70825	all		Coldflame		Inflicts $s1 Frost damage every $t1 sec for $d.	Deals $s1 Frost damage every $t1 sec.					
70826	all		Bone Spike Graveyard		Hurls a massive bone spike which impales any enemies in the way.	Conjuring bone spikes.					
70827	all		Ice Shards		Deals $s1 Frost damage on impact.						
70829	all		Elemental Rage		Damage done increased by $s1%.	Damage done increased by $s1%.					
70830	all		Item - Shaman T10 Enhancement 2P Bonus	Rank 3	When you activate your Shamanistic Rage ability you also deal $70829s1% additional damage for $70829d.						
70831	all		Maelstrom Power		Attack power increased by $s1%.	Attack power increased by $s1%.					
70832	all		Item - Shaman T10 Enhancement 4P Bonus	Rank 3	Each time the beneficial effect of your Maelstrom Weapon talent reaches 5 charges, you have a $s1% chance to gain $70831s1% attack power for $70831d.						
70834	all		Bone Storm		Attacks nearby enemies in a whirlwind of bone.						
70835	all		Bone Storm		Attacks nearby enemies in a whirlwind of bone.						
70836	all		Bone Storm		Attacks nearby enemies in a whirlwind of bone.						
70837	all		Blood Mirror		$s1% of damage done to linked source is reflected to you as Shadow damage.	$s1% of damage done to linked source is reflected to you.					
70838	all		Blood Mirror		$70821s1% of damage done to linked source is reflected to you as Shadow damage.	$70821s1% of damage done to linked source is reflected to you.					
70839	all		Item - Warlock T10 2P Bonus		The critical strike chance of your Shadowbolt, Incinerate, Soulfire, and Corruption spells is increased by $s1%.						
70840	all		Devious Minds		Damage done increased by $s1%.	Damage done increased by $s1%.					
70841	all		Item - Warlock T10 4P Bonus		Each time your Immolate and Unstable Affliction spells deal periodic damage, you have a $h% chance to gain $70840s1% damage done by you and your pet for $70840d.						
70842	all		Mana Barrier		Envelops the caster in a powerful barrier that continually replenishes any lost health, at the expense of the caster's mana.	Consumes mana to repair any damage sustained.					
70843	all		Item - Warrior T10 Protection 2P Bonus		Your Shield Slam and Shockwave abilities deal $s1% increased damage.						
70844	all		Item - Warrior T10 Protection 4P Bonus		Your Bloodrage ability no longer costs health to use, and now causes you to absorb damage equal to $s2% of your maximum health.  Lasts $d.						
70845	all		Stoicism		Absorbs damage.  Lasts $d.	Absorbs damage.					
70846	all		Love Boat Summon								
70847	all		Item - Warrior T10 Melee 4P Bonus		You have a $s1% chance for your Bloodsurge and Sudden Death talents to grant 2 charges of their effect instead of 1, reduce the global cooldown on Execute or Slam by ${$m3/-1000}.1 sec, and for the duration of the effect to be increased by $s2%.						
70848	all		Quel'Delar Missile								
70849	all		Extra Charge!		You have a $s1% chance for your Bloodsurge and Sudden Death talents to grant 2 charges of their effect instead of 1 and to increase the duration of the effect by $s2%.						
70850	all		Pursuit Confusion		Confused by the change in orders, the zombie moves more slowly.	Movement speed reduced by $s1%.\nDamage increased by $s2%.\nCannot be taunted.					
70851	all		Throw Saronite		Throws a massive hunk of Saronite, dealing $s3 damage and knocking back any nearby enemies.						
70852	all		Malleable Goo		Professor Putricide bounces a Malleable ball of Green Goo at the target, inflicting $70853s1 damage and slowing attack and cast speed by $70853t2% for $70853d.						
70853	all		Malleable Goo		Inflicts $s1 damage in a $a1 yard radius and slows casting and attack speed by $s2% for $d.	Slows casting and attack speed by $s2%.					
70854	all		Item - Warrior T10 Melee 2P Bonus		When your Deep Wounds ability deals damage you have a $h% chance to gain $s1% attack power for $70855d.						
70855	all		Blood Drinker		Attack power increased by $s1%.	Attack power increased by $s1%.					
70856	all		Oratory of the Damned Teleport		Teleports the target to the Oratory of the Damned.	Frozen.					
70857	all		Rampart of Skulls Teleport		Teleports the target to the Rampart of Skulls.	Frozen.					
70858	all		Deathbringer's Rise Teleport		Teleports the target to the Deathbringer's Rise.	Frozen.					
70859	all		Upper Spire Teleport		Teleports the target to the Upper Spire.	Frozen.					
70860	all		Frozen Throne Teleport		Teleports the target to the Frozen Throne.	Frozen.					
70861	all		Sindragosa's Lair Teleport		Teleports the target to Sindragosa's Lair.	Frozen.					
70862	all		Summon Vegard Skeleton								
70863	all		Love Boat Summon								
70864	all		Vegard's Vengeance								
70866	all		Shadow Blast		Deals $s1 Shadow damage to all enemies within $a1 yards, reducing their movement speed by $s3% and knocking them back.	Movement speed reduced by $s3%.					
70867	all		Essence of the Blood Queen		You are infused with the blood of the Vampyr Queen. Damage done increased by 100%.\nAttacks heal caster.	Damage increased by $70879s2%.\nHealed for $70872s1% of all damage inflicted.\nAttacks cause no threat.					
70869	all		[DND] Fire Visual								
70871	all		Essence of the Blood Queen		Empowers the caster with dark might, increasing all damage dealt by $s1% and heal the caster for $s2% of his damage dealt.	Damage increased by $s1%.\nHealed for $s2% of all damage inflicted.\nAttacks cause no threat.					
70872	all		Essence of the Blood Queen		Healed for $s1% of all damage inflicted.						
70873	all		Emerald Vigor		Invigorates the target with dreams, regenerating $s1 Mana every $t1 sec. The target's damage and healing will also be increased by $s2%. Stacks up to 100 times. Lasts $d.	Regenerating $s1 Mana every $t1 sec.\nIncreases Damage done by $s2%.\nIncreases Healing done by $s3%.					
70876	all		Dream Cloud								
70877	all		Frenzied Bloodthirst		The caster must satiate their need for blood, otherwise they will lose their will to Queen Lana'thel.	You must feed! Your will is fading...					
70878	all		Creature 40160 creature_addon serverside spell								
70879	all		Essence of the Blood Queen		You are infused with the blood of the Vampyr Queen. Damage done increased by 100%.\nAttacks heal caster.	Damage increased by $70879s2%.\nHealed for $70872s1% of all damage inflicted.\nAttacks cause no threat.					
70881	all		Face Ooze Spray Stalker								
70882	all		Slime Spray Summon Trigger								
70883	all		Slime Spray Summon								
70884	all		Pet School		Increases your current pet's level to match yours.						
70886	all		Vegard's Thirst		Drains $o1 health from an enemy over $d., transferring it to the caster.	$o1 health leeched over $d.					
70889	all		Phase - Quest Zone-Specific 1								
70890	all		Scourge Strike		An unholy strike that deals $55271s2% of weapon damage as Physical damage plus an additional amount.  In addition, for each of your diseases on your target, you deal an additional $55271s3% of the Physical damage done as Shadow damage.						
70891	all		Dark Ritual								
70893	all		Culling the Herd		When your pet's Claw, Bite, or Smack ability deals a critical strike, you and your pet deal increased damage for $d.	Increases damage you and your pet deal.					
70894	all		Summon Light's Vengeance II								
70895	all		Dark Transformation								
70896	all		Dark Empowerment								
70897	all		Dark Martyrdom								
70900	all		Dark Transformation		Transforms the recipient into an undead behemoth, significantly increasing size and damage dealt.	Transformed into a powerful zombie.					
70901	all		Dark Empowerment		Empowers the recipient's spells, causing them to deal area damage and making them uninterruptable.	Spells empowered to deal area damage.\nImmune to interrupt effects.					
70903	all		Dark Martyrdom		The caster surrenders to dark energies, exploding to deal $s1 Shadowstorm damage to all enemies within $a1 yards, and leaving only skeletal remains behind.						
70904	all		Corruption			Stunned.\nRemoved when fully healed.					
70905	all		Deathchill Blast								
70906	all		Deathchill Blast		Deals $s1 Shadowfrost damage to all enemies within $a1 yards of the target.						
70907	all		Summon Water Elemental								
70908	all		Summon Water Elemental								
70909	spellbook	6	Summon Water Elemental (Prototype)		Summon a Water Elemental to fight for the caster for 45 sec.						
70911	all		Unbound Plague		Inflicts damage every $t1 sec, the damage is increased every second the Blight remains on you!  If you get too near to a friendly target, you will transfer the Plague from you to them.	The Plague inflicts increasing damage every $t1 sec.\nIf you get too near a friendly target, you will transfer the Plague to them.					
70912	all		Summon Timer: Suppresser								
70913	all		Summon Timer: Blazing Skeleton								
70914	all		Summon Timer: Blistering Zombie								
70915	all		Summon Timer: Gluttonous Abomination								
70916	all		Summon Timer: Risen Archmage								
70917	all		Unbound Plague Search Periodic								
70920	all		Unbound Plague Search Effect								
70921	all		Summon Gluttonous Abomination								
70922	all		Summon Gluttonous Abomination								
70923	all		Uncontrollable Frenzy		Charmed.\nIncreases damage done by $s3%.\nHealth increased by $70924s2%.\nIncreases healing done by $70924s3%.	Charmed.\nIncreases damage done by $s3%.\nHealth increased by $70924s2%.\nIncreases healing done by $70924s3%.					
70924	all		Uncontrollable Frenzy								
70928	all		Bug 180273 Effect								
70929	all		Bug 180273								
70931	all		Blood Queen Lana'thel - Mind Control Me								
70932	all		Summon Blazing Skeleton								
70933	all		Summon Blazing Skeleton								
70934	all		Invocation of Blood								
70935	all		Summon Suppresser								
70936	all		Summon Suppresser								
70937	all		Glyph of Eternal Water		Your Summon Water Elemental now lasts indefinitely, but your Water Elemental can no longer cast Freeze.						
70938	all		Glyph of Eternal Water		Your Summon Water Elemental now lasts indefinitely, but your Water Elemental can no longer cast Freeze.						
70939	all		Blood Queen Lana'thel - Clear all Status Ailments								
70940	all		Divine Guardian		After Divine Sacrifice is activated, your party and raid members take reduced damage for $d.	Reduced damage taken.					
70942	all		REUSE - Pet School		Causes your pet to be your level.						
70946	all		Vampiric Bite		Deals $s1 damage to the target, granting them the Essence of the Blood Queen. Biting a friendly unit will sate your need for blood. Cannot be used on existing Vampires.	Deals $s1 damage to the target, granting them the Essence of the Blood Queen. Biting a friendly unit will sate your need for blood. Cannot be used on existing Vampires.					
70947	all		Glyph of Quick Decay		Your haste now reduces the time between periodic damage ticks of your Corruption spell.						
70948	all		Glyph of Quick Decay		Your haste now reduces the time between periodic damage ticks of your Corruption spell.						
70949	all		Essence of the Blood Queen		You are infused with the blood of the Vampyr Queen. Damage and healing done increased by 100%.\nAttacks heal caster.	Damage and healing done increased by 100%.\nAttacks heal caster.					
70950	all		Essence of the Blood Queen		Empowers the caster with dark might, increasing all damage dealt by $s1% and heal the caster for $s2% of his damage dealt.	Damage increased by $s1%.\nHealed for $s2% of all damage inflicted.					
70952	all		Invocation of Blood		The Darkfallen Orb empowers Valanar, granting him more formidable abilities.	The Darkfallen Orb empowers Valanar, granting him more formidable abilities.					
70953	all		Plague Sickness		Increases damage taken from Unbound Plague by $s1%.	Increases damage taken from Unbound Plague by $s1%.					
70955	all		Unbound Plague Bounce Protection		Unbound Blight Bounce Protection	Unbound Blight Bounce Protection					
70958	all		Summon Reanimated Fanatic								
70960	all		Bone Flurry		Infuses the caster's attacks with fury, increasing attack speed by $s1%.	Attack speed increased by $s%.					
70961	all		Shattered Bones		Deal $s1 damage to nearby enemies upon death.						
70962	all		Summon Reanimated Adherent								
70963	all		Shattered Bones		Deal $s1 damage to nearby enemies upon death.						
70964	all		Shield Bash		Bashes the target with your shield dealing $s1 damage and increasing their vulnerability to magical attacks by $s2%.	Magical damage taken increased by $s2%.					
70965	all		Crypt Scarabs		Summons several crypt scarabs to attack the caster's target.						
70966	all		Knockback 50 No Log								
70967	all		Summon Light's Vengeance III								
70970	all		Hammer Shield								
70971	all		Silver Covenant Disguise		Wearing an enchanted Silver Covenant Tabard. This disguise only works in Dalaran.	Wearing an enchanted Silver Covenant Tabard. This disguise only works in Dalaran.					
70972	all		Silver Covenant Disguise		Wearing an enchanted Silver Covenant Tabard. This disguise only works in Dalaran.	Wearing an enchanted Silver Covenant Tabard. This disguise only works in Dalaran.					
70973	all		Sunreaver Disguise		Wearing an enchanted Sunreaver Tabard. This disguise will only work in Dalaran.	Wearing an enchanted Sunreaver Tabard. This disguise will only work in Dalaran.					
70974	all		Sunreaver Disguise		Wearing an enchanted Sunreaver Tabard. This disguise will only work in Dalaran.	Wearing an enchanted Sunreaver Tabard. This disguise will only work in Dalaran.					
70975	all		[DND] Fire Block								
70979	all		OR Phase			You feel at peace with the world.					
70980	all		Web Wrap		Channels a beam of webbing, rendering the target unable to move for $52086d. When the effect ends, the target will be encased in webs, stunning them for $52087d. If the webs surrounding the targets are killed, the target will be released.	Immobilized.					
70981	all		Invocation of Blood		The Darkfallen Orb empowers Keleseth, granting him more formidable abilities.	The Darkfallen Orb empowers Keleseth, granting him more formidable abilities.					
70982	all		Invocation of Blood		The Darkfallen Orb empowers Taldaram, granting him more formidable abilities.	The Darkfallen Orb empowers Taldaram, granting him more formidable abilities.					
70983	all		Invocation of Blood								
70985	all		Shroud of Sorrow		An aura of sorrow and despair emanates from the caster, inflicting $s1 Shadow damage every $70986t1 sec. to nearby enemies.						
70986	all		Shroud of Sorrow		An aura of sorrow and despair emanates from the caster, inflicting $70985s1 Shadow damage every $t1 sec. to nearby enemies.	Inflicts $70985s1 Shadow damage every $t1 seconds.					
70987	all		Coldflame Generator								
70989	all		Coldflame Generator								
70993	all		Kalecgos Transform								
70994	all		Presence of the Darkfallen		The presence of other members of the pack increases damage done by $s1% to all members of the pack within $a1 yards.	Increases damage done by $s1%.					
70995	all		Presence of the Darkfallen		The presence of vampyr kin infuses Queen Lana'thel, increasing the power of her Shroud of Sorrow by $s1%.	Increases the power of Shroud of Sorrow by $s1%.					
70996	all		Exhaustion Removal (TEST)		Removes Exhaustion and Sated.  Cheater.						
70997	all		[DND] Summon								
70998	all		[DND] Summon								
70999	all		[DND] Summon								
71001	all		Death and Decay		$m1 Shadow damage inflicted every $t1 sec to all targets in the affected area for $d.	$s1 Shadow damage inflicted every $t1 sec.					
71002	all		Sample Quest Credit								
71003	all		Vegard's Touch		$s1 damage inflicted every $t1 sec.	$s1 damage inflicted every $t1 sec.					
71004	all		Create Perfume Sprayer								
71005	all		Create Cologne Sprayer								
71006	all		Create Chocolate Sampler								
71007	all		Stinger		Attack power increased by $s1%.	Attack power increased by $s1%.					
71009	all		Web Wrap								
71010	all		Web Wrap		Channels a beam of webbing, rendering the target unable to move for $52086d. When the effect ends, the target will be encased in webs, stunning them for $52087d. If the webs surrounding the targets are killed, the target will be released.	Stunned.					
71013	all		Glyph of Rapid Rejuvenation		Your haste now reduces the time between the periodic healing ticks of your Rejuvenation spell.						
71014	all		Glyph of Rapid Rejuvenation		Your haste now reduces the time between the periodic healing ticks of your Rejuvenation spell.						
71015	spellbook	773	Glyph of Rapid Rejuvenation								
71020	all		Dark Mending		Heals an ally with dark magic.						
71021	all		Saber Lash		Splits $s1% of normal melee damage to an enemy and its two nearest allies.						
71022	all		Disrupting Shout		Interrupts the casting of all enemies nearby.	Interrupted.					
71023	all		Languish		Your critical strikes from Starfire and Wrath cause the target languish for an additional $70723s1% of your spell's damage over $71023d.	Deals Nature damage every $t1 sec.					
71024	all		Throw Bomb		Throw at one of the Crown Chemical Co.'s chemical wagons.						
71025	all		[DND] Fire Visual								
71029	all		Glacial Blast		Fires a massive glacial blast, which strikes all enemies in front of the caster.						
71031	all		Summon Blistering Zombie								
71032	all		Summon Blistering Zombie								
71038	all		Tank Marker								
71039	all		Tank Marker								
71040	all		Vegard's Touch								
71041	all		Dungeon Deserter			You abandoned a dungeon and must wait before using the Dungeon Finder again.					
71044	all		Backlash		Deals Arcane damage for each magical spell cast while afflicted with Unchained Magic.						
71045	all		Backlash		Deals Arcane damage to all allies within $a1 yards for each magical spell cast while afflicted with Unchained Magic.						
71046	all		Backlash		Deals Arcane damage to all allies within $a1 yards for each magical spell cast while afflicted with Unchained Magic.						
71047	all		Blistering Cold		Deals $s1 Frost damage to enemies within $a1 yards.						
71048	all		Blistering Cold		Deals $s1 Frost damage to enemies within $a1 yards.						
71049	all		Blistering Cold		Deals $s1 Frost damage to enemies within $a1 yards.						
71050	all		Frost Aura		Deals $s1 Frost damage to all nearby enemies every $t1 sec.	Suffering $s1 Frost damage every $t1 sec.					
71051	all		Frost Aura		Deals $s1 Frost damage to all nearby enemies every $t1 sec.	Suffering $s1 Frost damage every $t1 sec.					
71052	all		Frost Aura		Deals $s1 Frost damage to all nearby enemies every $t1 sec.	Suffering $s1 Frost damage every $t1 sec.					
71053	all		Frost Bomb		Deals $s1 Frost damage to all nearby targets.						
71054	all		Frost Bomb		Deals $s1 Frost damage to all nearby targets.						
71055	all		Frost Bomb		Deals $s1 Frost damage to all nearby targets.						
71056	all		Frost Breath		Inflicts $s1 Frost damage to enemies in a $a1 yard cone in front of the caster. In addition, the targets' attack speed is decreased by $s2% and movement decreased by $s3% for $d.	Attack speed decreased by $s2%.\nMovement speed decreased by $s3%.					
71057	all		Frost Breath		Inflicts $s1 Frost damage to enemies in a $a1 yard cone in front of the caster. In addition, the targets' attack speed is decreased by $s2% and movement decreased by $s3% for $d.	Attack speed decreased by $s2%.\nMovement speed decreased by $s3%.					
71058	all		Frost Breath		Inflicts $s1 Frost damage to enemies in a $a1 yard cone in front of the caster. In addition, the targets' attack speed is decreased by $s2% and movement decreased by $s3% for $d.	Attack speed decreased by $s2%.\nMovement speed decreased by $s3%.					
71067	all		Reforged Saronite		Combines saronite and earth to create an extremely  dense bar of Reforged Saronite.						
71068	all		Food		Restores $s1% of your health per second for $d.  Must remain seated while eating.  If you spend at least 10 seconds eating you will become well fed and gain Stamina and Spirit for $24870d.	Restores $s1% of your health per second.					
71069	all		Execute GCD Reduced								
71070	all		Invocation of Blood (V) Missile								
71071	all		Food		Restores $s1% of your health per second for $d.  Must remain seated while eating.  If you spend at least 10 seconds eating you will become well fed and gain Stamina and Spirit for $24870d.	Restores $s1% of your health per second.					
71072	all		Slam GCD Reduced								
71073	all		Food		Restores $s1% of your health per second for $d.  Must remain seated while eating.  If you spend at least 10 seconds eating you will become well fed and gain Stamina and Spirit for $24870d.	Restores $s1% of your health per second.					
71074	all		Food		Restores $s1% of your health per second for $d.  Must remain seated while eating.  If you spend at least 10 seconds eating you will become well fed and gain Stamina and Spirit for $24870d.	Restores $s1% of your health per second.					
71075	all		Invocation of Blood (V) Move								
71076	all		Summon Risen Archmage								
71077	all		Tail Smash		Inflicts $s1 damage on enemies within $a1 yards of the tail's impact point, knocking them back.						
71078	all		Summon Risen Archmage								
71079	all		Invocation of Blood (K) Move								
71080	all		Invocation of Blood (K) Missile								
71081	all		Invocation of Blood (T) Missile								
71082	all		Invocation of Blood (T) Move								
71083	all		[DND] Summon								
71084	all		Citizen Costume								
71085	all		Mana Void								
71086	all		Mana Void		Summons a Mana Void at a random enemies location. This Mana Void burns $71086s1 mana per second to all enemies within a $71086a1 radius. Lasts 30 seconds.						
71087	all		Lovely Rose		Toss a Lovely Rose at someone to wear.	Wearing a Lovely Rose.					
71088	all		Blight Bomb		Sacrifices the caster's life in order to inflict $s1 Fire damage to nearby enemies.						
71089	all		Bubbling Pus		Deals Nature damage to a random nearby enemy. Lasts $d.	Deals Nature damage every $t1 sec.					
71090	all		Bubbling Pus		Deals Nature damage to a random nearby enemy. Lasts $d.	Deals Nature damage every $t1 sec.					
71092	all		Fras Siabi's Barely Bigger Beer		Drink the lager.	"You feel sightly larger... \n\n|cFFFFAA00""Don't mind the color.""|r"					
71098	all		Quest 24451 RewSpellCast serverside spell								
71101	spellbook	773	Glyph of Eternal Water								
71102	spellbook	773	Glyph of Quick Decay								
71103	all		Combobulating Spray		Injects the target with a transmogrifying burst of radiation.	Cannot attack or cast spells.\nMovement speed reduced by $s3%.					
71106	all		Shadow Nova		Let forth a burst of energy, dealing $s1 Shadow damage to enemy targets within $a1 yards.						
71107	all		Shadow Mend		Heals friendly target for $s1.						
71108	all		Chaos Bolt		Sends a bolt of chaotic fire at the enemy, dealing $s1 Fire damage. Chaos Bolt cannot be resisted, and pierces through all absorption effects.						
71110	all		Aura of Darkness		Causes the caster to automatically inflict $69490s1 Shadow damage every $t1 sec. to nearby enemies. The aura lasts until cancelled.	Automatically inflicting $69490s1 Shadow damage every $t1 sec. to nearby enemies.					
71111	all		Aura of Darkness		Causes the caster to automatically inflict $69490s1 Shadow damage every $t1 sec. to nearby enemies. The aura lasts until cancelled.	Automatically inflicting $69490s1 Shadow damage every $t1 sec. to nearby enemies.					
71112	all		Curse of Agony		Curses the target with agony, causing $o1 Shadow damage over $d.  This damage is dealt slowly at first, and builds up as the Curse reaches its full duration.	$o1 Shadow damage over $d.					
71114	all		Massive Stomp		Stomps the ground, dealing $s1 Physical damage to all nearby enemies and knocking them back.						
71115	all		Massive Stomp		Stomps the ground, dealing $s1 Physical damage to all nearby enemies and knocking them back.						
71116	all		Arcane Shot		An instant shot that causes $s1 Arcane damage.						
71117	all		Avenger's Shield		Hurls a holy shield at the enemy, dealing $s1 Holy damage, Dazing them and then jumping to additional nearby enemies.  Affects $x1 total targets.	Dazed.					
71118	all		Blizzard		Calls down a blizzard that lasts $d., inflicting $s1 Frost damage every $t1 sec. and slowing the movement speed of all enemies in a selected area by $s2%.	Movement speed reduced by $s2%.					
71119	all		Blood Plague		The Blood Plague inflicts $s1 Shadow damage every $t1 sec for $d.	Deals $s1 Shadow damage every $t1 sec.					
71120	all		Chain Heal		Infuses a wounded ally with healing energy that spreads to another nearby ally. The spell affects up to $x1 targets.						
71121	all		Healing Touch		Heals a friendly target for $s1.						
71122	all		Consecration		Consecrates the land beneath Paladin, doing $o1 Holy damage over $d to enemies who enter the area.	$s1 damage every $t1 $lsecond:seconds;.					
71123	all		Decimate		Reduce the current health of all nearby units to $s1% of their maximum health.						
71124	all		Curse of Doom		Dooms the target, inflicting $s1 Shadow damage after $d.	$s1 Shadow damage inflicted after $d.					
71125	all		Disease Cloud		A putrid cloud of disease surrounds the caster, dealing Nature damage to nearby enemies.						
71126	all		Explosive Shot		You fire an explosive charge into the enemy target, dealing $s1 Fire damage. The charge will blast the target every second for an additional $d.	Taking Fire damage every second.					
71127	all		Mortal Wound		A punshing blow strikes the target, reducing the effectiveness of healing spells by $s2%.	Healing reduced by $s2%.					
71128	all		Fan of Knives		Finishing move that causes damage.						
71129	all		Frost Fever		A disease dealing Frost damage every $t1 sec and reducing the target's melee and ranged attack speed by $s2% for $d.	Deals Frost damage over $d.\nReduces melee and ranged attack speed.					
71130	all		Frostfire Bolt		Launches a bolt of frostfire at the enemy, causing $s1 Frost-Fire damage, slowing movement speed by $s2% and causing an additional $o3 Fire damage over $d.  If the target is more vulnerable to Frost damage, this spell will cause Frost instead of Fire damage.	Movement slowed by $s2%.  $s3 Fire damage every $t3 sec.					
71131	all		Greater Heal		Heals a friendly target for $s1.						
71132	all		Glyph of Shadow Word: Pain		Restores 1% of your base mana.						
71133	all		Healing Wave	Rank 9	Heals a friendly target for $s1.						
71134	all		Holy Wrath		Sends bolt of holy power in all directions, causing $s1  damage to targets within $a1 yds.						
71135	all		Incinerate		Deals $s1 Fire damage to your target.						
71136	all		Lightning Bolt		Blasts an enemy with lightning, inflicting Nature damage.						
71137	all		Penance		Launches a volley of holy light at the target, causing $s1 healing to an ally instantly and every $69906t2 sec for $69906d.						
71138	all		Penance								
71139	all		Penance		Launches a volley of holy light at the target, causing $s1 healing to an ally instantly and every $69906t2 sec for $69906d.						
71140	all		Scourge Hook		Inflicts $s1 Physical damage and pulls the target to the caster.						
71141	all		Regrowth		Heals a friendly target for $s1 and another $o2 over $d.	Heals $s2 every $t2 seconds.					
71142	all		Rejuvenation		Heals the target for $o1 over $d.	Heals $s1 damage every $t1 seconds.					
71143	all		Shadow Bolt		Hurls a bolt of dark magic at an enemy, inflicting $s1 Shadow damage.						
71144	all		Shoot		Shoots at an enemy, inflicting Physical damage.						
71145	all		Sinister Strike		Inflicts normal damage plus $s1 to an enemy.						
71146	all		Smite		Smites an enemy, inflicting $s1 Holy damage.						
71147	all		Thunderclap		Damages all nearby enemies for $s1 Nature damage						
71148	all		Wrath		Blasts an enemy with lightning, inflicting Nature damage.						
71150	all		Plague Cloud		Expels a cloud of plague onto the ground, dealing $s1 Nature damage every $t1 sec. for $d.	Deals $s1 Nature damage every $t1 sec.					
71151	all		Blast Wave		Unleashes a wave of flame, inflicting Fire damage to nearby enemies and reducing their movement speed for $d.	Reduced movement speed.					
71152	all		Corrupted Blood		$s1 Shadow damage inflicted every $t1 sec.	$s1 Shadow damage inflicted every $t1 sec.					
71153	all		Fireball		Inflicts $s1 Fire damage to the target.	$s3 Fire damage every $t3 sec.					
71154	all		Rend Flesh		Inflicts $s1% of weapon damage to an enemy and causes it to bleed for $s2 damage per application every $t2 sec. for $d.	$s2 damage inflicted every $t2 sec.					
71155	all		Vampire Rush		Charges an enemy, inflicting $s3 damage to the target and any of its nearby allies, as well as knocking them all back.						
71156	all		Summon Plague Zombies								
71157	all		Infected Wound		Increases the Physical damage taken by an enemy by $s1 for $d.	Physical damage taken is increased by $s1.					
71158	all		Infected Wound		Increases the Physical damage taken by an enemy by $s1 for $d.	Physical damage taken is increased by $s1.					
71159	all		Awaken Plagued Zombies		Summons $s1 Plague Zombie to assist the caster.						
71160	all		Plague Stench		The foul stench deals $s1 Nature damage to all nearby enemies.						
71161	all		Plague Stench		The foul stench deals $s1 Nature damage to all nearby enemies.						
71162	all		Molten Core		Increases the duration of your Immolate by $/1000;47246s2 sec, and you have a $47246h% chance to gain the Molten Core effect when your Corruption deals damage. The Molten Core effect empowers your next 3 Incinerate or Soul Fire spells cast within $71162d.\n\nIncinerate - Increases damage done by $71162s1% and reduces cast time by $71162s3%.\n\nSoul Fire - Increases damage done by $71162s1% and increases critical strike chance by $71162s2%.	Incinerate - Increases damage done by $71162s1% and reduces cast time by $71162s3%.\n\nSoul Fire - Increases damage done by $71162s1% and increases critical strike chance by $71162s2%.					
71163	all		Devour Humanoid		$s2% damage every $t2 seconds.	$s2% damage every $t2 seconds.					
71164	all		Leaping Face Maul		Leaping attack to the face. Painful!						
71165	all		Molten Core		Increases the duration of your Immolate by $/1000;47247s2 sec, and you have a $47247h% chance to gain the Molten Core effect when your Corruption deals damage. The Molten Core effect empowers your next 3 Incinerate or Soul Fire spells cast within $71165d.\n\nIncinerate - Increases damage done by $71165s1% and reduces cast time by $71165s3%.\n\nSoul Fire - Increases damage done by $71165s1% and increases critical strike chance by $71165s2%.	Incinerate - Increases damage done by $71165s1% and reduces cast time by $71165s3%.\n\nSoul Fire - Increases damage done by $71165s1% and increases critical strike chance by $71165s2%.					
71166	all		Divine Illumination		Your healing spells $s1% stronger.	Healing spells increased by $s1%.					
71167	all		Shadowform								
71168	all		Unsated Craving			Describe Shadow's Edge Aura					
71169	all		Shadow's Fate			Upon dying, this creature's soul will be claimed by Shadow's Edge.					
71171	all		Sunwell Model		Place a model of the Sunwell Plateau.						
71174	all		Item - Druid T10 Feral Relic (Rake and Lacerate)		The periodic damage from your Lacerate and Rake abilities grants $71175s1 Agility for $71175d.  Stacks up to $71175u times.						
71175	all		Agile		Agility increased by $s1.	Agility increased by $s1.					
71176	all		Item - Druid T10 Balance Relic (Moonfire and Insect Swarm)		The periodic damage from your Insect Swarm and Moonfire spells grants $71177s1 critical strike rating for $71177d.  Stacks up to $71177u times.						
71177	all		Vicious		Critical strike rating increased by $s1.	Critical strike rating increased by $s1.					
71178	all		Item - Druid T10 Restoration Relic (Rejuvenation)		The periodic healing from your Rejuvenation spell grants $71184s1 spell power for $71184d.  Stacks up to $71184u times.						
71179	all		Mana Void		Summons a Mana Void at a random enemies location. This Mana Void burns $71086s1 mana per second to all enemies within a $71086a1 radius. Lasts 30 seconds.						
71180	all		Frozen Core		Reduces the cast time of your next Frostbolt or Frostfire Bolt by $/1000S1 sec.  Lasts $d.	Cast time of Frostbolt and Frostfire Bolt reduced by $/1000S1 sec.					
71181	all		Frozen Core		Reduces the cast time of your next Frostbolt or Frostfire Bolt by $/1000S1 sec.  Lasts $d.	Cast time of Frostbolt and Frostfire Bolt reduced by $/1000S1 sec.					
71182	all		Frozen Core		Reduces the cast time of your next Frostbolt or Frostfire Bolt by $/1000S1 sec.  Lasts $d.	Cast time of Frostbolt and Frostfire Bolt reduced by $/1000S1 sec.					
71183	all		Sunwell Ignition!								
71184	all		Soothing		Spell power increased by $s1.	Spell power increased by $s1.					
71186	all		Item - Paladin T10 Retribution Relic (Crusader Strike)		Your Crusader Strike ability grants $71187s1 Strength for $71187d.  Stacks up to $71187u times.						
71187	all		Formidable		Strength increased by $s1.  Stacks up to $u times.	Strength increased by $s1.					
71188	all		Experienced		Damage done increased by $s1%.\nAttack and casting speeds increased by $s2%.	Damage done increased by $s1%.\nAttack and casting speeds increased by $s2%.					
71189	all		Dreamwalker's Rage		Deals $s1 Nature damage to all surrounding enemies.						
71190	all		Recently Summoned								
71191	all		Item - Paladin T10 Holy Relic (Holy Shock)		Your Holy Shock heals grant $71192s1 spell power for $71192d.  Stacks up to $71192u times.						
71192	all		Blessed		Spell power increased by $s1.  Stacks up to $u times.	Spell power increased by $s1.					
71193	all		Veteran		Damage done increased by $s1%.\nAttack and casting speeds increased by $s2%.	Damage done increased by $s1%.\nAttack and casting speeds increased by $s2%.					
71194	all		Item - Paladin T10 Protection Relic (Shield of Righteousness)		Your Shield of Righteousness ability grants $71197s1 dodge rating for $71197d.  Stacks up to $71197u times.						
71195	all		Elite		Damage done increased by $s1%.\nAttack and casting speeds increased by $s2%.	Damage done increased by $s1%.\nAttack and casting speeds increased by $s2%.					
71196	all		Dream Slip		Teleports the caster to the Emerald Dream.						
71197	all		Evasive		Dodge rating increased by $s1.  Stacks up to $u times.	Dodge rating increased by $s1.					
71198	all		Item - Shaman T10 Elemental Relic (Shocks)		The periodic damage from your Flame Shock spell grants $71199s1 haste rating for $71199d.  Stacks up to $71199u times.						
71199	all		Furious		Haste rating increased by $s1 for $d.  Stacks up to $u times.	Haste rating increased by $s1.					
71201	all		Battle Experience		This unit gains experience in combat as it fights, allowing it to become more powerful over time.	This unit gains experience in combat as it fights, allowing it to become more powerful over time.					
71203	all		Soul Feast								
71204	all		Touch of Insignificance		Reduces the target's threat generation by $s1%.	Your actions generate $s1% less threat.					
71206	all		Touch of Insignificance								
71207	all		Spawn Chest								
71208	all		Sticky Ooze		The Green Goo inflicts $s1 damage every $69776t1 sec and reduces move speed by $s2%.	Inflicts $s1 damage every $69776t1 sec.\nReduces move speed by $s2%.					
71209	all		Unstable Ooze Explosion		Inflicts $s1 damage to enemies within $a1 yards.	Inflicts $s1 damage to enemies within $a1 yards.					
71210	all		Weak Radiating Ooze		Inflicts $s1 damage to enemies within $a1 yards.	Inflicts $s1 damage to enemies within $a1 yards.					
71212	all		Radiating Ooze		Inflicts $s1 damage to enemies within $a1 yards.	Inflicts $s1 damage to enemies within $a1 yards.					
71213	all		Slime Spray		Deals $s1 damage to enemies in a cone infront of the enemy.						
71214	all		Item - Shaman T10 Enhancement Relic (Stormstrike)		Your Stormstrike ability grants $71216s1 attack power for $71216d.  Stacks up to $71216u times.						
71215	all		Ooze Flood		The Ooze Flood inflicts $s1 damage every $69788t1 sec and reduces move speed by $s2% for $d	Inflicts $s1 damage every $69788t1 sec.\nReduces move speed by $s2%.					
71216	all		Enraged		Attack power increased by $s1.  Stacks up to $u times.	Attack power increased by $s1.					
71217	all		Item - Shaman T10 Restoration Relic (Riptide)		Your Riptide spell grants $71220s1 spell power for $71220d.  Stacks up to $71220u times.						
71218	all		Vile Gas		Inflicts a Vile plague in targeted area, inflicting $s1 damage every $t1 sec for $d. The plague causes the infected targets to vomit uncontrollably inflicting $69244s1 damage to nearby allies.	Inflicts $s1 damage every $t1 sec.\nDisoriented.					
71219	all		Pungent Blight		Violently releases the Gaseous Blight, dealing $s1 Shadow damage to all enemy players, releasing the deadly Blight back into the room.	Violently releases the Gaseous Blight, dealing $s1 Shadow damage to all enemy players, releasing the deadly Blight back into the room.					
71220	all		Energized		Spell power increased by $s1.  Stacks up to $u times.	Spell power increased by $s1.					
71221	all		Gas Spore		Unleashes a Gas Spore, inflicting 2 random targets with a gaseous spore.  The Spore will explode after 12 seconds, inflicting $69290s1 damage to all nearby friends.  The damage from the Gas Spore builds the targets immune system, giving them a resistance to the blight.						
71222	all		Blighted Spores		Inflicts $s1 Shadow damage every $t1 sec for $d.	Inflicts $s1 Shadow damage every $t1 sec.					
71223	all		<INTERNAL>Necessary Roughness: See Spawned Bilgewater Buccaneer Loot FX								
71224	all		Mutated Infection		The Mutated Infection inflicts $s1 damage every $t1 sec and reduces healing received by $s2% for $d.  After the Infection is removed a small ooze is created at the target's location.	Inflicts $s1 damage every $t1 sec.\nReduces healing received by $s2%.\nWhen the Infection is removed a Small Ooze is created.					
71226	all		Item - Death Knight T10 DPS Relic (Obliterate, Scourge Strike, Death Strike)		Your Obliterate, Scourge Strike, and Death Strike abilities grants $71227s1 Strength for $71227d.  Stacks up to $71227u times.						
71227	all		Indomitable		Strength increased by $s1.  Stacks up to $u times.	Strength increased by $s1.					
71228	all		Item - Death Knight T10 Tank Relic (Runestrike)		Your Rune Strike ability grants $71229s1 dodge rating for $71229d.  Stacks up to $71229u times.						
71229	all		Precognition		Dodge rating increased by $s1.	Dodge rating increased by $s1.					
71231	all		Mograine Forge Gossip								
71234	all		Adherent's Determination		Renders the caster nearly impervious to magical damage.	Nearly impervious to magical damage.					
71235	all		Fanatic's Determination			Nearly impervious to physical damage.					
71236	all		Dark Martyrdom		The caster surrenders to dark energies, exploding to deal $s1 Shadowstorm damage to all enemies within $a1 yards, and leaving only skeletal remains behind.						
71237	all		Curse of Torpor		Afflicts an enemy target with a curse that increases ability cooldowns by $s1 sec.	Ability cooldowns increased by $s1 seconds.					
71244	all		Warlord's Presence		The presence of a Ymirjar Warlord prevents nearby allies from being affected by control impairing effects.	Immune to movement and control impairing effects.					
71245	all		Dummy Nuke								
71248	all		Suppress Whispers								
71249	all		Ice Trap		Place a frost trap that freezes the first enemy that approaches, preventing all action for up to $31932d.  Any damage caused will break the ice.  Trap will exist for $d.  Only one trap can be active at a time.						
71250	all		Rapid Shot		Shoots at an enemy, inflicting Physical damage.						
71251	all		Rapid Shot		Causes the caster to focus, shooting rapidly at nearby enemies for $d.	Rapidly shooting enemy targets.					
71252	all		Volley		Shoots a volley of arrows at a target location.	Volley of arrows inbound.					
71253	all		Shoot		Shoots at an enemy, inflicting Physical damage.						
71254	all		Shadow Bolt		Inflicts $s1 Shadow damage to an enemy.						
71255	all		Choking Gas Bomb		Professor Putricide throws Gas Bombs around him, the Gas Bomb deals $71278s1 damage every $71259t1 sec and explodes for $71279s1 damage after $71279d.	Professor Putricide throws Gas Bombs around him, the Gas Bomb deals $12345s1 damage every $12345t1 sec and explodes for $12346s1 damage after $12345d.					
71256	all		Pirate Accuracy Increasing: Quest Phase 1								
71257	all		Barbaric Strike		A brutal strike that causes the target to bleed, taking additional damage over $d.	Taking $s2 additional damage every $t2 sec.					
71258	all		Adrenaline Rush		Infuses the caster's attacks with fury, increasing attack speed by $s1%.	Attack speed increased by $s%.					
71259	all		Choking Gas Bomb Periodic Trigger								
71264	all		Swarming Shadows		A swarming void consumes the target, causing a mass of shadows to appear beneath the target every $71265t1 seconds.	A swarming mass of shadows accumulates beneath you.					
71265	all		Swarming Shadows		Swarming shadows inflict $71277s1 damage every $71277t1 sec.	Inflicts $71277s1 Shadow damage every $71277t1 sec.\nShadows accumulate beneath you every $t1 seconds.					
71266	all		Swarming Shadows		Shadows accumulate beneath the target.	Shadows accumulate beneath the target.					
71267	all		Swarming Shadows		Swarming Shadows inflict $71268s1 damage every $t1 seconds.	Inflicts $71268s1 Shadow damage every $t1 sec.					
71268	all		Swarming Shadows		Inflicts $s1 Shadow damage.	Inflicts $s1 Shadow damage.					
71269	all		Vampiric Embrace		Fills you with the embrace of Shadow energy, causing you to be healed for $15286s1% and other party members to be healed for $/5;15286s1% of any Shadow spell damage you deal for $15286d.	$15286s1% of Shadow spell damage caused by casting priest heals the priest and $/5;15286s1% heals the group.					
71270	all		Arctic Chill		The caster channels the glacial cold, causing $ghim:her; to pulse Frost damage every second.	Dealing Frost damage to nearby enemies.					
71271	all		Arctic Chill		Deals $s1 Frost damage to nearby enemies.						
71272	all		Cleansing Fire Totem								
71273	all		Choking Gas Bomb Summon (Dest)								
71274	all		Frozen Orb		The caster channels a massive Frozen Orb which targets  nearby enemy.	Channelling a Frost Orb.					
71275	all		Choking Gas Bomb Summon (East)								
71276	all		Choking Gas Bomb Summon (West)								
71277	all		Swarming Shadows		Swarming shadows inflict $s1 damage every $t1 sec.	Swarming shadows inflict $s1 damage every $t1 sec.\nShadows accumulate beneath you every $t1 seconds.					
71278	all		Choking Gas		The Choking Gas inflicts $s1 damage and causes you to choke, reducing your chance to hit by $s2% for $d.	Reduces chance to hit by $s2%.					
71279	all		Choking Gas Explosion		The explosion inflicts $s1 damage to enemies within $a1 yards, knocking them back and reducing their chance to hit by $s2% for $d.	Reduces chance to hit by $s2%.					
71280	all		Choking Gas Bomb Periodic Explosion Trigger								
71281	all		Slave Trigger Closest								
71282	all		Dominate Mind								
71283	all		Gut Spray		Deals $s2 Nature damage per second and increases Physical damage taken by $s3% for $d.	Deals $s2 Nature damage per second.\nIncreases Physical damage taken by $s3%.					
71284	all		Teleport Players on Reset								
71285	all		Frozen Orb		Fires an Frozen Orb that freezes enemies under the target.						
71286	all		Frozen Orb		Deals $s1 Frost damage to all enemies under the explosion.						
71287	all		Frozen Orb Primer								
71288	all		Vile Gas		Deals $s1 damage to all friends within $a1 yards.						
71289	all		Dominate Mind		Subdues the will of target enemy, causing them to become charmed for $d, with their damage dealt increased by $s2% and healing done increased by $s3% during that time.	Charmed.\nDamage increased by $s2%.\nHealing increased by $s3%.					
71290	all		Dominate Mind								
71291	all		Forcecaster Slave Trigger								
71292	all		Frozen Orb		Deals $s1 Frost damage to all enemies under the explosion.						
71293	all		Cleansing Fire Totem								
71294	all		Teleporter Enable Check								
71295	all		Cleansing Fire Totem								
71296	all		Shadow Bolt		Deals $s1 Shadow damage to the target.						
71297	all		Shadow Bolt		Deals $s1 Shadow damage to the target.						
71298	all		Banish		Banishes the enemy target, preventing all action but making them invulnerable for up to $d.  Only one target can be affected by your Banish at a time.	Invulnerable, but unable to act.					
71299	all		Death's Embrace		A shield of shadow power surrounds the caster, making $ghim:her; immune to interrupts. The barrier absorbs $s1 damage and lasts for $d.	Absorbs $s1 damage.\nImmune to Interrupt effects.					
71300	all		Death's Embrace		A shield of shadow power surrounds the caster, making $ghim:her; immune to interrupts. The barrier absorbs $s1 damage and lasts for $d.	Absorbs $s1 damage.\nImmune to Interrupt effects.					
71301	all		Summon Dream Portal								
71302	all		Awaken Ymirjar Fallen		Summons $s1 Ymirjar Zombie to assist the caster.						
71303	all		Summon Ymirjar		Summons $s1 Zombies to assist the caster.						
71304	all		Dream Portal Visual								
71305	all		Summon Dream Portal								
71306	all		Twisted Winds		Switch places and threat lists with the target.						
71307	all		Vile Gas								
71308	all		Krick Kill Credit								
71309	all		[DND] Spawn Portal								
71310	all		Pull Shadow's Edge								
71311	all		Caladis Brightspear Invisibility								
71312	all		Myralion Sunblaze Invisibility								
71313	all		See Caladis Brightspear Invis								
71314	all		See Myralion Sunblaze Invis								
71315	all		Citizen Costume								
71316	all		Glacial Strike		A vicious, chilling attack that causes the target to bleed profusely until fully healed.  Deals $s3% Frost damage every $t3 seconds until fully healed.	Dealing Frost damage every $t3 sec.\nDamage ceases when the target is fully healed.					
71317	all		Glacial Strike		A vicious, chilling attack that causes the target to bleed profusely until fully healed.  Deals $s3% Frost damage every $t3 seconds until fully healed.	Dealing Frost damage every $t3 sec.\nDamage ceases when the target is fully healed.					
71318	all		Frostbolt		Inflicts Frost damage to an enemy and reduces its movement speed for $d.	Movement speed reduced by $s2%.					
71319	all		Polymorph	Turkey	Transforms the enemy into a harmless Turkey, forcing it to waddle around for up to $d.  While waddling, the turkey cannot attack or cast spells but will regenerate very quickly.  Any damage will transform the target back into its normal form.  Only one target can be polymorphed at a time.  Only works on Beasts, Humanoids and Critters.	Cannot attack or cast spells.  Increased regeneration.					
71320	all		Frost Nova		Inflicts $s1 Frost damage to nearby enemies, immobilizing them for up to $d.	Immobilized.					
71321	all		Frozen Prison			Frozen in place.					
71322	all		Annihilate								
71323	all		Frostblade		Attacks nearby enemies in a whirlwind of steel that lasts $d. and inflicts double damage.	Attacking all nearby enemies for double damage.					
71324	all		Frostblade		Attacks nearby enemies in a whirlwind of steel that lasts $d. and inflicts double damage.	Attacking all nearby enemies for double damage.					
71325	all		Frostblade		Infuses your weapon with the power of Icecrown, causing it to emit Frost damage for $d.	Disarmed.					
71326	all		Crypt Scarabs		Summons several crypt scarabs to attack the caster's target.						
71327	all		Web		Casts a web over an enemy, immobilizing it for $d.	Immobilized.					
71328	all		Dungeon Cooldown			You recently queued for a random dungeon and must wait before using the Dungeon Finder again.					
71329	all		Earthen Prison			Frozen in place.					
71330	all		Ice Tomb		Stuns an enemy, rendering it unable to move or attack for $d.	Stunned.					
71331	all		Ice Tomb		Stuns an enemy, rendering it unable to move or attack for $d.	Stunned.					
71335	all		Burning Pitch		Throws gob of burning pitch that sets the target area aflame, inflicting $70383s1 Siege damage and an additional $69660o1 Fire damage over $69660d.						
71336	all		Pact of the Darkfallen		Deals growing Shadow damage to you and nearby non-linked allies.  This effect expires when all linked targets are within 5 yards of each other.						
71337	all		Concussive Shock		Jumps into the air, knocking away nearby enemies.						
71338	all		Concussive Shock		Jumps into the air, knocking away nearby enemies.						
71339	all		Burning Pitch		Throws gob of burning pitch that sets the target area aflame, inflicting $70374s1 Siege damage and an additional $69660o1 Fire damage over $69660d.						
71340	all		Pact of the Darkfallen		Deals growing Shadow damage to you and nearby non-linked allies.  This effect expires when all linked targets are within 5 yards of each other.	Deals growing Shadow damage to you and nearby non-linked allies. This effect expires when all linked targets are within 5 yards of each other.					
71341	all		Pact of the Darkfallen		Deals Shadow damage to nearby targets.						
71342	spellbook	777	Big Love Rocket		Summons and dismisses a rideable Big Love Rocket.  This mount changes depending on your Riding skill and location.						
71343	all		Big Love Rocket			Slow and steady...					
71344	all		Big Love Rocket		 This mount increases speed depending on your Riding Skill.	Increases speed depending on your Riding Skill.					
71345	all		Big Love Rocket		 This mount increases speed depending on your Riding Skill.	Increases speed depending on your Riding Skill.					
71346	all		Big Love Rocket		 This mount increases speed depending on your Riding Skill.	Increases speed depending on your Riding Skill.					
71347	all		Big Love Rocket		 This mount increases speed depending on your Riding Skill.	Increases speed depending on your Riding Skill.					
71348	all		Gusty Prison			Frozen in place.					
71350	all		Focus Fire		The whelp focuses his attacks on the target.	A whelp is focusing fire upon you.					
71351	all		Start Halls of Reflection Quest								
71352	all		Escaping Arthas Kill Credit								
71354	all		Heirloom Experience Bonus +5%		Experience gained from killing monsters and completing quests increased by $s1%.	Experience gained from killing monsters and completing quests increased by $s1%.					
71356	all		Spelldifficulty_dbc id:2108 spellid0 serverside spell								
71357	all		Order Whelp		Causes the Frostwarden Handler to force a whelp to attack a specific enemy.						
71361	all		Frost Blast		Inflicts Frost damage to an enemy and reduces its movement speed for $d.	Reduced movement speed.					
71362	all		Frost Blast		Inflicts Frost damage to an enemy and reduces its movement speed for $d.	Reduced movement speed.					
71363	all		Summon Spirit								
71365	all		Freeze Guards								
71367	all		Fire Prison								
71368	all		Citizen Costume								
71369	all		Tail Sweep		Inflicts $s1 damage on enemies in a cone behind the caster, knocking them back.						
71370	all		Tail Sweep		Inflicts $s1 damage on enemies in a cone behind the caster, knocking them back.						
71371	all		Rocket Artillery		Launches a rocket that explodes on impact.						
71372	all		Harvest Soul								
71375	all		Icy Blast Targeting								
71376	all		Icy Blast		Deals $71377s1 Frost damage to enemies near the point of impact.						
71377	all		Icy Blast		Deals $71377s1 Frost damage to enemies near the point of impact.						
71378	all		Icy Blast		Deals $71377s1 Frost damage to enemies near the point of impact.						
71379	all		Gaseous Blight Spigot Visual								
71380	all		Icy Blast		Reduces movement speed by $s1% and inflicts $s2 Frost damage per $t2 sec on those caught within the lingering icy chill.	Movement speed reduced by $s1%.\nSuffering $s2 Frost damage per $t2 sec.					
71381	all		Icy Blast		Reduces movement speed by $s1% and inflicts $s2 Frost damage per $t2 sec on those caught within the lingering icy chill.	Movement speed reduced by $s1%.\nSuffering $s2 Frost damage per $t2 sec.					
71382	all		Summon Icy Blast								
71383	all		Response								
71384	all		zzOldConflagrate								
71385	all		Mograine Axe Timer Aura								
71386	all		Frost Breath		Inflicts Frost damage to enemies in a cone in front of the caster, slowing their attack speed by $s2% for $d.	Time between attacks increased by $s2%.					
71387	all		Frost Aura		Deals $s1 frost damage every $t1 sec.	Deals $s1 frost damage every $t1 sec.					
71389	all		Disarm Mograine								
71390	all		Pact of the Darkfallen		Deals shadow damage to nearby targets.						
71391	all		Lich King Whisper Event								
71392	all		LK Whisper Suppression Aura								
71393	all		Flames		Explode violently, inflicting a minimum of $s1 Fire damage to nearby enemies. Larger balls of flame deal additional damage based on size.						
71394	all		Aggro Marked								
71395	all		The Biggest Egg Ever: Summon The Biggest Egg Ever								
71396	all		Rage of the Fallen		Increases your melee and ranged attack power by $s1.  Effect lasts for $d.  Stacks up to $u times.	Increases melee and ranged attack power by $s1.					
71397	all		Item - Icecrown 25 Emblem Melee Trinket		Each time you deal melee or ranged damage to an opponent, you gain $71396s1 attack power for the next $71396d, stacking up to $71396u times.						
71400	all		Vanish		Teleports the caster behind the target. Also frees the caster from any bonds.	Warping...					
71401	all		Icy Rage		Increases attack power by $s1 for $d.	Increases attack power by $s1.					
71402	all		Item - Icecrown 10 Normal Melee Trinket		When you deal damage you have a chance to gain $71401s1 attack power for $71401d.						
71403	all		Fatal Flaws		Increases armor penetration rating by $s1 for $d.	Armor penetration rating increased by $s1.					
71404	all		Item - Icecrown Dungeon Melee Trinket		Chance on melee or ranged critical strike to increase your armor penetration rating by $71403s1 for $71403d.						
71405	all		Shadow Lance		Hurls a bolt of dark magic at an enemy, inflicting $s1 Shadow damage.						
71406	all		Anger Capacitor		Your melee attacks have a chance to grant you a Mote of Anger.  When you reach $71432u Motes of Anger, they will release, causing you to instantly attack for $71433s2% weapon damage with one of your melee weapons.						
71410	all		Backstab		Inflicts normal damage plus $s1 to an enemy, but only if attacking from behind.						
71412	all		Green Ooze Summon								
71413	all		Green Ooze Summon								
71414	all		Orange Ooze Summon								
71415	all		Orange Ooze Summon								
71420	all		Frostbolt		Inflicts $s1 Frost damage to an enemy and reduces its movement speed by $s2% for $d.	Reduced movement speed.					
71424	all		Slime Puddle Trigger								
71425	all		Slime Puddle Summon Trigger 1								
71426	all		Summon Spirit		Summons a Vengeful Spirit to pursue and destroy an enemy target.						
71432	all		Mote of Anger		Gained a Mote of Anger.  When $u Motes are accumulated, they will release, triggering an instant weapon attack.	Mote of Anger.					
71433	all		Manifest Anger		Deals $s2% main hand weapon damage.						
71434	all		Manifest Anger		Deals $s2% off hand weapon damage.						
71435	all		Fishing Skill +15		Fishing skill increased by $s1.						
71436	all		Teleport: Booty Bay		Whisks you away to the finest drinking establishment in Booty Bay.						
71439	all		[DND] Spawn								
71440	all		Harvest Soul								
71441	all		Unstable Ooze Explosion Suicide Trigger								
71443	all		Impaling Spear		Impales the target upon your spear.	Dealing $s3% of maximum health every second.\nStunned.					
71444	all		Clear Impaling Spear								
71445	all		Twilight Bloodbolt		Picks targets for Bloodbolt.						
71446	all		Twilight Bloodbolt		Hurls a bolt of dark blood at the target, dealing $s1 damage to the target and surrounding allies within $71447a1 yards.						
71447	all		Bloodbolt Splash		Hurls a bolt of dark blood at the target, dealing $71446s1 damage to the target and surrounding allies within $71447a1 yards.						
71450	all		Crown Parcel Service Uniform			Disguised as a CPS package-runner. Go go go!					
71459	all		Crown Chemical Co. Contraband			Carrying a crate of Crown Chemical Co. contraband.					
71462	all		Remove Spear		Removes the spear from your ally.						
71463	all		Aether Shield		Protects the caster from most attacks and spells.  In addition, the caster regenerates health.	Impervious to normal attacks and spells.\nRegenerating Health.					
71464	all		Divine Surge		Inflicts $s1 Divine damage every $65766t1 sec.						
71465	all		Divine Surge		Pulsing a Divine damage, inflicting $67275s1 damage every $t1 sec to all enemies.	Inflicts $67275s1 Divine damage every $t1 sec.					
71466	all		Hurl Spear		Hurls the Infernal Spear back at Sister Svalna, dealing damage.  Pierces Aether Shield.						
71468	all		Aether Burst		Inflicts $s1 Divine damage.						
71469	all		Aether Burst		Inflicts $s1 Divine damage.						
71471	all		Twilight Bloodbolt		Picks targets for Bloodbolt.						
71473	all		Essence of the Blood Queen		You are infused with the blood of the Vampyr Queen. Damage done increased by 100%.\nAttacks heal caster.	Damage increased by $70879s2%.\nHealed for $70872s1% of all damage inflicted.\nAttacks cause no threat.					
71474	all		Frenzied Bloodthirst		The caster must satiate their need for blood, otherwise they will lose their will to Queen Lana'thel.	You must feed! Your will is fading...					
71475	all		Vampiric Bite		Deals $s1 damage to the target, granting them the Essence of the Blood Queen. Biting a friendly unit will sate your need for blood. Cannot be used on existing Vampires.	Deals $s1 damage to the target, granting them the Essence of the Blood Queen. Biting a friendly unit will sate your need for blood. Cannot be used on existing Vampires.					
71476	all		Vampiric Bite		Deals $s1 damage to the target, granting them the Essence of the Blood Queen. Biting a friendly unit will sate your need for blood. Cannot be used on existing Vampires.	Deals $s1 damage to the target, granting them the Essence of the Blood Queen. Biting a friendly unit will sate your need for blood. Cannot be used on existing Vampires.					
71477	all		Vampiric Bite		Deals $s1 damage to the target, granting them the Essence of the Blood Queen. Biting a friendly unit will sate your need for blood. Cannot be used on existing Vampires.	Deals $s1 damage to the target, granting them the Essence of the Blood Queen. Biting a friendly unit will sate your need for blood. Cannot be used on existing Vampires.					
71478	all		Twilight Bloodbolt		Hurls a bolt of dark blood at the target, dealing $s1 damage to the target and surrounding allies within $71447a1 yards.						
71479	all		Twilight Bloodbolt		Hurls a bolt of dark blood at the target, dealing $s1 damage to the target and surrounding allies within $71447a1 yards.						
71480	all		Twilight Bloodbolt		Hurls a bolt of dark blood at the target, dealing $s1 damage to the target and surrounding allies within $71447a1 yards.						
71481	all		Bloodbolt Splash		Hurls a bolt of dark blood at the target, dealing $71446s1 damage to the target and surrounding allies within $71447a1 yards.						
71482	all		Bloodbolt Splash		Hurls a bolt of dark blood at the target, dealing $71446s1 damage to the target and surrounding allies within $71447a1 yards.						
71483	all		Bloodbolt Splash		Hurls a bolt of dark blood at the target, dealing $71446s1 damage to the target and surrounding allies within $71447a1 yards.						
71484	all		Strength of the Taunka		Grants the form and strength of the Taunka for $d.	Granted $s2 strength by the form of the Taunka.					
71485	all		Agility of the Vrykul		Grants the form and agility of the Vrykul for $d.	Granted $s2 agility by the form of the Vrykul.					
71486	all		Power of the Taunka		Grants the form and attack power of the Taunka for $d.	Granted $s2 attack power by the form of the Taunka.					
71487	all		Precision of the Iron Dwarves		Grants the form and precision of the Iron Dwarves for $d.	Granted $s2 armor penetration rating by the form of the Iron Dwarves.					
71488	all		Scourge Strike	Rank 6	An unholy strike that deals $s1% weapon damage as Shadow damage.						
71489	all		Death Strike		A deadly attack that deals $s2% weapon damage plus ${$m1*$m2/100} and heals the Death Knight for $s3% of $Ghis:her; maximum health.						
71490	all		Death Coil		Deals $s1 Shadow damage to a nearby random target.						
71491	all		Aim of the Iron Dwarves		Grants the form and aim of the Iron Dwarves for $d.	Granted $s2 critical strike rating by the form of the Iron Dwarves.					
71492	all		Speed of the Vrykul		Grants the form and speed of the Vrykul for $d.	Granted $s2 haste rating by the form of the Vrykul.					
71494	all		Vengeful Blast								
71495	all		Explosion Visual								
71500	all		Fireball		Inflicts Fire damage to an enemy.						
71501	all		Fireball		Inflicts Fire damage to an enemy.						
71503	all		Mutated Transformation		You have been mutated!	You have been mutated!					
71504	all		Fireball		Inflicts $s1 Fire damage to an enemy.						
71507	all		Heavily Perfumed		Phew! The smell is overpowering...	Phew! The smell is overpowering...					
71508	all		Recently Analyzed								
71510	all		Blood Mirror		$70821s1% of damage done to linked source is reflected to you as Shadow damage.	$70821s1% of damage done to linked source is reflected to you.					
71512	all		Portal to Dalaran								
71514	all		Fire Shield		Inflicts $s1 Fire damage to nearby enemies.						
71515	all		Fire Shield		Surrounds an ally with a shield of flame that inflicts $71515s1 Fire damage to nearby enemies every $t1 sec.  Lasts $d.	Inflicting $71515s1 Fire damage to nearby enemies every $t1 sec.					
71516	all		Shadow Infusion		Siphons malignant Ooze to infuse Shadow's Edge with Unholy power.	Shadow's Edge seethes with Unholy power and is ready to claim Putricide's soul.					
71517	all		Lasher Pack Threat								
71518	all		Unholy Infusion Credit								
71519	all		Item - Icecrown 25 Normal Melee Trinket		Your attacks have a chance to awaken the powers of the races of Northrend, temporarily transforming you and increasing your combat capabilities for $71491d.						
71520	all		Heavily Perfumed Pulse								
71521	all		zzOldHand of Gul'dan								
71522	all		Crown Chemical Co. Supplies								
71523	all		Searing Weakness		Increases the Fire damage taken by an enemy by $s1% for $d.	Fire damage taken is increased by $m1%.					
71524	all		[PH] Fire Fly		Inflicts $s2 Fire damage to an enemy and knocks them back.						
71525	all		Essence of the Blood Queen		You are infused with the blood of the Vampyr Queen. Damage done increased by 100%.\nAttacks heal caster.	Damage increased by $70879s2%.\nHealed for $70872s1% of all damage inflicted.\nAttacks cause no threat.					
71530	all		Essence of the Blood Queen		You are infused with the blood of the Vampyr Queen. Damage done increased by 100%.\nAttacks heal caster.	Damage increased by $70879s2%.\nHealed for $70872s1% of all damage inflicted.\nAttacks cause no threat.					
71531	all		Essence of the Blood Queen		You are infused with the blood of the Vampyr Queen. Damage done increased by 100%.\nAttacks heal caster.	Damage increased by $70879s2%.\nHealed for $70872s1% of all damage inflicted.\nAttacks cause no threat.					
71532	all		Essence of the Blood Queen		You are infused with the blood of the Vampyr Queen. Damage done increased by 100%.\nAttacks heal caster.	Damage increased by $70879s2%.\nHealed for $70872s1% of all damage inflicted.\nAttacks cause no threat.					
71533	all		Essence of the Blood Queen		You are infused with the blood of the Vampyr Queen. Damage done increased by 100%.\nAttacks heal caster.	Damage increased by $70879s2%.\nHealed for $70872s1% of all damage inflicted.\nAttacks cause no threat.					
71536	all		Finding Sylvanas Credit								
71538	all		Finding Jaina Credit								
71539	all		Crown Chemical Co. Supplies								
71540	all		Item - Icecrown 10 Heroic Melee Trinket		When you deal damage you have a chance to gain $71541s1 attack power for $71541d.						
71541	all		Icy Rage		Increases attack power by $s1 for $d.	Increases attack power by $s1.					
71542	all		Start Halls of Reflection Quest								
71544	all		Vengeful Blast		Inflicts $s1 Shadowfrost damage to an enemy.						
71545	all		Anger Capacitor		Your melee attacks have a chance to grant you a Mote of Anger.  When you reach ${$71432u-1} Motes of Anger, they will release, causing you to instantly attack for $71433s2% weapon damage with one of your melee weapons.						
71546	all		Smite		Smites an enemy, inflicting $s1 Holy damage.						
71547	all		Smite		Smites an enemy, inflicting $s1 Holy damage.						
71548	all		Power Word: Shield		Draws on the soul of the party member to shield them, absorbing $s1 damage.  Lasts $d.  While the shield holds, spellcasting will not be interrupted by damage.  Once shielded, the target cannot be shielded again for $6788d.	Absorbs damage.					
71549	all		Crusader Strike		An instant strike that causes $s2% weapon damage.						
71550	all		Divine Shield		Protects the paladin from all damage and spells for $d, but reduces all damage you deal by $s1%.  Once protected, the target cannot be protected by Divine Shield, Divine Protection or Hand of Protection again for $25771d.  Cannot be used within $61987d. of using Avenging Wrath.	Immune to all attacks and spells, but reduces all damage you deal by $s1%.					
71551	all		Judgement of Command		Judges the enemy for $s1 Holy damage.						
71552	all		Mortal Strike	Rank 8	A vicious strike that deals weapon damage plus $s2 and wounds the target, reducing the effectiveness of any healing by $s1% for $d.	Healing effects reduced by $s1%.					
71553	all		Charge	Rank 3	Charge an enemy and stun it for $65929d.						
71554	all		Sunder Armor	Rank 1	Sunders the target's armor, reducing it by $s1% per Sunder Armor and causes a high amount of threat.  Threat increased by attack power.  Can be applied up to 5 times.  Lasts $d.	Armor decreased by $s1%.					
71555	all		Super Shrink								
71556	all		Agility of the Vrykul		Grants the form and agility of the Vrykul for $d.	Granted $s2 agility by the form of the Vrykul.					
71557	all		Precision of the Iron Dwarves		Grants the form and precision of the Iron Dwarves for $d.	Granted $s2 armor penetration rating by the form of the Iron Dwarves.					
71558	all		Power of the Taunka		Grants the form and attack power of the Taunka for $d.	Granted $s2 attack power by the form of the Taunka.					
71559	all		Aim of the Iron Dwarves		Grants the form and aim of the Iron Dwarvesfor $d.	Granted $s2 critical strike rating by the form of the Iron Dwarves.					
71560	all		Speed of the Vrykul		Grants the form and speed of the Vrykul for $d.	Granted $s2 haste rating by the form of the Vrykul.					
71561	all		Strength of the Taunka		Grants the form and strength of the Taunka for $d.	Granted $s2 strength by the form of the Taunka					
71562	all		Item - Icecrown 25 Heroic Melee Trinket		Your attacks have a chance to awaken the powers of the races of Northrend, temporarily transforming you and increasing your combat capabilities for $71561d.						
71563	all		Deadly Precision		Increases your critical strike rating by ${$71564m1*$71564u} for $71564d. Every time one of your non-periodic spells deals a critical strike, the bonus is reduced by $71564s1 critical strike rating.						
71564	all		Deadly Precision		Grants ${$m1*5} critical strike rating for $d, reduced by $s1 critical strike rating each time a critical strike is dealt.	Critical strike rating increased by $s1.					
71565	all		Replenish Mana		Restores $s1 mana.						
71566	all		Replenished		Energizes for $s1 mana.						
71567	all		Item - Icecrown Dungeon Healer Trinket		You gain $71566s1 mana each time you heal a target with one of your spells.						
71568	all		Urgency		Grants $s1 haste rating for $d.	Haste rating increased by $s1.					
71569	all		Increased Fortitude		Increases maximum health by $s1 for $d. Shares cooldown with other Battlemaster's trinkets.	Health increased by $s1.					
71570	all		Cultivated Power		Increases your spell power by $s1.  Effect lasts for $d.  Stacks up to $u times.	Increases spell power by $s1.					
71571	all		Item - Icecrown 10 Normal Caster Trinket		Each time you deal spell damage to an opponent, you gain $71570s1 spell power for the next $71570d, stacking up to $71570u times.						
71572	all		Cultivated Power		Increases your spell power by $s1.  Effect lasts for $d.  Stacks up to $u times.	Increases spell power by $s1.					
71573	all		Item - Icecrown 10 Heroic Caster Trinket		Each time you deal spell damage to an opponent, you gain $71572s1 spell power for the next $71572d, stacking up to $71572u times.						
71574	all		Replenish Mana		Restores $s1 mana.						
71575	all		Invigorated		Increases your stamina by $s1.  Effect lasts for $d.  Stacks up to $u times.	Increases stamina by $s1.					
71576	all		Item - Icecrown 10 Normal Tank Trinket		Each time you are struck by a melee attack, you have a $h% chance to gain $71575s1 stamina for the next $71575d, stacking up to $71575u times.						
71577	all		Invigorated		Increases your stamina by $s1.  Effect lasts for $d.  Stacks up to $u times.	Increases stamina by $s1.					
71578	all		Item - Icecrown 10 Heroic Tank Trinket		Each time you are struck by a melee attack, you have a $h% chance to gain $71577s1 stamina for the next $71577d, stacking up to $71577u times.						
71579	all		Elusive Power		Increases spell power by $s2 for $d.	Spell power increased by $s2.					
71580	all		Coldflame		Summons a line of frost that hits enemies in the way.						
71581	all		Icecrown - Reputation Ring - Caster Path								
71582	all		Invocation of Blood								
71583	all		Icecrown - Reputation Ring - Caster Path - Clear Others								
71584	all		Revitalized		Mana Regen increased by $s1 for $d.	Mana Regen increased by $s1.					
71585	all		Item - Icecrown 25 Emblem Healer Trinket		Your spell casts have a chance to grant $71584s1 mana per 5 sec for $71584d.						
71586	all		Hardened Skin		Absorbs $s1 damage.  Lasts $d.	Absorbs $s1 damage.					
71587	all		Ooze Flood		The Ooze Flood inflicts $s1 damage every $69788t1 sec and reduces move speed by $s2%, stacking up to 10 times for $d	Inflicts damage every $69788t1 sec.\nReduces move speed by $s2%.					
71588	all		Ooze Flood		The Ooze Flood inflicts $s1 damage every $69788t1 sec and reduces move speed by $s2%, stacking up to 10 times for $d	Inflicts damage every $69788t1 sec.\nReduces move speed by $s2%.					
71589	all		Plaguethrower Backpack								
71590	all		Rocket Launch		Fire a powerful rocket at the enemy that does $s1 damage and stuns them for $s2 sec.    This thing has quite a kick though...	Stunned.					
71591	all		Rocket Launch		Fire a powerful rocket at the enemy that does $30730s1 damage and stuns them for $30730d.    This thing has quite a kick though...	Stunned.					
71592	all		Fel Iron Bomb		Inflicts $s1 Fire damage and stuns targets in a $a1 yard radius for $d.  Any damage will break the effect.  Unreliable against targets higher than level 76.	Stunned.  Any damage will break the effect.					
71593	all		Machine Gun		Rapidly deals damage to the target.						
71594	all		Machine Gun		Focuses the machine guns on the enemy. The machine gun will continue to track the enemy for $d, even while moving.	Focusing a machine gun on the enemy target.					
71595	all		Flash Heal	Rank 11	Heals a friendly target for $s1.						
71596	all		Invocation of Blood								
71597	all		Cosmetic - Low Poly Fire (with Sound)								
71598	all		Feign Death								
71599	all		Cosmetic - Explosion (Chemical Wagon)								
71600	all		Surging Power		Increases spell power by $71600s1 and an additional $71600s1 every $71601t1 sec.  Lasts $71601d.	Increases spell power by $s1.					
71601	all		Surge of Power		Increases spell power by $71600s1 and an additional $71600s1 every $t1 sec.  Lasts $d.	Increases spell power by $71600s1 every $t1 sec.					
71602	all		Item - Icecrown 25 Normal Caster Trinket 1 Base		Your harmful spells have a chance to increase your spell power by $71600s1 and an additional $71600s1 every $71601t1 sec for $71601d.						
71603	all		Mutated Strength		Increases damage done by $s1% and increases attack speed by $s2% also attacks cause the caster to become more mutated, inflicting increasing damage every $72451t1 sec.	Increases Physical damage dealt by $s1%.\nIncreases attack speed by $s2%.\nAttacks cause the caster to become mutated further.					
71604	all		Mutated Strength		Increases damage done by $s1% and increases attack speed by $s2%.	Increases Physical damage dealt by $s1%.\nIncreases attack speed by $s2%.					
71605	all		Siphoned Power		Increases spell power by $s2 for $d.	Spell power increased by $s2.					
71606	all		Item - Icecrown 25 Normal Caster Trinket 2		Each time one of your spells deals periodic damage, you have a chance to gain $71605s1 spell power for $71605d.						
71607	all		Release of Light		Instantly heal a friendly target for $s1.						
71610	all		Echoes of Light		Instantly heal a friendly target for $s1.						
71611	all		Item - Icecrown 25 Normal Healer Trinket 2		Each time your spells heal a target you have a chance to cause another nearby friendly target to be instantly healed for $71610s1.						
71614	all		Ice Lock		Encases the target in ice, rendering them unable to act and causing them to be immune.	Stunned.\nImmune.					
71615	all		Tear Gas		You are dazed by the tear gas, preventing you from moving!	You are dazed by the tear gas, preventing you from moving!					
71617	all		Tear Gas		Throws a vial of tear gas, stunning all targets in the room!	Throws a vial of tear gas, stunning all targets in the room!					
71618	all		Tear Gas		You are dazed by the tear gas, preventing you from moving!	You are dazed by the tear gas, preventing you from moving!					
71620	all		Tear Gas Cancel								
71621	all		Create Concoction		Professor Putricide is rifling through the lab table, searching for a powerful potion!	Professor Putricide is rifling through the lab table, searching for a powerful potion!					
71623	all		Delirious Slash		Inflicts $s1% of weapon damage to an enemy and causes it to bleed for $s2 damage per application every $t2 sec. for $d.	$s2 damage inflicted every $t2 sec.					
71624	all		Delirious Slash		Inflicts $s1% of weapon damage to an enemy and causes it to bleed for $s2 damage per application every $t2 sec. for $d.	$s2 damage inflicted every $t2 sec.					
71625	all		Delirious Slash		Inflicts $s1% of weapon damage to an enemy and causes it to bleed for $s2 damage per application every $t2 sec. for $d.	$s2 damage inflicted every $t2 sec.					
71626	all		Delirious Slash		Inflicts $s1% of weapon damage to an enemy and causes it to bleed for $s2 damage per application every $t2 sec. for $d.	$s2 damage inflicted every $t2 sec.					
71627	all		Orange Bottle								
71630	all		Green Bottle								
71633	all		Thick Skin		Increases armor by $s1 for $d1.	Increases armor by $s1.					
71634	all		Item - Icecrown 25 Normal Tank Trinket 1		Melee attacks which reduce you below $s1% health cause you to gain $71633s1 armor for $71633d.  Cannot occur more than once every 30 sec.						
71635	all		Aegis of Dalaran		Increases resistance to Arcane, Fire, Frost, Nature, and Shadow spells by $s1 for $d.	Arane, Fire, Frost, Nature, and Shadow resistance increased by $s1.					
71636	all		Siphoned Power		Increases spell power by $s2 for $d.	Spell power increased by $s2.					
71637	all		Item - Icecrown 25 Heroic Caster Trinket 2		Each time one of your spells deals periodic damage, you have a chance to gain $71636s1 spell power for $71636d.						
71638	all		Aegis of Dalaran		Increases resistance to Arcane, Fire, Frost, Nature, and Shadow spells by $s1 for $d.	Arane, Fire, Frost, Nature, and Shadow resistance increased by $s1.					
71639	all		Thick Skin		Increases armor by $s1 for $d1.	Increases armor by $s1.					
71640	all		Item - Icecrown 25 Heroic Tank Trinket 1		Melee attacks which reduce you below $s1% health cause you to gain $71639s1 armor for $71639d.  Cannot occur more than once every 30 sec.						
71641	all		Echoes of Light		Instantly heal a friendly target for $s1.						
71642	all		Item - Icecrown 25 Heroic Healer Trinket 2		Each time your spells heal a target you have a chance to cause another nearby friendly target to be instantly healed for $71641s1.						
71643	all		Surging Power		Increases spell power by $71643s1 and an additional $71643s1 every $71644t1 sec.  Lasts $71644d.	Increases spell power by $s1.					
71644	all		Surge of Power		Increases spell power by $71643s1 and an additional $71643s1 every $t1 sec.  Lasts $d.	Increases spell power by $71643s1 every $t1 sec.					
71645	all		Item - Icecrown 25 Heroic Caster Trinket 1 Base		Your harmful spells have a chance to increase your spell power by $71643s1 and an additional $71643s1 every $71644t1 sec for $71644d.						
71646	all		Release of Light		Instantly heal a friendly target for $s1.						
71647	all		Ice Trap			Rooted.					
71650	all		Icecrown - Reputation Ring - Melee Path								
71651	all		Icecrown - Reputation Ring - Melee Path - Clear Others								
71652	all		Icecrown - Reputation Ring - Tank Path - Clear Others								
71653	all		Icecrown - Reputation Ring - Tank Path								
71654	all		Icecrown - Reputation Ring - Healer Path - Clear Others								
71655	all		Icecrown - Reputation Ring - Healer Path								
71665	all		Asphyxiation		Suffocation due to lack of air.  Deals $s1% of total health in damage each second.	You are running out of air inside the Ice Tomb!					
71666	all		Friendly Melee Ring Replacement								
71667	all		Honored Melee Ring Replacement								
71668	all		Revered Melee Ring Replacement								
71669	all		Exalted Melee Ring Replacement								
71670	all		Friendly Tank Ring Replacement								
71671	all		Honored Tank Ring Replacement								
71672	all		Revered Tank Ring Replacement								
71673	all		Exalted Tank Ring Replacement								
71674	all		Friendly Healer Ring Replacement								
71675	all		Honored Healer Ring Replacement								
71676	all		Revered Healer Ring Replacement								
71677	all		Exalted Healer Ring Replacement								
71678	all		Friendly Caster Ring Replacement								
71679	all		Honored Caster Ring Replacement								
71680	all		Revered Caster Ring Replacement								
71681	all		Exalted Caster Ring Replacement								
71686	all		Water Bolt		Hurls a watery bolt at an enemy, inflicting $s1 Frost damage.						
71687	all		Water Bolt		Hurls a watery bolt at an enemy, inflicting $s1 Frost damage.						
71688	all		Water Bolt		Hurls a watery bolt at an enemy, inflicting $s1 Frost damage.						
71691	all		Fishing								
71692	spellbook	333	Enchant Gloves - Angler		Permanently enchant gloves to increase fishing skill by 5.						
71693	all		Cleanse Mutation								
71694	all		Cleanse Mutation Raid Whisper								
71698	all		Shroud of Sorrow		An aura of sorrow and despair emanates from the caster, inflicting $s1 Shadow damage every $70986t1 sec. to nearby enemies.						
71699	all		Shroud of Sorrow		An aura of sorrow and despair emanates from the caster, inflicting $s1 Shadow damage every $70986t1 sec. to nearby enemies.						
71700	all		Shroud of Sorrow		An aura of sorrow and despair emanates from the caster, inflicting $s1 Shadow damage every $70986t1 sec. to nearby enemies.						
71702	all		Green Bottle								
71703	all		Orange Bottle								
71704	all		Create Concoction		Professor Putricide starts to drink ever potion on the table!	Professor Putricide starts to drink ever potion on the table!					
71705	all		Summon Warhawk		Summons a Hawk to accompany the caster until dismissed.						
71706	all		Ball of Flames Visual								
71708	all		Empowered Flare		Empowered Flames discharge some of their stored energy, inflicting $s1 Fire damage to a random nearby target.						
71709	all		Ball of Flames Periodic								
71712	all		Summon Snivel								
71713	all		Searching the Bank		Searching Stormwind Bank for Snivel Rustrocket.	Searching Stormwind Bank for Snivel Rustrocket.					
71714	all		Ball of Flames								
71715	all		Snivel's Rocket		Stunned by Snivel Rustrocket's portable rocket launcher.	Stunned by Snivel Rustrocket's portable rocket launcher.					
71718	all		Conjure Flame		Conjures a ball of flames that flies through the air toward the target and explodes on impact.						
71719	all		Ball of Flames Summon								
71721	all		ClearAll								
71722	all		Root Master								
71726	all		Vampiric Bite		Deals $s1 damage to the target, granting them the Essence of the Vampyr Queen.	Deals $s1 damage to the target, granting them the Essence of the Vampyr Queen. Biting a friendly unit will sate your need for blood. Cannot be used on existing Vampires.					
71727	all		Vampiric Bite		Deals $s1 damage to the target, granting them the Essence of the Vampyr Queen.	Deals $s1 damage to the target, granting them the Essence of the Vampyr Queen. Biting a friendly unit will sate your need for blood. Cannot be used on existing Vampires.					
71728	all		Vampiric Bite		Deals $s1 damage to the target, granting them the Essence of the Vampyr Queen.	Deals $s1 damage to the target, granting them the Essence of the Vampyr Queen. Biting a friendly unit will sate your need for blood. Cannot be used on existing Vampires.					
71729	all		Vampiric Bite		Deals $s1 damage to the target, granting them the Essence of the Vampyr Queen.	Deals $s1 damage to the target, granting them the Essence of the Vampyr Queen. Biting a friendly unit will sate your need for blood. Cannot be used on existing Vampires.					
71730	all		Lay Waste		Surrounds the caster in flames for $71730d1, pulsing $71731s1 Fire damage to all enemies every $71730t1 sec.	Deals $71731s1 Fire damage to all enemies every $t1 sec.					
71731	all		Lay Waste		Surrounds the caster in flames for $71730d1, pulsing $71731s1 Fire damage to all enemies every $71730t1 sec.						
71733	all		Acid Burst		The caster explodes, dealing $s1 Nature damage instantly and $s2 Nature damage per second to all enemies within $a1 yards. Lasts $d.	Deals $s2 Nature damage per second.					
71734	all		Searched the Bank								
71736	all		Vampiric Aura		Melee attacks heal the attacker for $71737s1.	Melee attacks heal the attacker for $71737s1.					
71737	all		Vampiric Aura		Melee attacks heal you.						
71738	all		Corrosion		Whenever the caster lands a melee swing, the target takes $s2 Nature damage every $t2 seconds and their armor is reduced by $s1%. This effect can stack up to 5 times. Lasts $d.	Armor reduced by $s1%.\nDeals $s2 Nature damage every $t2 sec.					
71739	all		Searched the Auction House								
71740	all		Vampiric Aura		Melee attacks heal you.						
71741	all		Mana Void		Summons a Mana Void at a random enemies location. This Mana Void burns $71743s1 mana per second to all enemies within a $71743a1 radius. Lasts 30 seconds.						
71742	all		Searched the Barber								
71743	all		Mana Void		Summons a Mana Void at a random enemies location. This Mana Void burns $71743s1 mana per second to all enemies within a $71743a1 radius. Lasts 30 seconds.						
71744	all		Summon Snivel								
71745	all		Searching the Auction House		Searching auction house for Snivel Rustrocket.	Searching the auction house for Snivel Rustrocket.					
71746	all		Column of Frost		Marks the location under a random player target. After 2 seconds a column of frost errupts from this location, dealing $71746s1 Frost damage to all enemies within $71746a1 yards, knocking them into the air.						
71747	all		Column of Frost		Marks the location under a random player target. After 2 seconds a column of frost errupts from this location, dealing $71746s1 Frost damage to all enemies within $71746a1 yards, knocking them into the air.						
71748	all		Fireball		Inflicts $s1 Fire damage to an enemy.						
71750	all		Blind!		Snivel Rustrocket has blinded you.	Snivel Rustrocket has blinded you while he makes his escape.					
71751	all		Summon Snivel								
71752	all		Searching the Barber Shop		Searching the barber shop for Snivel Rustrocket.	Searching the barber shop for Snivel Rustrocket.					
71753	all		Shattered Will		Your will shatters, severing your mind from your body.						
71754	all		Shattered Will		Your will shatters, severing your mind from your body.						
71755	all		Crafty Bomb		Inflicts $s1 Fire damage and incapacitates targets in a $a1 yard radius for $d.  Any damage will break the effect.\n\nThis is one potent bomb!  Back off punk!	Incapacitated.  Any damage will break the effect.					
71756	all		Ball of Flames Proc								
71757	all		Deep Freeze		Stuns the target for $44572d.  Only usable on Frozen targets.  Deals ${$m1*$<mult>} to ${$M1*$<mult>} damage to targets permanently immune to stuns.						
71758	all		Searching the Barber Shop		Searching the barber shop for Snivel Rustrocket.	Searching the barber shop for Snivel Rustrocket.					
71759	all		Searching the Bank		Searching the Orgrimmar bank for Snivel Rustrocket.	Searching the Orgrimmar bank for Snivel Rustrocket.					
71760	all		Searching the Auction House		Searching the auction house for Snivel Rustrocket.	Searching the auction house for Snivel Rustrocket.					
71761	spellbook	6	Deep Freeze Immunity State								
71762	all		Summon Snivel								
71763	all		Summon Snivel								
71764	all		Diseased		Diseased.						
71765	all		Summon Snivel								
71769	all		Raise Dead		Raises the dead back to life to serve as undead slaves to the Lich King.						
71770	all		Ooze Spell Tank Protection								
71772	all		Bloodbolt Whirl		Summons a maelstrom of whirling Bloodbolts.	Summons a maelstrom of whirling Bloodbolts.					
71773	all		Light's Blessing								
71776	all		Snivel Rustrocket Invisibility								
71777	all		See Snivel Rustrocket Invis								
71778	all		Smite		Smites an enemy, inflicting $s1 Holy damage.						
71779	all		Smite		Smites an enemy, inflicting $s1 Holy damage.						
71780	all		Power Word: Shield		Draws on the soul of the party member to shield them, absorbing $s1 damage.  Lasts $d.  While the shield holds, spellcasting will not be interrupted by damage.  Once shielded, the target cannot be shielded again for $6788d.	Absorbs damage.					
71781	all		Power Word: Shield		Draws on the soul of the party member to shield them, absorbing $s1 damage.  Lasts $d.  While the shield holds, spellcasting will not be interrupted by damage.  Once shielded, the target cannot be shielded again for $6788d.	Absorbs damage.					
71782	all		Flash Heal	Rank 11	Heals a friendly target for $s1.						
71783	all		Flash Heal	Rank 11	Heals a friendly target for $s1.						
71784	all		Hammer of Betrayal		Stuns the target for $d.	Stunned.					
71785	all		Conflagration		Sets an enemy aflame, inflicting $o1 Fire damage over $d. and sending it into a state of panic. While the target is affected, the flames periodically scorch its nearby allies for $16806s1 damage as well.	You're burning!					
71786	all		Rocket Launch		Fire a powerful rocket at the enemy that does $s1 damage and stuns them for $s2 sec.    This thing has quite a kick though...	Stunned.					
71787	all		Fel Iron Bomb		Inflicts $s1 Fire damage and stuns targets in a $a1 yard radius for $d.  Any damage will break the effect.  Unreliable against targets higher than level 76.	Stunned.  Any damage will break the effect.					
71788	all		Machine Gun		Focuses the machine guns on the enemy. The machine gun will continue to track the enemy for $d, even while moving.	Focusing on an enemy target.					
71789	all		Machine Gun		Focuses the machine guns on the enemy. The machine gun will continue to track the enemy for $d, even while moving.	Focusing on an enemy target.					
71797	all		Light's Blessing								
71801	all		Rush		Increases the damage of the next melee attack by the caster by $s2%	Increases the damage of the next melee attack by $s2%.					
71803	all		Spelldifficulty_dbc id:2108 spellid1 serverside spell								
71805	all		Plague Stench		The foul stench deals $s1 Nature damage to all nearby enemies.	Dealing damage to nearby enemies.					
71806	all		Glittering Sparks								
71807	all		Glittering Sparks		Glittering sparks shoot from the caster's hands in a cone, burning enemies for $o2 Fire damage over $d and reducing their movement speed by $s3%.	Deals $s2 damage every $t2 sec. and reduces movement speed by $s3%.					
71809	all		Jump								
71810	spellbook	777	Wrathful Gladiator's Frost Wyrm		Summons and dismisses a rideable Wrathful Gladiator's Frost Wyrm mount.  This is an extremely fast mount.  This mount can only be summoned in Outland or Northrend. This mount increases speed depending on your Riding Skill.	Increases speed depending on your Riding Skill.					
71811	all		Jump								
71815	all		Empowered Shadow Lance		Hurls a bolt of dark magic at an enemy, inflicting $s1 Shadow damage.						
71818	all		Twilight Bloodbolt		Hurls a bolt of dark blood at the target, dealing $s1 damage to the target and surrounding allies within $71447a1 yards.						
71819	all		Twilight Bloodbolt		Hurls a bolt of dark blood at the target, dealing $s1 damage to the target and surrounding allies within $71447a1 yards.						
71820	all		Twilight Bloodbolt		Hurls a bolt of dark blood at the target, dealing $s1 damage to the target and surrounding allies within $71447a1 yards.						
71821	all		Twilight Bloodbolt		Hurls a bolt of dark blood at the target, dealing $s1 damage to the target and surrounding allies within $71447a1 yards.						
71822	all		Shadow Resonance		The nearest target resonates with shadow, suffering $s1 damage and reducing Shadow damage taken from all sources by $s2% for $d.	Shadow damage taken is reduced by $s2%.					
71823	all		Phase Transition Cosmetic Beam Orange		Orange	Orange					
71824	all		Lava Burst		Your Lava Burst spell causes your target to burn for an additonal $67228s1% of your spell's damage over $71824d.	Deals Fire damage every $t1 sec.					
71825	all		Phase Transition Cosmetic Beam Green		Orange	Orange					
71826	all		Green Bottle								
71827	all		Orange Bottle								
71829	all		Arctic Chill		Deals $s1 Frost damage to nearby enemies.						
71834	all		Quick Shot		Deals $s2% ranged weapon damage.						
71835	all		Item - Icecrown 25 Normal Ranged Weapon Proc		Your ranged attacks have a $h% chance to cause you to instantly attack with this weapon for $71834s2% weapon damage.						
71836	all		Item - Icecrown 25 Heroic Ranged Weapon Proc		Your ranged attacks have a $h% chance to cause you to instantly attack with this weapon for $71834s2% weapon damage.						
71837	all		Vampiric Bite								
71838	all		Drain Life		Steals $s1 life from target enemy.						
71839	all		Drain Life		Steals $s1 life from target enemy.						
71840	spellbook	778	Toxic Wasteling		Right Click to summon and dismiss your toxic wasteling. Do not feed toxic wasteling. Do not allow toxic wasteling to approach small animals. Do not touch, sniff, or even look at toxic wasteling for extended periods of time.						
71841	all		Smite		Smite an enemy, dealing $s1 Holy damage and healing self for $s2% of maximum health.						
71842	all		Smite	Rank 12	Smite an enemy, dealing $s1 Holy damage and healing self for $s2% of maximum health.						
71843	all		Summon Val'kyr		Calls forth a Val'kyr to fight by your side.						
71844	all		Summon Val'kyr		Calls forth a Val'kyr to fight by your side.						
71845	all		Item - Icecrown 25 Normal Caster Weapon Proc		Your harmful spells have a chance to cause you to summon a Val'kyr to fight by your side for $71843d.						
71846	all		Item - Icecrown 25 Heroic Caster Weapon Proc		Your harmful spells have a chance to cause you to summon a Val'kyr to fight by your side for $71844d.						
71847	all		Toxic Wasteling Attack								
71848	all		Toxic Wasteling Find Target								
71849	all		Toxic Wasteling Passive								
71850	all		Attack Power 50		Increases attack power by $s1.						
71851	all		Increase Spell Power		Increases spell power by $s1.						
71852	all		Increase Spell Power		Increases spell power by $s1.						
71853	all		Increase Spell Power		Increases spell power by $s1.						
71854	all		Toxic Wasteling Grow								
71856	all		Plaguethrower Backpack								
71858	all		Attack Power 150		Increases attack power by $s1.						
71860	all		Increase Spell Power		Increases spell power by $s1.						
71861	all		Swarming Shadows		A swarming void consumes the target, causing a mass of shadows to appear beneath the target every $71265t1 seconds.						
71862	all		Disabled Icecrown Teleport								
71863	all		Disabled Icecrown Teleport		Ulduar is disabled on the PTR at this time.						
71864	all		Fountain of Light		Heals nearby friends for $s1 every sec for $d.	Healing nearby friends for $s1 every sec.					
71865	all		Item - Icecrown 25 Normal Healer Weapon Proc		Each time your spells heal a target you have a chance to cause the target of your heal to heal themselves and friends within $71864a1 yards for $71864s1 each sec for $71864d.						
71866	all		Fountain of Light		Heals nearby friends for $s1 every sec for $d.	Healing nearby friends for $s1 every sec.					
71868	all		Item - Icecrown 25 Heroic Healer Weapon Proc		Each time your spells heal a target you have a chance to cause the target of your heal to heal themselves and friends within $71866a1 yards for $71866s1 each sec for $71866d.						
71869	all		Plaguethrower Backpack								
71870	all		Blessing of Light		Increases strength by $s1 and increases healing received as if the caster has $s2 more spell power.  Lasts $d.	Increased strength by $s1 and healing received by $s2.					
71871	all		Item - Icecrown 25 Normal Tank Weapon Proc		Your melee attacks have a chance to grant you Blessing of Light, increasing your strength by $71870s1 and your healing received by up to $71870s2 for $71870d.						
71872	all		Blessing of Light		Increases strength by $s1 and increases healing received as if the caster has $s2 more spell power.  Lasts $d.	Increased strength by $s1 and healing received by $s2.					
71873	all		Item - Icecrown 25 Heroic Tank Weapon Proc		Your melee attacks have a chance to grant you Blessing of Light, increasing your strength by $71872s1 and your healing received by up to $71872s2 for $71872d.						
71874	all		Toxic Wasteling Devour								
71875	all		Necrotic Touch		Your melee attacks deal an additional $s1% damage as shadow damage.	Melee attacks deal an additional $s1% damage as shadow damage.					
71876	all		Item - Icecrown 25 Normal Slow Melee Weapon Proc		Your melee attacks have a chance to grant you Necrotic Touch for $71875d, causing all your melee attacks to deal an additional $71875s1% damage as shadow damage.						
71877	all		Necrotic Touch		Your melee attacks deal an additional $s1% damage as shadow damage.	Melee attacks deal an additional $s1% damage as shadow damage.					
71878	all		Item - Icecrown 25 Heroic Slow Melee Weapon Proc		Your melee attacks have a chance to grant you Necrotic Touch for $71877d, causing all your melee attacks to deal an additional $71877s1% damage as shadow damage.						
71879	all		Necrotic Touch		Your melee weapon attacks deal additional Shadow damage.						
71880	all		Item - Icecrown 25 Normal Dagger Proc		Your melee attacks have a chance to trigger Invigoration, granting you $71882s1 energy, ${$71883m1/10} rage, or $71881s1 mana every 2 sec for $71882d.						
71881	all		Invigoration		Restores $s1 mana every $t1 sec for $d.	Restores $s1 mana every $t1 seconds.					
71882	all		Invigoration		Restores $s1 energy every $t1 sec for $d.	Restores $s1 energy every $t1 seconds.					
71883	all		Invigoration		Restores ${$m1/10} rage every $t1 sec for $d.	Restores ${$m1/10} rage every $t1 seconds.					
71884	all		Invigoration		Restores ${$m1/10} runic power every $t1 sec for $d.	Restores ${$m1/10} runic power every $t1 seconds.					
71885	all		Invigoration		Restores ${$m1/10} runic power every $t1 sec for $d.	Restores ${$m1/10} runic power every $t1 seconds.					
71886	all		Invigoration		Restores ${$m1/10} rage every $t1 sec for $d.	Restores ${$m1/10} rage every $t1 seconds.					
71887	all		Invigoration		Restores $s1 energy every $t1 sec for $d.	Restores $s1 energy every $t1 seconds.					
71888	all		Invigoration		Restores $s1 mana every $t1 sec for $d.	Restores $s1 mana every $t1 seconds.					
71889	all		Frostbolt Volley		Inflicts $s1 Frost damage to nearby enemies, reducing their movement speed by $s2% for $d.	Movement speed reduced by $s2%.					
71890	all		Kill Ice Tomb								
71891	all		Shadow Resonance								
71892	all		Item - Icecrown 25 Heroic Dagger Proc		Your melee attacks have a chance to trigger Invigoration, granting you $71887s1 energy, ${$71886m1/10} rage, or $71888s1 mana every 2 sec for $71887d.						
71893	all		Guzzle Potions		Professor Putricide starts to drink every potion on the table!	Professor Putricide starts to drink every potion on the table!					
71894	all		Dummy Nuke								
71896	all		[DND] Periodic								
71897	all		[DND] Get Aggro								
71899	all		Bloodbolt Whirl		Hurls a bolt of dark blood at the target, dealing $71446s1 damage to the target and surrounding allies within $s71447a1 yards.						
71900	all		Bloodbolt Whirl		Hurls a bolt of dark blood at the target, dealing $71446s1 damage to the target and surrounding allies within $s71447a1 yards.						
71901	all		Bloodbolt Whirl		Hurls a bolt of dark blood at the target, dealing $71446s1 damage to the target and surrounding allies within $s71447a1 yards.						
71902	all		Bloodbolt Whirl		Hurls a bolt of dark blood at the target, dealing $71446s1 damage to the target and surrounding allies within $s71447a1 yards.						
71903	all		Item - Shadowmourne Legendary		Your melee attacks have a chance to drain a Soul Fragment granting you $71905s1 Strength.  When you have acquired $71905u Soul Fragments you will unleash Chaos Bane, dealing $71904s1 Shadow damage split between all enemies within $71904a1 yards and granting you $73422s1 Strength for $73422d.						
71904	all		Chaos Bane		Deals $s1 Shadow damage, split between all enemy targets within $a1 yards of the impact crater.						
71905	all		Soul Fragment		Gained a Soul Fragment, granting $s1 strength each.  When $u Soul Fragments are accumulated, they will release, triggering Chaos Bane.  Lasts $d.	Strength Increased by $s1.					
71906	all		Severed Essence		Rips the target's soul from its body.  The dark side of the soul forms a ghostly being bound to the caster's will.  Lasts $d.	Your essence has been severed.					
71907	all		Summon Severed Essence								
71908	all		Vile Gas								
71909	all		Heartbroken		This strange experimental device was meant to burst the target's chest cavity in a spray of hot gore. Instead, it induces a brief but pitiful display of miserable, wracking sobs.	Suffering from a broken heart.					
71911	all		Shadow Resonance		The nearest target resonates with shadow, suffering $71822s1 damage and reducing Shadow damage taken from all sources by $71822s2% for $71822d.	The nearest target resonates with shadow, suffering $71822s1 damage and reducing Shadow damage taken from all sources by $71822s2% for $71822d.					
71912	all		Inhaled Blight		Inhaling the Gaseous Blight increases damage dealt by $s1% and attack speed by $s3%.	Increases Physical damage dealt by $s1%.\nIncreases attack speed by $s3%.					
71913	all		Shroud of Death								
71916	all		Irresistible Pool Pony: Lure Naga Hatchling								
71920	all		Irresistible Pool Pony: Naga Hatchling Proximity Control - Effect								
71923	all		Blood Plague		A disease dealing Shadow damage over $d.	Deals Shadow damage over $d.					
71924	all		Plague Strike		A vicious strike that deals $s2% weapon damage plus ${$m1*$m2/100} and infects the target with Blood Plague, a disease dealing Shadow damage over time.  The strike removes one heal over time effect from the target.						
71925	all		Mangle		Mangle the target for $s3% normal damage plus ${$m1*$m3/100} and causes the target to take $s2% additional damage from Maul, Shred, and bleed effects for $d.  Awards $34071s1 combo $lpoint:points;.	All bleed effects, Maul, and Shred cause $s2% additional damage.					
71926	all		Rip		Finishing move that causes damage over time.	$s1 Bleed damage every $t1 seconds.					
71927	all		Shoot		Shoots at an enemy, inflicting Physical damage.						
71928	all		Fireball		Inflicts Fire damage to an enemy.						
71929	all		Frost Nova		Inflicts Frost damage to nearby enemies, immobilizing them for up to $d.	Immobilized.					
71930	all		Flash of Light		Calls upon Holy magic to heal an ally.						
71931	all		Greater Heal		Calls upon Holy magic to heal an ally.						
71932	all		Renew		Heals the target of $o1 damage over $d.	Healing $s1 damage every $t1 seconds.					
71933	all		Eviscerate		Finishing move that causes damage.						
71934	all		Lightning Bolt		Casts a bolt of lightning at the target for $s1 Nature damage.						
71935	all		Thunderstorm		Call down a bolt of lightning damaging nearby enemies within $a1 yards. Deals $s1 Nature damage to all nearby enemies, knocking them back.						
71936	all		Shadow Bolt		Hurls a bolt of dark magic at an enemy, inflicting Shadow damage.						
71937	all		Corruption		Corrupts nearby enemies, inflicting Shadow damage every $t1 sec. for $d.	Shadow damage every $t1 sec.					
71938	all		Bloodthirst		Instantly attack the target causing ${$AP*$m1/100} damage.  In addition, the next $23885n successful melee attacks will restore 1.5% of max health.  This effect lasts $23885d.  Damage is based on your attack power.						
71939	all		Nightmare Cloud								
71940	all		Twisted Nightmares								
71941	all		Twisted Nightmares		Afflicts the target with nightmares, dealing $71940s1 Nature damage per second. In addition, the target will regenerate $s1 Mana every $t1 sec. The target's damage and healing will also be increased by $s2%. Stacks up to 100 times. Lasts $d.	Regenerating $s1 Mana every $t1 sec.\nIncreases Damage done by $71940s2%.\nIncreases Healing done by $s2%.\nDeals $71940s1 Nature damage per second.					
71942	all		Severed Essence		Rips the target's soul from its body.  The dark side of the soul forms a ghostly being bound to the caster's will.  Lasts $d.	Your essence has been severed.					
71943	all		Shadow Resonance		Summons a Dark Nucleus. Dark Nuclei feed on their own energy, causing them to destroy themselves over time.						
71944	all		Shock Vortex		Deals $s1 damage to all enemies within $A yards and knocks them back.						
71945	all		Shock Vortex								
71946	all		Nightmares		Deals $s1 Nature damage per second to Valithria Dreamwalker.						
71947	all		Gas Mask Visual (Purple)								
71948	all		Copy Damage								
71949	all		Frenzied Bloodthirst Visual								
71951	all		Necrotic Strike		Strikes an enemy with a cursed blade, dealing $s1 Physical damage to the target and inflicting a lasting malady that negates the next $s2 healing received.	Absorbs up to $s2 points of healing.					
71952	all		Presence of the Darkfallen								
71953	all		Radiance Aura		The Paladin sparkles with resplendant light, healing nearby allies for $s1% of their maximum health every $t1 sec.	Healing nearby allies for $s1% of their maximum health every $t1 sec.					
71954	all		Holy Champion		Designates the target as the Priest's Champion, granting them additional health and damge for $d.	Health increased by $s1%.\nDamage increase by $s2%.					
71955	all		Focused Attacks		Leaps onto the target's back for $d, increasing attack speed but making it impossible to attack any other target.	Stunned.\nBeing attacked.					
71956	all		Replenishing Rains		Regenerates all nearby group members for $s1 every $t1 seconds for $d. Channeled.	Heals nearby party members for $s1 every $t1 seconds.					
71958	all		Presence of the Darkfallen		The presence of vampyr kin infuses Queen Lana'thel, increasing the power of her Shroud of Sorrow by $s1%.	Increases the power of Shroud of Sorrow by $s1%.					
71959	all		Presence of the Darkfallen		The presence of vampyr kin infuses Queen Lana'thel, increasing the power of her Shroud of Sorrow by $s1%.	Increases the power of Shroud of Sorrow by $s1%.					
71960	all		Heroic Leap		Leap through the air and slam down on all enemies within $52174a1 yards of the target area, causing damage and stunning them for $52174d.	Stunned.					
