spell_id	priority	skill_line_ids	name_en	rank_en	description_en	tooltip_en	name_zh	rank_zh	description_zh	tooltip_zh	notes
67385	all		Energized			Haste rating increased by $s1.					
67386	all		Item - Shaman T9 Elemental Relic (Lightning Bolt)		Each time you cast Lightning Bolt, you have a chance to gain $67385s1 haste rating for $67385d.						
67387	all		Grab Crate		Use your hook and chain to grab the targetted crate.						
67388	all		Spiritual Trance			Spell power increased by $s1.					
67389	all		Item - Shaman T9 Restoration Relic (Chain Heal)		Each time you cast Chain Heal, you have a chance to gain $67388s1 spell power for $67388d.						
67390	all		Ride Vehicle								
67391	all		Volcanic Fury		Each time you use your Lava Lash ability, you have a chance to gain $67391s1 attack power for $67391d.	Attack power increased by $s1.					
67392	all		Item - Shaman T9 Enhancement Relic (Lava Lash)		Each time you use your Lava Lash ability, you have a chance to gain $67391s1 attack power for $67391d.						
67393	all		Eject Passenger		Eject your passenger from the motorcycle.						
67394	all		General Trigger 1 to Self								
67395	all		General Trigger 2 to Self								
67396	all		Argent Dungeon - Summon Boss 4								
67397	all		Zergling Rush								
67398	all		Zergling Periodic								
67399	all		Zergling Passive								
67400	all		Zergling Attack								
67401	all		Tired			Wait until your squire is rested again before sending him on another errand.					
67413	spellbook	778	Darting Hatchling		Right Click to summon and dismiss your hatchling.						
67414	spellbook	778	Deviate Hatchling		Right Click to summon and dismiss your hatchling.						
67415	spellbook	778	Gundrak Hatchling		Right Click to summon and dismiss your hatchling.						
67416	spellbook	778	Leaping Hatchling		Right Click to summon and dismiss your hatchling.						
67417	spellbook	778	Obsidian Hatchling		Right Click to summon and dismiss your hatchling.						
67418	spellbook	778	Ravasaur Hatchling		Right Click to summon and dismiss your hatchling.						
67419	spellbook	778	Razormaw Hatchling		Right Click to summon and dismiss your hatchling.						
67420	spellbook	778	Razzashi Hatchling		Right Click to summon and dismiss your hatchling.						
67424	all		Raptor Pet								
67426	all		Raptor Pet								
67427	all		Leaping Hatchling Jump								
67428	all		Leaping Hatchling Periodic								
67429	all		Leaping Hatchling Wander								
67430	all		Leaping Hatchling Jump to Master								
67436	all		Airship Cannon		Fires a cannon blast, dealing $67436s1 damage and $67436s2 siege damage in a $67436a1 yard radius.						
67439	all		Boulder		Deals Fire damage to enemies.						
67440	all		Hurl Boulder		Hurls a massive boulder into the distance. This boulder deals $67439s1 Fire damage and $67439s2 seige damage to all enemies within $67439a1 yards.						
67441	all		Ram		Rams any enemies in front of the demolisher within $a2 yards, dealing $s2 Damage and knocking them back. Also deals $s3 siege damage to buildings.						
67442	all		Ram		Rams any enemies in front of the demolisher within $a2 yards, dealing $s2 Damage and knocking them back. Also deals $s3 siege damage to buildings.						
67444	all		Napalm		Fires a ball of napalm, dealing $66195s1 Fire damage to all enemies within $66195a1 yards of the impact. In addition, targets will be covered in napalm, dealing $66195s2 Fire per second for $66195d.	Deals $s2 Fire damage per second.					
67446	all		Flame Turret		Douses enemies in flame, dealing $s1 Fire damage to targets in front of the siege engine within $a1 yards.						
67448	all		Glaive		Deals $s1 damage to enemies, ignoring armor.						
67450	all		Blade Salvo		Fires a volley of smaller blades towards the target area. Each blade deals $67199s1 damage in a $67199a1 yard radius. Lasts $67195d.						
67452	all		Rocket Blast		Fires a massive rocket into the distance, dealing $67453s1 damage to all enemies within $67453a1 yards of the explosion.						
67453	all		Rocket Blast		Deals Fire damage to enemies.						
67454	all		Rocket Blast		Deals Fire damage to enemies.						
67456	all		Incendiary Rocket		Fires a rocket full of napalm towards the targeted location. The napalm burns all enemies within $67456a1 yards of that location for $67456s1 damage per second for $67456d.	Deals $s1 Fire damage per second.					
67458	all		Cannon		Fires a cannon blast, dealing up to $s1 Fire damage and $s2 siege damage to nearby structures.						
67459	all		Cannon		Fires a cannon blast, dealing up to $s1 Fire damage and $s2 siege damage to nearby structures.						
67461	all		Fire Cannon		Fires a cannon blast, dealing up to $67458s1 Fire damage and $67458s2 siege damage to nearby structures.						
67462	all		Steam Blast		Deals $s2 Fire damage to all enemies within $a2 yards, knocking them back. Once this ability is triggered, the turret will be unable to generate Steam Power for $d.	Unable to generate Steam Pressure.					
67466	spellbook	777	Argent Warhorse		Summons and dismisses a rideable Argent Warhorse.   This mount increases speed depending on your Riding Skill.	Increases speed depending on your Riding Skill.					
67468	all		Drunken Vomit								
67469	all		Black Knight Invis								
67470	all		Pursuing Spikes								
67471	all		See Black Knight Invis								
67472	all		Fire Bomb		Deals $s1 Fire damage to enemies every $66318t1 sec.						
67473	all		Fire Bomb		Deals $s1 Fire damage to enemies every $66318t1 sec. and sets them aflame, causing additional damage over time.	Suffering $s2 Fire damage per $t2 sec.					
67474	all		Goblin Escape Pods: Force Cast								
67475	all		Fire Bomb		Deals $s1 Fire damage to enemies every $66318t1 sec. and sets them aflame, causing additional damage over time.	Suffering $s2 Fire damage per $t2 sec.					
67477	all		Impale		Inflicts $s1% of weapon damage to an enemy and causes it to bleed for $s2 damage per application every $t2 sec. for $d.	$s2 damage inflicted every $t2 sec.					
67478	all		Impale		Inflicts $s1% of weapon damage to an enemy and causes it to bleed for $s2 damage per application every $t2 sec. for $d.	$s2 damage inflicted every $t2 sec.					
67479	all		Impale		Inflicts $s1% of weapon damage to an enemy and causes it to bleed for $s2 damage per application every $t2 sec. for $d.	$s2 damage inflicted every $t2 sec.					
67480	all		Blessing of Sanctuary		Places a Blessing on the friendly target, reducing damage taken from all sources by $s1% for $d.  In addition, when the target blocks, parries, or dodges a melee attack the target will gain $57319s1% of maximum displayed mana.  Players may only have one Blessing on them per Paladin at any one time.	Damage taken reduced by up to $s1% and blocked, parried, and dodged melee attacks cause a gain $57319s1% of maximum displayed mana.					
67481	all		Roar of Sacrifice		Protects a friendly target from critical strikes, making attacks against that target unable to be critical strikes, but $53480s2% of all damage taken by that target is also taken by the pet.  Lasts $53480d.						
67482	all		[DND] Herald Face Black Knight								
67485	all		Hand of Reckoning		Taunts the target to attack you.  If the target is tauntable and not currently targeting you, causes ${1+0.5*$AP} Holy damage.						
67486	all		Healing Potion Injector		Restores $s1 health.  Increased effect for engineers!						
67487	all		Mana Potion Injector		Restores $s1 mana.  Increased effect for engineers!						
67489	all		Runic Healing Injector		Restores $s1 health.  Increased effect for engineers!						
67490	all		Runic Mana Injector		Restores $s1 mana.  Increased effect for engineers!						
67491	all		Liberate the Kaja'mite: Summon Kaja'mite Chunks - C								
67507	all		Liberate the Kaja'mite: Summon Kaja'mite Chunks - A								
67511	all		Light Essence Effect 2								
67512	all		Light Essence Effect 2								
67513	all		Light Essence Effect 2								
67514	all		Summon Felhunter		Summons a Felhunter to accompany the caster until dismissed.						
67515	all		Block Value 189		Increases the block value of your shield by $s1.						
67516	all		Block Value 210		Increases the block value of your shield by $s1.						
67517	all		Block Value 240		Increases the block value of your shield by $s1.						
67518	all		Devour Magic	Rank 7	Purges $48011s1 harmful magic $leffect:effects; from a friend or $48011s1 beneficial magic $leffect:effects; from an enemy.  If an effect is devoured, the Felhunter will be healed for $s2.						
67519	all		Spell Lock	Rank 2	Silences the enemy for $24259d.  If used on a casting target, it will counter the enemy's spellcast, preventing any spell from that school of magic from being cast for $d.						
67520	all		Block Value 270		Increases the block value of your shield by $s1.						
67521	all		Block Value 306		Increases the block value of your shield by $s1.						
67525	all		Coldbringer	Normal	Your spells and attacks deal an extra 2 Frost damage.						
67526	all		Coldbringer		Your spells and attacks deal an extra ${$67526M1+$AP*0.01+$SP*0.01} Frost damage.						
67527	spellbook	778	Onyx Panther		Right Click to summon and dismiss your onyx panther.						
67528	all		Healing Wave		Calls upon Nature magic to heal an ally.						
67529	all		Chain Lightning		Strikes an enemy with a lightning bolt that arcs to another nearby enemy. The spell affects up to $x1 targets, inflicting greater Nature damage to each successive target.						
67530	all		Earth Shield		Protects the target with an earthen shield, causing melee attacks to heal the shielded target.  This effect can only occur once every few seconds.  $n charges.  Lasts $d.	Melee attacks heal the shielded target.					
67531	all		Pelted!		Pelts target with an air rifle pellet.	Pelted with an air rifle pellet. That stings!					
67532	all		Shoot Air Rifle								
67533	all		Shoot Air Rifle		Fire a (mostly) harmless pellet.						
67534	all		Hex of Mending		Places a hex on the target, causing all direct heals received to heal all nearby enemies.	Direct heals received will heal all nearby enemies.					
67535	all		Hex of Mending								
67537	all		Earth Shield		Protects the target with an earthen shield, causing melee attacks to heal the shielded target.  This effect can only occur once every few seconds.  $67530n charges.  Lasts $67530d.						
67538	all		Restore Ammo		Refills the Red Rider Air Rifle to 200 shots.						
67539	all		Frost Sphere								
67540	all		Intercept		Charge an enemy, causing $67540s1% weapon damage.						
67541	all		Bladestorm		Instantly Whirlwind up to $50622i nearby targets and for the next $d you will perform a whirlwind attack every $t1 sec.  While under the effects of Bladestorm, you can move but cannot perform any other abilities but you do not feel pity or remorse or fear and you cannot be stopped unless killed.	You cannot be stopped and perform a Whirlwind every $t1 sec.  No other abilities can be used.					
67542	all		Mortal Strike		Inflicts $s1% weapon damage and leaves the target wounded, reducing the effectiveness of any healing by $s2% for $d.	Healing effects reduced by $s2%.					
67544	all		Lock and Load Marker								
67545	all		Empowered Fire		Each time your ignite deals damage, you have a chance to regain $s1% of your base mana.						
67546	all		Rolling Throw		Grabs your target and tosses them backwards.						
67547	all		Clear Val'kyr Essence								
67548	all		Liberate the Kaja'mite: Summon Kaja'mite Chunks - B								
67549	all		Black Hole State (Black Knight grave)								
67550	all		Rolling Throw								
67551	all		Argent Raid - Spectator - Master - FX - Salute (Random Player)								
67552	all		Pet Scaling - Master Spell 01 - AP, SP, Armor								
67553	all		Pet Scaling - Master Spell 02 - Strength, Agility, Stamina								
67554	all		Cascade of Petals		Shower a nearby target with a cascade of rose petals!	Little Adeline showered you with flower petals!					
67556	all		Cooking Speed		Allows you to cook faster.						
67557	all		Pet Scaling - Master Spell 03 - Intellect, Spirit, Resilience								
67558	all		Pet Scaling - Master Spell 04 - Arcane, Fire, Frost Resistance								
67559	all		Pet Scaling - Master Spell 05 - Nature, Shadow, Melee Hit								
67560	all		Rolling Throw		Grabs your target and tosses them backwards.						
67561	all		Pet Scaling - Master Spell 06 - Spell Hit, Expertise, Spell Penetration								
67562	all		Pet Scaling - Master Spell 07 - Mana Regeneration, Spell Haste, Melee Haste								
67563	all		Pet Scaling - Master Spell 08 - Spell Crit, Melee Crit, Armor Penetration								
67565	all		Disabled Argent Teleport								
67566	all		Disabled Argent Teleport		Ulduar is disabled on the PTR at this time.						
67573	all		Intercept	Rank 3	Charge an enemy, causing $s1% weapon damage.	Stunned.					
67574	all		Pursued by Anub'arak		Anub'arak is pursuing you.	Run!					
67575	all		Frost Breath		Inflicts $s1 Frost damage to enemies in a $a1 yard cone in front of the caster. In addition, the targets are frozen for $d.	Frozen. Brrrr....					
67576	all		Spirit Drain		Inflicts $s1 Frost damage to enemies in a $a1 yard cone in front of the caster. In addition, the targets are frozen for $d.	Frozen. Brrrr....					
67577	all		Acid Breath		Spews acidic bile at a target and nearby enemies, inflicting $s2 Nature damage and $s3 additional damage every $t3 sec. for $d.	$s3 Nature damage inflicted every $t3 sec.					
67580	all		Jump to Player								
67590	all		Powering Up		You have absorbed energy.  Causes Empowered Dark or Empowered Light at 100 stacks.	Absorbing damage stacks Powering Up.\nCauses Empowered Dark or Empowered Light at 100 stacks.					
67591	all		Riplash Blessing		Increases swim speed by $s1% for $d1.	Increases swim speed by $s1%.					
67594	all		Poison Bottle		Deals $s1 Nature damage per second.	Deals $s1 Nature damage per second.					
67596	all		Tremendous Fortitude		Increases maximum health by $s1 for $d. Shares cooldown with other Battlemaster's trinkets.	Health increased by $s1.					
67598	all		Glyph of Claw		Reduces the energy cost of your Claw ability by $67598s1.						
67599	all		Glyph of Claw		Reduces the energy cost of your Claw ability by $67598s1.						
67600	spellbook	773	Glyph of Claw								
67602	all		Powering Up		You have absorbed energy.  Causes Empowered Dark or Empowered Light at 100 stacks.	Absorbing damage stacks Powering Up.\nCauses Empowered Dark or Empowered Light at 100 stacks.					
67603	all		Powering Up		You have absorbed energy.  Causes Empowered Dark or Empowered Light at 100 stacks.	Absorbing damage stacks Powering Up.\nCauses Empowered Dark or Empowered Light at 100 stacks.					
67604	all		Powering Up		You have absorbed energy.  Causes Empowered Dark or Empowered Light at 100 stacks..	Absorbing damage stacks Powering Up.\nCauses Empowered Dark or Empowered Light at 100 stacks.					
67606	all		Acid Spit		Deals $s1 Nature damage to an enemy.						
67607	all		Acid Spit		Deals $s1 Nature damage to an enemy.						
67608	all		Acid Spit		Deals $s1 Nature damage to an enemy.						
67609	all		Acidic Spew		Deals $s1 Nature damage per $66818t1 sec. to enemies in front of the caster.						
67610	all		Acidic Spew		Deals $s1 Nature damage per $66818t1 sec. to enemies in front of the caster.						
67611	all		Acidic Spew		Deals $s1 Nature damage per $66818t1 sec. to enemies in front of the caster.						
67612	all		Paralytic Bite		Inflicts $s1 Nature damage on an enemy and injects them with a paralytic toxin.						
67613	all		Paralytic Bite		Inflicts $s1 Nature damage on an enemy and injects them with a paralytic toxin.						
67614	all		Paralytic Bite		Inflicts $s1 Nature damage on an enemy and injects them with a paralytic toxin.						
67615	all		Paralytic Spray		Sprays acid at an enemy and nearby targets, dealing $s1 Nature damage and applying a debilitating paralytic toxin.						
67616	all		Paralytic Spray		Sprays acid at an enemy and nearby targets, dealing $s1 Nature damage and applying a debilitating paralytic toxin.						
67617	all		Paralytic Spray		Sprays acid at an enemy and nearby targets, dealing $s1 Nature damage and applying a debilitating paralytic toxin.						
67618	all		Paralytic Toxin		Applies a paralytic toxin that inflicts increasing Nature damage every $t2 sec. and reduces movement speed over time until the victim is entirely paralyzed. Exposure to Burning Bile neutralizes Paralytic Toxin.	Suffering Nature damage every $t2 sec.\nMovement speed increasingly hindered.\nExposure to Burning Bile neutralizes Paralytic Toxin.					
67619	all		Paralytic Toxin		Applies a paralytic toxin that inflicts increasing Nature damage every $t2 sec. and reduces movement speed over time until the victim is entirely paralyzed. Exposure to Burning Bile neutralizes Paralytic Toxin.	Suffering Nature damage every $t2 sec.\nMovement speed increasingly hindered.\nExposure to Burning Bile neutralizes Paralytic Toxin.					
67620	all		Paralytic Toxin		Applies a paralytic toxin that inflicts increasing Nature damage every $t2 sec. and reduces movement speed over time until the victim is entirely paralyzed. Exposure to Burning Bile neutralizes Paralytic Toxin.	Suffering Nature damage every $t2 sec.\nMovement speed increasingly hindered.\nExposure to Burning Bile neutralizes Paralytic Toxin.					
67621	all		Burning Bile		Deals $s1 Fire damage to allies within $a1 yards. The burning bile of a jormungar is known to neutralize paralytic toxins.						
67622	all		Burning Bile		Deals $s1 Fire damage to allies within $a1 yards. The burning bile of a jormungar is known to neutralize paralytic toxins.						
67623	all		Burning Bile		Deals $s1 Fire damage to allies within $a1 yards. The burning bile of a jormungar is known to neutralize paralytic toxins.						
67624	all		Burning Bite		Inflicts $s1 Fire damage to an enemy and coats them with burning bile.						
67625	all		Burning Bite		Inflicts $s1 Fire damage to an enemy and coats them with burning bile.						
67626	all		Burning Bite		Inflicts $s1 Fire damage to an enemy and coats them with burning bile.						
67627	all		Burning Spray		Sprays fluid at an enemy and nearby targets, dealing $s1 Fire damage and coating them with burning bile.						
67628	all		Burning Spray		Sprays fluid at an enemy and nearby targets, dealing $s1 Fire damage and coating them with burning bile.						
67629	all		Burning Spray		Sprays fluid at an enemy and nearby targets, dealing $s1 Fire damage and coating them with burning bile.						
67630	all		Leeching Swarm		Releases a swarm of insects that attack the caster's enemies, leeching $s1% of each target's current health every $t1 sec. A minimum of 250 health will be leeched.	$s1% of your remaining health leeched every $t1 sec.					
67631	all		Aegis		Increases armor by $s1 for $d.	Armor increased by $s1.					
67632	all		Fire Spit		Deals $s1 Fire damage to an enemy.						
67633	all		Fire Spit		Deals $s1 Fire damage to an enemy.						
67634	all		Fire Spit		Deals $s1 Fire damage to an enemy.						
67635	all		Molten Spew		Deals $s1 Fire damage per $66821t1 sec. to enemies in front of the caster.						
67636	all		Molten Spew		Deals $s1 Fire damage per $66821t1 sec. to enemies in front of the caster.						
67637	all		Molten Spew		Deals $s1 Fire damage per $66821t1 sec. to enemies in front of the caster.						
67638	all		Slime Pool		Inflicts $s1 Nature damage to enemy targets within the Poison Cloud.						
67639	all		Slime Pool		Inflicts $s1 Nature damage to enemy targets within the Poison Cloud.						
67640	all		Slime Pool		Inflicts $s1 Nature damage to enemy targets within the Poison Cloud.						
67641	all		Slime Pool		A poison cloud appears which grows in area over $d.						
67642	all		Slime Pool		A poison cloud appears which grows in area over $d.						
67643	all		Slime Pool		A poison cloud appears which grows in area over $d.						
67644	all		Sweep		Whirls around, dealing $s1 Physical damage to enemies within $a1 yards and knocking them back.						
67645	all		Sweep		Whirls around, dealing $s1 Physical damage to enemies within $a1 yards and knocking them back.						
67646	all		Sweep		Whirls around, dealing $s1 Physical damage to enemies within $a1 yards and knocking them back.						
67647	all		Staggering Stomp		Deals a staggering stomp that inflicts $s1 Physical damage to all enemies within $a1 yards and interrupts spellcasting for $s2 seconds.						
67648	all		Staggering Stomp		Deals a staggering stomp that inflicts $s1 Physical damage to all enemies within $a1 yards and interrupts spellcasting for $s2 seconds.						
67649	all		Staggering Stomp		Deals a staggering stomp that inflicts $s1 Physical damage to all enemies within $a1 yards and interrupts spellcasting for $s2 seconds.						
67650	all		Arctic Breath		An icy breath that freezes targets in a cone in front of the caster, inflicting $o2 Frost damage over $d.	$s2 Frost damage every $t2 sec.					
67651	all		Arctic Breath		An icy breath that freezes targets in a cone in front of the caster, inflicting $o2 Frost damage over $d.	$s2 Frost damage every $t2 sec.					
67652	all		Arctic Breath		An icy breath that freezes targets in a cone in front of the caster, inflicting $o2 Frost damage over $d.	$s2 Frost damage every $t2 sec.					
67653	all		Coliseum 5 Tank Trinket		Each time a melee attack strikes you, you have a chance to gain $67631s1 armor for $67631d.						
67654	all		Ferocious Butt		Delivers a ferocious headbutt to an enemy, inflicting $s1 Physical damage and stunning for $d.	Stunned.					
67655	all		Ferocious Butt		Delivers a ferocious headbutt to an enemy, inflicting $s1 Physical damage and stunning for $d.	Stunned.					
67656	all		Ferocious Butt		Delivers a ferocious headbutt to an enemy, inflicting $s1 Physical damage and stunning for $d.	Stunned.					
67657	all		Frothing Rage		Increases Physical damage and attack speed by $s1%.	Melee damage and attack speed increased by $s1%.					
67658	all		Frothing Rage		Increases Physical damage and attack speed by $s1%.	Melee damage and attack speed increased by $s1%.					
67659	all		Frothing Rage		Increases Physical damage and attack speed by $s1%.	Melee damage and attack speed increased by $s1%.					
67660	all		Massive Crash		Leaps into the air and crashes down with massive force, dealing $s2 Physical damage to all enemies, stunning them, and knocking them back.	Stunned.					
67661	all		Massive Crash		Leaps into the air and crashes down with massive force, dealing $s2 Physical damage to all enemies, stunning them, and knocking them back.	Stunned.					
67662	all		Massive Crash		Leaps into the air and crashes down with massive force, dealing $s2 Physical damage to all enemies, stunning them, and knocking them back.	Stunned.					
67663	all		Whirl		Whirls around, dealing $s1 Physical damage to all nearby enemies and knocking them back.						
67664	all		Whirl		Whirls around, dealing $s1 Physical damage to all nearby enemies and knocking them back.						
67665	all		Whirl		Whirls around, dealing $s1 Physical damage to all nearby enemies and knocking them back.						
67666	all		Mana Mana		Gain $s1 mana.						
67667	all		Coliseum 5 Healer Trinket		Each time you cast a helpful spell, you have a chance to gain $67666s1 mana.						
67668	all		Waltz Right In: Disguise Master Aura								
67669	all		Elusive Power		Increases spell power by $s1 for $d.	Spell power increased by $s1					
67670	all		Coliseum 5 CasterTrinket		Each time you cast a harmful spell, you have a chance to gain $67669s1 spell power for $67669d.						
67671	all		Fury		Increases attack power by $s1 for $d.	Attack power increased by $s1					
67672	all		Coliseum 5 Melee Trinket		Each time you hit with a melee or ranged attack, you have a chance to gain $67671s1 attack power for $67671d.						
67673	all		Gate Phase								
67674	all		Holy Smite		Smites an enemy, inflicting $s1 Holy damage.						
67675	all		Renew		Heals a friendly target for $s1 every $t1 sec.	Healing for $s1 every $t1 seconds					
67676	all		Holy Fire		Consumes an enemy in flames, burning it and inflicting additional Fire damage every $t2 sec. over $d.	Fire damage inflicted every $t2 sec.					
67677	all		Waking Nightmare		Strikes fear in nearby enemies, inflicting periodic Shadow damage and causing them to flee in terror for $d.	Fleeing in terror.\n$s2 Shadow damage inflicted every $t2 sec.					
67678	all		Shadows of the Past		Shadows of the past writhe around the target, inflicting Shadow damage and reducing attack and casting speeds by $s2% for $d.	Attack and casting speeds reduced by $s2%.					
67679	all		Old Wounds		Inflicts $s1 Physical damage to an enemy every $t1 sec. for $d.	$s1 Physical damage inflicted every $t1 sec.					
67680	all		Hammer of the Righteous		Hurls a hammer that strikes an enemy for $s1 Holy damage. If the target is not affected by Hammer of Justice, this Hammer may be caught and thrown back at the caster.						
67681	all		Radiance		Eadric becomes suffused with light, causing all nearby enemies who look upon him to suffer $s1 Holy damage and wander blindly for $d.	Blinded by the light.					
67683	all		Celerity		Increases haste rating by $s1 for $d1.	Increases haste rating by $s1.					
67684	all		Hospitality		Increases spell power by $s1 for $d1.	Increases spell power by $s1.					
67686	all		TEST - Justin B Test - JZB2								
67691	all		Feign Death								
67693	all		Black Knight Res								
67694	all		Defensive Tactics		Increases dodge rating by $s1 for $d1.	Increases dodge rating by $s1.					
67695	all		Rage		Increases attack power by $s1 for $d.	Attack power increased by $s1					
67696	all		Energized		Causes you to regenerate $s1 mana per 5 sec.  Effect lasts for $d.	Regenerating $s1 mana per 5 sec.					
67698	all		Item - Coliseum 25 Normal Healer Trinket		Each time you cast a spell, you gain $67696s1 mana per 5 sec. for $67696d.  Stacks up to $67696u times.						
67699	all		Fortitude		Increases maximum health by $s1 for $d. Shares cooldown with Battlemaster's trinkets.	Health increased by $s1.					
67700	all		Penetrating Cold		Penetrating cold sinks into several enemy targets, inflicting $s1 Frost damage every $t1 sec. Lasts $d.	$s1 Frost damage inflicted every $t1 sec.					
67701	all		Poison Bottle								
67702	all		Item - Coliseum 25 Normal Melee Trinket		When you deal damage you have a chance to gain Paragon, increasing your Strength or Agility by $67703s1 for $67703d.  Your highest stat is always chosen.						
67703	all		Paragon		Increases your Agility by $s1 for $d.	Agility increased by $s1.					
67705	all		Raise Dead Arelas Brightstar								
67706	all		Fan of Knives		Instantly throw both weapons at all targets within $a1 yards, causing ${$m1*1.5}% weapon damage with daggers, and $s1% weapon damage with all other weapons.						
67708	all		Paragon		Increases your Strength by $s1 for $d.	Strength increased by $s1.					
67709	all		Eviscerate		Finishing move that causes damage.						
67710	all		Deadly Poison		The caster's weapon is coated with poison that lasts for 1 hour. Each strike poisons the enemy for $67710s1 Nature damage every $67710t1. This effect cannot occur more than once every 5 seconds. Stacks up to 5 times on a single target.	Deals $s1 Nature damage every $t1 seconds.					
67711	all		Deadly Poison		The caster's weapon is coated with poison that lasts for 1 hour. Each strike poisons the enemy for $67710s1 Nature damage every $67710t1. This effect cannot occur more than once every 5 seconds. Stacks up to 5 times on a single target.						
67712	all		Item - Coliseum 25 Normal Caster Trinket		You gain a Mote of Flame each time you cause a non-periodic spell critical strike.  When you reach $s1 Motes, they will release, firing a Pillar of Flame for $67714s1 damage.  Mote of Flame cannot be gained more often than once every 2 sec.						
67713	all		Mote of Flame		Gained a Mote of Flame.  When $67712s1 Motes are accumulated, they will release, firing a Pillar of Flame for $67714s1 damage.	Mote of Flame.					
67714	all		Pillar of Flame	Rank 1	Casts a Pillar of Flame at the target for $s1 Fire damage.						
67715	all		Raise Dead Jaeren Sunsworn								
67716	all		Whirlwind		In a whirlwind of steel you attack all enemies within $a1 yards, causing weapon damage from both melee weapons to each enemy.						
67718	all		Icy Touch		Inflicts $s1 Frost damage and causes Frost Fever.	Inflicts $s1 Frost damage and causes Frost Fever.					
67719	all		Frost Fever		A disease dealing Frost damage every 3 sec and reducing the target's melee and ranged attack speed by $s2% for $d.	Deals Frost damage over $d.\nReduces melee and ranged attack speed.					
67720	all		Expose Weakness								
67721	all		Expose Weakness		Exposes weaknesses in the target, increasing damage taken from Physical attacks by $s1% for $d.  Stacks up to $u times.	Damage taken from Physical attacks increased by $s1%.					
67722	all		Blood Plague		The Blood Plague inflicts $s1 Shadow damage every $t1 sec for $d.	Deals $s1 Shadow damage every $t1 sec.					
67723	all		Escalation		Increases spell power by $s1.	Spell power increased by $s1.					
67724	all		Plague Strike		A vicious strike that deals weapon damage  and plagues the target with Blood Plague, dealing Shadow damage over time.						
67725	all		Obliterate		A brutal instant attack that deals $s2% weapon damage plus ${$m1*$m2/100}, total damage increased ${$m3/2}% per each of your diseases on the target, removing the diseases on the target.						
67726	all		Escalating Power		Each time you cast a helpful spell, you gain $67723s1 spell power.  Stacks up to $67723u times.  Entire effect lasts $d.	Gain $67723s1 spell power from each helpful spell you cast.  Stacks up to $67723u times.					
67727	all		Hardened		Increases armor by $s1.	Armor increased by $s1.					
67728	all		Hardening Armor		Each time you are struck by an attack, you gain $67727s1 armor.  Stacks up to $67727u times.  Entire effect lasts $d.	Gain $67727s1 armor each time you are struck by an attack.  Stacks up to $67727u times.					
67729	all		Explode		Explode, destroying the Ghoul and causing $s1 Shadow damage to all enemies within $a1 yards.						
67730	all		Rolling Throw		Grabs your target and tosses them backwards.						
67731	all		Death's Respite		Inflicts $s1 Shadow damage.	Inflicts $s1 Shadow damage.					
67732	all		Destroy all Frost Patches								
67735	all		Volatility		Increases haste rating by $s1.	Haste rating increased by $s1.					
67736	all		Volatile Power		Each time you cast a harmful spell, you gain $67735s1 haste rating.  Stacks up to $67735u times.  Entire effect lasts $d.						
67737	all		Risen Fury		Increases attack power by $s1.	Attack power increased by $s1.					
67738	all		Rising Fury		Each time you strike an enemy with a melee attack, you gain $67737s1 attack power.  Stacks up to $67737u times.  Entire effect lasts $d.	Each time you strike an enemy with a melee attack, you gain $67737s1 attack power.					
67739	all		Escalation		Increases spell power by $s1.	Spell power increased by $s1.					
67740	all		Escalating Power		Each time you cast a helpful spell, you gain $67739s1 spell power.  Stacks up to $67739u times.  Entire effect lasts $d.	Gain $67739s1 spell power from each helpful spell you cast.  Stacks up to $67739u times.					
67741	all		Hardened		Increases armor by $s1.	Armor increased by $s1.					
67742	all		Hardening Armor		Each time you are struck by an attack, you gain $67741s1 armor.  Stacks up to $67741u times.  Entire effect lasts $d.	Gain $67741s1 armor each time you are struck by an attack.  Stacks up to $67741u times.					
67743	all		Volatility		Increases haste rating by $s1.	Haste rating increased by $s1.					
67744	all		Volatile Power		Each time you cast a harmful spell, you gain $67743s1 haste rating.  Stacks up to $67743u times.  Entire effect lasts $d.						
67745	all		Death's Respite		Death's Respite stuns the target for $d, inflicts Shadow damage and knocks the target back.	Stunned.					
67746	all		Risen Fury		Increases attack power by $s1.	Attack power increased by $s1.					
67747	all		Rising Fury		Each time you strike an enemy with a melee attack, you gain $67746s1 attack power.  Stacks up to $67746u times.  Entire effect lasts $d.	Each time you strike an enemy with a melee attack, you gain $67746s1 attack power.					
67748	all		Destroy Vehicle								
67749	all		Leap		Leap behind the targeted friend or enemy.						
67750	all		Energized		Causes you to regenerate $s1 mana per 5 sec.  Effect lasts for $d.	Regenerating $s1 mana per 5 sec.					
67751	all		Ghoul Explode		The Black Knight forces a Ghoul minion to explode!	The Black Knight forces a Ghoul minion to explode!					
67752	all		Item - Coliseum 25 Heroic Healer Trinket		Each time you cast a spell, you gain $67750s1 mana per 5 sec. for $67750d.  Stacks up to $67750u times.						
67753	all		Fortitude		Increases maximum health by $s1 for $d. Shares cooldown with Battlemaster's trinkets.	Health increased by $s1.					
67754	all		Ghoul Explode								
67755	all		Nerubian Burrower								
67756	all		Nerubian Burrower								
67757	all		Nerubian Burrower								
67758	all		Item - Coliseum 25 Heroic Caster Trinket		You gain a Shard of Flame each time you cause a non-periodic spell critical strike.  When you reach $s1 Shards, they will release, firing a Pillar of Flame for $67760s1 damage.  Shard of Flame cannot be gained more often than once every 2 sec.						
67759	all		Shard of Flame		Gained a Shard of Flame.  When $67758s1 Shards are accumulated, they will release, firing a Pillar of Flame for $67760s1 damage.	Shard of Flame.					
67760	all		Pillar of Flame	Rank 1	Casts a Pillar of Flame at the target for $s1 Fire damage.						
67761	all		Army of the Dead		Summons an entire legion of Ghouls to fight for the Death Knight.  The Ghouls will swarm the area, taunting and fighting anything they can. The Black Knight will also occasionally cast Ghoul Explode on one!	Summoning Ghouls.					
67762	all		Army of the Dead		Summons an entire legion of Ghouls to fight for the Death Knight.  The Ghouls will swarm the area, taunting and fighting anything they can.						
67765	all		Invisibility		Fades the caster to invisibility over $66d, reducing threat each second.  The effect is cancelled if you perform any actions.  While invisible, you can only see other invisible targets and those who can see invisible.  Lasts $32612d.	Fading.					
67767	all		Frost Fever		A disease dealing Frost damage every $t1 sec and reducing the target's melee and ranged attack speed by $s2% for $d.	Deals Frost damage over $d.\nReduces melee and ranged attack speed.					
67769	all		Cobalt Frag Bomb		Inflicts $s1 Fire damage and incapacitates targets for $d in a 3 yard radius.  Any damage will break the effect.	Incapacitated.  Any damage will break the effect.					
67771	all		Item - Coliseum 25 Heroic Melee Trinket		When you deal damage you have a chance to gain Paragon, increasing your Strength or Agility by $67772s1 for $67772d.  Your highest stat is always chosen.						
67772	all		Paragon		Increases your Agility by $s1 for $d.	Agility increased by $s1.					
67773	all		Paragon		Increases your Strength by $s1 for $d.	Strength increased by $s1.					
67774	all		Claw		Claw the enemy, causing damage and choosing a new target.						
67775	all		Dimensional Folder: K3		Step through an ultra-safe dimensional fold to teleport to K3 in Northrend.						
67777	all		Call Pet		Summons your pet to you.						
67778	all		Desecration		Causes desecrated ground at a targets location. Targets in the area are slowed by $67781s1% by the grasping arms of the dead while standing on the unholy ground.  Lasts $67781d.						
67779	all		Desecration								
67780	all		Transporter Arrival								
67781	all		Desecration		Decreases move speed by $s1%.\nInflicts $s2 Shadow damage every 2 sec.	Decreases move speed by $s1%.\nInflicts $s2 Shadow damage every 2 sec.					
67782	all		Desecration								
67783	all		Implosion								
67790	spellbook	202	Dimensional Folder: K3								
67791	all		Transporter Arrival								
67792	all		Implosion								
67793	all		Claw	Rank 11	Claw the enemy, causing $s1 damage.						
67795	all		Gravity Belt		Allows you to fly for a few seconds.	You're flying!					
67796	all		Ram		Rams any enemies in front of the siege engine within $a2 yards, dealing $s2 Damage and knocking them back. Also deals $s3 siege damage to buildings.						
67797	all		Steam Rush		Put the steam engine into overdrive for a short duration, rushing forward and dealing $67798s3 damage to players, knocking them back. Also deals $67798s2 siege damage to buildings.						
67798	all		Steam Rush		Put the steam engine into overdrive for a short duration, rushing forward.						
67799	all		Mind Amplification Dish		Engage in mental combat with a humanoid target in an attempt to pacify or control them.						
67801	all		Deterrence		When activated, increases parry chance by $s1%, reduces the chance ranged attacks will hit you by $s1% and grants a $s2% chance to deflect spells.  While Deterrence is active, you cannot attack.  Lasts $d.	Parry chance increased by $s1%, chance for ranged attacks to miss you increased by $s2%, $s2% chance to deflect spells, and unable to attack.					
67802	all		Desecration Arm								
67803	all		Desecration Arm								
67804	all		Desecration		Your Plague Strikes have a chance to cause the Grasp of the Dead effect for 7 yards around the target.  Targets in the area are slowed by 50% by the grasping arms of the dead while you cause 10% additional damage while standing on the Unholy ground.						
67806	all		Mental Combat			Unable to act.					
67808	all		Death's Bite		Inflicts $s1 Shadowfrost damage to all enemies and increases magic damage taken by $s3% for $d.	Increases magic damage taken by $s3%.					
67809	all		Dullard			Your mind was tested and found wanting.					
67810	all		Mental Battle		Attempts to enter mental combat with an enemy, preventing them from action while you concentrate.  Lasts up to $d.	Locked in mental battle with your opponent.					
67811	all		Dagger Throw			Deals $s2 damage every $t2 sec.					
67812	all		Boulder		Deals Fire damage to enemies.						
67813	all		Huge Seaforium Blast		A massive explosion causes damage to nearby enemies and buildings.						
67814	all		Seaforium Blast		A massive explosion causes damage to nearby enemies and buildings.						
67815	all		Steam Rush		Put the steam engine into overdrive for a short duration, rushing forward.						
67816	all		Ram		Rams any enemies in front of the siege engine within $a2 yards, dealing $s2 Damage and knocking them back. Also deals $s3 siege damage to buildings.						
67817	all		Dino Meat Credit								
67818	all		Silithid Meat Credit								
67819	all		Silithid Egg Credit								
67820	all		Death's Bite								
67821	all		Rolling Throw								
67823	all		Marked For Death		The Black Knight has marked you for death, increasing magic damage taken by $s1% for $d.	Increases magic damage taken by $s1%.					
67824	all		Gnomish Thinking Cap								
67826	all		Jeeves		Requests the presence of Jeeves, the perfect gentleman robot butler, who will attend to your needs for $68054d.\n\nJeeves can grant bank access to very skilled engineers and perform mundane tasks such as buying, selling, and repairing for anyone.						
67828	all		Dummy Riding Aura								
67830	all		Ride Vehicle								
67833	all		Wormhole		Creates an unstable wormhole the Engineer can use to travel around Northrend.  Lasts $d.						
67834	all		Borean Tundra		Hopefully transports you to somewhere in Borean Tundra.						
67835	all		Sholazar Basin		Hopefully transports you to somewhere in Sholazar Basin.						
67836	all		Icecrown		Hopefully transports you to somewhere in Icecrown.						
67837	all		Storm Peaks		Hopefully transports you to somewhere in Storm Peaks.						
67838	all		Howling Fjord		Hopefully transports you to somewhere in Howling Fjord.						
67839	spellbook	202	Mind Amplification Dish		Attaches a tiny mind amplification dish to your helmet, increasing Stamina by 45 and allowing you to engage in mental battle with your enemies to, hopefully, control them.  Can be used every 10 min.\n\nEnchanting your helm binds it to you.  Requires 350 engineering to use.						
67840	all		Mind Control Helm								
67846	all		[DND] Salute Trag								
67847	all		Expose Weakness		Exposes weaknesses in the target, increasing damage taken from Physical attacks by $s1% for $d.  Stacks up to $u times.	Damage taken from Physical attacks increased by $s1%.					
67850	all		It's A Town-In-A-Box: Phase Master								
67855	all		Permafrost		Freezes the ground in a small area, preventing most creatures from burrowing through it and reducing movement speed over the area by $s1%.	Movement speed slowed by $s1%.\nPrevents most creatures from burrowing.					
67856	all		Permafrost		Freezes the ground in a small area, preventing most creatures from burrowing through it and reducing movement speed over the area by $s1%.	Movement speed slowed by $s1%.\nPrevents most creatures from burrowing.					
67857	all		Permafrost		Freezes the ground in a small area, preventing most creatures from burrowing through it and reducing movement speed over the area by $s1%.	Movement speed slowed by $s1%.\nPrevents most creatures from burrowing.					
67858	all		Impale		Fires spikes up through the floor above Anub'arak, inflicting $s1 Physical damage to anyone in their path. This attack ignores armor, but cannot penetrate Permafrost.						
67859	all		Impale		Fires spikes up through the floor above Anub'arak, inflicting $s1 Physical damage to anyone in their path. This attack ignores armor, but cannot penetrate Permafrost.						
67860	all		Impale		Fires spikes up through the floor above Anub'arak, inflicting $s1 Physical damage to anyone in their path. This attack ignores armor, but cannot penetrate Permafrost.						
67861	all		Acid-Drenched Mandibles		Acid from the Scarab's mandibles inflicts $s1 Nature damage over every $t1 sec.  Lasts $d.	$s1 Nature damage inflicted every $t1 sec.					
67862	all		Acid-Drenched Mandibles		Acid from the Scarab's mandibles inflicts $s1 Nature damage over every $t1 sec.  Lasts $d.	$s1 Nature damage inflicted every $t1 sec.					
67863	all		Acid-Drenched Mandibles		Acid from the Scarab's mandibles inflicts $s1 Nature damage over every $t1 sec.  Lasts $d.	$s1 Nature damage inflicted every $t1 sec.					
67864	all		Open Portal								
67865	all		Trample								
67866	all		Trample								
67867	all		Trampled			Stunned.					
67868	all		Trampled			Stunned.					
67870	all		Trample								
67871	all		Enable Koralon								
67872	all		Goblin Escape Pods: Quest Accept								
67873	all		Army of the Dead		Summons an entire legion of Ghouls to fight for the Death Knight.  The Ghouls will swarm the area, taunting and fighting anything they can.						
67874	all		Army of the Dead		Summons an entire legion of Ghouls to fight for the Death Knight.  The Ghouls will swarm the area, taunting and fighting anything they can. The Black Knight will also occasionally cast Ghoul Explode on one!	Summoning Ghouls.					
67875	all		Death's Bite		Inflicts $s1 Shadowfrost damage to all enemies and increases magic damage taken by $s3% for $d.	Increases magic damage taken by $s3%.					
67876	all		Desecration		Decreases move speed by $s1%.\nInflicts $s2 Shadow damage every 2 sec.	Decreases move speed by $s1%.\nInflicts $s2 Shadow damage every 2 sec.					
67877	all		Desecration		Causes desecrated ground at a targets location. Targets in the area are slowed by $67781s1% by the grasping arms of the dead while standing on the unholy ground.  Lasts $67781d.						
67878	all		Frost Fever		A disease dealing Frost damage every 3 sec and reducing the target's melee and ranged attack speed by $s2% for $d.	Deals Frost damage over $d.\nReduces melee and ranged attack speed.					
67879	all		Claw		Claw the enemy, causing damage and choosing a new target.						
67880	all		Leap		Leap behind the targeted friend or enemy.						
67881	all		Icy Touch		Inflicts $s1 Frost damage and causes Frost Fever.	Inflicts $s1 Frost damage and causes Frost Fever.					
67882	all		Marked For Death		The Black Knight has marked you for death, increasing magic damage taken by $s1% for $d.	Increases magic damage taken by $s1%.					
67883	all		Obliterate		A brutal instant attack that deals $s2% weapon damage plus ${$m1*$m2/100}, total damage increased ${$m3/2}% per each of your diseases on the target, removing the diseases on the target.						
67884	all		Plague Strike		A vicious strike that deals weapon damage  and plagues the target with Blood Plague, dealing Shadow damage over time.						
67885	all		Blood Plague		The Blood Plague inflicts $s1 Shadow damage every $t1 sec for $d.	Deals $s1 Shadow damage every $t1 sec.					
67886	all		Explode		Explode, destroying the Ghoul and causing $s1 Shadow damage to all enemies within $a1 yards.						
67888	all		Fel Lightning		Strikes an enemy with Legion Lightning that arcs to another nearby enemy. The spell affects up to $x1 targets.	Inflicts $s2 damage every $t2 sec.					
67889	all		Ghoul Explode								
67890	all		Cobalt Frag Bomb		Detatch and throw a Cobalt Frag Bomb, inflicting $s1 Fire damage and incapacitating targets for $d in a 3 yard radius.  Any damage will break the effect.	Incapacitated.  Any damage will break the effect.					
67891	all		Full Heal		Fully restores the health of an ally.						
67892	all		Touch of the Val'kyr		Inflicts $57548s1 Shadow damage every $t1 sec for $d.	Inflicts $57548s1 Shadow damage every $t1 sec.					
67898	all		Nether Portal		Lord Jaraxxus summons a Nether Portal.	Lord Jaraxxus summons a Nether Portal.					
67899	all		Nether Portal		Lord Jaraxxus summons a Nether Portal.	Lord Jaraxxus summons a Nether Portal.					
67900	all		Nether Portal		Lord Jaraxxus summons a Nether Portal.	Lord Jaraxxus summons a Nether Portal.					
67901	all		Infernal Eruption		Lord Jaraxxus summons an Infernal Volcano which causes Infernals to spawn.	Lord Jaraxxus summons an Infernal Volcano which causes Infernals to spawn.					
67902	all		Infernal Eruption		Lord Jaraxxus summons an Infernal Volcano which causes Infernals to spawn.	Lord Jaraxxus summons an Infernal Volcano which causes Infernals to spawn.					
67903	all		Infernal Eruption		Lord Jaraxxus summons an Infernal Volcano which causes Infernals to spawn.	Lord Jaraxxus summons an Infernal Volcano which causes Infernals to spawn.					
67905	all		Mistress' Kiss		Next spell with a cast time interrupts that school for $66335d and causes $66359s1 Shadow damage.	Next spell with a cast time interrupts that school for $66335d and causes $66359s1 Shadow damage.					
67906	all		Mistress' Kiss		Next spell with a cast time interrupts that school for $66335d and causes $66359s1 Shadow damage.	Next spell with a cast time interrupts that school for $66335d and causes $66359s1 Shadow damage.					
67907	all		Mistress' Kiss		Next spell with a cast time interrupts that school for $66335d and causes $66359s1 Shadow damage.	Next spell with a cast time interrupts that school for $66335d and causes $66359s1 Shadow damage.					
67908	all		Mistress' Kiss		The Kiss of the Mistress has distracted you, dealing $66359s1 Shadow damage and interrupting your casting for $d.						
67909	all		Mistress' Kiss		The Kiss of the Mistress has distracted you, dealing $66359s1 Shadow damage and interrupting your casting for $d.						
67910	all		Mistress' Kiss		The Kiss of the Mistress has distracted you, dealing $66359s1 Shadow damage and interrupting your casting for $d.						
67918	all		[DND] NPC - Check Target Aura								
67920	spellbook	202	Wormhole Generator: Northrend								
67924	all		Cosmetic - Enslave Chains Self New (Lord Jaraxxus)								
67929	all		Death Coil	Rank 5	Fire a blast of unholy energy, causing $s1 Shadow damage to an enemy target or healing ${$m1*1.5} damage from a friendly Undead target.						
67930	all		Death Coil	Rank 5	Fire a blast of unholy energy, causing $s1 Shadow damage to an enemy target or healing ${$m1*1.5} damage from a friendly Undead target.						
67931	all		Death Coil	Rank 5	Fire a blast of unholy energy, causing $s1 Shadow damage to an enemy target or healing ${$m1*1.5} damage from a friendly Undead target.						
67932	all		Frost Fever		A disease dealing Frost damage every $t1 sec and reducing the target's melee and ranged attack speed by $s2% for $d.	Deals Frost damage over $d.\nReduces melee and ranged attack speed.					
67933	all		Frost Fever		A disease dealing Frost damage every $t1 sec and reducing the target's melee and ranged attack speed by $s2% for $d.	Deals Frost damage over $d.\nReduces melee and ranged attack speed.					
67934	all		Frost Fever		A disease dealing Frost damage every $t1 sec and reducing the target's melee and ranged attack speed by $s2% for $d.	Deals Frost damage over $d.\nReduces melee and ranged attack speed.					
67935	all		Frost Strike	Rank 6	Instantly strike the enemy, causing $s2% weapon damage plus ${$m1*$m2/100} as Frost damage.  Can't be dodged, blocked, or parried.						
67936	all		Frost Strike	Rank 6	Instantly strike the enemy, causing $s2% weapon damage plus ${$m1*$m2/100} as Frost damage.  Can't be dodged, blocked, or parried.						
67937	all		Frost Strike	Rank 6	Instantly strike the enemy, causing $s2% weapon damage plus ${$m1*$m2/100} as Frost damage.  Can't be dodged, blocked, or parried.						
67938	all		Icy Touch		Chills the target for $m1 to $M1 Frost damage and  infects them with Frost Fever, a disease that deals periodic damage and reduces melee and ranged attack speed by $55095s2% for $55095d.	Melee and ranged attack speed reduced by $55095s2%.					
67939	all		Icy Touch		Chills the target for $m1 to $M1 Frost damage and  infects them with Frost Fever, a disease that deals periodic damage and reduces melee and ranged attack speed by $55095s2% for $55095d.	Melee and ranged attack speed reduced by $55095s2%.					
67940	all		Icy Touch		Chills the target for $m1 to $M1 Frost damage and  infects them with Frost Fever, a disease that deals periodic damage and reduces melee and ranged attack speed by $55095s2% for $55095d.	Melee and ranged attack speed reduced by $55095s2%.					
67941	all		Insect Swarm		The enemy target is swarmed by insects, decreasing their chance to hit with melee and ranged attacks by $s2% and causing $o1 Nature damage over $d.	Chance to hit with melee and ranged attacks decreased by $s2% and $s1 Nature damage every $t1 sec.					
67942	all		Insect Swarm		The enemy target is swarmed by insects, decreasing their chance to hit with melee and ranged attacks by $s2% and causing $o1 Nature damage over $d.	Chance to hit with melee and ranged attacks decreased by $s2% and $s1 Nature damage every $t1 sec.					
67943	all		Insect Swarm		The enemy target is swarmed by insects, decreasing their chance to hit with melee and ranged attacks by $s2% and causing $o1 Nature damage over $d.	Chance to hit with melee and ranged attacks decreased by $s2% and $s1 Nature damage every $t1 sec.					
67944	all		Moonfire	Rank 14	Burns the enemy for $s2 Arcane damage and then an additional $o1 Arcane damage over $d.	$s1 Arcane damage every $t1 seconds.					
67945	all		Moonfire	Rank 14	Burns the enemy for $s2 Arcane damage and then an additional $o1 Arcane damage over $d.	$s1 Arcane damage every $t1 seconds.					
67946	all		Moonfire	Rank 14	Burns the enemy for $s2 Arcane damage and then an additional $o1 Arcane damage over $d.	$s1 Arcane damage every $t1 seconds.					
67947	all		Starfire		Causes $s1 Arcane damage to the target.						
67948	all		Starfire		Causes $s1 Arcane damage to the target.						
67949	all		Starfire		Causes $s1 Arcane damage to the target.						
67951	all		Wrath	Rank 10	Causes $s1 Nature damage to the target.						
67952	all		Wrath	Rank 10	Causes $s1 Nature damage to the target.						
67953	all		Wrath	Rank 10	Causes $s1 Nature damage to the target.						
67954	all		Lifebloom		Heals for $s1 when Lifebloom expires.						
67955	all		Lifebloom		Heals for $s1 when Lifebloom expires.						
67956	all		Lifebloom		Heals for $s1 when Lifebloom expires.						
67957	all		Lifebloom		Heals $s1 every second and $67954s1 when effect finishes or is dispelled.	Heals $s1 every second and $67954s1 when effect finishes or is dispelled.					
67958	all		Lifebloom		Heals $s1 every second and $67955s1 when effect finishes or is dispelled.	Heals $s1 every second and $67955s1 when effect finishes or is dispelled.					
67959	all		Lifebloom		Heals $s1 every second and $67956s1 when effect finishes or is dispelled.	Heals $s1 every second and $67956s1 when effect finishes or is dispelled.					
67965	all		Nourish	Rank 1	Heals a friendly target for $s1.						
67966	all		Nourish	Rank 1	Heals a friendly target for $s1.						
67967	all		Nourish	Rank 1	Heals a friendly target for $s1.						
67968	all		Regrowth	Rank 12	Heals a friendly target for $s1 and another $o2 over $d.	Heals $s2 every $t2 seconds.					
67969	all		Regrowth	Rank 12	Heals a friendly target for $s1 and another $o2 over $d.	Heals $s2 every $t2 seconds.					
67970	all		Regrowth	Rank 12	Heals a friendly target for $s1 and another $o2 over $d.	Heals $s2 every $t2 seconds.					
67971	all		Rejuvenation		Heals the target for $o1 over $d.	Heals $s1 damage every $t1 seconds.					
67972	all		Rejuvenation		Heals the target for $o1 over $d.	Heals $s1 damage every $t1 seconds.					
67973	all		Rejuvenation		Heals the target for $o1 over $d.	Heals $s1 damage every $t1 seconds.					
67974	all		Tranquility		Regenerates all nearby group members for $s1 every $t1 seconds for $d. Channeled.	Heals nearby party members for $s1 every $t1 seconds.					
67975	all		Tranquility		Regenerates all nearby group members for $s1 every $t1 seconds for $d. Channeled.	Heals nearby party members for $s1 every $t1 seconds.					
67976	all		Tranquility		Regenerates all nearby group members for $s1 every $t1 seconds for $d. Channeled.	Heals nearby party members for $s1 every $t1 seconds.					
67977	all		Aimed Shot	Rank 9	An aimed shot that increases ranged damage by $s1 and reduces healing done to that target by $s2%.  Lasts $d.	Healing effects reduced by $s2%.					
67978	all		Aimed Shot	Rank 9	An aimed shot that increases ranged damage by $s1 and reduces healing done to that target by $s2%.  Lasts $d.	Healing effects reduced by $s2%.					
67979	all		Aimed Shot	Rank 9	An aimed shot that increases ranged damage by $s1 and reduces healing done to that target by $s2%.  Lasts $d.	Healing effects reduced by $s2%.					
67980	all		Claw	Rank 11	Claw the enemy, causing $s1 damage.						
67981	all		Claw	Rank 11	Claw the enemy, causing $s1 damage.						
67982	all		Claw	Rank 11	Claw the enemy, causing $s1 damage.						
67983	all		Explosive Shot		You fire an explosive charge into the enemy target, dealing $s1 Fire damage. The charge will blast the target every second for an additional $d.	Taking Fire damage every second.					
67984	all		Explosive Shot		You fire an explosive charge into the enemy target, dealing $s1 Fire damage. The charge will blast the target every second for an additional $d.	Taking Fire damage every second.					
67985	all		Explosive Shot		You fire an explosive charge into the enemy target, dealing $s1 Fire damage. The charge will blast the target every second for an additional $d.	Taking Fire damage every second.					
67988	all		Shoot		Shoots at an enemy, inflicting Physical damage.						
67989	all		Shoot		Shoots at an enemy, inflicting Physical damage.						
67990	all		Shoot		Shoots at an enemy, inflicting Physical damage.						
67991	all		Viper Sting		Stings the target, draining $o1 mana over $d.  Only one Sting per Hunter can be active on any one target.	Drains $s1 mana every $t1 seconds.					
67992	all		Viper Sting		Stings the target, draining $o1 mana over $d.  Only one Sting per Hunter can be active on any one target.	Drains $s1 mana every $t1 seconds.					
67993	all		Viper Sting		Stings the target, draining $o1 mana over $d.  Only one Sting per Hunter can be active on any one target.	Drains $s1 mana every $t1 seconds.					
67994	all		Arcane Barrage		Launches several missiles at the enemy target, causing $s1 Arcane damage.						
67995	all		Arcane Barrage		Launches several missiles at the enemy target, causing $s1 Arcane damage.						
67996	all		Arcane Barrage		Launches several missiles at the enemy target, causing $s1 Arcane damage.						
67997	all		Arcane Blast		Blasts the target with energy, dealing $s1 Arcane damage.  Each time you cast Arcane Blast, the damage of all Arcane spells is increased by $36032s1% and mana cost of Arcane Blast is increased by $36032s2%.  Effect stacks up to $36032u times and lasts $36032d or until any Arcane damage spell except Arcane Blast is cast.						
67998	all		Arcane Blast		Blasts the target with energy, dealing $s1 Arcane damage.  Each time you cast Arcane Blast, the damage of all Arcane spells is increased by $36032s1% and mana cost of Arcane Blast is increased by $36032s2%.  Effect stacks up to $36032u times and lasts $36032d or until any Arcane damage spell except Arcane Blast is cast.						
67999	all		Arcane Blast		Blasts the target with energy, dealing $s1 Arcane damage.  Each time you cast Arcane Blast, the damage of all Arcane spells is increased by $36032s1% and mana cost of Arcane Blast is increased by $36032s2%.  Effect stacks up to $36032u times and lasts $36032d or until any Arcane damage spell except Arcane Blast is cast.						
68000	all		Arcane Explosion		Causes an explosion of arcane magic around the caster, causing $s1 Arcane damage to all targets within $a1 yards.						
68001	all		Arcane Explosion		Causes an explosion of arcane magic around the caster, causing $s1 Arcane damage to all targets within $a1 yards.						
68002	all		Arcane Explosion		Causes an explosion of arcane magic around the caster, causing $s1 Arcane damage to all targets within $a1 yards.						
68003	all		Frostbolt		Launches a bolt of frost at the enemy, causing $s2 Frost damage and slowing movement speed by $s1% for $d.	Movement slowed by $s1%.					
68004	all		Frostbolt		Launches a bolt of frost at the enemy, causing $s2 Frost damage and slowing movement speed by $s1% for $d.	Movement slowed by $s1%.					
68005	all		Frostbolt		Launches a bolt of frost at the enemy, causing $s2 Frost damage and slowing movement speed by $s1% for $d.	Movement slowed by $s1%.					
68006	all		Battleground Experience Active								
68008	all		Flash of Light	Rank 9	Heals a friendly target for $s1.						
68009	all		Flash of Light	Rank 9	Heals a friendly target for $s1.						
68010	all		Flash of Light	Rank 9	Heals a friendly target for $s1.						
68011	all		Holy Light	Rank 13	Heals a friendly target for $s1.						
68012	all		Holy Light	Rank 13	Heals a friendly target for $s1.						
68013	all		Holy Light	Rank 13	Heals a friendly target for $s1.						
68014	all		Holy Shock	Rank 7	Blasts the target with Holy energy, causing $48823s1 Holy damage to an enemy, or $48821s1 healing to an ally.						
68015	all		Holy Shock	Rank 7	Blasts the target with Holy energy, causing $48823s1 Holy damage to an enemy, or $48821s1 healing to an ally.						
68016	all		Holy Shock	Rank 7	Blasts the target with Holy energy, causing $48823s1 Holy damage to an enemy, or $48821s1 healing to an ally.						
68017	all		Judgement of Command		Judges the enemy for $s1 Holy damage.						
68018	all		Judgement of Command		Judges the enemy for $s1 Holy damage.						
68019	all		Judgement of Command		Judges the enemy for $s1 Holy damage.						
68020	all		Seal of Command		All melee attacks have a chance to deal additional Holy damage.	Melee attacks have a chance to deal additional Holy damage.					
68021	all		Seal of Command		All melee attacks have a chance to deal additional Holy damage.	Melee attacks have a chance to deal additional Holy damage.					
68022	all		Seal of Command		All melee attacks have a chance to deal additional Holy damage.	Melee attacks have a chance to deal additional Holy damage.					
68023	all		Flash Heal	Rank 11	Heals a friendly target for $s1.						
68024	all		Flash Heal	Rank 11	Heals a friendly target for $s1.						
68025	all		Flash Heal	Rank 11	Heals a friendly target for $s1.						
68026	all		Mana Burn		Destroy $s1 mana from a target. For each mana destroyed in this way, the target takes 3 Shadow damage.						
68027	all		Mana Burn		Destroy $s1 mana from a target. For each mana destroyed in this way, the target takes 3 Shadow damage.						
68028	all		Mana Burn		Destroy $s1 mana from a target. For each mana destroyed in this way, the target takes 3 Shadow damage.						
68029	all		Penance		Launches a volley of holy light at the target, causing $s1 healing to an ally instantly and every $47758t2 sec for $47758d.						
68030	all		Penance		Launches a volley of holy light at the target, causing $s1 healing to an ally instantly and every $47758t2 sec for $47758d.						
68031	all		Penance		Launches a volley of holy light at the target, causing $s1 healing to an ally instantly and every $47758t2 sec for $47758d.						
68032	all		Power Word: Shield		Draws on the soul of the party member to shield them, absorbing $s1 damage.  Lasts $d.  While the shield holds, spellcasting will not be interrupted by damage.  Once shielded, the target cannot be shielded again for $6788d.	Absorbs damage.					
68033	all		Power Word: Shield		Draws on the soul of the party member to shield them, absorbing $s1 damage.  Lasts $d.  While the shield holds, spellcasting will not be interrupted by damage.  Once shielded, the target cannot be shielded again for $6788d.	Absorbs damage.					
68034	all		Power Word: Shield		Draws on the soul of the party member to shield them, absorbing $s1 damage.  Lasts $d.  While the shield holds, spellcasting will not be interrupted by damage.  Once shielded, the target cannot be shielded again for $6788d.	Absorbs damage.					
68035	all		Renew		Heals the target for $o1 over $d.	Healing $s1 damage every $t1 seconds.					
68036	all		Renew		Heals the target for $o1 over $d.	Healing $s1 damage every $t1 seconds.					
68037	all		Renew		Heals the target for $o1 over $d.	Healing $s1 damage every $t1 seconds.					
68038	all		Mind Blast		Blasts the target for $s1 Shadow damage.						
68039	all		Mind Blast		Blasts the target for $s1 Shadow damage.						
68040	all		Mind Blast		Blasts the target for $s1 Shadow damage.						
68042	all		Mind Flay		Inflicts Shadow damage to an enemy and reduces its movement speed for $d.	Shadow damage inflicted over $d.\nReduced movement speed.					
68043	all		Mind Flay		Inflicts Shadow damage to an enemy and reduces its movement speed for $d.	Shadow damage inflicted over $d.\nReduced movement speed.					
68044	all		Mind Flay		Inflicts Shadow damage to an enemy and reduces its movement speed for $d.	Shadow damage inflicted over $d.\nReduced movement speed.					
68048	all		Persistent Dirt								
68051	all		Overpower Ready!			Allows the use of Overpower.					
68052	all		Jeeves Goodbye								
68054	all		Pressing Engagement			This extremely handsome robot has other matters to which he must attend.  Take advantage of his services while you can!					
68055	all		Judgements of the Just	Rank 1	Reduces melee attack speed.	Melee attack speed slowed.					
68056	spellbook	777	Swift Horde Wolf		Summons and dismisses a rideable Swift Horde Wolf.   This mount increases speed depending on your Riding Skill.	Increases speed depending on your Riding Skill.					
68057	spellbook	777	Swift Alliance Steed		Summons and dismisses a rideable Swift Alliance Steed.   This mount increases speed depending on your Riding Skill.	Increases speed depending on your Riding Skill.					
68066	all		Damage Reduction			Damage taken reduced by $s1% and $s3% of all threat transferred to warrior.					
68067	spellbook	202	Jeeves								
68068	all		Hurl Boulder		Hurls a massive boulder into the distance. This boulder deals $67812s1 Fire damage and $67812s2 seige damage to all enemies within $67812a1 yards.						
68073	all		CKTest Bolt	Rank 1	Sends a shadowy bolt at the enemy, causing $s1 Shadow damage.						
68075	all		Miner Troubles: GUID Dot Variable to Summoning Miner								
68077	all		Repair Cannon								
68078	all		Repair Cannon								
68080	all		Anomaly								
68081	all		Underground		Teleports you to a smelly underground location.						
68082	all		Glyph of Seal of Command		Gain $s1% of your base mana.						
68084	all		Clear Val'kyr Touch of Light/Dark								
68085	all		Mist of the Kvaldir			Engulfed by the mist.					
68088	all		Shadow Word: Pain		Utters a word of darkness, inflicting Shadow damage to an enemy every $t1 sec. for $d.	$s1 Shadow damage inflicted every $t1 sec.					
68089	all		Shadow Word: Pain		Utters a word of darkness, inflicting Shadow damage to an enemy every $t1 sec. for $d.	$s1 Shadow damage inflicted every $t1 sec.					
68090	all		Shadow Word: Pain		Utters a word of darkness, inflicting Shadow damage to an enemy every $t1 sec. for $d.	$s1 Shadow damage inflicted every $t1 sec.					
68091	all		Vampiric Touch		Causes $o2 Shadow damage over $d to your target.	$s2 Shadow damage every $t2 seconds.					
68092	all		Vampiric Touch		Causes $o2 Shadow damage over $d to your target.	$s2 Shadow damage every $t2 seconds.					
68093	all		Vampiric Touch		Causes $o2 Shadow damage over $d to your target.	$s2 Shadow damage every $t2 seconds.					
68094	all		Eviscerate	Rank 12	Finishing move that causes $s1 Physical damage.						
68095	all		Eviscerate	Rank 12	Finishing move that causes $s1 Physical damage.						
68096	all		Eviscerate	Rank 12	Finishing move that causes $s1 Physical damage.						
68097	all		Fan of Knives		Instantly throw both weapons at all targets within $a1 yards, causing $s1% weapon damage.						
68098	all		Fan of Knives		Instantly throw both weapons at all targets within $a1 yards, causing $s1% weapon damage.						
68099	all		Fan of Knives		Instantly throw both weapons at all targets within $a1 yards, causing $s1% weapon damage.						
68100	all		Earth Shock	Rank 10	Instantly shocks the target with concussive force, causing $s2 Nature damage.  It also interrupts spellcasting and prevents any spell in that school from being cast for $d.						
68101	all		Earth Shock	Rank 10	Instantly shocks the target with concussive force, causing $s2 Nature damage.  It also interrupts spellcasting and prevents any spell in that school from being cast for $d.						
68102	all		Earth Shock	Rank 10	Instantly shocks the target with concussive force, causing $s2 Nature damage.  It also interrupts spellcasting and prevents any spell in that school from being cast for $d.						
68103	all		Healing Stream Totem		Restores $s1 health to nearby allies.						
68104	all		Healing Stream Totem		Restores $s1 health to nearby allies.						
68105	all		Healing Stream Totem		Restores $s1 health to nearby allies.						
68106	all		Attack		Sears the target with $s1 Fire damage.						
68107	all		Attack		Sears the target with $s1 Fire damage.						
68108	all		Attack		Sears the target with $s1 Fire damage.						
68109	all		Flametongue Attack		Imbue the Shaman's weapon with fire, increasing total spell damage. Each hit causes Fire damage, based on the speed of the weapon.  Slower weapons cause more fire damage per swing.  Lasts 30 minutes.						
68110	all		Flametongue Attack		Imbue the Shaman's weapon with fire, increasing total spell damage. Each hit causes Fire damage, based on the speed of the weapon.  Slower weapons cause more fire damage per swing.  Lasts 30 minutes.						
68111	all		Flametongue Attack		Imbue the Shaman's weapon with fire, increasing total spell damage. Each hit causes Fire damage, based on the speed of the weapon.  Slower weapons cause more fire damage per swing.  Lasts 30 minutes.						
68112	all		Lightning Bolt		Blasts an enemy with lightning, inflicting $s1 Nature damage.						
68113	all		Lightning Bolt		Blasts an enemy with lightning, inflicting $s1 Nature damage.						
68114	all		Lightning Bolt		Blasts an enemy with lightning, inflicting $s1 Nature damage.						
68115	all		Lesser Healing Wave	Rank 9	Heals a friendly target for $s1.						
68116	all		Lesser Healing Wave	Rank 9	Heals a friendly target for $s1.						
68117	all		Lesser Healing Wave	Rank 9	Heals a friendly target for $s1.						
68118	all		Riptide	Rank 4	Heals a friendly target for $s1 and another $o2 over $d.	Heals $s2 every $t2 seconds.					
68119	all		Riptide	Rank 4	Heals a friendly target for $s1 and another $o2 over $d.	Heals $s2 every $t2 seconds.					
68120	all		Riptide	Rank 4	Heals a friendly target for $s1 and another $o2 over $d.	Heals $s2 every $t2 seconds.					
68123	all		Legion Flame		Burns the target, causing a Legion Flame to appear at the targets location every $66199t1 sec for $66199d.	Flame begins to spread from your body!					
68124	all		Legion Flame		Burns the target, causing a Legion Flame to appear at the targets location every $66199t1 sec for $66199d.	Flame begins to spread from your body!					
68125	all		Legion Flame		Burns the target, causing a Legion Flame to appear at the targets location every $66199t1 sec for $66199d.	Flame begins to spread from your body!					
68126	all		Legion Flame		The Legion Flame inflicts $s2 Fire damage every $t2 sec, also you are creating a Legion Fire every $t1 sec for $d.	Inflicts $s2 Fire damage every $t2 sec.\nYou are creating a Legion Fire every $t1 sec.					
68127	all		Legion Flame		The Legion Flame inflicts $s2 Fire damage every $t2 sec, also you are creating a Legion Fire every $t1 sec for $d.	Inflicts $s2 Fire damage every $t2 sec.\nYou are creating a Legion Fire every $t1 sec.					
68128	all		Legion Flame		The Legion Flame inflicts $s2 Fire damage every $t2 sec, also you are creating a Legion Fire every $t1 sec for $d.	Inflicts $s2 Fire damage every $t2 sec.\nYou are creating a Legion Fire every $t1 sec.					
68130	all		Greatness		Increases your pet's attack power by $s1 for $d.	Attack power increased by $s1.					
68131	all		Death Touch								
68132	all		Death Touch								
68133	all		Corruption		Corrupts the target, causing $o1 Shadow damage over $d.	$s1 Shadow damage every $t1 seconds.					
68134	all		Corruption		Corrupts the target, causing $o1 Shadow damage over $d.	$s1 Shadow damage every $t1 seconds.					
68135	all		Corruption		Corrupts the target, causing $o1 Shadow damage over $d.	$s1 Shadow damage every $t1 seconds.					
68136	all		Curse of Agony		Curses the target with agony, causing $o1 Shadow damage over $d.  This damage is dealt slowly at first, and builds up as the Curse reaches its full duration.  Only one Curse per Warlock can be active on any one target.	$o1 Shadow damage over $d.					
68137	all		Curse of Agony		Curses the target with agony, causing $o1 Shadow damage over $d.  This damage is dealt slowly at first, and builds up as the Curse reaches its full duration.  Only one Curse per Warlock can be active on any one target.	$o1 Shadow damage over $d.					
68138	all		Curse of Agony		Curses the target with agony, causing $o1 Shadow damage over $d.  This damage is dealt slowly at first, and builds up as the Curse reaches its full duration.  Only one Curse per Warlock can be active on any one target.	$o1 Shadow damage over $d.					
68139	all		Death Coil	Rank 6	Causes the enemy target to run in horror for $d and causes $s1 Shadow damage.  The caster gains ${100*$e1}% of the damage caused in health.	Horrified.					
68140	all		Death Coil	Rank 6	Causes the enemy target to run in horror for $d and causes $s1 Shadow damage.  The caster gains ${100*$e1}% of the damage caused in health.	Horrified.					
68141	all		Death Coil	Rank 6	Causes the enemy target to run in horror for $d and causes $s1 Shadow damage.  The caster gains ${100*$e1}% of the damage caused in health.	Horrified.					
68142	all		Hellfire Effect		Ignites the area surrounding the caster, causing $65816s2 Fire damage to $ghimself:herself; and $65817s1 Fire damage to all nearby enemies every $65816t2 sec.  Lasts $65816d.						
68143	all		Hellfire Effect		Ignites the area surrounding the caster, causing $65816s2 Fire damage to $ghimself:herself; and $65817s1 Fire damage to all nearby enemies every $65816t2 sec.  Lasts $65816d.						
68144	all		Hellfire Effect		Ignites the area surrounding the caster, causing $65816s2 Fire damage to $ghimself:herself; and $65817s1 Fire damage to all nearby enemies every $65816t2 sec.  Lasts $65816d.						
68145	all		Hellfire		Ignites the area surrounding the caster, causing $65816s2 Fire damage to $ghimself:herself; and $65817s1 Fire damage to all nearby enemies every $65816t2 sec.  Lasts $65816d.	Damages self and all nearby enemies.					
68146	all		Hellfire		Ignites the area surrounding the caster, causing $65816s2 Fire damage to $ghimself:herself; and $65817s1 Fire damage to all nearby enemies every $65816t2 sec.  Lasts $65816d.	Damages self and all nearby enemies.					
68147	all		Hellfire		Ignites the area surrounding the caster, causing $65816s2 Fire damage to $ghimself:herself; and $65817s1 Fire damage to all nearby enemies every $65816t2 sec.  Lasts $65816d.	Damages self and all nearby enemies.					
68148	all		Searing Pain		Inflict searing pain on the enemy target, causing $s1 Fire damage.						
68149	all		Searing Pain		Inflict searing pain on the enemy target, causing $s1 Fire damage.						
68150	all		Searing Pain		Inflict searing pain on the enemy target, causing $s1 Fire damage.						
68151	all		Shadow Bolt	Rank 13	Sends a shadowy bolt at the enemy, causing $s1 Shadow damage.						
68152	all		Shadow Bolt	Rank 13	Sends a shadowy bolt at the enemy, causing $s1 Shadow damage.						
68153	all		Shadow Bolt	Rank 13	Sends a shadowy bolt at the enemy, causing $s1 Shadow damage.						
68154	all		Unstable Affliction	Rank 5	Shadow energy slowly destroys the target, causing $o1 damage over $d.  In addition, if the Unstable Affliction is dispelled it will cause $68157s1 Shadow damage to the dispeller and silence them for $31117d.	$s1 Shadow damage every $t1 sec.  If dispelled, will cause $68157s1 Shadow damage to the dispeller and silence them for $31117d.					
68155	all		Unstable Affliction	Rank 5	Shadow energy slowly destroys the target, causing $o1 damage over $d.  In addition, if the Unstable Affliction is dispelled it will cause $68158s1 Shadow damage to the dispeller and silence them for $31117d.	$s1 Shadow damage every $t1 sec.  If dispelled, will cause $68158s1 Shadow damage to the dispeller and silence them for $31117d.					
68156	all		Unstable Affliction	Rank 5	Shadow energy slowly destroys the target, causing $o1 damage over $d.  In addition, if the Unstable Affliction is dispelled it will cause $68159s1 Shadow damage to the dispeller and silence them for $31117d.	$s1 Shadow damage every $t1 sec.  If dispelled, will cause $68159s1 Shadow damage to the dispeller and silence them for $31117d.					
68157	all		Unstable Affliction		When Unstable Affliction is dispelled, the dispeller suffers $s1 Shadow damage and is silenced for $d.	Silenced.					
68158	all		Unstable Affliction		When Unstable Affliction is dispelled, the dispeller suffers $s1 Shadow damage and is silenced for $d.	Silenced.					
68159	all		Unstable Affliction		When Unstable Affliction is dispelled, the dispeller suffers $s1 Shadow damage and is silenced for $d.	Silenced.					
68160	all		Meteor Fists		Attacks inflict damage split evenly to another nearby target within 10 yards of the primary target.	Attacks inflict damage split evenly to another nearby target within 10 yards of the primary target.					
68161	all		Meteor Fists		Attacks inflict damage split evenly to nearby target within 10 yards of the primary target.	Attacks inflict damage split evenly to nearby target within 10 yards of the primary target.					
68163	all		Glyph of Command		Increases the duration of your Commanding Shout ability by ${$68164m1/60000} min.						
68164	all		Glyph of Command		Increases the duration of your Commanding Shout ability by ${$68164m1/60000} min.						
68166	spellbook	773	Glyph of Command								
68168	all		Burning Fury		Increases damage dealt by $s1%.	Increases damage dealt by $s1%.					
68169	all		Incendiary Rocket		Fires a rocket full of napalm towards the targeted location. The napalm burns all enemies within $67456a1 yards of that location for $67456s1 damage per second for $67456d.						
68170	all		Rocket Blast		Fires a massive rocket into the distance, dealing $67453s1 damage to all enemies within $67453a1 yards of the explosion.						
68183	all		Eject Passenger 1								
68184	all		Faction Champions - credit marker								
68186	all		Anub'arak Scarab Achievement 10								
68187	spellbook	777	Crusader's White Warhorse		Summons and dismisses a rideable Crusader's White Warhorse.   This mount increases speed depending on your Riding Skill.	Increases speed depending on your Riding Skill.					
68188	spellbook	777	Crusader's Black Warhorse		Summons and dismisses a rideable Crusader's Black Warhorse.   This mount increases speed depending on your Riding Skill.	Increases speed depending on your Riding Skill.					
68193	all		Destroy Floor Knockup								
68197	all		Eadric Achievement								
68198	all		Frost Nova								
68206	all		Confessor Achievement								
68251	all		+10 All Stats								
68253	spellbook	755	Nightmare Tear								
68260	all		Snobold Carrier								
68269	all		The Brewmaiden's Blessing	Rank 6	Heals $s1 every $t1 seconds.	Heals $s1 every $t1 seconds.					
68270	all		Summon the Brewmaiden		Right Click to summon the Brewmaiden, whose very presence bolsters a party's vigor. Wave at her for Brewfest Brew!						
68271	all		Summon the Black Brewmaiden		Right Click to summon the Black Brewmaiden, who will smite your foes with your empty tankards. Wave at her for Brewfest Brew!						
68272	all		Bitter Brew		Inflicts $s1 Nature damage to target.						
68273	all		Snobold Carrier								
68274	all		Owen Test Recipe								
68275	all		Snobold Carrier								
68276	all		Snobold Carrier								
68282	all		Charge		A charging attack that inflicts $68498s1 damage and removes 1 layer of Defend from the opponent.						
68284	all		Charge		A charging attack that inflicts $68498s1 damage and removes 1 layer of Defend from the opponent.	Stunned.					
68285	all		Improved Leader of the Pack		Gain percentage of maximum mana.						
68288	all		Weed Whacker: Quest Accept								
68298	all		Parachute		Protects the caster from falling damage.	Immune to falling damage.					
68301	all		Charge		A charging attack that inflicts $s1 damage and removes 1 layer of Defend from the opponent.						
68302	all		Churning Ground Visual								
68305	all		Death's Respite		Inflicts $s1 Shadow damage.	Inflicts $s1 Shadow damage.					
68306	all		Death's Respite		Death's Respite stuns the target for $d, inflicts Shadow damage and knocks the target back.	Stunned.					
68307	all		Charge								
68308	all		Vault of Archavon - Earth, Wind & Fire - Achievement Check								
68310	all		Fireball		Inflicts Fire damage to an enemy.						
68311	all		Polymorph		Transforms an enemy into a sheep, forcing it to wander around for up to $d. While wandering, the sheep cannot attack or cast spells. Any damage will transform the target back into its normal form. Only one target can be polymorphed at a time. Only works on beasts, dragons, giants, humanoids, and critters.	Cannot attack or cast spells.					
68312	all		Blast Wave		Unleashes a wave of flame, inflicting Fire damage to nearby enemies and reducing their movement speed for $d.	Reduced movement speed.					
68313	all		Lightning Arrows		Calls forth lightning which strikes the caster's arrows, enchanting them. Basic ranged attacks deal an additional $66095s1 Nature damage.						
68315	all		Deadly Poison		The caster's weapon is coated with poison that lasts for 1 hour. Each strike poisons the enemy for $67710s1 Nature damage every $67710t1. This effect cannot occur more than once every 5 seconds. Stacks up to 5 times on a single target.	Deals $s1 Nature damage every $t1 seconds.					
68316	all		Poison Bottle			Deals $s1 Nature damage per second.					
68317	all		Eviscerate		Finishing move that causes damage.						
68318	all		Healing Wave		Calls upon Nature magic to heal an ally.						
68319	all		Chain Lightning		Strikes an enemy with a lightning bolt that arcs to another nearby enemy. The spell affects up to $x1 targets, inflicting greater Nature damage to each successive target.						
68320	all		Earth Shield		Protects the target with an earthen shield, causing melee attacks to heal the shielded target.  This effect can only occur once every few seconds.  $67530n charges.  Lasts $67530d.						
68321	all		Charge		A charging attack that inflicts $s1 damage and removes 1 layer of Defend from the opponent.						
68326	all		Fear Self		Strike yourself down with fear, causing you to flee in terror.	Fleeing in fear.					
68328	all		Portal to Dalaran								
68329	all		DanTeleport		Transfers the target to the Chamber Illusion.						
68333	all		Unlearn Gnomish Engineering		Unlearns Gnomish Engineering, allowing you to choose another engineering specialization.						
68334	all		Unlearn Goblin Engineering		Unlearns Goblin Engineering, allowing you to choose another engineering specialization.						
68335	all		Enrage		Increases damage dealt by $s1%.	Damage dealt increased by $s1%.					
68339	all		Disengage								
68340	all		Disengage		You attempt to disengage from the target, leaping backwards. Must be facing the target.	You attempt to disengage from the target, leaping backwards. Must be facing the target.					
68341	all		Cosmetic Chains								
68342	all		Shackle Undead			Bound by the power of the Light.					
68347	all		Worg Disguise		Transforms you into the likeness of a worg. Creatures other than the Fanggore worg pack can see through the disguise.  Many actions, including combat and casting beneficial spells, will drop the disguise.	Friendly with the Fanggore Worg pack. $43369s3% increased movement speed.					
68350	all		Cast Venomhide Counter								
68351	all		Deep Twilight Serpent								
68357	all		Destroyed Vehicle Achievement								
68358	all		Feed Meat Visual								
68359	all		Feed Silithid Egg Visual								
68360	all		Feed Silithid Meat Visual								
68361	all		Animal Handler								
68362	all		Driving Credit								
68363	all		Driving Credit								
68364	all		Driving Credit								
68365	all		Driving Credit								
68366	all		Bomb Credit								
68367	all		Bomb Credit								
68372	all		Ride Vehicle								
68373	all		Despawn Target								
68377	all		Carrying Huge Seaforium		Huge seaforium bombs will be removed on death.	Carrying huge seaforium bombs.					
68378	all		Berserk		Increases the caster's attack speed by $s2% and all damage it deals by $s1% for $d.	All damage dealt is increased by $s1%.\nAttack speed increased by $s2%.					
68390	all		<INTERNAL>Stormwind Portal Teleport to Vashj'ir (Darkbreak Cove) - ELM								
68391	all		Permafrost	Rank 8	Reduces the effectiveness of healing spells for $d.	Healing effects reduced.					
68394	all		Submerge Burrower								
68396	all		Bullet Controller Periodic		Periodically Summons Bullets Up to the designated Worldstate Value.	Periodically Summons Bullets Up to the designated Worldstate Value.					
68397	all		Cannon Blast								
68398	spellbook	183	Opening								
68400	all		Instakill Dark Val'kyr								
68401	all		Instakill Light Val'kyr								
68402	all		Aura State Vulnerable								
68403	all		Aura State Raid Encounter								
68404	all		Nether Portal		Lord Jaraxxus opens a portal to the nether world, inflicting $s2 Shadow damage to targets in a $a2 yard radius of the portal.						
68405	all		Nether Portal		Lord Jaraxxus opens a portal to the nether world, inflicting $s2 Shadow damage to targets in a $a2 yard radius of the portal.						
68406	all		Nether Portal		Lord Jaraxxus opens a portal to the nether world, inflicting $s2 Shadow damage to targets in a $a2 yard radius of the portal.						
68415	all		Corrupted Rage		Corrupts enemies' insight into the shamanistic arts to stifle their healing ability.	Your insight into Shamanistic Rage is intensified but corrupted by General Vezax's Aura of Despair, hindering your ability to heal.					
68416	all		Cannon Fire								
68417	all		Wrapping Paper - Dummy Spell		Wraps an object in festive paper.	Wraps an object in festive paper.					
68418	all		Empty Wrapper - Dummy Spell		Wraps an object in a festive candy wrapper.	Wraps an object in a festive candy wrapper.					
68424	all		Wilfred Portal								
68426	all		Speed Up								
68442	all		Kneel								
68443	all		Drunken Evasiveness		Increases dodge rating by $s1 for $d1.	Increases dodge rating by $s1.					
68447	all		Force Cast - Delete Wolvar Whistle								
68448	all		Pirate Accuracy Increasing: Force Cast from Gossip & Kill Credit - Horde								
68449	all		Force Cast - Delete Oracle Whistle								
68450	all		Delete Wolvar Whistle								
68453	all		Delete Oracle Whistle								
68458	all		Keep Cannon								
68463	all		Bloodtooth Frenzy Clean Up								
68464	all		Bloodtooth Frenzy Clean Up								
68465	all		<INTERNAL>Orgimmar Portal Teleport to Vashj'ir (Tenebrous Cavern)								
68470	all		[ph] Looking for Love								
68471	all		[ph] Looking for Love								
68472	all		[ph] Perfume In Love								
68473	all		Love is in the Air			Increases critical strike percent and spell critical strike percent by $s1.					
68474	all		Remove Lance								
68478	all		Perfume Periodic Aura								
68479	all		Cologne Periodic Aura								
68484	spellbook	134	Swift Flight Form Passive								
68485	all		Clayton's Test Spell 2								
68493	all		[DND] Equip Lance								
68494	all		[ph] Exotic Perfume								
68496	all		Item_template serverside spell								
68497	all		Bullet Aggro								
68498	all		Charge		Attack a mounted target or dummy.						
68499	all		OOX Lift Off								
68500	all		Dummy Nuke								
68501	all		Charge		A charging attack that inflicts $68498s1 damage and removes 1 layer of Defend from the opponent.	Stunned.					
68502	all		Back Door Job								
68503	all		Ride Vehicle								
68504	all		Shield-Breaker		A ranged attack that inflicts $s1 damage and removes one layer of Defend from the opponent.						
68505	all		Thrust		A melee attack that inflicts $s1 damage.						
68506	all		Crushing Leap								
68507	all		Crushing Leap								
68508	all		Crushing Leap								
68509	all		Penetrating Cold		Penetrating cold sinks into several enemy targets, inflicting $s1 Frost damage every $t1 sec. Lasts $d.	$s1 Frost damage inflicted every $t1 sec.					
68510	all		Penetrating Cold		Penetrating cold sinks into several enemy targets, inflicting $s1 Frost damage every $t1 sec. Lasts $d.	$s1 Frost damage inflicted every $t1 sec.					
68512	all		Crushing Leap								
68513	all		[ph] Exotic Cologne								
68515	all		Anub'arak Scarab Achievement 25								
68516	all		[DND] Summon Bunny								
68517	all		Beast Attempt								
68518	all		Jaraxxus Attempt								
68519	all		Champions Attempt								
68520	all		Val'kyr Attempt								
68521	all		Anub'arak Attempt								
68523	all		Achievement Credit								
68529	all		Perfume Immune		"Negates the harmful effects of Alluring Perfume.  The caster can only be immune to one ""scent"" at a time."	Immune to Alluring Perfume.					
68530	all		Cologne Immune		"Negates the harmful effects of Irresistible Cologne.  The caster can only be immune to one ""scent"" at a time."	Immune to Irresistible Cologne.					
68550	all		Dan's Clear Vehicle								
68551	all		Dan's Avenger's Shield	Rank 3	Hurls a holy shield at the enemy, dealing ${$m1+0.07*$SPH+0.07*$AP} to ${$M1+0.07*$SPH+0.07*$AP} Holy damage, Dazing them and then jumping to additional nearby enemies.  Affects $x1 total targets.  Lasts $d.	Dazed.					
68565	all		Approved!								
68566	all		Approved!								
68567	all		Approved!								
68572	all		Grand Champions credit marker								
68574	all		Argent Champion credit marker								
68575	all		Kill Credit								
68576	all		Eject All Passengers								
68586	all		Fel Shock		Inflicts $s1 damage and stuns the target for $d.	Stunned.					
68587	all		Fel Shock		Inflicts $s1 damage and stuns the target for $d.	Stunned.					
68588	all		Fel Shock		Inflicts $s1 damage and stuns the target for $d.	Stunned.					
68589	all		Alluring Perfume		Inflicts $68641s1 Nature damage to nearby enemies every second.	$68641s1 damage inflicted to nearby enemies every second.					
68590	all		Item Level Check								
68592	all		Earth Shield		Heals the shielded target for $s1.						
68593	all		Earth Shield		Heals the shielded target for $s1.						
68594	all		Earth Shield		Heals the shielded target for $s1.						
68595	all		Champion's Aegis	Passive	Reduces damage taken from area-of-effect sources by $s1%.	Damage from area-of-effect sources reduced by $s1%.					
68604	all		NPC Cloak			You feel at peace with the world.					
68605	all		Blue Pyrite		Deals Spellfire damage to the target.	Deals Spellfire damage every 1 sec.					
68607	all		Alluring Perfume Spray		$s2 Nature damage inflicted every $t2 sec to enemies in a cone in front of the caster.	$o1 damage inflicted over $d.					
68608	all		Uncloak			You feel at peace with the world.					
68610	all		[DND] Summon Valentine Add								
68614	all		Concentrated Irresistible Cologne Spill		Inflicts $68934s1 Nature damage to an enemy every $t1 sec..	$68934s1 Nature damage every second.					
68616	all		Argent Raid - Spectator - Alliance Cheer								
68617	all		Argent Raid - Spectator - Horde Cheer								
68620	all		Resilience Will Fix It - achievement credit marker								
68621	all		Cleanse		Cleanses a friendly target, removing $s1 poison effect, $s2 disease effect, and $s3 magic effect.						
68622	all		Cleanse		Cleanses a friendly target, removing $s1 poison effect, $s2 disease effect, and $s3 magic effect.						
68623	all		Cleanse		Cleanses a friendly target, removing $s1 poison effect, $s2 disease effect, and $s3 magic effect.						
68624	all		Dispel Magic	Rank 2	Dispels magic on the target, removing $s1 harmful $lspell:spells; from a friend or $s1 beneficial $lspell:spells; from an enemy.						
68625	all		Dispel Magic	Rank 2	Dispels magic on the target, removing $s1 harmful $lspell:spells; from a friend or $s1 beneficial $lspell:spells; from an enemy.						
68626	all		Dispel Magic	Rank 2	Dispels magic on the target, removing $s1 harmful $lspell:spells; from a friend or $s1 beneficial $lspell:spells; from an enemy.						
68627	all		Cleanse Spirit		Cleanse the spirit of a friendly target, removing 1 poison effect, 1 disease effect, and 1 curse effect.						
68628	all		Cleanse Spirit		Cleanse the spirit of a friendly target, removing 1 poison effect, 1 disease effect, and 1 curse effect.						
68629	all		Cleanse Spirit		Cleanse the spirit of a friendly target, removing 1 poison effect, 1 disease effect, and 1 curse effect.						
68641	all		Alluring Perfume		Inflicts $s1 Nature damage every second.	$s1 damage inflicted every second.					
68642	all		Immune Shackle/Stun		Dispels all Shackle, Turn Undead and Stun effects.						
68644	all		[DND] Valentine Boss Validate Area								
68645	all		Rocket Pack		Propel yourself through the air toward a target destination.						
68646	all		Leeching Swarm		Releases a swarm of insects that attack the caster's enemies, leeching $s1% of each target's current health every $t1 sec. A minimum of 250 health will be leeched.	$s1% of your remaining health leeched every $t1 sec.					
68647	all		Leeching Swarm		Releases a swarm of insects that attack the caster's enemies, leeching $s1% of each target's current health every $t1 sec. A minimum of 250 health will be leeched.	$s1% of your remaining health leeched every $t1 sec.					
68652	all		Honorable Defender		Honor gained from kills increased by $s1%.	Honor gained from kills increased by $s1%.					
68657	all		zzOldLuis Test Catapult Self								
68662	all		Goblinated								
68663	all		Kill Credit								
68667	all		Surge of Adrenaline	Rank 3	A surge of adrenaline occurs as the effects of Massive Crash wear off, increasing movement speed by $s1% for $d.	Movement speed increased by $s1%.					
68678	all		Random Aggro								
68684	all		Goblin Escape Pods: Trade Prince & Company Quest Invisibility 01								
68685	all		Goblin Escape Pods: Quest Complete								
68686	all		Goblin Escape Pods: See Invisibility 01								
68692	all		General Trigger 1 from all player targets in 100 yards								
68704	all		Lingering Fumes		Tosses vials of perfume or cologne around the caster.  Caster cannot be controlled.	Tosses vials of perfume or cologne around the caster.  Caster cannot be controlled.					
68712	all		zzOldArmor Plating of Balance								
68716	all		Fel Inferno		Inflicts Fire damage.	Inflicts Fire damage.					
68717	all		Fel Inferno		Inflicts Fire damage.	Inflicts Fire damage.					
68718	all		Fel Inferno		Inflicts Fire damage.	Inflicts Fire damage.					
68719	all		Oil Refinery		Holding the Oil Refinery grants +15% Siege Damage.	Siege damage increased by 15%.					
68720	all		Quarry		Holding the Quarry grants +15% Siege Damage.	Siege damage increased by 15%.					
68721	all		Rocket Pack								
68722	all		Oil Refinery		Holding the Oil Refinery grants +15% Siege Damage.	Siege damage increased by 15%.					
68723	all		Quarry		Holding the Quarry grants +15% Siege Damage.	Siege damage increased by 15%.					
68727	all		Spinning Pain Spike		Leaps towards an enemy, grabbing them and inflicting significant Physical damage.	Targeted for a Spinning Pain Spike.					
68753	all		Death Grip		Harness the unholy energy that surrounds and binds all matter, drawing the target toward the death knight and forcing the enemy to attack the death knight for $49560d.						
68754	all		Death Grip		Harness the unholy energy that surrounds and binds all matter, drawing the target toward the death knight and forcing the enemy to attack the death knight for $49560d.						
68755	all		Death Grip		Harness the unholy energy that surrounds and binds all matter, drawing the target toward the death knight and forcing the enemy to attack the death knight for $49560d.						
68756	all		Hand of Freedom		Places a Hand on the friendly target, granting immunity to movement impairing effects for $d.  Players may only have one Hand on them per Paladin at any one time.	Immune to movement impairing effects.					
68757	all		Hand of Freedom		Places a Hand on the friendly target, granting immunity to movement impairing effects for $d.  Players may only have one Hand on them per Paladin at any one time.	Immune to movement impairing effects.					
68758	all		Hand of Freedom		Places a Hand on the friendly target, granting immunity to movement impairing effects for $d.  Players may only have one Hand on them per Paladin at any one time.	Immune to movement impairing effects.					
68759	all		Shadowstep		Attempts to step through the shadows and reappear behind your enemy.						
68760	all		Shadowstep		Attempts to step through the shadows and reappear behind your enemy.						
68761	all		Shadowstep		Attempts to step through the shadows and reappear behind your enemy.						
68762	all		Charge	Rank 3	Charge an enemy and stun it for $65929d.						
68763	all		Charge	Rank 3	Charge an enemy and stun it for $65929d.						
68764	all		Charge	Rank 3	Charge an enemy and stun it for $65929d.						
68766	all		Desecration		Your Plague Strikes have a chance to cause the Grasp of the Dead effect for 7 yards around the target.  Targets in the area are slowed by $s1%.	Standing upon unholy ground. \nMovement speed is reduced by $s1%.					
68767	spellbook	778	Tuskarr Kite		Right Click to summon and dismiss your kite.						
68768	all		Little White Stallion		Summons and dismisses a rideable Little White Stallion.  This mount's speed changes depending on your Riding skill. This mount increases speed depending on your Riding Skill.	Increases speed depending on your Riding Skill.					
68769	all		Little Ivory Raptor		Summons and dismisses a rideable Little Ivory Raptor.  This mount's speed changes depending on your Riding skill. This mount increases speed depending on your Riding Skill.	Increases speed depending on your Riding Skill.					
68771	all		Thundering Stomp		Devastates all nearby enemies, incapacitating them briefly.	Stunned.					
68772	all		Pick-a-Forge								
68774	all		Forge Frozen Blade		Forging an icebound weapon, which will increase Frost damage by $s2%.	Frost damage increased by $s2%.					
68777	all		Pick-a-Forge								
68778	all		Chilling Wave		A cascade of frozen water splashes over enemies in a $a1 yd cone in front of the caster, dealing Frost damage.	Deals Frost damage every $t2 sec.					
68780	all		Frozen Visage		Forgemaster Putridus's frozen shell reduces damage taken and reflects damage back to all enemies.	Damage done reduced by $s3%.\nReflecting ${$abs($m2*$m3*0.01)}% of damage taken.					
68781	all		Frozen Visage		Deals Frost damage to enemies who attack the Forgemaster.						
68782	all		Mortal Strike	Rank 8	A vicious strike that deals weapon damage plus $s2 and wounds the target, reducing the effectiveness of any healing by $s1% for $d.	Healing effects reduced by $s1%.					
68783	all		Mortal Strike	Rank 8	A vicious strike that deals weapon damage plus $s2 and wounds the target, reducing the effectiveness of any healing by $s1% for $d.	Healing effects reduced by $s1%.					
68784	all		Mortal Strike	Rank 8	A vicious strike that deals weapon damage plus $s2 and wounds the target, reducing the effectiveness of any healing by $s1% for $d.	Healing effects reduced by $s1%.					
68785	all		Forge Frostborn Mace		Forging an icebound weapon to trump all others.	Frost damage increased by $s1%.					
68786	all		Permafrost		Deals $s1 Frost damage to all enemies nearby, increasing Frost damage taken by $s2%.	Frost damage taken increased by $s2%.					
68787	all		Summon Reclaimed Thunderstrike		Summons a new Reclaimed Thunderstrike.						
68788	all		Throw Saronite		Throws a massive hunk of Saronite.						
68789	all		Throw Saronite		Throws a massive hunk of Saronite, dealing $s3 damage and knocking back any nearby enemies.						
68792	all		Saronite Rock		Saronite rock graphic.	Carrying a Saronite Rock.					
68793	all		Magic's Bane		Slash in a circular arc, inflicting $s1 Physical damage to each target plus an additional amount equal to half the target's total mana. Cannot exceed 10,000 total damage.						
68794	all		Saronite Rock		Saronite rock graphic.	Carrying a Saronite Rock.					
68795	all		Saronite Rock		Saronite rock graphic.	Carrying a Saronite Rock.					
68797	all		Soulguard Channel								
68798	all		Concentrated Alluring Perfume Spill		Inflicts $68927s1 Nature damage to an enemy every $t1 sec..	$68927s1 Nature damage every second.					
68799	all		[DND] Valentine Boss 3 Throw Vial A								
68800	all		Deep Breath Timer								
68802	all		Sand Storm								
68807	all		Create Tuskarr Kite								
68808	all		Create Little Ivory Raptor Whistle								
68809	all		Create Little White Stallion Bridle								
68810	spellbook	778	Spectral Tiger Cub		Right Click to summon and dismiss your spectral tiger cub.						
68811	all		Create Spectral Tiger Cub								
68812	all		Throw		Throws your weapon, inflicting $s1% of its damage on the target.						
68814	all		Up, Up & Away!: Quest Abandon								
68820	all		Well of Souls		The Devourer of Souls leaps towards a target, slamming the ground creating a Well of Souls.	The Devourer of Souls leaps towards a target, slamming the ground creating a Well of Souls.					
68821	all		Chain Reaction		Inflicts $s1 Fire damage to nearby enemies.						
68825	all		Airship Cannon		Launches a ball of fire, dealing $67436s1 Fire damage and $67436s2 seige damage to all enemies within $67436a1 yards of the impact.						
68826	all		Glaive Throw		Fires a large glaive towards the target dealing $67448s1 damage and $67448s2 siege damage in a $67448a1 yard radius.						
68827	all		Glaive Throw		Fires a large glaive towards the target dealing $67448s1 damage and $67448s2 siege damage in a $67448a1 yard radius.						
68829	all		Blade Salvo		Fires a volley of smaller blades towards the target area. Each blade deals $67450s1 damage in a $67450a1 yard radius. Lasts $67195d.						
68831	all		Flame Turret		Douses enemies in flame, dealing $67446s1 Fire damage to targets in front of the siege engine within $67446a1 yards.						
68832	all		Napalm		Fires a ball of napalm, dealing $67444s1 Fire damage to all enemies within $67444a1 yards of the impact. In addition, targets will be covered in napalm, dealing $67444s2 Fire per second for $67444d.						
68833	all		Test Fire								
68834	all		Soulguard Channel Beam02								
68835	all		Unstable Searing Totem		Summons a Searing Totem with $s1 health at your feet for $d that repeatedly attacks 3 enemies within $68866r1 yards for $68866s1 Fire damage.						
68837	all		Soul Channeling Impact								
68839	all		Corrupt Soul		Attempts to corrupt a portion of the target's soul and separate it from the target's body.	Part of your soul is being corrupted!					
68841	all		[DND] Valentine Boss 3 Throw Vial B								
68842	all		Unstable Elemental Unleashed!								
68843	all		Unstable Fire Retribution		You've unleashed an unstable fire elemental.	You've unleashed an unstable fire elemental.					
68846	all		Draw Corrupted Soul		Separates the Corrupted Soul Fragment from the target's body.						
68847	all		Unstable Fire Nova		Inflicts Fire damage to everyone nearby.						
68848	all		Knockdown Stun								
68849	all		Bank Errand			Your Gruntling leaves for the bank soon.					
68850	all		Gruntling Postman			Your Gruntling leaves to visit a mailbox soon.					
68851	all		Gruntling Shop			Your Gruntling leaves to visit the store soon.					
68852	all		Tired			Wait until your Gruntling is rested again before sending him on another errand.					
68853	all		Well of Souls								
68854	all		Well of Souls								
68855	all		Well of Souls Soul Visual								
68856	all		Summon Mini Elemental - Fire								
68857	all		Well of Souls Periodic Visual Effect								
68858	all		Consume Soul		Consumes a Corrupted Soul Fragment, healing the caster for $s1.						
68859	all		Well of Souls Periodic Visual Effect								
68860	all		Well of Souls Periodic Visual Effect								
68861	all		Consume Soul								
68862	all		Purple Banish Visual								
68863	all		Well of Souls		Inflicts $s1 Shadow damage.	Inflicts $s1 Shadow damage.					
68866	all		Attack		Sears the target with $s1 Fire damage.						
68867	all		Tail Sweep		Inflicts $s1 damage on enemies in a cone behind the caster, knocking them back.						
68868	all		Cleave		Inflicts normal damage to an enemy and its nearest allies, affecting up to $x1 targets.						
68870	all		Soulstorm								
68871	all		Wailing Souls		Lets loose Wailing Souls, inflicting $68873s1 Shadow damage to anyone infront of her and knocking them back.	Lets loose Wailing Souls, inflicting $68873s1 Shadow damage to anyone infront of her and knocking them back.					
68872	all		Soulstorm		A swirling vortex of souls surrounds the caster, inflicting Shadow damage every second to targets over 10 yards away.	Surrounded by a swirling soul vortex that inflicts Shadow damage every second to targets over 10 yards away.					
68873	all		Wailing Souls		Lets loose Wailing Souls, inflicting $68873s1 Shadow damage to anyone infront of her.	Inflicts $s1 Shadow damage.					
68874	all		Unstable Healing Stream Totem		Summons a Healing Stream Totem with $s1 health at the feet of the caster for $d that heals group members within 20 yards every 2 seconds.						
68875	all		Wailing Souls								
68876	all		Wailing Souls		Lets loose Wailing Souls, inflicting $68873s1 Shadow damage to anyone infront of her and knocking them back.	Lets loose Wailing Souls, inflicting $68873s1 Shadow damage to anyone infront of her and knocking them back.					
68877	all		Summon Mini Elemental - Air								
68878	all		Summon Mini Elemental - Water								
68879	all		Unstable Water Retribution		You've unleashed an unstable water elemental.	You've unleashed an unstable water elemental.					
68880	all		Unstable Elemental Unleashed!								
68881	all		Unstable Water Nova		Poisons the enemy, reducing all healing effects used on then by $s1% for $d.	Healing effects reduved by $s1%.					
68882	all		Healing Stream	Rank 9	Heals $68883s1 every $t1 seconds.	Heals $68883s1 every $t1 seconds.					
68883	all		Healing Stream Totem		Restores $s1 health to nearby allies.						
68884	all		Silence Fool		Pummels an enemy for $s1 damage and interrupts the spell being cast for $d.						
68885	all		Pity the Fool		Reduces the melee attack power of nearby enemies for $d.	Pitied as a fool. Melee attack power reduced.					
68886	all		Soulstorm								
68887	all		Summon Night Elf Mohawk		Summons a Night Elf Mohawk to your side.						
68891	all		Unstable Stoneskin Totem								
68892	all		Maximum Mohawk		Only one Night Elf Mohawk may assist a group at a time.	Only one Night Elf Mohawk may assist a group at a time.					
68893	all		Stoneskin	Rank 10		Reuces damage taken by $s1%.					
68894	all		Summon Mini Elemental - Earth								
68895	all		Spite		Deals $s1 Shadow damage to enemies within $a yards.						
68896	all		Soulstorm								
68897	all		Soulstorm								
68898	all		Soulstorm								
68899	all		Wailing Souls		Lets loose Wailing Souls, inflicting $68873s1 Shadow damage to anyone infront of her and knocking them back.	Lets loose Wailing Souls, inflicting $68873s1 Shadow damage to anyone infront of her and knocking them back.					
68900	all		Unstable Earth Retribution		You've unleashed an unstable earth elemental.	You've unleashed an unstable earth elemental.					
68901	all		Unstable Elemental Unleashed!								
68902	all		Unstable Earth Nova		Increases the time between an enemy's attacks by $s2% and its movement by $s1%. Lasts $d.	Increases the time between an enemy's attacks by $s2% and its movement by $s1%. Lasts $d.					
68904	all		Soulstorm								
68905	all		Soulstorm								
68906	all		Soulstorm								
68907	all		Soulstorm								
68909	all		Submerge Visual								
68910	all		Unstable Wrath of Air Totem								
68912	all		Wailing Souls		Lets loose Wailing Souls, inflicting $68873s1 Shadow damage to anyone infront of her and knocking them back.	Targeted by Wailing Souls!					
68915	all		Unstable Air Retribution		You've unleashed an unstable air elemental.	You've unleashed an unstable air elemental.					
68919	all		Unstable Elemental Unleashed!								
68921	all		Soulstorm		Inflicts Shadow damage and reduces movement speed for $d.	Movement speed reduced.					
68922	all		Unstable Air Nova								
68925	all		Soulstorm								
68926	all		Fireball		Inflicts $s1 Fire damage to all enemies in a selected area.						
68927	all		Concentrated Alluring Perfume Spill		Inflicts $s1 Nature damage to an enemy every $t1 sec..	$s1 Nature damage every second.					
68928	all		Cluster Cluck: Quest Accept								
68929	all		Druid Morph								
68931	all		Druid Morph Periodic Trigger								
68933	all		Wrath of Air Totem			Increases spell haste by $s1%.					
68934	all		Concentrated Irresistible Cologne Spill		Inflicts $s1 Nature damage to an enemy every $t1 sec..	$s1 Nature damage every second.					
68939	all		Unleashed Souls		The Devourer of Souls is releasing tormented souls periodically.	Releasing Tormented Souls periodically.					
68941	all		Lost Isles: Stealth Test - Goggles								
68942	all		Lost Isles: Stealth Test - Assassin Aura								
68946	all		Irresistible Cologne		Inflicts $68947s1 Nature damage to nearby enemies every second.	$68947s1 damage inflicted to nearby enemies every second.					
68947	all		Irresistible Cologne		Inflicts $s1 Nature damage every second.	$s1 damage inflicted every second.					
68948	all		Irresistible Cologne Spray		$s2 Nature damage inflicted every $t2 sec to enemies in a cone in front of the caster.	$o1 damage inflicted over $d.					
68950	all		Fear		Fears an enemy for $d.	Fleeing in terror.					
68951	all		zzOld Dan's Altered Form On								
68952	all		zzOld Dan's Altered Form Off								
68957	all		Unstable Reaction		Inflicts $s3 Nature damage to nearby enemies, but kills the caster.						
68958	all		Blast Nova		Inflicts $s1 Fire damage to enemies within $a1 yards.						
68959	all		Ignite Weapon		Melee attacks cause an additional $68960s1 Fire damage to all enemies within $68960a1 yards of the target.	Melee attacks cause an additional $68960s1 Fire damage to all enemies within $68960a1 yards of the target.					
68960	all		Ignite Weapon		Melee attacks cause an additional $s1 Fire damage to all enemies within $a1 yards of the target.						
68963	all		Ignite Weapon		Melee attacks cause an additional $s1 Fire damage to all enemies within $a1 yards of the target.						
68964	all		Ignite Weapon		Melee attacks cause an additional $68963s1 Fire damage to all enemies within $68963a1 yards of the target.	Melee attacks cause an additional $68963s1 Fire damage to all enemies within $68963a1 yards of the target.					
68965	all		[DND] Lingering Fumes Targetting (starter)								
68966	all		[DND] Valentine Boss Trigger Vial Bunny								
68967	all		Unleashed Souls								
68968	all		Summon Lair Guard								
68969	all		Fire Nova		Inflicts Fire damage to nearby enemies.						
68970	all		Flame Breath		Inflicts $s1 Fire damage to enemies in a cone in front of the caster.						
68971	all		Argent Tournament Alliance Event Counter								
68972	all		Town-In-A-Box: Under Attack: Quest Accept								
68977	all		Druid Morph Periodic Trigger								
68979	all		Unleashed Souls								
68980	all		Harvest Soul		Attempts to harvest the target's soul, dealing $s1 Shadow damage per second for $d. If the target is still alive after the channel is completed, the target's soul will be transfered into Frostmourne to be devoured.	Deals $s1 Shadow damage per second.					
68981	all		Remorseless Winter		Creates a massive winter storm, dealing $68983s1 Frost damage per second to all surrounding enemies within $68983a1 yards.	Deals $68983s1 Frost damage per second to all surrounding enemies.					
68982	all		Phantom Blast		Inflicts $s1 Shadow damage.						
68983	all		Remorseless Winter		Creates a massive winter storm, dealing $s1 Frost damage per second to all surrounding enemies within $a1 yards.						
68984	all		Harvest Soul								
68985	all		Harvest Soul								
68986	all		Harvest Soul								
68987	all		Pursuit		The super zombie fixates on a random target.	Something is chasing you.					
68988	all		Teleport		Teleports the caster to a Soul Tower.						
68989	all		Poison Nova		Gushes a massive volley of poison, harming all nearby enemies. Lasts $d.	Dealing Nature damage every $t2 sec.					
68991	all		Dummy Nuke								
68993	all		Unstable Lightwell	Rank 6	Creates an Unstable Lightwell that heals nearby friendly units for $d or until it is destroyed.						
68997	all		Unleashed Light		Calls upon Holy magic to heal a nearby friendly unit.						
68999	all		Unleashed Light		Heals an ally for $s1.						
69000	all		Argent Tournament Horde Event Counter								
69001	all		Transform: Worgen								
69002	spellbook	778	Onyxian Whelpling		Right Click to summon and dismiss your whelpling.						
69003	all		[DND] Argent Tournament - Event Controller - Alliance								
69004	all		Onyxian Whelpling								
69005	all		Onyxian Whelpling								
69006	all		Onyxian Whelpling								
69007	all		[DND] Argent Tournament - Event Controller - Horde								
69008	all		Soulstorm								
69012	all		Explosive Barrage		Launches explosive missiles at every nearby target.	Summoning explosive mines near all nearby enemies.					
69014	all		Explosive Barrage								
69015	all		Explosive Barrage		Launches explosive arcane mines at every nearby target.						
69016	all		Corpse Teleport								
69017	all		Exploding Orb		You're an exploding orb.	About to explode...					
69019	all		Explosive Barrage		Launches a barrage of explosive orbs at all enemies. Explosive orbs deal $s1 Arcane damage when they detonate.						
69020	all		Auto Grow + Speed Boost								
69021	all		Mighty Kick		Inflicts $s1% Weapon Damage to an enemy, knocking it back.						
69023	all		Mirrored Soul		The Overseer of Souls mirrors your soul, causing you to take 45% percentage of the damage he takes.	The Overseer of Souls mirrors your soul, causing you to take 45% percentage of the damage he takes.					
69024	all		Toxic Waste		Deals Nature damage to all enemies within the acid. Lasts $d.	Deals Nature damage every $t1 sec.					
69028	all		Shadow Bolt		Hurls a bolt of dark magic at an enemy, inflicting Shadow damage.						
69029	all		Pursuit Confusion		Confused by the change in orders, the zombie moves more slowly.	Movement speed reduced by $s1%.\nDamage increased by $s2%.\nCannot be taunted.					
69030	all		Val'kyr Target Search								
69034	all		Mirrored Soul		A percentage of damage dealt to the Overseer of Souls is reflected back to the target of Mirrored Soul.	A percentage of damage dealt to the Overseer of Souls is reflected back to the target of Mirrored Soul.					
69037	all		Summon Val'kyr		Summons a Val'kyr Shadowguard.						
69038	all		[DND] Valentine Boss Trigger Vial Bunny B								
69039	all		[DND] Holiday - Valentine Boss - Bunny Lockdown								
69047	all		Consume Soul		Consumes a Corrupted Soul Fragment, healing the caster for $s1.						
69048	all		Mirrored Soul								
69049	all		Soulstorm		Inflicts Shadow damage and reduces movement speed for $d.	Movement speed reduced.					
69050	all		Magic's Bane		Slash in a circular arc, inflicting $s1 Physical damage to each target plus an additional amount equal to half the target's total mana. Cannot exceed 15,000 total damage.						
69051	all		Mirrored Soul		The Devourer of Souls mirrors the targets soul! A percentage of damage from the Devourer of Souls is being mirrored with target.	A percentage of damage from the Devourer of Souls is being mirrored with you.					
69052	all		Unholy Frenzy		Attack speed increased by $s1%. Damage done increased by $s2%.	Attack speed increased by $s1%. Damage done increased by $s2%.					
69053	all		Unholy Rage		Attacks have a chance to apply Unholy Frenzy.	Attacks have a chance to apply Unholy Frenzy.					
69055	all		Bone Slice		Splits $s1% of normal melee damage to an enemy and its two nearest allies.						
69056	all		Shroud of Runes		Protects the caster in a shroud of runes, reflecting harmful spells. Lasts $d.	Magical spells will be reflected.\n$n charges.					
69057	all		Bone Spike Graveyard		Hurls a massive bone spike which impales any enemies in the way.	Conjuring bone spikes.					
