spell_id	priority	skill_line_ids	name_en	rank_en	description_en	tooltip_en	name_zh	rank_zh	description_zh	tooltip_zh	notes
50155	all		Tail Sweep		Inflicts $s1 damage on enemies in a cone behind the caster, knocking them back.						
50156	all		Wrath of the Lich King		Extinguishes the life of one who has exercised poor judgment.						
50157	all		Instakill Other								
50158	all		Wyrmrest Temple - Protector Transform (Red)								
50159	all		Wyrmrest Temple - Protector Transform (Green)								
50160	all		Wyrmrest Temple - Protector Transform (Bronze)								
50161	all		Protection Sphere		Provides the caster with a sphere of protection that makes them immune to all harm while it is maintained.	Immune to all harm.					
50162	all		Fuel Tank Aggro								
50163	all		Butchery		Whenever you kill an enemy that grants experience or honor, you generate runic power.  In addition, you generate extra runic power per sec.						
50165	all		Awakening Rod		Allows the user to preemptively disrupt the awakening ritual, killing the closest dormant Vrykul. The range of the rod is $r yards.	Being awoken prematurely to dire effect.					
50166	all		Worg's Blood		Increases all Stats by $s1 for $d.  Battle Elixir.	All Stats increased by $s1.  Battle Elixir.					
50167	all		The Cleansing: Summon Your Inner Turmoil								
50169	all		Flipper Thwack		A strong attack that increases melee damage by $s1.						
50170	all		Improved Moonkin Form	Rank 1							
50171	all		Improved Moonkin Form	Rank 2							
50172	all		Improved Moonkin Form	Rank 3							
50173	all		PattymacDestructibleDoDamage								
50174	all		PattymacDestructibleHeal								
50175	all		Update Interaction Event								
50176	all		PattymacDestructibleIntact								
50177	all		PattymacDestructibleDamaged								
50178	all		PattymacDestructibleDestroyed								
50179	all		PattymacDestructibleRebuilding								
50180	all		Summon Pink Elekk Guardian			The Pink Elekks are on parade!					
50181	all		Vendetta		Whenever you kill a target, you are healed for a percentage of your total health.						
50182	all		Aura of Arcane Haste		Increases the casting speed of caster by $s1% and spell damage by $s2 for $d.	Cast speed increased by $s1%.\nSpell damage increased by $s2.					
50183	all		Scorch		Scorches an enemy for Fire damage.						
50184	all		Special Effect - Chest		Applies a test spell effect to the chest of the target.						
50185	all		Special Effect - Base		Applies a test spell effect to the base of the target.						
50186	all		Parading Pink Elekk Life Aura								
50187	spellbook	771	Guile of Gorefiend	Rank 1	Increases the critical strike damage bonus of your Blood Strike, Frost Strike, Howling Blast and Obliterate abilities by $s1%, and increases the duration of your Icebound Fortitude by $/1000;s2 secs.						
50188	all		Wildly Flailing		Flailing Madly. Chance to hit reduced by $s2%.	Flailing Madly.\nChance to hit reduced by $s2%.					
50189	all		Wildly Flailing		Inflicts $s1% of normal weapon damage.	Inflicts $s1% of normal weapon damage.					
50190	spellbook	771	Guile of Gorefiend	Rank 2	Increases the critical strike damage bonus of your Blood Strike, Frost Strike, Howling Blast and Obliterate abilities by $s1%, and increases the duration of your Icebound Fortitude by $/1000;s2 secs.						
50191	spellbook	771	Guile of Gorefiend	Rank 3	Increases the critical strike damage bonus of your Blood Strike, Frost Strike, Howling Blast and Obliterate abilities by $s1%, and increases the duration of your Icebound Fortitude by $/1000;s2 secs.						
50194	spellbook	197	Mycah's Botanical Bag								
50195	all		Levitate		Allows the caster to levitate, floating a few feet above the ground.  While levitating, you will fall at a reduced speed and travel over water-like surfaces.	Levitating.					
50196	all		Rotting Touch		Rots an enemy on contact, inflicting $s1 damage per $t1 sec. for $d.	You're rotting! Taking $s1 damage every $t sec.					
50197	all		Rotting Touch								
50198	all		Magic Burn		Burns an enemy, inflicting $s1 Arcane damage on impact and $s2 Arcane damage every $t2 sec. for $d.	$s2 Arcane damage inflicted every $t2 sec.					
50200	all		Cosmetic - Right Hand Sparkle								
50201	all		Spotlight (Small)								
50203	all		Mist of the Kvaldir			Engulfed by the mist.					
50204	all		Steel Jaw		Increases armor by $s1% for $d.	Increases armor by $s1 for $d.					
50205	all		Boil Blood		Increases target's damage taken by $s1 and damage dealt by $s2..	Increases damage taken by $s1%.\nIncreases damage dealt by $s2%.					
50206	all		Scalding Steam		Deals $s1 Fire damage and causes your target's flesh to burn, inflicting $s2 Fire damage every $t2 sec for $d.	Deals $s2 Fire damage every $t2 sec.					
50207	all		Boiling Blood		Inflicts $s3 Fire damage.\nIncreases target's damage taken by $s1% and damage dealt by $s2%.	Increases damage taken by $s1%.\nIncreases damage dealt by $s2%.					
50209	all		Create Path of Illidan								
50210	all		Create Disco Ball								
50211	all		Create Ethereal Summoner								
50212	spellbook	134	Tiger's Fury	Rank 5	Increases damage done by $s1 for $d.	Increases damage done by $s1.					
50213	spellbook	134	Tiger's Fury	Rank 6	Increases damage done by $s1 for $d.	Increases damage done by $s1.					
50215	all		Zephyr		You have been enveloped by a zephyr released from the Tempest.\nMovement speed increased by $50216s1%.	You have been enveloped by a zephyr released from the Tempest.\nMovement speed increased by $50216s1%.					
50216	all		Zephyr		You have been enveloped by a zephyr released from the Tempest.\nMovement speed increased by $s1% for $d.	Movement speed increased by $s1%.					
50217	all		The Cleansing: Script Effect Player Cast Mirror Image								
50218	all		The Cleansing: Your Inner Turmoil's Mirror Image Aura								
50219	all		The Cleansing: Your Inner Turmoil's Whisper to Controller - Spawn 01								
50220	all		Alex Screen Test								
50221	all		The Cleansing: Your Inner Turmoil's Whisper to Controller - Spawn 02								
50222	all		The Cleansing: Your Inner Turmoil's Whisper to Controller - On Health 50%								
50223	all		The Cleansing: Your Inner Turmoil's Whisper to Controller - On Death								
50224	all		Zombie-Vision!								
50225	all		Dragonblight Invisiblity			You feel at peace with the world.					
50226	all		Dragonblight Invisiblity			You feel at peace with the world.					
50227	all		Sword and Board		When your Devastate or Revenge ability deals damage they have a chance of refreshing the cooldown of your Shield Slam ability and reducing its cost by $50227s1% for $50227d.	Shield Slam rage cost reduced by $s1%.					
50228	all		Whirlwind		Deals $50229s1 damage per sec. to surrounding enemies but slows movement speed by $50228s2%.	Deals $50229s1 damage per sec to surrounding enemies.\nMovement speed slowed by $s2%.					
50229	all		Whirlwind		Deals $50229s1 damage every $50228t1 sec to surrounding enemies but slows movement speed by $50228s2%.						
50230	all		Random Aggro (Taunt)								
50231	all		Random Aggro (Taunt)								
50232	all		Searing Wrath		Breathes a stream of fire at an enemy dragon, dealing $s1 Fire damage and then jumping to additional dragons within 30 yards.  Each jump increases the damage by 50%  Affects up to $x1 total targets.						
50234	all		Crush		Deals $s1% melee damage to your target, knocking them down for $d.	Stunned.					
50236	all		Spotlight (Scaled to Creature)								
50237	all		Slow Fall			Now that your inner turmoil has been dealt with, your soul is lightened.					
50238	all		The Cleansing: Your Inner Turmoil's On Death Cast on Master								
50239	all		Frost Draw								
50240	all		Evasive Maneuvers		Allows your drake to dodge all incoming attacks and spells.  Requires Evasive Charges to use.  Each attack or spell dodged while this ability is active burns one Evasive Charge.  Lasts $d or until all charges are exhausted.	Dodging all incoming attacks and spells.					
50241	all		Evasive Charges		Evasive charges are generated when the Ruby drake is hit by a hostile attack or spell.	$s1 charges stored for Evasive Maneuvers.					
50242	all		1000001		You can speak gnomish binary!	You can speak gnomish binary!					
50243	all		Teach Language								
50244	all		Slipped Away								
50245	spellbook	214	Pin	Rank 1	Pins the target in place, and squeezes for $o2 damage over $d.	Pinned in place.					
50246	all		01001000		You can speak goblin binary!	You can speak goblin binary!					
50247	all		Path of Illidan		Leaves flickering fel fire in your wake for $d.	You leave flickering fel fire in your wake.					
50248	all		Evasive Aura		Allows the Ruby Drake to generate Evasive Charges when hit by hostile attacks and spells.	Allows the Ruby Drake to generate Evasive Charges when hit by hostile attacks and spells.					
50249	all		Path of Illidan Flames								
50250	all		Blood Draw								
50251	all		Blood Draw		Draws blood into the blood gem. May only be used on a Deranged Indu'le Villager when its health is below 35%.	Filling blood gem.					
50252	all		Blood Draw								
50253	all		Martyr		Redirect all harmful spells cast at friendly drakes to yourself for $d.	Harmful spells are being redirected.					
50254	all		Unholy Union								
50255	all		Poisoned Spear		Deals $50255s1 Physical damage and an additional $50258s1 Nature damage every $50258t1 sec. for $50258d.						
50256	all		Swipe	Rank 1	Swipe nearby enemies, inflicting $s1 damage.						
50257	all		Scalding Blast		Blasts the target with scalding water, inflicting $s1 Fire damage.						
50258	all		Poisoned Spear		Deals $50255s1 Physical damage and an additional $50258s1 Nature damage every $50258t1 sec. for $50258d.	Deals $s1 Nature damage every $t1 sec.					
50259	all		Dazed		Causes you to leap behind an enemy, dazing them for $50259d.	Dazed.					
50261	all		Nimble Fingers		Increases your haste rating by $s1 for $d1.	Increases haste rating by $s1.					
50262	all		Rushed Assault	Rank 1	Increases the caster's movement speed by $s1% for $d and causes it to inflict an additional $s2 damage on its first three attacks.	Movement speed increased by $s1%.\nInflicts an additional $s2 damage on first three attacks.					
50263	all		Quickness of the Sailor		Increases your haste rating by $s1 for $d1.	Increases haste rating by $s1.					
50264	all		Fiery Weapon Proc								
50265	all		Heated Weapon		Inflicts Fire damage upon an enemy.						
50267	all		Demoralizing Mmmrrrggglll		Reduces the melee attack power of nearby enemies by $s1 for $d.\nMagical damage dealt is reduced by $s2 for $d.	Melee attack power reduced by $s1.\nMagical damage dealt reduced by $s2.					
50269	all		Dump Oil		Increases your target's chance to miss by $s1% and slows movement speed by $s2%.	Chance to hit decreased by $s1%.\nMovement speed decreased by $s2%.					
50270	all		Test Add Sockets Enchant								
50271	all		Tendon Rip	Rank 1	Tears at an enemy's legs for $s2 damage and reduces movement speed by $s1% for $d.	Movement speed reduced by $s1%.					
50272	all		Unstable Magic		Increases all spell damage done by nearby enemies by up to $s1.\nIncreases all spell damage taken by an enemy by up to $s2.  Lasts $d.	Spell damage done increased by $s1.\nSpell damage taken increased by $s2.					
50273	all		Arcane Barrage		Launches several missiles at the enemy target, inflicting Arcane damage.						
50274	all		Spore Cloud	Rank 1	Dusts nearby enemies with spores causing $s1 Nature damage every $t1 sec for $d and reducing armor by $s2%.	Nature damage inflicted every $t1 sec.\nArmor reduced by $s2%.					
50275	all		Stabilized Magic		Increases all spell damage done by nearby enemies by up to $s1.	Spell damage done increased by $s1.					
50276	all		Chuck Mug		Inflicts Physical damage to an enemy.						
50277	all		Instakill Self								
50278	all		Barreled Control Aura								
50279	all		Copy of Elemental Shield		Transformed by Nefarian's experiments, the caster has become significantly resistant to all magic, but is vulnerable to fire attacks.	Damage taken from Fire increased.\nDamage taken from all other magic decreased.					
50280	all		Oily Coat		A slick coat of oil covers the creature, increasing the chance that attacks and spells will miss by $s1%.	Decreases chance to be hit by $s1%.					
50281	all		Black Warp Stalker		Summons and dismisses a rideable Warp Stalker.   This mount increases speed depending on your Riding Skill.	Increases speed depending on your Riding Skill.					
50282	all		Throw Relic		Throw relic to a friendly player.   If they have free room in their pack they will catch it!						
50283	all		Blinding Swarm		A swarm of insects that inflicts $s1 Nature damage to targets standing in the swarm.\nChance to hit reduced by $m2% while standing in the swarm.	A swarm of insects that inflicts $s1 Nature damage to targets standing in the swarm.\nChance to hit reduced by $m2% while standing in the swarm.					
50284	all		Blinding Swarm		A swarm of insects that inflicts $50283s1 Nature damage to targets standing in the swarm.\nChance to hit reduced by $50283m2% while standing in the swarm.	Inflicts $50283s1 Nature damage in a frontal cone.\nChance to hit reduced by $50283m2%.					
50285	all		Dust Cloud		Your tallstrider kicks up an obscuring cloud of dust, causing all enemies within 10 yards to miss their next attack.  Lasts for $54404d.						
50286	all		Starfall	Rank 1	You summon a flurry of stars from the sky on all targets within $50286a yards of the caster, each dealing $50288s1 Arcane damage. Also causes $50294s1 Arcane damage to all other enemies within $50294a1 yards of the enemy target. Maximum 20 stars. Lasts $48505d.	You summon a flurry of stars from the sky on all targets within 30 yards of the caster, each dealing $50288s1 Arcane damage. Also causes $50294s1 Arcane damage to all other enemies within $50294a1 yards of the enemy target. Maximum 20 stars. Lasts $48505d.					
50287	all		Azure Dragon: On Death Force Cast Wyrmrest Defender to Whisper to Controller - Random								
50288	all		Starfall	Rank 1	You summon a flurry of stars from the sky on all targets within 30 yards of the caster, each dealing $50288s1 Arcane damage. Also causes $50294s1 Arcane damage to all other enemies within $50294a1 yards of the enemy target. Maximum 20 stars. Lasts $48505d.	You summon a flurry of stars from the sky on all targets within 30 yards of the caster, each dealing $50288s1 Arcane damage. Also causes $50294s1 Arcane damage to all other enemies within $50294a1 yards of the enemy target. Maximum 20 stars. Lasts $48505d.					
50289	all		Argent Crusade, We Are Leaving!: Argent Soldier Quest Credit								
50290	all		Fire Upon the Waters: Sail Burning Kill Credit								
50291	all		Starfall Visual								
50292	all		Imperial Eagle Flight Target								
50293	all		Corrosive Poison		Reduces an enemy's armor by $s2 and inflicts $s1 Nature damage every $t1 sec. for $d.	$s1 Nature damage inflicted every $t1 sec.\nArmor reduced by $s2.					
50294	all		Starfall	Rank 1	You summon a flurry of stars from the sky on all targets within 30 yards of the caster, each dealing $50288s1 Arcane damage. Also causes $50294s1 Arcane damage to all other enemies within $50294a1 yards of the enemy target. Maximum 20 stars. Lasts $48505d.	You summon a flurry of stars from the sky on all targets within 30 yards of the caster, each dealing $50288s1 Arcane damage. Also causes $50294s1 Arcane damage to all other enemies within $50294a1 yards of the enemy target. Maximum 20 stars. Lasts $48505d.					
50295	all		Sticky Web		Movement speed reduced to $s1% of normal.	Movement speed reduced to $s1% of normal.\nStacks 5 times.					
50296	all		Flight			Flying.					
50297	all		DEPRECATED PET SCALING		If you see this, report this!						
50298	all		Boulder Miss		Hurls a boulder at an enemy, inflicting Physical damage.						
50299	all		Grand Master First Aid								
50300	spellbook	182	Herb Gathering	Grand Master	How to find and gather Northrend herbs.   Gives a potential herbalism skill of 450.						
50301	all		Grand Master Herbalist								
50302	all		Shard Spray		Flings crystalline shards at enemies in a cone in front of the caster, dealing Arcane damage.						
50303	all		Swine Flu		Infected by the Swine Flu.  Attacking has a chance to trigger an outbreak.	Infected by the Swine Flu.  Attacking has a chance to trigger an outbreak.					
50304	all		Outbreak		The fever has come over you.\n$s1 Nature damage inflicted every $t1 sec.\nMovement speed reduced to $s2% of normal.	The fever has come over you.\n$s1 Nature damage inflicted every $t1 sec.\nMovement speed reduced to $s2% of normal.					
50305	spellbook	393	Skinning	Grand Master	Master skill in skinning the hides from beasts for use in Leatherworking.  Gives a potential skinning skill of 450.  Requires a Skinning Knife.						
50306	all		Thrash Kick		A flurry of kicks that inflict Physical damage each kick.	Inflicts Physical damage.					
50307	all		Grand Master Skinner								
50309	all		Grand Master Miner								
50310	spellbook	186	Mining	Grand Master	You are a Grand Master Miner.  Gives a potential mining skill of 450.						
50311	all		Thrash Kick								
50312	all		Unholy Frenzy		Imbues a minion with an unholy frenzy.	Frenzied!					
50313	all		Mole Machine Emerge								
50314	all		Disco Ball								
50315	all		Disco Ball								
50317	all		Summon Disco Ball		Right Click to start the dance party.						
50318	spellbook	775	Serenity Dust	Rank 1	The moth's wings produce a cloud of dust that increases its attack power by $s2 and heals it for $o1 over $d.	Attack power increased by $s2.\nHealing $s1 damage every $t1 seconds.					
50319	all		Soul Flay								
50320	all		Flying Disc Demo								
50322	spellbook	134	Survival Instincts		When activated, this ability temporarily grants you $s1% of your current maximum health for $d.  Only useable while in Bear Form, Cat Form, or Dire Bear Form.  After the effect expires, the health is lost.	Health increased.					
50323	all		Sharpened Bone		A piercing bone that inflicts $s1 Physical damage.	A piercing bone that inflicts $s1 Physical damage.					
50324	all		Bone Armor		Encases the caster in bone armor, absorbing $s1 damage for $d.	Damage is absorbed by bone armor.					
50325	all		Soar								
50326	all		Recently Dropped Flag		Unable to pick up dropped flags.	Unable to pick up dropped flags.					
50327	all		Recently Dropped Flag		Unable to pick up dropped flags.	Unable to pick up dropped flags.					
50328	all		Leeching Poison		Poisons an enemy dragon, leeching $s1 health to the caster every $t1 sec. for $d.  Stacks up to 3 times.	$s1 health leeched every $t1 sec.					
50329	all		Shield of Suffering		Surrounds the caster with a shield which can absorb up to $s2 damage.\nThe shield deals $s2 damage when it is broken.	Surrounds the caster with a shield which can absorb up to $s2 damage.\nThe shield deals $s2 damage when it is broken.					
50330	all		Suffering		Inflicts $s1 Shadow damage to nearby enemies.	Inflicts $s1 Shadow damage to nearby enemies.					
50331	all		Vrykul Harpoon Control		Allows control of a Vrykul Harpoon Gun at Nifflevar.	Controlling a Vrykul Harpoon Gun.					
50332	all		Fool's Bane		Bane grows angry, increasing Physical damage done by $s1 and reduces damage taken by $s2% for $d.	Bane grows angry, increasing Physical damage done by $s1 and reduces damage taken by $s2% for $d.					
50334	spellbook	134	Berserk		When activated, this ability causes your Mangle (Bear) ability to hit up to $58923s1 targets and have no cooldown, and reduces the energy cost of all your Cat Form abilities by $s1%.  Lasts $d.  You cannot use Tiger's Fury while Berserk is active. \n\nClears the effect of Fear and makes you immune to Fear for the duration.	Immune to Fear effects.					
50335	all		Scourge Hook		Inflicts $s1 Physical damage and pulls the target to the caster.						
50336	all		Fast Cast								
50337	all		Dragonflayer Harpoon		Hurls a fiery ball of death at Dragonflayer Defenders. Just aim and shoot!						
50338	all		Dragonflayer Harpoon		Shoots a volley of rockets at the target and anyone within range of the target.						
50339	all		Dragonflayer Harpoon		Shoots a volley of rockets at the target and anyone within range of the target.						
50341	all		Touch the Nightmare		Consumes 30% of the caster's max health to inflict $s1 Nature damage to an enemy dragon and reduce the damage it deals by $s2% for $d.	All damage done is reduced by $s2%.					
50342	all		Combine Golem Schematics		Combine the Golem Blueprint Sections 1, 2, and 3 into the War Golem Blueprint.						
50343	all		Wyrmrest Commander		Allows caster to ride a Wyrmrest Vanquisher.	Controlling a Wyrmrest Vanquisher!					
50344	all		Dream Funnel		Transfers 5% of the caster's max health to a friendly drake every second for $d as long as the caster channels.	Transferring Life.					
50345	all		Flight			Flying.					
50346	all		Boar Charge		Increases the Physical damage dealt by the caster by $s2 and its movement speed by $s1% for $d.	Physical damage dealt is increased by $s2.\nMovement speed increased by $s1%.					
50347	all		Rush		Increases the damage of the next melee attack by the caster by $s2%	Increases the damage of the next melee attack by $s2%.					
50348	all		Flame Fury		Inflicts $s1 Fire damage to enemies in a cone in front of the caster every second.	On fire.					
50349	all		Icy Touch		Deals $s1 Frost damage and reduces the target's ranged, melee attack, and casting speed by $s2% for $d.	Attack speed reduced by $s2%.					
50350	all		Flame Fury								
50351	all		Flame Fury								
50353	all		Flame Fury								
50354	all		Flame Fury								
50355	all		Flame Fury								
50356	all		Inject Plague		Inflicts $s1 Shadow damage to an enemy every $t1 sec. for $d.	Inflicts $s1 Shadow damage to an enemy every $t1 sec.					
50357	all		Flame Fury								
50358	all		Test Skill Req Enchant								
50360	all		Pit Trap								
50361	all		Rot Armor		Reduces an enemy's armor by $s1% for $d.	Armor reduced by $s1%.					
50362	all		Acclimation		When you are hit by a spell, you have a chance to boost your resistance to that type of magic for $d.  Stacks up to 3 times.	Fire resistance increased.					
50363	all		Rock Shield			Damage taken reduced by $s1%.					
50364	all		Rock Shield			Damage taken reduced by $s1%.					
50365	spellbook	770	Improved Blood Presence	Rank 1	While in Frost Presence or Unholy Presence, you retain $s1% healing from Blood Presence, and healing done to you is increased by $s2% in Blood Presence.						
50366	all		Plague Cloud		A putrid cloud of plague surrounds the caster, dealing Shadow damage to nearby enemies.	Damaging Nearby enemies every $t1 sec.					
50367	all		Plague Cloud		A putrid cloud of disease surrounds the caster, dealing Shadow damage to nearby enemies.	Inflicts $s1 Shadow damage to an enemy every 3 sec.					
50368	all		Ethereal Liqueur Mutation			MUTATED!					
50369	all		Ethereal Liqueur		A sweet alcoholic concoction that may have odd effects on fleshy imbibers.\n\nConjured items disappear if logged out for more than 15 minutes.	Drunk.					
50370	all		Sunder Armor		Hacks at an enemy's armor, reducing it with each application of Sunder Armor. Can be applied up to 5 times. Lasts $d.	Reduced armor.					
50371	spellbook	770	Improved Blood Presence	Rank 2	While in Frost Presence or Unholy Presence, you retain $s1% healing from Blood Presence, and healing done to you is increased by $s2% in Blood Presence.						
50375	all		Steam Blast		Deals $s1 Fire damage to an enemy, knocking it back.						
50377	all		Dan's Test Bloody Explosion								
50378	all		Frostbolt		Inflicts Frost damage to an enemy and reduces its movement speed for $d.	Reduced movement speed.					
50379	all		Cripple		Increases the time between an enemies attacks by $s2% and slows its movement by $s1%, in addition to reducing its Strength by $s3%. Lasts $d.	Movement speed reduced by $s1%.\nTime between attacks increased by $s2%.\nStrength reduced by $s3%.					
50380	all		Bloodspore Haze		The Bloodspore fumes cause a state of euphoria that increases haste by $s2% for $d.\nInflicts $s1 Nature damage.\nStacks up to 5 times.	Increases attack and cast speed by $s2%.\nAfter 5 stacks you become afflicted by psychosis.					
50381	all		Cosmetic - Stun (no anim)								
50382	all		Awaken Ancients								
50383	all		Awaken Ancients								
50384	spellbook	771	Improved Frost Presence	Rank 1	While in Blood Presence or Unholy Presence, you retain $s1% stamina from Frost Presence, and damage done to you is decreased by an additional $s2% in Frost Presence.						
50385	spellbook	771	Improved Frost Presence	Rank 2	While in Blood Presence or Unholy Presence, you retain $s1% stamina from Frost Presence, and damage done to you is decreased by an additional $s2% in Frost Presence.						
50389	all		Flesh Construct Test								
50390	all		Flesh Construct Test								
50391	spellbook	772	Improved Unholy Presence	Rank 1	While in Blood Presence or Frost Presence, you retain $s1% increased movement speed from Unholy Presence, and your runes finish their cooldowns $s2% faster in Unholy Presence.						
50392	spellbook	772	Improved Unholy Presence	Rank 2	While in Blood Presence or Frost Presence, you retain $s1% increased movement speed from Unholy Presence, and your runes finish their cooldowns $s2% faster in Unholy Presence.						
50396	all		Psychosis		You have been afflicted by psychosis causing a state of confusion and inflicting $s1 Nature damage every $t1 sec. for $d.	Inflicts $s1 Nature damage every $t1 sec.\nConfused.					
50397	all		Lichborne		Draw upon unholy energy to become undead for $d.  While undead, you are immune to Charm, Fear and Sleep effects.						
50398	all		Riding Trainer Advertisement								
50399	all		Riding Trainer Advertisement Effect								
50400	all		Lou's Canoe Ride		Riding on Lou's canoe to Scalawag!	Riding on Lou's canoe to Scalawag!					
50401	all		Razor Frost		Your rune weapon causes $s1% extra weapon damage as Frost damage.						
50402	all		Roast		Burns an enemy, then inflicts additional Fire damage every $t1 sec. for $d.	Fire damage inflicted every $t1 sec.					
50403	all		Bone Toss		Throws a bone at an enemy, inflicting $s1 damage.						
50405	all		Forged Thunder		Inflicts $s1 Nature damage on an enemy.						
50406	all		Frozen Rune Weapon		Imbue your rune weapon to cause additional Frost damage, based on the speed of the weapon for the next 10 minutes.  Has a chance to cause your target to take an additional $51714s1% damage from Frost for $51714d. This effect stacks up to 10 times.						
50407	all		Engulfing Flame		Shoots a volley of rockets at the target and anyone within range of the target.						
50408	all		Engulfing Flame		Hurls a fiery ball at Scourge units in Galakrond's Rest.						
50409	all		Engulfing Flames		Hurls a fiery ball of death at Scourge units in Galakrond's Rest.						
50410	all		Tusk Strike		Inflicts normal damage plus $s2 to an enemy, knocking it back.						
50411	all		Dazed		Dazed.	Dazed.					
50412	all		Copy of Thorns	Rank 8	Thorns sprout from the friendly target causing $s1 Nature damage to attackers when hit.  Lasts $d.	Causes $s1 Nature damage to attackers.					
50413	all		Magnataur Charge		Increases the caster's movement speed by $s1% for $d. and causes it to inflict an additional $s2 damage on its first three attacks.	Movement speed increased by $s1%.\nAttacks Inflict an additional $s2 damage.					
50414	all		Curse of Blood		Increases the Physical damage taken by nearby enemies by $s1 for $d.	Physical damage taken is increased by $s1.					
50415	all		Death Spell		Calls down an Amber Drake that you can mount and ride into battle.						
50416	all		Frostbite Weapon		Enchants your weapon with Frostbite, causing $50484s1 Frost damage and slowing your target's movement speed by $50484s2% for $50484d whenever you deal melee damage. Lasts $d.	Melee attacks deal an additional $50484s1 Frost damage and slow the target's movement speed by $50484s2%.					
50419	all		Brambles			Attacks have a chance to daze the target for $50411d.					
50420	all		Enrage		Increases the caster's attack speed by $s2% and the Physical damage it deals by $s1% for $d.	Physical damage dealt is increased by $s1%.\nAttack speed increased by $s2%.					
50421	all		Scent of Blood		The next successful melee attack will generate 10 runic power.  This effect lasts $50421d.	Successful attacks generate runic power.					
50422	all		Scent of Blood		The next successful melee attack will generate 10 runic power.  This effect lasts $50421d.						
50424	all		Mark of Blood		Place a Mark of Blood on an enemy.  Whenever the marked enemy deals damage to a target, that target is healed for $49005s2% of its maximum health. Lasts for $49005d.						
50425	all		Diluted Ethereum Essence		Allows you to detect lesser invisibility for $d without causing brain damage... probably.\n\nConjured items disappear if logged out for more than 15 minutes.	Detect lesser invisibility.					
50426	all		Call Wyrmrest Vanquisher		Calls down a Wyrmrest Vanquisher that you can mount and ride into battle. Only usable in Wyrmrest Temple, The Dragon Wastes, Galakrond's Rest or the Wicked Coil.						
50427	all		Water Elemental Link		Combine 3 links to create a Tether to the Plane of Water.						
50428	all		Wyrmrest Vanquisher Dummy								
50429	all		Wyrmrest Vanquisher Dummy								
50430	all		Devour Ghoul		Devour a Wastes Scavenger whole! Your dragon must eat to restore lost mana and health.	Being devoured!					
50431	all		Devour Ghoul								
50432	all		Devour Ghoul								
50433	all		Bad Attitude	Rank 1	Snap back for $s1 damage at any target that strikes you for the next $d.	Snap back when struck.					
50434	all		Icy Clutch		Victims of your Frost Fever disease are Chilled, reducing movement speed by $s1% for $d.	Movement speed reduced by $s1%.					
50435	all		Icy Clutch		Victims of your Frost Fever disease are Chilled, reducing movement speed by $s1% for $d.	Movement speed reduced by $s1%.					
50436	all		Icy Clutch		Victims of your Frost Fever disease are Chilled, reducing movement speed by $s1% for $d.	Movement speed reduced by $s1%.					
50437	all		Devour Ghoul								
50438	all		Death	Part 2	Whenever you die, you return to keep fighting as a Ghoul for 45 sec.						
50439	all		Script Cast Summon Image of Drakuru 05								
50440	all		Envision Drakuru		Summons the essence of Drakuru for a short time.	Summons the essence of Drakuru for a short time.					
50441	all		Reagent Check (Survival Mojo)								
50442	all		Crystal Spike Pre-visual								
50443	all		Nourishment								
50444	spellbook	772	Corpse Explosion		Cause a corpse to explode for $s1 Shadow damage to all enemies within $A1 yards.  Will use a nearby corpse if the target is not a corpse.  Does not affect mechanical or elemental corpses.						
50445	all		Corpse Rot		Exploded corpses cause additional damage and have a chance to cast a disease on enemy targets.	Nature damage every $t1 sec.					
50446	all		Summon Drakuru								
50447	spellbook	770	Bloody Vengeance		Gives you a $s1% bonus to physical damage you deal for $d after dealing a critical strike from a weapon swing, spell, or ability.  This effect stacks up to $u times.	Physical damage increased by $s1%.					
50448	spellbook	770	Bloody Vengeance		Gives you a $s1% bonus to physical damage you deal for $d after dealing a critical strike from a weapon swing, spell, or ability.  This effect stacks up to $u times.	Physical damage increased by $s1%.					
50449	spellbook	770	Bloody Vengeance		Gives you a $s1% bonus to physical damage you deal for $d after dealing a critical strike from a weapon swing, spell, or ability.  This effect stacks up to $u times.	Physical damage increased by $s1%.					
50452	all		Bloodworm		Creates a Bloodworm to attack nearby targets.  Caster receives health when the Bloodworm deals damage.  Lasts $d.						
50453	all		Health Leech	Passive	The Bloodworm's melee attacks siphon blood from the target, converting it into health for its master.	Converts damage to health.					
50454	all		Health Leech		The Bloodworm's melee attacks siphon blood from the target, converting it into health for its master.						
50455	all		Shadow Bolt		Hurls a bolt of dark magic at an enemy, inflicting Shadow damage.						
50456	all		Thiassi's Stormbolt		Inflicts $s1 Nature damage on an enemy.						
50459	all		Chilled	Rank 1	If an enemy strikes you when you are in Frost Presence, there is a $50458h% chance that their movement will be slowed by $50459s1% and the time between their attacks increased by $50459s2% for $50459d.	Movement slowed by $s1% and time between attacks increased by $s2%.					
50460	all		Antiok Random Broadcast								
50461	all		Anti-Magic Zone		Places a large, stationary Anti-Magic Zone that reduces spell damage done to party or raid members inside it by $50461s1%.  The Anti-Magic Zone lasts for $51052d or until it absorbs ${$51052m1+2*$AP} spell damage.	Absorbs $50461s1% of spell damage.					
50462	all		Anti-Magic Zone		Places a large, static Anti-Magic Zone which can protect any party members inside it.  The Anti-Magic Zone absorbs $48707s1% of the damage dealt by the next harmful spell. Absorbs a limited amount of damage.	Spell damage reduced by $s1%.					
50463	all		Blood-Caked Strike		Your auto attacks have a chance to cause a Blood-Caked Strike, which hits for additional damage for each of your diseases on the target.						
50464	spellbook	573	Nourish	Rank 1	Heals a friendly target for $s1. Heals for an additional 20% if you have a Rejuvenation, Regrowth, Lifebloom, or Wild Growth effect active on the target.						
50465	all		Socket One-Handed Weapon		Permanently adds a socket to a one-handed weapon.						
50467	all		Blackriver PvP Master								
50468	all		Blackriver Kill Credit								
50469	all		Rhythm of the Fallen	Rank 1	Reduces rune regen by 50%.	Reduces rune regen by 50%.					
50470	all		Rhythm of the Fallen		`Triggers a regen timer whenever you spend a rune.	Triggers a regen timer whenever you spend a rune.					
50471	all		Escape from Silverbrook Credit Master								
50472	all		Drop Scythe of Antiok								
50473	all		Escape from Silverbrook Credit								
50474	all		Rune Weapon Mark								
50475	all		Blood Presence		Strengthens the Death Knight with the presence of blood, increasing damage by $48266s1% and healing the Death Knight by $50371s1% of damage dealt.  Only one Presence may be active at a time.						
50476	all		Summon Menagerie		Summons an assortment of creatures and teleports the caster to safety.						
50477	all		Ethereal Essence Sphere		Toss the sphere to a friendly player. If they have free room in their pack they will catch it.\n\nConjured items disappear if logged out for more than 15 minutes.						
50478	all		Ethereal Essence Sphere Impact								
50479	all		Nether Shock	Rank 1	Instantly lashes an enemy for $s2 Shadow damage.  Also interrupts spellcasting and prevents any spell in that school from being cast for $62347d.						
50480	all		Chill of the Grave		Your Chains of Ice, Howling Blast, Icy Touch and Obliterate generate additional runic power.						
50483	all		Titan's Grip for Shield	Rank 1	Secondary component for allowing sheilds to be carried while wielding a 2H Weapon						
50484	all		Frostbite Weapon		Enchants your weapon with Frostbite, causing $50484s1 Frost damage and slowing your target's movement speed by $50484s2% for $50484d whenever you deal melee damage. Lasts $d.	Movement speed reduced by $s2%.					
50485	all		Acclimation		When you are hit by a spell, you have a chance to boost your resistance to that type of magic for $d.  Stacks up to 3 times.	Frost resistance increased.					
50486	all		Acclimation		When you are hit by a spell, you have a chance to boost your resistance to that type of magic for $d.  Stacks up to 3 times.	Arcane resistance increased.					
50487	all		Create Disco Ball Visual Object								
50488	all		Acclimation		When you are hit by a spell, you have a chance to boost your resistance to that type of magic for $d.  Stacks up to 3 times.	Nature resistance increased.					
50489	all		Acclimation		When you are hit by a spell, you have a chance to boost your resistance to that type of magic for $d.  Stacks up to 3 times.	Shadow resistance increased.					
50490	all		Acclimation		When you are hit by a spell, you have a chance to boost your resistance to that type of magic for $d.  Stacks up to 3 times.	Holy resistance increased.					
50491	all		Dismount Passengers 1 & 2								
50492	all		Listening to Music CHECK								
50493	all		Listening to Music			Listening to D.I.S.C.O. music.					
50494	all		Shroud of Lightning		Renders the caster entirely immune to all damage.	Immune to all damage!					
50495	all		Summon Menagerie		Summons an assortment of creatures and teleports the caster to safety.						
50496	all		Summon Menagerie		Summons an assortment of creatures and teleports the caster to safety.						
50497	all		Scream of Chaos		Fears all nearby enemies for $d.	Running in fear!					
50498	all		Savage Rend	Rank 1	Slashes the enemy with the raptor's talons for $s1 damage, and causes the target to bleed for $s2 damage every $t2 sec for $d.  Successful critical strikes with this ability temporarily boost the raptor's damage by $50872s1% for $50872d.	Physical damage inflicted every $t2 sec.					
50499	all		Listening to Music (Parent)								
50500	all		Rhino Charge	Rank 1	Charges a unit knocking it back.	Charges a unit knocking it back.					
50501	all		Flesh Harvest		Rends flesh from bone.	Rends flesh from bone.					
50502	all		Thick Hide		Increases armor by $s1 for $d.	Increases armor by $s1.					
50503	all		Rainspeaker Oracle State								
50504	all		Arcane Jolt		Deals $s1 Arcane damage and interrupts spell casts for $d.						
50505	all		Frost Breath		Inflicts $s1 Frost damage to enemies in a $a1 yards cone in front of the caster. In addition, the targets' attack speed is decreased by $s2% for $d.	Attack speed decreased by $s2%.					
50506	all		Mark of Detonation		Surrounds the caster in Arcane energy. Any damage taken causes the energy to explode from the caster, dealing $50507s1 Arcane damage to enemies within $50507a1 yards. Lasts for $d.	Any damage taken causes surrounding enemies to take $50507s1 Arcane damage.					
50507	all		Mark of Detonation								
50508	all		Crypt Fever	Rank 1	Your diseases also cause Crypt Fever, which increases disease damage taken by the target by $s1%.	Increases disease damage taken by $s1%.					
50509	all		Crypt Fever		Your diseases also cause Crypt Fever, which increases disease damage taken by the target by $s1%.	Increases disease damage taken by $s1%.					
50510	all		Crypt Fever		Your diseases also cause Crypt Fever, which increases disease damage taken by the target by $s1%.	Increases disease damage taken by $s1%.					
50511	spellbook	355	Curse of Weakness	Rank 9	Target's melee attack power is reduced by $s1 and armor is reduced by $s2% for $d.  Only one Curse per Warlock can be active on any one target.	Melee attack power reduced by $s1, and armor is reduced by $s2%.					
50512	all		Shoot		Shoots at an enemy, inflicting Physical damage.						
50513	all		Scream of Chaos								
50514	all		Summon Gargoyle		A Gargoyle flies into the area and bombards the target with Shadow damage.	Runic Power is being fed to the Gargoyle.					
50515	all		Dismiss Gargoyle		Dismisses the Gargoyle.						
50516	spellbook	574	Typhoon	Rank 1	You summon a violent Typhoon that does $s2 Nature damage when in contact with hostile targets, knocking them back and dazing them for $61391d.						
50517	all		Dread Corsair		Makes the target an honorary member of the Dread Captain DeMeza's crew.	An honorary member of the Dread Captain DeMeza's crew.					
50518	all		Ravage	Rank 1	Violently attacks an enemy for $s1, stunning it for $d.	Stunned.					
50519	all		Sonic Blast	Rank 1	Emits a piercing shriek, inflicting $s1 Nature damage and stunning the target for $d.	Stunned.					
50520	all		Deep Dredge		Attacks nearby enemies in a whirling attack that lasts $d. and inflicts normal damage plus $15576s1.	Attacking all nearby enemies for normal damage plus $15576s1.					
50521	all		Wing Buffet	Rank 01	Blasts the target for $s2 damage and knocking it back.						
50522	all		Gorloc Stomp		Inflicts $s1 Nature damage to nearby enemies, increasing the time between their attacks by $s3% and slowing their movement by $s2% for $d.	Time between attacks increased by $s3%.\nMovement speed reduced by $s2%.					
50523	all		Paralyzing Slime		Inflicts $s1 Nature damage per $t1 sec and decreases cast and attack speed by $51137s1%.	Inflicts $s1 damage per $t1 sec.					
50524	all		Runic Power Feed		Feeds the Gargoyle Runic Power.						
50526	all		Wandering Plague		When your diseases damage an enemy, there is a chance equal to your melee critical strike change that they will cause additional damage to the target and all enemies within 8 yards.  Ignores any target under the effect of a spell that is cancelled by taking damage.						
50527	all		Coalesce								
50530	all		Love Rocket Barrage								
50531	all		Gossip NPC Appearance - All, Pirate Day								
50532	all		Questgiver Loves Direbrew's Brew								
50533	all		Flip Attack		A tail attack that inflicts weapon damage plus $s1 to enemies.						
50534	all		Power Sap		Drains power from the target every second, reducing your target's damage by $50535s1% and increasing your damage by $50537s1%. This effect stacks up to 20 times. Lasts $50535d.						
50535	all		Power Sap		Drains power from the target every second, reducing your target's damage by $s1% and increasing your damage by $50537s1%. This effect stacks up to 20 times. Lasts $d.	Damage decreased by $s1%.					
50536	spellbook	772	Unholy Blight		Causes the victims of your Death Coil to be surrounded by a vile swarm of unholy insects, taking $49194s1% of the damage done by the Death Coil over $50536d, and prevents diseases on the victim from being dispelled.	Taking Shadow damage every $t1 sec.  Diseases unable to be dispelled.					
50537	all		Power Sap		Drains power from the target every second, reducing your target's damage by $50535s1% and increasing your damage by $s1%. This effect stacks up to 20 times. Lasts $d.	Damage increased by $s1%.					
50538	all		Belch Blast		A belch that Inflicts $s1 Nature Damage.						
50539	all		Aggro Drakes								
50541	all		Snatch	Rank 1	The bird of prey grabs the enemy's weapon with its talons, causing $s1 damage and disarming them for $d.	Disarmed!					
50542	all		Poison Cloud		Inflicts $s1 Nature damage to nearby enemies every $t1 sec. for $d.	Nature damage inflicted every $t1 sec.					
50543	all		Aggro Drakes								
50544	all		Cosmetic - Parachute Stuck								
50545	all		Arcane Blast		Blasts an enemy with Arcane magic, inflicting normal damage plus $s2 and knocking the enemy back.						
50546	all		The Focus on the Beach: Ley Line Focus Control Ring Effect								
50547	all		Atop the Woodlands: Ley Line Focus Control Amulet Effect								
50548	all		The End of the Line: Ley Line Focus Control Talisman Effect								
50549	all		Carving Stone Visual								
50550	all		Parachute		A portable parachute, automatically activates when the caster begins falling.	How do I turn this thing on?					
50551	all		Horde Questgiver Takes a drink								
50552	all		Horde Questgiver Tries Dire Brew								
50553	all		Parachute		Protects the caster from falling damage for $d.	Falling...					
50554	all		Carve Stone								
50555	all		Questgiver Finishes Drinking								
50556	all		Ride Wilhelm								
50557	all		Gryphon to Amberpine Lodge								
50558	all		Cannon Fire								
50559	all		Gryphon to Amberpine Lodge								
50560	all		Summon Conquest War Rider								
50561	all		Amberpine Gryphon Rider B01								
50562	all		Carve Stone								
50563	all		Carve Stone								
50564	all		Place Offering		Places an offering at a troll ritual statue.						
50566	all		Mind Warp		Increases the mana cost of spells cast by $s1%.	Mana cost of your spells increased by $s1%.					
50567	all		Amberpine Gryphon Rider B02								
50568	all		Carve Stone								
50569	all		Carve Stone								
50570	all		Amberpine Gryphon Rider B03								
50571	all		Amberpine Gryphon Rider B04								
50572	all		Power Sap		Drains power from the target every second, reducing your target's damage by $50535s1% and increasing your damage by $50537s1%. This effect stacks up to 20 times. Lasts $50535d.						
50573	all		Arcane Cleave		Inflicts Arcane damage equal to $s1% of normal melee damage to an enemy and its nearest allies, affecting up to $x1 targets.						
50574	all		Captain Brandon Kill Credit								
50577	all		Howl of Terror	Rank 1	Howl, causing $i enemies within $a1 yds to flee in terror for $d.  Damage caused may interrupt the effect.	Fleeing in terror.					
50578	all		Ice Shard		Inflicts $s1 Frost damage to an enemy.						
50579	all		Frozen Sphere								
50580	all		Frozen Sphere								
50581	spellbook	354	Shadow Cleave	Demon	Inflicts $s1 Shadow damage to an enemy target and nearby allies, affecting up to $x1 targets.						
50582	all		Charge	Rank 1	Charges an enemy, inflicting $s2 Shadow damage.						
50583	all		Summon Frozen Spheres		Summons two Frozen Spheres to aid the caster.	Summons two Frozen Spheres to aid the caster.					
50584	all		Summon Frozen Spheres		Summons a Frozen Sphere to protect the caster.	Summons a Frozen Sphere to protect the caster.					
50586	all		Summon Frozen Spheres		Summons a Frozen Sphere to protect the caster.						
50588	all		Ice Boulder		Hurls a boulder at an enemy, inflicting Physical damage.						
50589	spellbook	354	Immolation Aura	Demon	Ignites the area surrounds you, causing $50590s1 Fire damage to all nearby enemies every $50589t1 sec.  Lasts $50589d.	Damages all nearby enemies.					
50590	all		Immolation	Rank 1	Ignites the area surrounds you, causing $50590s1 Fire damage to all nearby enemies every $50589t1 sec.  Lasts $50589d.						
50591	all		Amberpine Gryphon Rider B05								
50592	all		Throw Spear								
50593	all		Throw Spear								
50594	all		Moveto Test								
50595	all		Summon Serfex the Reaver								
50596	all		Spirit Particles (purple) + Dead								
50597	all		Ice Stalagmite		Inflicts $s1 Frost damage to an enemy and stuning an enemy, rendering it unable to move or attack for $d.	Stunned.					
50598	spellbook	773	Scroll of Intellect II								
50599	spellbook	773	Scroll of Intellect III								
50600	spellbook	773	Scroll of Intellect IV								
50601	spellbook	773	Scroll of Intellect V								
50602	spellbook	773	Scroll of Intellect VI								
50603	spellbook	773	Scroll of Intellect VII								
50604	spellbook	773	Scroll of Intellect VIII								
50605	spellbook	773	Scroll of Spirit II								
50606	spellbook	773	Scroll of Spirit III								
50607	spellbook	773	Scroll of Spirit IV								
50608	spellbook	773	Scroll of Spirit V								
50609	spellbook	773	Scroll of Spirit VI								
50610	spellbook	773	Scroll of Spirit VII								
50611	spellbook	773	Scroll of Spirit VIII								
50612	spellbook	773	Scroll of Stamina II								
50613	spellbook	756	Arcane Torrent	Racial	Silence all enemies within $a1 yards for $d and restores ${$m2/10} Runic Power.  Non-player victim spellcasting is also interrupted for $32747d.	Silenced.					
50614	spellbook	773	Scroll of Stamina III								
50615	all		Arcane Torrent	Racial							
50616	spellbook	773	Scroll of Stamina IV								
50617	spellbook	773	Scroll of Stamina V								
50618	spellbook	773	Scroll of Stamina VI								
50619	spellbook	773	Scroll of Stamina VII								
50620	spellbook	773	Scroll of Stamina VIII								
50622	all		Whirlwind		In a whirlwind of steel you attack up to $i enemies within $a1 yards, causing weapon damage from both melee weapons to each enemy.						
50626	all		Lightning Channel								
50627	all		Overload		Increases the caster's attack speed by $s1% and the Physical damage it deals by $s2% for $d.	Physical damage dealt is increased by $s2%.\nAttack speed increased by $s1%.					
50628	all		Ride Rhino								
50629	all		Gryphon to Amberpine Lodge								
50630	all		Eject All Passengers								
50631	all		Dark Iron Brewer Drinks								
50632	all		Tether to the Plane of Water		Summons a Watery Lord.						
50633	all		Crusade Recruit Kill Credit								
50634	all		Captain Rupert Kill Credit								
50635	all		Frozen		The target is frozen in place for $d.	Frozen in place.					
50636	all		Tormented Roar		The crazed roar Increases the damage dealt by the caster by $s1% for $d.	Increases the damage dealt by the caster by $s1%					
50637	all		Mana Break								
50638	all		Mana Break		Burns $s1 mana from the target.						
50639	all		Lightning Channel								
50640	all		Lightning Channel								
50642	all		Cannibalize		Regenerates health over time.  Lasts $d.	Regenerating health every $t2 sec.					
50643	all		Cannibalize		Consumes a nearby corpse for $s1 healing every $50642t2.						
50644	spellbook	197	Haliscan Jacket								
50645	all		Overload		Increases the caster's attack speed by $s1% and the Physical damage it deals by $s2% for $d.	Physical damage dealt is increased by $s2%.\nAttack speed is increased by $s1%.					
50646	all		Overload		Increases the caster's attack speed by $s1% and the Physical damage it deals by $s2% for $d.	Physical damage dealt is increased by $s2%.\nAttack speed is increased by $s1%.					
50647	spellbook	197	Haliscan Pantaloons								
50648	all		Blink		Teleports the caster 15 yd. forward unless something is in the way. Also frees the caster from any bonds.	Blinking...					
50649	all		Pattymac Destructible Missile								
50650	all		Dark Iron Brewer is Sleeping								
50651	all		Dark Iron Brewer is Swaggering								
50652	all		Ram		Rams any enemies in front of the demolisher, dealing $s2 damage and knocking them back. Also deals $s3 siege damage to nearby structures.						
50653	all		Flame Breath		Inflicts $s1 Fire damage to enemies in a cone in front of the caster.						
50654	all		Frost Cut		Attacks inflict Frost Cut which decreases attack, cast and move speed by $50655s1% for $50655d.	Attacks inflict Frost Cut which decreases attack, cast and move speed by $50655s1%.					
50655	all		Frost Cut		Attacks inflict Frost Cut which decreases attack and cast speed by $50655s1% and move speed by $50655s2% for $50655d.\nStacks 50 times.	Attack speed slowed by $s1%.\nCast speed slowed by $s1%.\nMovement speed slowed by $s2%.					
50657	all		Cosmetic - Shadow Fissure								
50658	all		Focus Beam		Deals $s1 Arcane damage per second.\nApplies Focused effect every second.	Deals $s1 Arcane damage per second.\nApplies Focused effect every second.					
50659	all		Conversion Beam		Inflicts $s1 Shadow damage to an enemy every $t1 sec and causes Weakened Resolve.	Inflicts $s1 Shadow damage to an enemy every $t1 sec and causes Weakened Resolve.					
50660	all		Focused		Increases damage taken by $s1%.	Increases damage taken by $s1%.					
50661	all		Weakened Resolve		Increases the Shadow damage taken by the caster by $s1% for $d.\nStacks 10 times.	Increases the Shadow damage taken by the caster by $s1%.					
50662	all		Resuscitate		Heals a wounded Crusader in Drak'Sotra.						
50663	all		Force Summon Crusader LeCraft								
50664	all		Summon Crusader LeCraft								
50665	all		Bleeding Out		Patient will expire when all blood is lost.	Patient will expire when all blood is lost.					
50666	all		Jonathan Dying		Crusader Jonathan will expire when all of his blood has been lost.	Crusader Jonathan will expire when all of his blood has been lost.					
50667	all		Crusader Expires								
50668	all		Death Coil		Inflicts $s1 Shadow damage.  The caster gains 100% of the damage caused in health.						
50669	all		Quest Credit								
50670	all		Periodic Aura								
50671	all		Kill Credit Jonathan 01								
50672	all		The Demoralizer		Did somebody call for delivery? Scourge units on the Plains of Nasam can't get enough of this projectile. $50674s1 damage to all Scourge in its blast radius.						
50673	all		Force Summon Crusader Lamoof								
50674	all		The Demoralizer		$s1 damage to all Scourge units in the blast radius.						
50675	all		Runic Blast		Trace a rune of power, blasting an enemy for $s1 Arcane damage.  Consumes a vial of Ivory Ink when used.						
50676	all		Meatpounder		Unleashes the Meatpounder! Short range, maximum carnage!						
50677	all		Meatpounder		Unleashes the Meatpounder! Short range, maximum carnage!						
50678	all		Summon Crusader Lamoof								
50679	all		Lamoof Dying		Crusader Lamoof will expire when all of his blood has been lost.	Crusader Lamoof will expire when all of his blood has been lost.					
50680	all		Jonathan Kill Credit								
50681	all		Bleeding Out		Patient will expire when all blood is lost.	Patient will expire when all blood is lost.					
50682	all		Hoarse			Acrid smoke clings to your throat.					
50683	all		Kill Credit Lamoof 01								
50684	all		Lamoof Kill Credit								
50685	spellbook	257	Incite	Rank 1	Increases the critical strike chance of your Heroic Strike, Thunder Clap and Cleave abilities by $s1%.						
50686	spellbook	257	Incite	Rank 2	Increases the critical strike chance of your Heroic Strike, Thunder Clap and Cleave abilities by $s1%.						
50687	spellbook	257	Incite	Rank 3	Increases the critical strike chance of your Heroic Strike, Thunder Clap and Cleave abilities by $s1%.						
50688	all		Plague Strike	Rank 6	A vicious strike that deals weapon damage  and plagues the target, dealing $o2 Shadow damage over $d.	Deals $o2 Shadow damage over $d.					
50689	all		Blood Presence	Rank 1	Strengthens the Death Knight with the presence of blood, increasing damage by $s1% and healing the Death Knight by $s2% of damage dealt.  Only one Presence may be active at a time.	Increases damage by $s1% and heals the Death Knight by $s2% of damage dealt.					
50690	all		Immobilizing Field		Immobilizes nearby enemies for $d.	Unable to move.					
50691	all		Force Summon Crusader Josephine								
50692	all		Summon Crusader Josephine								
50693	all		Josephine Dying		Crusader Josephine will expire when all of her blood has been lost.	Crusader Josephine will expire when all of her blood has been lost.					
50695	all		Bleeding Out		Patient will expire when all blood is lost.	Patient will expire when all blood is lost.					
50696	all		Brewer Tosses Mug								
50698	all		Kill Credit Jospehine 01								
50699	all		Josephine Kill Credit								
50701	all		Sling Mortar		Tosses mortar into an enemy's eyes, reducing its chance to hit by $s1% for $d.	Chance to hit reduced by $s1%.					
50702	all		Arcane Volley		Hurls magical bolts at nearby enemies, inflicting Arcane damage.						
50703	all		Lightning Charge			You can feel the power....					
50704	all		Overload		Increases the target's attack speed by $s1% and the damage it deals by $s2% for $d.	Damage dealt is increased by $s2%.\nAttack speed is increased by $s1%.					
50705	all		Arcane Bolt		Hurls a magical bolt at an enemy, inflicting Arcane damage.						
50706	all		Modified Mojo		Throw at the Prophet of Sseratus so that he will be weakened. Then slay him!						
50707	all		Dismiss Runeblade		Dismisses the Dancing Runeblade.						
50708	all		Primal Instinct		Increases your pet's attack power by $s1 for $d.	Attack power increased by $s1.					
50709	all		Strip Aura Jonathan 01								
50710	all		Strip Aura Jonanthan								
50711	all		Strip Aura Josephine 01								
50712	all		Strip Aura Josephine								
50713	all		Unrelenting Onslaught		Each attack fuels the onslaught, increasing the Physical damage dealt by the caster by $s1 for $d.	Increases the Physical damage dealt by the caster by $s1.					
50714	all		Unrelenting Onslaught								
50715	all		Blizzard		Calls down a blizzard that lasts $d., inflicting $s1 Frost damage every $t1 sec. and slowing the movement speed of all enemies in a selected area.	Movement speed reduced by $s2%.					
50716	all		BombPattymac		You got bombed.						
50717	all		Charged Skin		Charges the caster's skin with energy that inflicts $50718s1 Arcane damage to nearby enemies every $t1 sec.  Lasts $d.	Inflicting $50718s1 Arcane damage to nearby enemies every $t1 sec.					
50718	all		Charged Skin		Inflicts $s1 Arcane damage to nearby enemies.						
50719	all		Conjure Snowflake								
50720	spellbook	257	Vigilance		Focus your protective gaze on a group or raid target, reducing their damage taken by $s1% and transfers $<threat>% of the threat they cause to you.  In addition, each time they are hit by an attack your Taunt cooldown is refreshed.  Lasts $d.  This effect can only be on one target at a time.	Damage taken reduced by $s1% and $s3% of all threat transferred to warrior.					
50721	all		Frostbolt		Inflicts Frost damage to an enemy.	Movement speed reduced by $s2%.					
50722	all		Strip Aura Lamoof								
50723	all		Strip Aura Lamoof 01								
50725	all		Vigilance		Focus your protective gaze on a group or raid target, reducing their damage taken by $50720s1% and transfers $50720s3% of the threat they cause to you.  In addition, each time they are hit by an attack your Taunt cooldown is refreshed.  Lasts $50720d.  This effect can only be on one target at a time.						
50726	all		Sparktouched Oracle State								
50727	all		Mistwhisper Oracle State								
50728	all		Furious Howl		Friends within $a1 yards receive extra damage to their next Physical attack.  Lasts $d.	Extra $s1 damage on your next Physical attack.					
50729	all		Carnivorous Bite		Inflicts Physical damage to an enemy every $t2 sec. for $d.	Physical damage inflicted every $t2 sec.					
50730	all		Bloodlust		Increases melee, ranged, and spell casting speed by $s1% for all party members.  Lasts $d.	Melee, ranged, and spell casting speed increased by $s1%.					
50731	all		Mace Smash		Inflicts $s1% of normal melee damage to an enemy and stuns for $d.	Stunned.					
50732	all		Water Tomb		Encases the target in a tomb of water, dealing $s1 Frost damage every $t1 sec and reducing movement speed by $s2% for $d.	$o1 Frost damage inflicted over $d.\nMovement speed reduced by $s2%.					
50733	all		Scatter Shot		A short-range shot that deals $s1 weapon damage and disorients the target for $d.  Any damage caused will remove the effect.	Disoriented.					
50734	all		Frenzyheart Chicken: Invisibility								
50735	all		Frenzyheart Chicken: See Invisibility			You are one with the chicken...					
50736	all		Summon Guerrero		Summons Guerrero to accompany the caster until dismissed.						
50737	all		Create Drakkari Medallion								
50738	all		Don Carlos Hatless Transform								
50739	all		Threatening Growl		Reduces an enemy's Strength by $s1 and Agility by $s2 for $d.	Strength reduced by $s1.\nAgility reduced by $s2.					
50740	all		Raven Flock		Inflicts $s1 Shadow damage.						
50741	all		Ooze Combine								
50742	all		Ooze Combine								
50743	all		Unholy Frenzy		Increases an ally's attack speed by $s1% for $d..	Attack speed increased by $s1%.					
50744	all		Blaze		Inflicts $s1 Fire damage to an enemy.						
50745	all		Blaze								
50746	all		Burn		Inflicts Fire damage every 1 sec. to enemies standing in the Blaze.						
50747	all		Summon Iron Sludge								
50749	all		Apple Crush		Crush the apple!						
50750	all		Raven Heal		The raven's power heals the caster for $s1 damage every $t1 sec. for $d.	Heals the caster for $s1 damage every $t1.					
50751	all		Ride to Post 01								
50752	all		Storm of Grief		Creates a storm of shadow that lasts $d., blasting all enemies in a selected area for $s1 Shadow damage and inflicting $s2 additional damage every $t2 sec.						
50753	all		Tranquility Visual		Restores $s1 mana per $t1 in an area for $d.	Residue from the creature sparkles in the air, restoring $s1 mana per second.					
50754	all		Summon Unstable Sphere								
50755	all		Unstable Sphere Countdown								
50756	all		Unstable Sphere Passive								
50757	all		Unstable Sphere Pulse								
50758	all		Unstable Sphere Timer								
50759	all		Sphere Detonation		Sends out a blast wave of magic, inflicting Arcane damage to nearby enemies.						
50760	all		Shock of Sorrow		Instanly shocks the target, dealing $s1 Shadow damage and puts all nearby enemy targets in a state of meditation, incapacitating them for $d.  Breaks on damage.	Incapacitated.					
50761	all		Pillar of Woe		Blasts an enemy with shadow, and inflicting additional shadow damage every $t2 sec. over $d.	Shadow damage inflicted every $t2 sec.					
50762	all		Net		Immobilizes an enemy for $d.	Immobilized.					
50763	spellbook	573	Revive	Rank 7	Returns the spirit to the body, restoring a dead target to life with $s1 health and $q1 mana.  Cannot be cast when in combat.						
50764	spellbook	573	Revive	Rank 6	Returns the spirit to the body, restoring a dead target to life with $s1 health and $q1 mana.  Cannot be cast when in combat.						
50765	spellbook	573	Revive	Rank 5	Returns the spirit to the body, restoring a dead target to life with $s1 health and $q1 mana.  Cannot be cast when in combat.						
50766	spellbook	573	Revive	Rank 4	Returns the spirit to the body, restoring a dead target to life with $s1 health and $q1 mana.  Cannot be cast when in combat.						
50767	spellbook	573	Revive	Rank 3	Returns the spirit to the body, restoring a dead target to life with $s1 health and $q1 mana.  Cannot be cast when in combat.						
50768	spellbook	573	Revive	Rank 2	Returns the spirit to the body, restoring a dead target to life with $s1 health and $q1 mana.  Cannot be cast when in combat.						
50769	spellbook	573	Revive	Rank 1	Returns the spirit to the body, restoring a dead target to life with $s1 health and $q1 mana.  Cannot be cast when in combat.						
50770	all		Magic Pull		Teleports all nearby enemy targets to the caster.						
50771	all		Lightning Arc State								
50772	all		Summon Unholy Mount Visual								
50773	all		Crusader Strike								
50774	all		Thundering Stomp		Stomp the ground, dealing Physical damage to enemies in a large area and knocking them into the air.						
50775	all		[ph] exploding barrel trigger								
50777	all		Iron Sludge Spawn Visual								
50778	all		Void Zone Visual		Summon a Void Zone that deals shadow damage to enemies that stand within it	$s1 Shadow damage to those in the zone.					
50779	all		Blood Rune Mastery		When you hit a victim of Blood Plague with a weapon, there is a $49019h% chance that the time it takes for your Blood Runes to activate will be cut in half for the next 5 sec.	Blood Runes regenerate twice as fast.					
50780	all		Runic Mastery	Rank 1	When you Freeze a target, there is a $49188h% chance that the time it takes for your Frost Runes to activate will be cut in half for the next $50780d.	Damage doubled.					
50781	all		Fate Rune of Primal Energy		Regain $25734s1% of your total mana any time that you deal a critical with a spell.  Cannot fire more than once every 6 seconds.  May only be used within Icecrown.	Regain $25734s1% mana upon dealing a spell critical.					
50782	all		Slam		Slams the opponent, causing weapon damage plus an additional amount.						
50783	all		Slam		Slams the opponent, causing weapon damage plus an additional amount.						
50785	all		Energize Cores		Hurls a bolt of magic at an enemy, inflicting Arcane damage.						
50789	all		Summon Iron Dwarf								
50790	all		Summon Iron Dwarf								
50791	all		Summon Iron Dwarf								
50792	all		Summon Iron Trogg								
50793	all		Summon Iron Trogg								
50794	all		Summon Iron Dwarf								
50795	all		Zul'Drak Gateway								
50796	spellbook	593	Chaos Bolt	Rank 1	Sends a bolt of chaotic fire at the enemy, dealing $s1 Fire damage. Chaos Bolt cannot be resisted, and pierces through all absorption effects.						
50797	all		Why you runnin'?			Bwaaaawk bwak bwak bwak...					
50798	all		Centrifuge Core Passive								
50799	all		Slaying Strike		Inflicts physical damage to an enemy.						
50801	all		Summon Malformed Ooze								
50802	all		Summon Malformed Ooze								
50803	all		Summon Malformed Ooze								
50804	all		Arcane Barrage		Inflicts Arcane damage to an enemy.						
50805	all		Centrifuge Core Visual								
50806	all		Death Rune Mastery		Your Plague Strikes have a 10% chance and your Death Strikes have a 30% chance to change all your active runes to Death Runes.						
50807	all		Death Rune Mastery		Your Plague Strikes have a 10% chance and your Death Strikes have a 30% chance to change all your active runes to Death Runes.	$s1 Frost Rune converted to a Death Rune.					
50808	all		Death Rune Mastery		Your Plague Strikes have a 10% chance and your Death Strikes have a 30% chance to change all your active runes to Death Runes.	$s1 Unholy Rune converted to a Death Rune.					
50809	all		Murliver Oil		Increases swim speed by $s1% for $d1.	Swim speed increased by $s1%.					
50810	all		Shatter		Shatters all enemies turned to stone, dealing damage to their allies based on proximity.						
50811	all		Shatter		Shatters all enemies turned to stone, dealing damage to their allies based on proximity.						
50812	all		Stoned		Petrifies an enemy, leaving it vulnerable to shatters.	Turned to stone.					
50814	all		Serinar Whisper Rune								
50815	all		Serinar Whisper Cave								
50816	all		Serinar Whisper Chamber								
50817	all		Cure Nearby Units								
50818	all		Serinar Whisper Cave Removal								
50820	all		Serinar Whisper Rune Removal								
50821	all		Serinar Whisper Chamber Removal								
50822	all		Fervor			Unstoppable.\nIncreases movement speed by $s2%\nIncreases damage by $s3%.\nStunned for $48703d when effect ends.					
50823	all		Intercept		Charge an enemy, causing $58747s2 damage and stunning it for $58747d.						
50824	all		Summon Earthen Dwarf								
50825	all		Summon Earthen Dwarf								
50826	all		Summon Earthen Dwarf								
50827	all		Ground Slam		Snares all nearby enemies, turning them to stone.	Turning to stone...					
50828	all		Ground Slam								
50829	all		Summon Warhorse		Summons a warhorse.						
50830	all		Chain Lightning		Strikes an enemy with a lightning bolt that arcs to another nearby enemy. The spell affects up to $x1 targets, inflicting greater Nature damage to each successive target.						
50831	all		Lightning Shield		Surrounds the caster with $n balls of lightning that have $h% chance of striking melee or ranged attackers for $s1 damage. Each time the lightning shield strikes, a ball of lightning dissipates. Thus, the shield expires after $d. or after it has struck $n times.	$h% chance of inflicting $s1 Nature damage on hit.					
50832	all		Torch Toss		Throws a torch at an enemy, inflicting $s1 Fire damage and causing lingering Fire damage of $s2 per $t2 sec for $d.	$s2 Fire damage inflicted every $t2 sec.					
50833	all		Ground Slam		Snares all nearby enemies, turning them to stone.	Turning to stone...					
50834	all		Static Charge		Afflicts the target with a static charge that periodically zaps its nearby allies and enemies with for $50835s1 Nature damage. Lasts $50835d.	Deals $50835s1 damage to surrounding allies and enemies every $t1 sec.					
50835	all		Static Charge		Afflicts the target with a static charge that periodically zaps its nearby allies and enemies with for $50835s1 Nature damage. Lasts $50835d.						
50836	all		Petrifying Grip		Snares all nearby enemies, turning them to stone.	Movement speed reduced by $s1%.					
50837	all		Avenging Wrath		Increases all damage caused by $s1% for $d.	All damage caused increased by $s1%.					
50838	all		Toxic Volley		Inflicts Nature damage to an enemy.	Deals $s2 nature damage every $t2 seconds.					
50839	all		Stun Self								
50840	all		Lightning Ring		Inflicts $50841s1 Nature damage to nearby enemies and increases the Nature damage it takes by $50841s2% for $d.						
50841	all		Lightning Ring		Inflicts $s1 Nature damage to nearby enemies and increases the Nature damage it takes by $s2% for $d.	Increases Nature damage taken by $s2%.					
50842	spellbook	770	Pestilence		Spreads existing Blood Plague and Frost Fever infections from your target to all other enemies within $a3 yards.						
50843	all		Boulder Toss		Hurls a boulder at an enemy, inflicting Physical damage.						
50844	all		Blood Mirror		Damage suffered is shared with whomever is mirrored.	Damage suffered is shared with whomever is mirrored.					
50845	all		Blood Mirror			Damage suffered is shared with whomever is mirrored.					
50846	all		Blood Mirror Damage		Deals Shadow damage to the target.						
50847	all		Create Purple Tabard of the Arcane								
50848	all		Create White Tabard of Brilliance								
50849	all		Create Orange Tabard of the Defender								
50850	all		Create Yellow Tabard of Fury								
50851	all		Create Green Tabard of Nature								
50852	all		Create Black Tabard of the Void								
50853	all		Run Through		Impales an enemy, then inflicts additional Physical damage every $t1 sec. for $d.	Physical damage inflicted every $t1 sec.					
50854	all		Side Kick		Kicks an enemy for $s1 damage, interrupting the spell being cast for $d.						
50855	all		Blue Sky PvP Master								
50856	all		Blue Sky Kill Credit								
50857	all		Venture Bay PvP Master								
50858	all		Venture Bay Kill Credit								
50859	all		Flight to Sholazar								
50860	all		Flight to Sholazar								
50861	all		Flight to Sholazar								
50863	all		Flight to Sholazar (Taxi)								
50864	all		Omar's Seal of Approval		Approves your target for greatness	You have Omar's 10 Man Normal Seal of Approval!					
50867	all		Hourglass of Eternity Nearby			Another Hourglass of Eternity cannot be placed on the ground within 40 yards.					
50868	all		Stomp		Inflicts $s1 Physical damage to nearby enemies.						
50869	spellbook	777	Brewfest Kodo		Summons and dismisses a rideable Brewfest Kodo. This mount increases speed depending on your Riding Skill.	Increases speed depending on your Riding Skill.					
50870	spellbook	777	Brewfest Ram		Summons and dismisses a rideable Brewfest ram. This mount increases speed depending on your Riding Skill.	Increases speed depending on your Riding Skill.					
50871	all		Savage Rend	Rank 1							
50872	all		Savagery		Damage increased by $s1%.	Damage increased by $s1%.					
50874	all		Copy of Charge		Charges an enemy, inflicting normal damage plus $s2 and stuns the opponent for $d.						
50876	all		Mounted Charge		Charges and stuns the opponent for $d.	Trampled and stunned.					
50878	all		Rocket (Always Misses)								
50880	spellbook	771	Icy Talons	Rank 1	You leech heat from victims of your Frost Fever, so that when their melee attack speed is reduced, yours increases by $s2% for the next 20 sec.						
50882	all		Icy Talons		You leech heat from victims of your Frost Fever, so that when their melee attack speed is reduced, yours increases by $s1% for the next $d.	Increases melee haste by $s1%.					
50883	all		Blood Mirror (Target Picker)								
50884	spellbook	771	Icy Talons	Rank 2	You leech heat from victims of your Frost Fever, so that when their melee attack speed is reduced, yours increases by $s2% for the next 20 sec.						
50885	spellbook	771	Icy Talons	Rank 3	You leech heat from victims of your Frost Fever, so that when their melee attack speed is reduced, yours increases by $s2% for the next 20 sec.						
50886	spellbook	771	Icy Talons	Rank 4	You leech heat from victims of your Frost Fever, so that when their melee attack speed is reduced, yours increases by $s2% for the next 20 sec.						
50887	spellbook	771	Icy Talons	Rank 5	You leech heat from victims of your Frost Fever, so that when their melee attack speed is reduced, yours increases by $s2% for the next 20 sec.						
50892	all		Rocket (Hits Target)								
50893	all		Precious Elemental Fluids: Summon Water Rift								
50894	all		Zul'Drak Rat		Throw a Zul'Drak Rat at the targeted Lurking Basilisk. Stacks up to 5 times. Range is $r yards.	Fed.					
50895	all		Lightning Tether		Inflicts Nature damage to an enemy for $d.	Deals $s1 Nature damage per second.					
50896	all		Hurl Boulder		Hurls a flaming boulder, which deals up to $57619s1 damage to enemies and $57619s2 siege damage to nearby structures.						
50900	all		Lightning Shock		Inflicts Nature damage to an enemy.						
50901	all		Jormungar Leg Armor		Permanently attach jormungar armor onto pants to increase Stamina by 45 and Agility by 15.\n\nCan only be attached to leg armor in your inventory.  Wearer must be level 70 or higher.						
50902	all		Nerubian Leg Armor		Permanently attach nerubian armor onto pants to increase attack power by 55 and critical strike rating by 15.\n\nEnchanting the item causes it to become soulbound.						
50903	all		Jormungar Leg Reinforcements		Permanently attach jormungar reinforcements onto pants to increase Stamina by 50 and Agility by 18.\n\nCan only be attached to leg armor in your inventory, and doing so causes the leg armor to become soulbound.						
50904	all		Nerubian Leg Reinforcements		Permanently attach nerubian reinforcements onto pants to increase attack power by 70 and critical strike rating by 18.\n\nCan only be attached to leg armor in your inventory, and doing so causes the leg armor to become soulbound.						
50905	all		Judgement of Onslaught		Transfers $s1% armor to the caster for $d.	Transfers $s1% armor to the caster.					
50906	all		Borean Armor Kit		Permanently increase the Stamina of an item worn on the head, chest, shoulders, legs, hands or feet by 12.\n\nCan only be attached to armor in your inventory.  Wearer must be level 70 or higher.						
50907	all		Seal of Onslaught		The Seal of Onslaught inflicts an attack that ignores enemies armor.						
50908	all		Seal of Onslaught		Grants the casters attacks the chance on melee swing to ignore enemy armor.	Chance on melee swing to ignore armor.					
50909	all		Heavy Borean Armor Kit		Permanently increase the Stamina of an item worn on the head, chest, shoulders, legs, hands or feet by 18.\n\nCan only be attached to armor in your inventory.  Wearer must be level 70 or higher.						
50910	all		Blood Mirror (Transition Visual)								
50911	all		Dragonscale Leg Armor		Permanently attach dragonscale armor onto pants to increase Stamina by 72 and Agility by 35.\n\nEnchanting the item causes it to become soulbound.						
50912	all		[DND] Teach Coldarra Flight Path								
50913	all		Wyrmscale Leg Armor		Permanently attach wyrmscale armor onto pants to increase attack power by 100 and critical strike rating by 36.\n\nEnchanting the item causes it to become soulbound.						
50914	all		Taxi to Wintergarde Validate								
50915	all		Raging Consecration		Consecrates the land beneath Paladin, doing $o1 Holy damage over $d to enemies who enter the area.	$s1 Holy damage every $t1 $lsecond:seconds;.					
50917	all		Sleeping Sleep								
50918	all		Gluttonous Lurkers: Create Basilisk Crystals Cover								
50919	all		Create Basilisk Crystals								
50920	all		Reckless Onslaught								
50921	all		Reckless Onslaught		Each attack fuels the Reckless Onslaught, increasing the damage taken and damage dealt by the caster by $s1%  for $d.	Increases damage taken and damage dealt by the caster by $s1%.					
50922	all		Blood Swoop		Causes $s2 Physical damage every $t2 seconds.	Causes $s2 Physical damage every $t2 seconds.					
50923	all		Dash Gash PreSpell								
50924	all		Dash Gash ReturnToTank								
50925	all		Dash Gash ReturnToTank PreSpell								
50926	all		Gluttonous Lurkers: Create Zul'Drak Rat Cover								
50927	all		Create Zul'Drak Rat								
50928	all		Gluttonous Lurkers: Summon Gorged Lurking Basilisk								
50929	all		Beast Protection		Reduces attack power by $s1 when fighting Beasts.						
50932	all		Dash Gash ReturnToTank PreSpell Root								
50933	all		Frenzy		Increases the caster's attack speed by $s2% and the Physical damage it deals by $s1 for $d.	Physical damage dealt is increased by $s1.\nAttack speed increased by $s2%.					
50934	all		L70ETC Earthquake SMALLER			Deals $s1 damage every $t1 sec.					
50936	spellbook	165	Heavy Borean Leather								
50938	spellbook	165	Iceborne Chestguard								
50939	spellbook	165	Iceborne Leggings								
50940	spellbook	165	Iceborne Shoulderpads								
50941	spellbook	165	Iceborne Gloves								
50942	spellbook	165	Iceborne Boots								
50943	spellbook	165	Iceborne Belt								
50944	spellbook	165	Arctic Chestpiece								
50945	spellbook	165	Arctic Leggings								
50946	spellbook	165	Arctic Shoulderpads								
50947	spellbook	165	Arctic Gloves								
50948	spellbook	165	Arctic Boots								
50949	spellbook	165	Arctic Belt								
50950	spellbook	165	Frostscale Chestguard								
50951	spellbook	165	Frostscale Leggings								
50952	spellbook	165	Frostscale Shoulders								
50953	spellbook	165	Frostscale Gloves								
50954	spellbook	165	Frostscale Boots								
50955	spellbook	165	Frostscale Belt								
50956	spellbook	165	Nerubian Chestguard								
50957	spellbook	165	Nerubian Legguards								
50958	spellbook	165	Nerubian Shoulders								
50959	spellbook	165	Nerubian Gloves								
50960	spellbook	165	Nerubian Boots								
50961	spellbook	165	Nerubian Belt								
50962	spellbook	165	Borean Armor Kit								
50963	spellbook	165	Heavy Borean Armor Kit								
50964	spellbook	165	Jormungar Leg Armor								
50965	spellbook	165	Frosthide Leg Armor								
50966	spellbook	165	Nerubian Leg Armor								
50967	spellbook	165	Icescale Leg Armor								
50968	all		Dragonscale Leg Armor								
50969	all		Protoscale Leg Armor								
50970	spellbook	165	Trapper's Traveling Pack								
50971	spellbook	165	Mammoth Mining Bag								
50972	all		Grizzled Hat								
50973	all		Cap of the North								
50974	all		Comfy Raccoonskin Hat								
50975	all		The Rugged Marksman								
50976	all		Burning Throat Aura								
50977	spellbook	772	Death Gate		Opens a gate which the Death Knight can use to return to Ebon Hold.						
50978	all		Colossal Strike		Inflicts weapon damage plus $s1 to an enemy and its nearest allies, affecting up to $x1 targets.						
50979	all		Scared Softknuckle		Torments a softknuckle.	Traumatized by malicious hunters.					
50980	all		Cataclysm		Deals $s3 damage to all nearby Scourge.						
50981	all		Burrow								
50982	all		Power Conversion	Rank 7	Converts $s1 health into $s1 mana.						
50983	all		Titanic Surge		Regenerate $s1% mana per second for $d.  Damage taken while Evocating is increased by $s3%.	Regenerating Mana.\nAll damage taken is increased by $s3%					
50984	all		Unburrow								
50985	all		Reconstruction		Restores all health.						
50986	all		Sulfuron Slammer		An extremely potent flaming alcoholic beverage.	$s1 Fire damage every $t1 seconds.					
50987	all		Teleport to Sholazar								
50988	all		Glare of the Tribunal		Inflicts $s1 Arcane damage to the target.						
50989	all		Flame Breath		Targets in a cone in front of the caster take ${$m2*3} Fire damage over $d.	Breathing fire damage.					
50990	all		Flame Breath		Targets in a cone in front of the caster take ${$m1*3} Fire damage over $d.						
50992	all		Soul Blast		Blasts an enemy target, dealing Shadow damage equal to 20% of their total health.						
50993	all		Sanguine Spirit Aura								
50994	all		Toughen Hide		Increases armor by $s1 and resistance to magic by $s2 for $d.	Armor increased by $s1.\nMagic resistance increased by $s2.					
50995	all		Empowered Blood Presence	Rank 1	Strengthens the Death Knight and party members within 30 yards with the presence of blood, increasing damage and healing by $s1%.  Only one Presence may be active at a time.	Increases damage and healing of party members within 30 yards by $s1%.					
50996	all		Summon Sanguine Spirit								
50997	all		Crystal Chains		Inflicts Frost damage and immobilizes an enemy target for up to $d.	Immobilized.					
50998	all		Summon Sanguine Spirit								
50999	all		Boulder		Deals $s1 damage to the target.						
51000	all		Dark Matter		A cloud of Dark Matter surrounds the target, increasing damage taken by $51012s1%, decreasing movement speed by $51012s2% and dealing $51012s3 Shadow damage to nearby enemies.						
51001	all		Dark Matter		A cloud of Dark Matter surrounds the target, increasing damage taken by $51012s1%, decreasing movement speed by $51012s2% and dealing $51012s3 Shadow damage to nearby enemies.						
51002	all		Call Azure Ring Captain		Calls down a Azure Ring Captain to lay waste to your enemies.						
51003	all		Summon Dark Matter Target								
51004	all		Summon Dark Matter Target								
51005	spellbook	773	Milling		Crush 5 herbs to create pigments for making inks.  This will destroy the herbs in the process.						
51006	all		Call Azure Ring Captain		Calls down a Azure Ring Captain to lay waste to your enemies.						
51007	all		Call Azure Ring Captain		Calls down a Azure Ring Captain to lay waste to your enemies.						
51008	all		Call Azure Ring Captain		Calls down a Azure Ring Captain to lay waste to your enemies.						
51009	all		Soul Deflection		Immense power draws at your soul, reflecting 100% of the damage you deal to yourself for $d.	Reflects 100% of the damage you deal to yourself.					
51010	all		Dire Brew		An enchanted alcoholic beverage that may have an effect on your appearance...	Transformed into a Dark Iron dwarf.					
51011	all		Soul Deflection								
51012	all		Dark Matter		A cloud of Dark Matter surrounds the target, increasing damage taken by $51012s1%, decreasing movement speed by $51012s2% and dealing $51012s3 Shadow damage to nearby enemies.	Increases damage taken by $s1%.\nDecreases movement speed by $s2%.					
51013	all		Exsanguinate		Deal $s1% health (minimum 2000) to target.						
51014	all		Summon Arcane Beam								
51015	all		Random Ingredient Easy Aura			Tastes like...					
51016	all		Vampiric Bolt	9	A vampiric bolt which drains $s2 health from an enemy, transferring it to the caster.						
51017	all		Summon Arcane Beam								
51018	all		Fetch Knotroot			Find some Knotroot and throw it in the alchemy pot!					
51019	all		Arcane Beam Periodic		Blasts the target with Arcane damage.						
51020	all		Time Lapse		Stuns an enemy for $d, inflicting $s1 Nature damage and clearing threat.	Stunned.					
51021	all		Arcane Beam		Blasts the target with a stream of focused energy, dealing $s1 Arcane damage.						
51022	all		Arcane Beam Spawn Trigger								
51023	all		Finklescript								
51024	all		Arcane Beam Visual								
51025	all		Throw Ingredient		Adds ingredient to Finklestein's Cauldron.						
51026	all		Create Drakkari Medallion Cover								
51035	all		Gan'jo's Resurrection	Rank 7							
51036	all		Summon Venture Co. Air Patrol								
51037	all		Capture Chicken Escapee								
51038	all		Flight to Sholazar Periodic								
51039	all		Thassarian Fail Dummy								
51040	all		QATest +2000 Spell Power	QASpell	Increases spell power by $s1.						
51041	all		QATest +2000 Spell Healing	QASpell	Increases healing done by magical spells and effects by up to $s1.						
51042	all		Stun Resistance 50	Passive	Increases your chance to resist Stun effects by $s1%.						
51043	all		Venture Co. Air Patrol Periodic (Kill Shot)								
51044	all		Venture Co. Air Patrol Rockets								
51045	all		TEST - Item QA Debug Pushback Resist (50)		Reduces the duration of Silencing effects by $s1%.						
51046	all		Pot Check		Attempts to throw an ingredient in the pot.						
51047	all		Have Knotroot			You found some Knotroot!					
51049	all		Next Ingredient								
51050	all		Summon Dark Rune Shadowcaster								
51051	all		Summon Iron Golem Custodian								
51052	spellbook	772	Anti-Magic Zone	Rank 1	Places a large, stationary Anti-Magic Zone that reduces spell damage done to party or raid members inside it by $50461s1%.  The Anti-Magic Zone lasts for $51052d or until it absorbs ${$51052m1+2*$AP} spell damage.						
51054	all		Amplify Magic		Amplifies magic used against an enemy, increasing damage taken from spells by up to $s1 and healing spells by up to $s2.  Lasts $d.	Increases magic damage taken by up to $s1 and healing by up to $s2.					
51055	all		Fetch Pickled Eagle Egg			Find a Pickled Eagle Egg and throw it in the alchemy pot!					
51056	all		Have Pickled Eagle Egg			You found some Pickled Eagle Egg!					
51057	all		Fetch Speckled Guano			Find Speckled Guano and throw it in the alchemy pot!					
51058	all		Have Speckled Guano			You found some Speckled Guano!					
51059	all		Fetch Withered Batwing			Find a Withered Batwing and throw it in the alchemy pot!					
51060	all		Have Withered Batwing			You found a Withered Batwing!					
51061	all		Skeleton Army								
51062	all		Fetch Seasoned Slider Cider			Find some Seasoned Slider Cider and throw it in the alchemy pot!					
51063	all		Have Seasoned Slider Cider			You found the Seasoned Slider Cider!					
51064	all		Fetch Pulverized Gargoyle Teeth			Find some Pulverized Gargoyle Teeth and throw it in the alchemy pot!					
51065	all		Have Pulverized Gargoyle Teeth			You found the Pulverized Gargoyle Teeth!					
51066	all		Teach Ninja		Teaches you the Fireball spell (ninja style).						
51067	all		Fetch Muddy Mire Maggot			Find a Muddy Mire Maggot and throw it in the alchemy pot!					
51068	all		Have Muddy Mire Maggot			You found the Muddy Mire Maggot!					
51069	all		Fetch Spiky Spider Egg			Find a Spiky Spider Egg and throw it in the alchemy pot!					
51070	all		Have Spiky Spider Egg			You found the Spiky Spider Egg!					
51071	all		Flight to Sholazar (Missile Warning)								
51072	all		Fetch Hairy Herring Head			Find a Hairy Herring Head and throw it in the alchemy pot!					
51073	all		Shadow Nova		Inflicts Shadow damage to nearby enemies.						
51074	all		Shadow Barrage		Inflicts Shadow damage to nearby enemies.	Inflicts Shadow damage to nearby enemies.					
51075	all		Have Hairy Herring Head			You found the Hairy Herring Head!					
51076	all		Flight to Sholazar (Trigger Warning)								
51077	all		Fetch Putrid Pirate Perspiration			Find some Putrid Pirate Perspiration and throw it in the alchemy pot!					
51078	all		Have Putrid Pirate Perspiration			You found the Putrid Pirate Perspiration!					
51079	all		Fetch Icecrown Bottled Water			Find some Icecrown Bottled Water and throw it in the alchemy pot!					
51080	all		Have Icecrown Bottled Water			You found the Icecrown Bottled Water!					
51081	all		Fetch Wasp's Wings			Find some Wasp's Wings and throw them in the alchemy pot!					
51082	all		Have Wasp's Wings			You found the Wasp's Wings!					
51083	all		Fetch Prismatic Mojo			Find some Prismatic Mojo and throw it in the alchemy pot!					
51084	all		Have Prismatic Mojo			You found the Prismatic Mojo!					
51085	all		Fetch Raptor Claw			Find a Raptor Claw and throw it in the alchemy pot!					
51086	all		Have Raptor Claw			You found the Raptor Claw!					
51087	all		Fetch Amberseed			Find an Amberseed and throw it in the alchemy pot!					
51088	all		Have Amberseed			You found the Amberseed!					
51089	all		Fetch Burning Ice			Find some Burning Ice and throw it in the alchemy pot!					
51090	all		Have Burning Ice			You found the Burning Ice!					
51091	all		Fetch Shrunken Dragon's Claw			Find a Shrunken Dragon's Claw and throw it in the alchemy pot!					
51092	all		Have Shrunken Dragon's Claw			You found the Shrunken Dragon's Claw!					
51093	all		Fetch Chilled Serpent Mucus			Find some Chilled Serpent Mucus and throw it in the alchemy pot!					
51094	all		Have Chilled Serpent Mucus			You found the Chilled Serpent Mucous!					
51095	all		Fetch Crystallized Hogsnot			Find some Crystallized Hogsnot and throw it in the alchemy pot!					
51096	all		Have Crystallized Hogsnot			You found the Crystallized Hogsnot!					
51097	all		Fetch Crushed Basilisk Crystals			Find some Crushed Basilisk Crystals and throw it in the alchemy pot!					
51098	all		Have Crushed Basilisk Crystals			You found the Crushed Basilisk Crystals!					
51099	spellbook	772	Ebon Plaguebringer	Rank 1	Your Crypt Fever morphs into Ebon Plague, which increases magic damage taken by 4% in addition to increasing disease damage taken.  Improves your critical strike chance with weapons and spells by $51099s2% at all times.						
51100	all		Fetch Trollbane			Find some Trollbane and throw it in the alchemy pot!					
51101	all		Have Trollbane			You found the Trollbane!					
51102	all		Fetch Frozen Spider Ichor			Find some Frozen Spider Ichor and throw it in the alchemy pot!					
51103	all		Frostbomb		Launches a Frostbomb that deals Frost damage and freezes the ground, dealing periodic damage and slowing the movement speed of enemies in an area.	$s2 Frost damage inflicted every $t2 sec.\nMovement speed reduced by $s3%.					
51104	all		Have Frozen Spider Ichor			You found the Frozen Spider Ichor!					
51105	all		Random Ingredient Medium								
51106	all		Dummy Nuke (Range Self)								
51107	all		Random Ingredient Hard								
51108	spellbook	771	Frigid Dreadplate	Rank 2	Reduces the chance melee attacks will hit you by $s1%.						
51109	spellbook	771	Frigid Dreadplate	Rank 3	Reduces the chance melee attacks will hit you by $s1%.						
51110	all		Empowered Arcane Explosion		Sends out a blast wave of magic, inflicting Arcane damage to nearby enemies.						
51111	all		Kill Credit								
51112	all		Teleport		Teleports the caster to the center of The Oculus.						
51113	all		Monte Muzzleshot's Invisibility (Mangal)								
51114	all		Monte Muzzleshot's Invisibility (Camp)								
51115	all		Detect Monte's Invis (Mangal)								
51116	all		Detect Monte's Invis (Camp)								
51117	all		Wyrmrest Temple - Protector Transform (Black)								
51118	all		Wyrmrest Temple - Protector Transform (Blue)								
51119	all		Wyrmrest Temple - Protector Transform (Nether)								
51120	all		Tinnitus			Cannot receive beneficial effects from drums.					
51121	all		Time Bomb		Deals $s1 Arcane damage and plants a time bomb in an enemy target.  After $t2 sec the bomb explodes, dealing additional Arcane damage to nearby enemies equal to the amount of health missing from the target.	Deals Arcane damage to nearby friends after $t2 seconds.  Damage dealt is equal to your missing health.					
51122	all		Fierce Lightning Stike								
51123	spellbook	771	Killing Machine	Rank 1	Your melee attacks have a chance to make your next Icy Touch, Howling Blast or Frost Strike a critical strike.						
51124	all		Killing Machine		Your melee attacks have a chance to make your next Icy Touch, Howling Blast or Frost Strike a critical strike.	Your next Icy Touch, Howling Blast or Frost Strike will be a critical strike.					
51125	all		Searing Gaze		Sears the target for $s1 Fire damage.	Deals $s1 Fire damage per second.					
51126	all		New Shadowform								
51127	spellbook	771	Killing Machine	Rank 2	Your melee attacks have a chance to make your next Icy Touch, Howling Blast or Frost Strike a critical strike.  Effect occurs more often than Killing Machine (Rank 1).						
51128	spellbook	771	Killing Machine	Rank 3	Your melee attacks have a chance to make your next Icy Touch, Howling Blast or Frost Strike a critical strike.  Effect occurs more often than Killing Machine (Rank 2).						
51129	spellbook	771	Killing Machine	Rank 4	Your melee attacks have a chance to make your next Icy Touch, Howling Blast or Frost Strike a critical strike.  Effect occurs more often than Killing Machine (Rank 3).						
51130	spellbook	771	Killing Machine	Rank 5	Your melee attacks have a chance to make your next Icy Touch, Howling Blast or Frost Strike a critical strike.  Effect occurs more often than Killing Machine (Rank 4).						
51131	all		Strangulate		Inflicts $s1 Shadow damage every sec for $d.  Silences the enemy, preventing it from casting spells for $d.	Inflicts $s1 Shadow damage every second.\nSilenced.					
51132	all		Time Bomb Detonation		Time Bomb Explosion.						
51133	all		Defeated Argent Footman Transform								
51134	all		Random Ingredient Easy								
51135	all		Blood Tap		Drains $s1 health from an enemy, healing the caster for up to ten times that amount.						
51136	all		Searing Gaze								
51137	all		Paralyzing Slime		Decreases cast and attack speed by $s1% for $d.	Decreases cast and attack speed by $s1%.					
51139	all		Scourging Reanimation		Invokes dark magic to reanimate a corpse.	Reanimated.					
51144	all		Wing Buffet		Inflicts $s2 damage to enemies in a cone in front of the caster, knocking them back.						
51146	all		Summon Searing Gaze Target								
51147	all		Summon Searing Gaze Target								
51148	all		Defeated Argent Footman: Summon Scourged Argent Footman								
51149	all		Summon Coyote Spirit		Right Click to summon an incorporeal coyote spirit to accompany you. The spirit will remain until sent away or you remove the hat.						
51150	all		Crystal Shatter Visual								
51151	all		Place Skyreach Crystals		Place at the base of the Mistwhisper weather shrine.						
51152	all		Encasing Webs		Encases a target in sticky webs.	Cocooned in webs.					
51153	all		Arcane Volley		Inflicts Arcane damage to an enemy.						
51154	all		Random Ingredient Medium Aura								
51156	all		Crystal Kick								
51157	all		Random Ingredient Hard Aura								
51160	spellbook	772	Ebon Plaguebringer	Rank 2	Your Crypt Fever morphs into Ebon Plague, which increases magic damage taken by 9% in addition to increasing disease damage taken.  Improves your critical strike chance with weapons and spells by $51160s2% at all times.						
51161	spellbook	772	Ebon Plaguebringer	Rank 3	Your Crypt Fever morphs into Ebon Plague, which increases magic damage taken by 13% in addition to increasing disease damage taken.  Improves your critical strike chance with weapons and spells by $51161s2% at all times.						
51162	all		Planar Shift		Shifts the caster to the astral plane for $d.  While shifted the caster is immune to magic damage but cannot move or attack.	Immune to Magic damage.\nCannot attack or cast spells.					
51165	all		Tangled Skein Thrower		Shoot a web at the targeted Plague Sprayer in order to bring it down. Has a range of $r yards.						
51166	spellbook	78	Twisted Faith	Rank 4	Increases your spell power by $s1% of your total Spirit, and your damage done by your Mind Flay and Mind Blast is increased by $s2% if your target is afflicted by your Shadow Word: Pain.						
51167	spellbook	78	Twisted Faith	Rank 5	Increases your spell power by $s1% of your total Spirit, and your damage done by your Mind Flay and Mind Blast is increased by $s2% if your target is afflicted by your Shadow Word: Pain.						
51168	all		Encasing Webs			Wrapped in webs.					
51169	all		Fierce Lightning Spawner								
51170	all		Enraged Assault		Increases damage done by $s2% and casting speed by $s1% for $d.	Casting speed increased by $s1%.\nDamage done increased by $s2%.					
51171	all		Coyote Spirit Despawn								
51172	all		Lightning to Cloud								
51173	all		A Tangled Skein: Encasing Webs - Effect								
51175	all		Summon Ley-Whelp		Summons a Greater Ley-Whelp to assist the caster.						
51176	all		Coyote Spirit Depawn Aura								
51177	all		Create Corrupted Fel-Ice Subzero Netherfrost Mana Shard	Rank 7	Conjures a Corrupted Fel-Ice Subzero Netherfrost Shard that can be used to instantly restore $27103s1 mana.						
51178	all		King of the Jungle		While using your Enrage ability in Bear Form or Dire Bear Form, your damage is increased, and your Tiger's Fury ability also instantly restores energy.						
51179	spellbook	573	Gift of the Earthmother	Rank 1	Increases your total spell haste by $s1% and reduces the base cooldown of your Lifebloom spell by ${$m2/-15}%.						
51180	spellbook	573	Gift of the Earthmother	Rank 2	Increases your total spell haste by $s1% and reduces the base cooldown of your Lifebloom spell by ${$m2/-15}%.						
51181	spellbook	573	Gift of the Earthmother	Rank 3	Increases your total spell haste by $s1% and reduces the base cooldown of your Lifebloom spell by ${$m2/-15}%.						
51182	spellbook	573	Gift of the Earthmother	Rank 4	Increases your total spell haste by $s1% and reduces the base cooldown of your Lifebloom spell by ${$m2/-15}%.						
51183	spellbook	573	Gift of the Earthmother	Rank 5	Increases your total spell haste by $s1% and reduces the base cooldown of your Lifebloom spell by ${$m2/-15}%.						
51185	all		King of the Jungle		While using your Enrage ability in Bear Form or Dire Bear Form, your damage is increased, and your Tiger's Fury ability also instantly restores energy.	Damage increased by $s1%.					
51186	all		Summon Goregek the Bristlepine Hunter		Calls or dismisses Goregek.						
51187	all		Forcecast Summon Goregek								
51188	all		Summon Dajik the Wasp Hunter		Calls or dismisses Dajik.						
51189	all		Summon Zepik the Gorloc Hunter		Calls or dismisses Zepik.						
51190	all		Summon Lafoo		Calls or dismisses Lafoo.						
51191	all		Summon Jaloot		Calls or dismisses Jaloot should he be managing to pay attention at the time.						
51192	all		Summon Moodle		Calls or dismisses Moodle.						
51193	all		Cosmetic - Fire Force Shield (Red)								
51194	all		Arcane Fire State								
51195	all		Cosmetic - Low Poly Fire								
51196	all		Forcecast Summon Dajik								
51197	all		Forcecast Summon Zepik								
51198	all		Forcecast Summon Lafoo								
51199	all		Forcecast Summon Jaloot								
51200	all		Forcecast Summon Moodle								
51201	all		Cosmetic - Smoking Corpse								
51202	all		Destroy Ghoul		Destroys a ghoul and and return its essence to the caster.						
51203	all		Corroded Mind		The Corrosive Poison inflicts $s2 Nature damage and decreases damage done by $s1% for $d.	Reduces all damage dealt by $s1%.					
51204	all		Summon Sanguine Spirit								
51205	all		Summon Sanguine Spirit onKill								
51206	all		Dirge		Your Death Strike, Plague Strike and Scourge Strike generate additional runic power.						
51208	all		Summon Sanguine Spirit (Missile Burst)								
51209	all		Hungering Cold	Rank 1	Purges the earth around the Death Knight of all heat.  Enemies within $51209a1 yards are trapped in ice, preventing them from performing any action for $51209d and infecting them with Frost Fever.  Enemies are considered Frozen, but any damage other than diseases will break the ice.	Frozen.					
51210	all		Use Soo-rahm's Incense		Burn Soo-rahm's Incense at the offering bowl in front of the Bones of Nozronn.						
51211	all		Blade Flurry		Increases your attack speed by $s1%.  In addition, attacks strike an additional nearby opponent.  Lasts $d.	Attack speed increased by $s1%.  Weapon attacks strike an additional nearby opponent.					
51212	all		Despawn Sanguine Spirits								
51213	all		Weather Shrine Active Aura								
51214	all		Despawn Sanguine Spirit (visual)								
51215	all		Despawn Valgarde Prisoners								
51216	all		Alchemist's Apprentice Invisbuff								
51217	all		Slave of Goregek								
51218	all		Flame Breath		Inflicts $s1 Fire damage to enemies in a cone in front of the caster.						
51219	all		Flame Breath		Inflicts $s1 Fire damage to enemies in a cone in front of the caster.						
51220	all		Kyle's Test Spell 2(Internal Only)		Permanently increase the armor value of an item worn on the chest, legs, hands or feet by 24.  Only usable on items level 15 and above.						
51221	all		Taxi to Explorers' League Outpost								
51222	all		Taxi Path Flavor								
51223	all		Increased Hit 15		Increases your hit rating by $s1.						
51224	all		Summon Raptor								
51225	all		Increased Attack Power 30		Increases your attack power by $s1.						
51226	all		Withered Batwing Kill Credit								
51227	all		Muddy Mire Maggot Kill Credit								
51228	all		Amberseed Kill Credit								
51229	all		Chilled Serpent Mucus Kill Credit								
51230	all		Retch!		Retch on the ground!  Humanoids in it are slowed and infected.  Zombies in it are healed.						
51232	all		Alchemist Finklestein Kill Credit								
51233	all		Captain Grondel Kill Credit								
51234	all		Frenzyheart Hill Aura								
51235	all		Dan's Test Fireball	Rank 1	Hurls a fiery ball that causes $s1 Fire damage and an additional $o2 Fire damage over $d.	$s2 Fire damage every $t2 seconds.					
51236	all		Dan's Test Iceblast	Rank 1	Hurls a fiery ball that causes $s1 Fire damage and an additional $o2 Fire damage over $d.	$s2 Fire damage every $t2 seconds.					
51238	all		Dan's Passenger 1 - Abandon								
51239	all		Mistwhisper Refuge Aura								
51240	all		Fear		Strikes fear in an enemy, causing it to flee in terror for $d. Only 1 target can be feared at a time.	Fleeing in fear.					
51241	all		ZP - Retch! (Bunny Aura)								
51242	all		ZP - Retch! (Bunny)								
51243	all		Arcane Bolt		Hurls a magical bolt at an enemy, inflicting Arcane damage.						
51244	all		Water Breathing		Allows the target to breathe underwater for $d.	Waterbreathing.					
51246	all		Test Grow AoE 2x Speed 2x								
51247	all		Place Banner		Places an Argent Crusade Banner at a Drakkari Pedestal in Drak'Sotra.						
51248	all		Water Bubble								
51249	all		Summon Agent Crusade Banner								
51250	all		Spell Absorption		Places a large, static Anti-Magic Zone which can protect any party members inside it.  The Anti-Magic Zone absorbs $48707s1% of the damage dealt by the next harmful spell. Absorbs a limited amount of damage.						
51253	all		Trample		Inflicts Physical damage to nearby enemies.						
51254	all		Dan's Eject All Passengers								
51255	all		Smoldering Flames, Giest								
51256	all		Captive Crocolisk Chains								
51257	all		Summon Possessed Crocolisk								
51258	all		Forcecast Summon Crocolisk								
51259	all		Boundary Warning		This vehicle is out of bounds. Return to the field of battle at once!	This vehicle is out of bounds. Return to the field of battle at once!					
51260	all		QA Test Buff Spell One		A Buff To Dispel.	Dispel Me.					
51261	all		QA Test Buff Spell Two		A Buff To Dispel.	Dispel Me.					
51262	all		Increased Hit 15		Increases your hit rating by $s1.						
51263	all		Increased Stamina 25		Increases your Stamina by $s1.						
51264	all		QA Test Buff Spell Three		A Buff To Dispel.	Dispel Me.					
51265	all		Blessing of Zim'Abwa		Places a Blessing on the friendly target, increasing attack power by $s1 for $d. Limited to Zul'Drak.	Increases attack power by $s1 within Zul'Drak, Gundrak, and Drak'Tharon Keep.					
51266	all		Berserk		Reduces the energy cost of your Cat form abilities by $50334s1% while in Cat form, and increases your total health by $50321s1% and causes your Mangle (Bear) and Maul abilities hit up to 3 maximum targets while in Bear form or Dire Bear form. \n\nBerserk instantly clears all effects which cause loss of control of your character, and makes you immune to them for the duration.						
51267	spellbook	772	On a Pale Horse	Rank 2	You become as hard to stop as death itself.  The duration of all Stun and Fear effects used against you is reduced by 20%, and your mounted speed is increased by 20%.  This does not stack with other movement speed increasing effects.						
51268	spellbook	134	Rend and Tear	Rank 4	Increases damage done by your Maul and Shred attacks on bleeding targets by $s1%, and increases the critical strike chance of your Ferocious Bite ability on bleeding targets by $s2%.						
51269	spellbook	134	Rend and Tear	Rank 5	Increases damage done by your Maul and Shred attacks on bleeding targets by $s1%, and increases the critical strike chance of your Ferocious Bite ability on bleeding targets by $s2%.						
51270	all		Corpse Exploded								
51271	spellbook	771	Unbreakable Armor		Reinforces your armor with a thick coat of ice, increasing your armor by $s1% and increasing your Strength by $s2% for $d.	Armor increased by $s1%.\nStrength increased by $s2%.					
51272	all		Boundary Warning		This vehicle is out of bounds. Return to the field of battle at once!	This vehicle is out of bounds. Return to the field of battle at once!					
51273	all		Increased Crit 15		Increases your crit rating by $s1.						
