spell_id	priority	skill_line_ids	name_en	rank_en	description_en	tooltip_en	name_zh	rank_zh	description_zh	tooltip_zh	notes
53461	all		Copy of See Chapel Invisibility								
53462	spellbook	773	Midnight Ink								
53463	all		Return Flesh		Returns the flesh to the target.	You feel your flesh returning to your bones...					
53464	all		Split Teleport (Alliance) (Boat 1)								
53465	all		Split Teleport (Alliance) (Boat 2)								
53466	all		Cauldron Stir								
53467	all		Leeching Swarm		Creates a swarm of locusts to protect the caster. These locusts deal $53468s1 Nature damage per second to all enemies within $53468a1 yards. Lasts $53467d.	Deals $53468s1 Nature damage per second to surrounding enemies.					
53468	all		Leeching Swarm		Creates a swarm of locusts to protect the caster. These locusts deal $53468s1 Nature damage per second to all enemies within $53468a1 yards. Lasts $53467d.	Deals $s1 Nature damage per second.					
53471	all		Attack Power - Feral (+0937)		Increases attack power by $s1 in Cat, Bear, Dire Bear, and Moonkin forms only.						
53472	all		Pound		Rears up and smashes down on all enemies in front of the caster within $53472a1 yards, dealing $53509s1 damage and pounding them into the floor for $53472d.	Stunned.					
53473	all		Pound		Rears up and smashs down on the all enemies in front of the caster within $53472a1 yards, dealing $53509s1 damage and pounding them into the floor for $53472d.						
53474	all		Pound		Rears up and smashs down on the all enemies in front of the caster within $53472a1 yards, dealing $53509s1 damage and pounding them into the floor for $53472d.						
53475	all		Set Oracle Faction Friendly								
53476	spellbook	270	Intervene		Your pet runs at high speed towards a group member, intercepting the next melee or ranged attack made against them.	The next melee or ranged attack made against you will be made against the intervening pet instead.					
53477	spellbook	270	Taunt		Your pet taunts the target to attack it for $d.	Taunted.					
53478	spellbook	270	Last Stand		Your pet temporarily gains 30% of its maximum health for $53479d.  After the effect expires, the health is lost.						
53479	all		Last Stand		Your pet temporarily gains 30% of its maximum health for $53479d.  After the effect expires, the health is lost.	Health increased by 30% of maximum.					
53480	spellbook	270	Roar of Sacrifice		Protects a friendly target from critical strikes, making attacks against that target unable to be critical strikes, but $s2% of all damage taken by that target is also taken by the pet.  Lasts $d.	Immune to critical strikes, but damage transferred to the hunter's pet.					
53481	spellbook	270	Blood of the Rhino	Rank 1	Increases your pet's total Stamina by $s1% and increases all healing effects on your pet by $s2%.						
53482	spellbook	270	Blood of the Rhino	Rank 2	Increases your pet's total Stamina by $s1% and increases all healing effects on your pet by $s2%.						
53483	spellbook	270	Mobility	Rank 1	Reduces the cooldown on your pet's Dash ability by ${$m1/-1000} sec.						
53484	spellbook	184	Swift Retribution	Rank 2	Your auras also increase casting, ranged and melee attack speeds by $s1%.						
53485	spellbook	270	Mobility	Rank 2	Reduces the cooldown on your pet's Dash ability by ${$m1/-1000} sec.						
53486	spellbook	184	The Art of War	Rank 1	Increases the damage of your Judgement, Crusader Strike and Divine Storm abilities by $s1% and when your melee attacks critically hit the cast time of your next Flash of Light or Exorcism is reduced by ${$53489m1/-1000}.2 sec.						
53487	all		Set Wolvar Faction Honored								
53488	spellbook	184	The Art of War	Rank 2	Increases the damage of your Judgement, Crusader Strike and Divine Storm abilities by $s1% and when your melee attacks critically hit your next Flash of Light  or Exorcism spell becomes instant cast.						
53489	spellbook	184	The Art of War		Increases the critical strike damage of your Judgement, Crusader Strike and Divine Storm abilities by $53486s1% and when your melee attacks critically hit the cast time of your next Flash of Light or Exorcism is reduced by ${$53489m1/-1000}.2 sec.	The cast time of your next Flash of Light or Exorcism is reduced by ${$53489m1/-1000}.2 sec.					
53490	spellbook	270	Bullheaded		Removes all movement impairing effects and all effects which cause loss of control of your pet, and reduces damage done to your pet by $63896s1% for $63896d.						
53492	all		Forcecast Set Wolvar Honored								
53493	all		Incinerate		Deals $s1 Fire damage to your target.						
53496	all		Darting Flames		Flames dart from the caster's hands, dealing Fire damage to nearby enemies.						
53497	spellbook	270	Cornered	Rank 2	When at less than 35% health, your pet does $s1% more damage and has a $s2% reduced chance to be critically hit.						
53498	all		Swipe		A ferocious swipe that deals damage to the target and up to three nearby enemies.						
53499	all		Rake		Rake the target for $s1 damage and an additional $o2 damage over $d.	Bleeding for $s2 damage every $t2 seconds.					
53500	all		Emerge								
53501	spellbook	184	Sheath of Light	Rank 1	Increases your spell power by an amount equal to $s1% of your attack power and your critical healing spells heal the target for $s2% of the healed amount over 12 seconds.						
53502	spellbook	184	Sheath of Light	Rank 2	Increases your spell power by an amount equal to $s1% of your attack power and your critical healing spells heal the target for $s2% of the healed amount over 12 seconds.						
53503	spellbook	184	Sheath of Light	Rank 3	Increases your spell power by an amount equal to $s1% of your attack power and your critical healing spells heal the target for $s2% of the healed amount over 12 seconds.						
53504	all		Flickering Flames		$s1 Fire damage inflicted every $t1 sec for $d.\nQuenching Mist reduces this effect.	$s1 Fire damage inflicted every $t1 sec.\nQuenching Mist reduces this effect.					
53506	all		Moonkin Form		Gain mana.						
53508	spellbook	270	Wolverine Bite		A fierce attack causing $s1 damage, modified by pet level, that your pet can use after it makes a critical attack.  Cannot be dodged, blocked or parried.						
53509	all		Pound		Rears up and smashes down on all enemies in front of the caster within $53472a1 yards, dealing $53509s1 damage and pounding them into the floor for $53472d.						
53510	all		Ashbringer VO								
53511	spellbook	270	Feeding Frenzy	Rank 1	Your pet does $s1% additional damage to targets with less than 35% health.						
53512	spellbook	270	Feeding Frenzy	Rank 2	Your pet does $s1% additional damage to targets with less than 35% health.						
53513	all		Frozen Shade, Climax Spawn								
53514	spellbook	270	Owl's Focus	Rank 1	Your pet has a $53514h% chance after using an ability that the next ability will cost no Focus if used within $53515d.						
53515	all		Owl's Focus		Your pet has a chance after using an ability that the next ability will cost no Focus if used within $53515d.	Your pet's next ability costs no Focus.					
53516	spellbook	270	Owl's Focus	Rank 2	Your pet has a $53516h% chance after using an ability that the next ability will cost no Focus if used within $53515d.						
53517	spellbook	270	Roar of Recovery		Your pet's inspiring roar restores $o1% of your total mana over $d.	Gain $s1% of total mana every $t1 sec.					
53518	all		WotLK - Summon Frozen Shade, Climax								
53519	spellbook	267	Stoicism	Rank 3	Reduces the duration of all Stun effects by an additional $s1% and reduces the chance your helpful spells and damage over time effects will be dispelled by an additional $s2%.						
53520	all		Carrion Beetles		Summons 2 Carrion Beetles every second for $d.	Summoning Carrion Beetles.					
53521	all		Carrion Beetles		Summons 2 Carrion Beetles every second for $53520d.						
53525	all		Summon Frigid Bones								
53526	all		Swipe	Rank 2	Swipe nearby enemies, inflicting $s1 damage.						
53527	spellbook	267	Divine Guardian	Rank 1	When Divine Sacrifice is activated, your party and raid members within $70940a1 yards take $s1% reduced damage for $70940d.  In addition, increases the duration of your Sacred Shield by $s2% and the amount absorbed by $s3%.						
53528	all		Swipe	Rank 3	Swipe nearby enemies, inflicting $s1 damage.						
53529	all		Swipe	Rank 4	Swipe nearby enemies, inflicting $s1 damage.						
53530	spellbook	267	Divine Guardian	Rank 2	When Divine Sacrifice is activated, your party and raid members within $70940a1 yards take $s1% reduced damage for $70940d.  In addition, increases the duration of your Sacred Shield by $s2% and the amount absorbed by $s3%.						
53532	all		Swipe	Rank 5	Swipe nearby enemies, inflicting $s1 damage.						
53533	all		Swipe	Rank 6	Swipe nearby enemies, inflicting $s1 damage.						
53534	all		Chains of Ice		Chains the target in place for $d, during which time the target is considered Frozen.  The target regains 10% of their movement speed each second after breaking free of the chains.	Frozen in place.					
53536	all		Howling Blast		Blast the target with a frigid wind dealing $s2 Frost damage to all enemies within 10 yards.  Deals triple damage to Frozen targets.						
53537	all		Snatch	Rank 2	The bird of prey grabs the enemy's weapon with its talons, causing $s1 damage and disarming them for $d.	Disarmed!					
53538	all		Snatch	Rank 3	The bird of prey grabs the enemy's weapon with its talons, causing $s1 damage and disarming them for $d.	Disarmed!					
53539	all		Ice Spike Spawn								
53540	all		Snatch	Rank 4	The bird of prey grabs the enemy's weapon with its talons, causing $s1 damage and disarming them for $d.	Disarmed!					
53542	all		Snatch	Rank 5	The bird of prey grabs the enemy's weapon with its talons, causing $s1 damage and disarming them for $d.	Disarmed!					
53543	all		Snatch	Rank 6	The bird of prey grabs the enemy's weapon with its talons, causing $s1 damage and disarming them for $d.	Disarmed!					
53544	spellbook	214	Pin	Rank 2	Pins the target in place, and squeezes for $o2 damage over $d.	Pinned in place.					
53545	spellbook	214	Pin	Rank 3	Pins the target in place, and squeezes for $o2 damage over $d.	Pinned in place.					
53546	spellbook	214	Pin	Rank 4	Pins the target in place, and squeezes for $o2 damage over $d.	Pinned in place.					
53547	all		Pin	Rank 5	Pins the target in place, and squeezes for $o2 damage over $d.	Pinned in place.					
53548	all		Pin	Rank 6	Pins the target in place, and squeezes for $o2 damage over $d.	Pinned in place.					
53549	all		Icy Touch	Rank 1	Deals $m1 to $M1 Frost damage modified by attack power and reduces the target's ranged, melee attack, and casting speed by $53231s1% for $53231d.	Ranged, melee and casting speed reduced by $53231s2%.					
53550	all		Mind Freeze		Strike the target's mind with cold, dealing $m2 Frost Damage modified by attack power and interrupting spellcasting while also preventing any spell in that school from being cast for $d.						
53551	spellbook	594	Sacred Cleansing	Rank 1	Your Cleanse spell has a $h% chance to increase the target's resistance to Disease, Magic and Poison by $53659s1% for $53659d.						
53552	spellbook	594	Sacred Cleansing	Rank 2	Your Cleanse spell has a $h% chance to increase the target's resistance to Disease, Magic and Poison by $53659s1% for $53659d.						
53553	spellbook	594	Sacred Cleansing	Rank 3	Your Cleanse spell has a $h% chance to increase the target's resistance to Disease, Magic and Poison by $53659s1% for $53659d.						
53554	spellbook	270	Mobility	Rank 1	Reduces the cooldown on your pet's Dive ability by ${$m1/-1000} sec.						
53555	spellbook	270	Mobility	Rank 2	Reduces the cooldown on your pet's Dive ability by ${$m1/-1000} sec.						
53556	spellbook	594	Enlightened Judgements	Rank 1	Increases the range of your Judgement of Light and Judgement of Wisdom spells by $s1 yards and increases your chance to hit by $s2%.						
53557	spellbook	594	Enlightened Judgements	Rank 2	Increases the range of your Judgement of Light and Judgement of Wisdom spells by $s1 yards and increases your chance to hit by $s2%.						
53558	all		Ravage	Rank 2	Violently attacks an enemy for $s1, stunning it for $d.	Stunned.					
53559	all		Ravage	Rank 3	Violently attacks an enemy for $s1, stunning it for $d.	Stunned.					
53560	all		Ravage	Rank 4	Violently attacks an enemy for $s1, stunning it for $d.	Stunned.					
53561	all		Ravage	Rank 5	Violently attacks an enemy for $s1, stunning it for $d.	Stunned.					
53562	all		Ravage	Rank 6	Violently attacks an enemy for $s1, stunning it for $d.	Stunned.					
53563	spellbook	594	Beacon of Light		The target becomes a Beacon of Light to all members of your party or raid within a 60 yard radius.  Any heals you cast on party or raid members will also heal the Beacon for $s1% of the amount healed.  Only one target can be the Beacon of Light at a time. Lasts $d.	Beacon of Light.					
53564	all		Sonic Blast	Rank 2	Emits a piercing shriek, inflicting $s1 Nature damage and stunning the target for $d.	Stunned.					
53565	all		Sonic Blast	Rank 3	Emits a piercing shriek, inflicting $s1 Nature damage and stunning the target for $d.	Stunned.					
53566	all		Sonic Blast	Rank 4	Emits a piercing shriek, inflicting $s1 Nature damage and stunning the target for $d.	Stunned.					
53567	all		Sonic Blast	Rank 5	Emits a piercing shriek, inflicting $s1 Nature damage and stunning the target for $d.	Stunned.					
53568	all		Sonic Blast	Rank 6	Emits a piercing shriek, inflicting $s1 Nature damage and stunning the target for $d.	Stunned.					
53569	spellbook	594	Infusion of Light	Rank 1	Your Holy Shock critical hits reduce the cast time of your next Flash of Light by ${$53672m2/-1000}.2 sec or increase the critical chance of your next Holy Light by $53672s1%.  In addition, causes your Flash of Light to heal targets with Sacred Shield for an additional $s3% over $66922d.						
53570	all		Hungering Cold		Unleashes all available runic power to suddenly purge the earth around the Death Knight of all heat.  Enemies within $51209a1 yards are trapped in ice, preventing them from performing any action for 1 sec per 5 runic power.  Enemies are considered Frozen, but any damage will break the ice.	Frozen.					
53571	all		Tendon Rip	Rank 2	Tears at an enemy's legs for $s2 damage and reduces movement speed by $s1% for $d.	Movement speed reduced by $s1%.					
53572	all		Tendon Rip	Rank 3	Tears at an enemy's legs for $s2 damage and reduces movement speed by $s1% for $d.	Movement speed reduced by $s1%.					
53573	all		Tendon Rip	Rank 4	Tears at an enemy's legs for $s2 damage and reduces movement speed by $s1% for $d.	Movement speed reduced by $s1%.					
53574	all		Tendon Rip	Rank 5	Tears at an enemy's legs for $s2 damage and reduces movement speed by $s1% for $d.	Movement speed reduced by $s1%.					
53575	all		Tendon Rip	Rank 6	Tears at an enemy's legs for $s2 damage and reduces movement speed by $s1% for $d.	Movement speed reduced by $s1%.					
53576	spellbook	594	Infusion of Light	Rank 2	Your Holy Shock critical hits reduce the cast time of your next Flash of Light by ${$54149m2/-1000}.1 sec or increase the critical chance of your next Holy Light by $54149s1%.  In addition, causes your Flash of Light to heal targets with Sacred Shield for an additional $s3% over $66922d.						
53578	all		Savage Rend	Rank 2	Slashes the enemy with the raptor's talons for $s1 damage, and causes the target to bleed for $s2 damage every $t2 sec for $d.  Successful critical strikes with this ability temporarily boost the raptor's damage by $50872s1% for $50872d.	Physical damage inflicted every $t2 sec.					
53579	all		Savage Rend	Rank 3	Slashes the enemy with the raptor's talons for $s1 damage, and causes the target to bleed for $s2 damage every $t2 sec for $d.  Successful critical strikes with this ability temporarily boost the raptor's damage by $50872s1% for $50872d.	Physical damage inflicted every $t2 sec.					
53580	all		Savage Rend	Rank 4	Slashes the enemy with the raptor's talons for $s1 damage, and causes the target to bleed for $s2 damage every $t2 sec for $d.  Successful critical strikes with this ability temporarily boost the raptor's damage by $50872s1% for $50872d.	Physical damage inflicted every $t2 sec.					
53581	all		Savage Rend	Rank 5	Slashes the enemy with the raptor's talons for $s1 damage, and causes the target to bleed for $s2 damage every $t2 sec for $d.  Successful critical strikes with this ability temporarily boost the raptor's damage by $50872s1% for $50872d.	Physical damage inflicted every $t2 sec.					
53582	all		Savage Rend	Rank 6	Slashes the enemy with the raptor's talons for $s1 damage, and causes the target to bleed for $s2 damage every $t2 sec for $d.  Successful critical strikes with this ability temporarily boost the raptor's damage by $50872s1% for $50872d.	Physical damage inflicted every $t2 sec.					
53583	spellbook	267	Guarded by the Light	Rank 1	Reduces spell damage taken by $s2% and gives a $h% chance to refresh the duration of your Divine Plea when you hit an enemy.  In addition, your Divine Plea spell is $s1% less likely to be dispelled.						
53584	all		Nether Shock	Rank 2	Instantly lashes an enemy for $s2 Shadow damage.  Also interrupts spellcasting and prevents any spell in that school from being cast for $62347d.						
53585	spellbook	267	Guarded by the Light	Rank 2	Reduces spell damage taken by $s2% and gives a $h% chance to refresh the duration of your Divine Plea when you hit an enemy.  In addition, your Divine Plea spell is $s1% less likely to be dispelled.						
53586	all		Nether Shock	Rank 3	Instantly lashes an enemy for $s2 Shadow damage.  Also interrupts spellcasting and prevents any spell in that school from being cast for $62347d.						
53587	all		Nether Shock	Rank 4	Instantly lashes an enemy for $s2 Shadow damage.  Also interrupts spellcasting and prevents any spell in that school from being cast for $62347d.						
53588	all		Nether Shock	Rank 5	Instantly lashes an enemy for $s2 Shadow damage.  Also interrupts spellcasting and prevents any spell in that school from being cast for $d.						
53589	all		Nether Shock	Rank 6	Instantly lashes an enemy for $s2 Shadow damage.  Also interrupts spellcasting and prevents any spell in that school from being cast for $62347d.						
53590	spellbook	267	Touched by the Light	Rank 1	Increases your spell power by an amount equal to $s1% of your Strength and increases the amount healed by your critical heals by $s2%.						
53591	spellbook	267	Touched by the Light	Rank 2	Increases your spell power by an amount equal to $s1% of your Strength and increases the amount healed by your critical heals by $s2%.						
53592	spellbook	267	Touched by the Light	Rank 3	Increases your spell power by an amount equal to $s1% of your Strength and increases the amount healed by your critical heals by $s2%.						
53593	all		Spore Cloud	Rank 2	Dusts nearby enemies with spores causing $s1 Nature damage every $t1 sec for $d and reducing armor by $s2%.	Nature damage inflicted every $t1 sec.\nArmor reduced by $s2%.					
53594	all		Spore Cloud	Rank 3	Dusts nearby enemies with spores causing $s1 Nature damage every $t1 sec for $d and reducing armor by $s2%.	Nature damage inflicted every $t1 sec.\nArmor reduced by $s2.%					
53595	spellbook	267	Hammer of the Righteous		Hammer the current target and up to ${$x1-1} additional nearby targets, causing $s3 times your main hand damage per second as Holy damage.						
53596	all		Spore Cloud	Rank 4	Dusts nearby enemies with spores causing $s1 Nature damage every $t1 sec for $d and reducing armor by $s2%.	Nature damage inflicted every $t1 sec.\nArmor reduced by $s2%.					
53597	all		Spore Cloud	Rank 5	Dusts nearby enemies with spores causing $s1 Nature damage every $t1 sec for $d and reducing armor by $s2%.	Nature damage inflicted every $t1 sec.\nArmor reduced by $s2%.					
53598	all		Spore Cloud	Rank 6	Dusts nearby enemies with spores causing $s1 Nature damage every $t1 sec for $d and reducing armor by $s2%.	Nature damage inflicted every $t1 sec.\nArmor reduced by $s2%.					
53599	all		Summon Anub'ar Darter								
53600	spellbook	267	Shield of Righteousness	Rank 1	Slam the target with your shield, causing Holy damage based on your block value plus an additional $s1.						
53601	spellbook	594	Sacred Shield	Rank 1	Each time the target takes damage they gain a Sacred Shield, absorbing $58597s1 damage and increasing the paladin's chance to critically hit with Flash of Light by $58597s2% for up to $58597d.  They cannot gain this effect more than once every $s2 sec.  Lasts $d.  This spell cannot be on more than one target at any one time.	Each time the target takes damage they gain a Sacred Shield, absorbing $58597s1 damage and increasing the paladin's chance to critically hit with Flash of Light by $58597s2%.   The target cannot gain this effect more than once every $s2 sec.					
53602	all		Dart		Quickly darts at an enemy, dealing $s2 damage every $t2 sec. Lasts $d.	Deals $s2 damage every $t2 sec.					
53603	all		Birth								
53605	all		Degeneration		Instantly attack the target, dealing $s2% weapon damage and inflicting a disease dealing ${$m3*7} over $d.  Any existing heal over time spells on the target become corrupted, dramatically increasing the damage done by the disease and removing the healing effect.	Disease dealing Shadow damage every $t3 seconds.					
53606	all		The Light of Dawn								
53607	all		Rejuvenation		Heals an ally every $t1 sec. for $d.	Damage healed every $t1 sec.					
53608	all		Lifebloom			Heals $s1 every second and 1573 to 1827 when effect finishes or is dispelled.					
53609	all		Summon Anub'ar Assassin								
53610	all		Summon Anub'ar Assassin								
53611	all		Anub'ar Assasssin Visual Passive								
53612	all		Astral Shift		Shift into the astral plane to reduce damage taken by $s1%.	Damage reduced by $s1%.					
53613	all		Summon Anub'ar Guardian Trigger								
53614	all		Summon Anub'ar Guardian								
53615	all		Summon Anub'ar Venomancer								
53616	all		Poison Bolt Volley		Shoots poison at an enemy, inflicting Nature damage, then additional damage every $t2 sec. for $d.	$s2 nature damage inflicted every $t2 sec.					
53617	all		Poison Bolt		Shoots poison at an enemy, inflicting Nature damage, then additional damage every $t2 sec. for $d.	$s2 Nature damage inflicted every $t2 sec.					
53618	all		Sunder Armor		Hacks at an enemy's armor, reducing it more per Sunder Armor. Can be applied up to 20 times. Lasts $d.	Armor reduced by $s1.					
53620	spellbook	163	Focused Aim	Rank 1	Reduces the pushback suffered from damaging attacks while casting Steady Shot by $s1%, and increases your chance to hit by $s2%.						
53621	spellbook	163	Focused Aim	Rank 2	Reduces the pushback suffered from damaging attacks while casting Steady Shot by $s1%, and increases your chance to hit by $s2%.						
53622	spellbook	163	Focused Aim	Rank 3	Reduces the pushback suffered from damaging attacks while casting Steady Shot by $s1%, and increases your chance to hit by $s2%.						
53623	all		Scourge Aggro Aura								
53624	all		Scourge Aggro Aura								
53625	all		Heroic Leap		Charges an enemy, inflicting normal damage plus $s2 and stuns the opponent for $d.						
53626	all		Fixate		Causes an enemy to fixate upon the caster. While the target is fixated upon the caster, the target is very reluctant to attack anything else.						
53627	all		Hero Aggro Aura								
53628	all		Hero Aggro Aura								
53629	all		Uppercut		Inflicts normal damage plus $s1 to an enemy, knocking it back.						
53630	all		Thunder		You call down a bolt of lightning damaging nearby enemies within $a1 yards. Deals $s1 Nature damage to all nearby enemies, knocking them back $/10;S3 yards.						
53631	all		Cleave		Inflicts weapon damage plus $s1 to an enemy and its nearest allies, affecting up to $x1 targets and knocking them back.						
53632	all		Ghoulplosion		KABOOM!	KABOOM!					
53633	all		Cleave		Inflicts weapon damage plus $s1 to an enemy and its nearest allies, affecting up to $x1 targets and knocking them back.						
53634	all		Stomp		Stomp the ground, dealing Physical damage to enemies in a large area and knocking them into the air.						
53635	all		Death's Embrace		Strikes all nearby enemies for $s1 damage and heals all nearby allies for $s2.						
53636	all		Anti-Magic Zone		Places a large, stationary Anti-Magic Zone that reduces spell damage done to party members inside it by $50461s1%.  The Anti-Magic Zone lasts for $51052d or until it absorbs $51052s1 spell damage.	Blocks 85% of incoming spell damage.					
53637	all		Anti-Magic Zone		Places a large, stationary Anti-Magic Zone that reduces spell damage done to party members inside it by $50461s1%.  The Anti-Magic Zone lasts for $51052d or until it absorbs $51052s1 spell damage.	Blocks 85% of incoming spell damage.					
53638	all		Holy Wrath		Sends bolts of holy power in all directions, causing $s1 Holy damage to all targets within $a1 yds, doubling between each jump.						
53639	all		Death Strike		Instantly attack the target, dealing $s2% weapon damage and inflicting a disease dealing ${$m3*7} over $d.  Any existing heal over time spells on the target become corrupted, dramatically increasing the damage done by the disease and removing the healing effect.	Disease dealing Shadow damage every $t3 seconds.					
53640	all		Unholy Blight	Rank 4	A vile swarm of unholy insects surrounds the caster for a 10 yard radius.  All enemies caught in the swarm take $51375s1 damage per sec and are plagued with a disease that can stack up to 3 times.  Persists for 1 sec per 10 runic power. Generating runic power during the effect can prolong it.	Unholy swarm attacking nearby enemies.					
53641	all		Unholy Blight		A vile swarm of unholy insects surrounds the caster for a 10 yard radius.  All enemies caught in the swarm take $s1 damage per sec and are plagued with a disease that can stack up to 3 times.  Lasts for 1 sec per 10 runic power.	$s2 Shadow damage every $t2 sec.					
53642	all		The Might of Mograine		Empowered by the might of Highlord Darion Mograine. Your damage, health and health regeneration are greatly increased. You are an unstoppable force of darkness!	Empowered by the might of Highlord Darion Mograine. Your damage, health and health regeneration are greatly increased. You are an unstoppable force of darkness!					
53643	all		Holy Strike		Inflicts $s1 holy damage to all Scourge in front of the caster.						
53644	all		The Light of Dawn		And there would be a dawning before the darkest hour...	Consumed by the Light of Dawn.					
53645	all		The Light of Dawn		Consumed.	Weakened by the Light of Dawn.					
53646	spellbook	188,189,204,205,206,207,761	Demonic Pact	Rank 1							
53648	spellbook	184	Swift Retribution	Rank 3	Your auras also increase casting, ranged and melee attack speeds by $s1%.						
53649	all		Fire Seed		Makes you vulnerable to magic, but increases your spell power by $s2 for $d.	Vulnerable to magic.\nSpell power increased by $s2.					
53650	all		Fire Leaf		Reduces your armor by $s1%, but increases your attack power by $s2 for $d.	Armor reduced by $s1%.\nAttack power increased by $s2.					
53651	spellbook	594	Light's Beacon		The target becomes a Beacon of Light to all targets within a 60 yard radius.  Any heals you cast on those targets will also heal the Beacon for $s1% of the amount healed.	The paladin's heals on you also heal the Beacon of Light.					
53652	spellbook	594	Beacon of Light		The target becomes a Beacon of Light to all targets within a 40 yard radius.  Any heals you cast on those targets will also heal the Beacon for $53563s1% of the amount healed.  Only one target can be the Beacon of Light at a time. Lasts $53563d.						
53653	spellbook	594	Beacon of Light		The target becomes a Beacon of Light to all targets within a 40 yard radius.  Any heals you cast on those targets will also heal the Beacon for $53563s1% of the amount healed.  Only one target can be the Beacon of Light at a time. Lasts $53563d.						
53654	spellbook	594	Beacon of Light		The target becomes a Beacon of Light to all targets within a 40 yard radius.  Any heals you cast on those targets will also heal the Beacon for $53563s1% of the amount healed.  Only one target can be the Beacon of Light at a time. Lasts $53563d.						
53655	spellbook	594	Judgements of the Pure	Rank 1	Increases the damage done by your Seal and Judgement spells by $53671s2%, and your Judgement spells increase your casting and melee haste by $53655s1% for $53655d.	Casting and melee speed increased by $s1%.					
53656	spellbook	594	Judgements of the Pure	Rank 2	Increases the damage done by your Seal and Judgement spells by $53673s2%, and your Judgement spells increase your casting and melee haste by $53656s1% for $53656d.	Casting and melee speed increased by $s1%.					
53657	spellbook	594	Judgements of the Pure	Rank 3	Increases the damage done by your Seal and Judgement spells by $54151s2%, and your Judgement spells increase your casting and melee haste by $53657s1% for $53657d.	Casting and melee speed increased by $s1%.					
53658	all		The Light of Dawn		And there would be a dawning before the darkest hour...	Consumed by the Light of Dawn.					
53659	spellbook	594	Sacred Cleansing		Your Cleanse spell has a chance to increase the target's resistance to Disease, Magic and Poison.	Resistance to Disease, Magic and Poison increased by $s1%.					
53660	spellbook	594	Blessed Hands	Rank 1	Reduces the mana cost of Hand of Freedom, Hand of Sacrifice and Hand of Salvation by $s1%, increases the effectiveness of Hand of Salvation by $s3% and the effectiveness of Hand of Sacrifice by an additional $s2%.						
53661	spellbook	594	Blessed Hands	Rank 2	Reduces the mana cost of Hand of Freedom, Hand of Sacrifice and Hand of Salvation by $s1%, increases the effectiveness of Hand of Salvation by $s3% and the effectiveness of Hand of Sacrifice by an additional $s2%.						
53662	all		Master of Anatomy	Rank 2	Skinning all those dead animals has broadened your anatomical knowledge, increasing your critical strike rating by $s1.						
53663	all		Master of Anatomy	Rank 3	Skinning all those dead animals has broadened your anatomical knowledge, increasing your critical strike rating by $s1.						
53664	all		Master of Anatomy	Rank 4	Skinning all those dead animals has broadened your anatomical knowledge, increasing your critical strike rating by $s1.						
53665	all		Master of Anatomy	Rank 5	Skinning all those dead animals has broadened your anatomical knowledge, increasing your critical strike rating by $s1.						
53666	all		Master of Anatomy	Rank 6	Skinning all those dead animals has broadened your anatomical knowledge, increasing your critical strike rating by $s1.						
53667	all		Alexandros Mograine Spawn								
53668	all		Poisoned Fangs Proc								
53669	all		Poisoned Fangs		Poisoned fangs puncture the body, dealing $s1 Nature damage.						
53670	all		Healing Potion		Restores $s1 health.  The potion will refill itself every 2 min.						
53671	spellbook	594	Judgements of the Pure	Rank 1	Increases the damage done by your Seal and Judgement spells by $s2%, and your Judgement spells increase your casting and melee haste by $53655s1% for $53655d.						
53672	spellbook	594	Infusion of Light		Your Holy Shock critical hits reduce the cast time of your next Flash of Light by ${$53672m2/-1000}.2 sec or increase the critical chance of your next Holy Light by $s1%.	Reduces the cast time of your next Flash of Light by ${$53672m2/-1000}.2 sec or increase the critical chance of your next Holy Light by $s1%.					
53673	spellbook	594	Judgements of the Pure	Rank 2	Increases the damage done by your Seal and Judgement spells by $s2%, and your Judgement spells increase your casting and melee haste by $53656s1% for $53656d.						
53677	all		Soul Feast								
53678	all		Herbalist's Ward	Rank 1	Absorbs $s1 Nature damage.  Lasts $d.	Absorbs Nature damage.					
53679	all		Mograine's Charge								
53680	all		Rebuke								
53681	all		Garok's Battle	Rank 1	All nearby party members have their spell power increased by $s1 and their attack power by $s2 for $d.						
53682	all		Soul Feast								
53683	all		Mograine's Charge								
53684	all		Rebuke								
53685	all		Soul Feast								
53686	all		Verdant Tundra Belt								
53687	all		Verdant Tundra Cap								
53688	all		Verdant Tundra Boots								
53689	all		Verdant Tundra Bracers								
53690	all		Verdant Tundra Shoulderpads								
53691	all		Tree of Life	Shapeshift							
53692	all		Lifebloom	Rank 1	Heals target for $s1.						
53694	all		Plague Strike	Rank 6	A vicious strike that deals weapon damage  and plagues the target, dealing $o2 Shadow damage over $d.	Deals $o2 Shadow damage over $d.					
53695	spellbook	267	Judgements of the Just	Rank 1	Reduces the cooldown of your Hammer of Justice by $/1000;s2 sec, increases the duration of your Seal of Justice effect by $/1000;S3 sec and your Judgement spells also reduce the melee attack speed of the target by $s1%.						
53696	spellbook	267	Judgements of the Just	Rank 2	Reduces the cooldown of your Hammer of Justice by $/1000;s2 sec, increases the duration of your Seal of Justice effect by $/1000;S3 sec and your Judgement spells also reduce the melee attack speed of the target by $s1%.						
53697	all		Vic Dummy								
53698	all		Armor Penetration 112		Increases armor penetration rating by $s1.	Increases armor penetration rating by $s1.					
53699	all		Fierce Winds								
53700	all		Fierce Winds			Slows falling speed.					
53701	all		Ashbringer								
53702	all		Rebirth of the Ashbringer								
53703	all		Poisoned Fangs Proc								
53704	all		Poisoned Fangs		Poisoned fangs puncture the body, dealing $s1 Nature damage.						
53705	all		Tirion's Charge								
53706	all		Tirion's Charge								
53707	all		On Patrol Heartbeat Script								
53708	all		Shadow Summon Visual								
53709	spellbook	267	Shield of the Templar	Rank 1	Reduces all damage taken by $s2% and grants your Avenger's Shield a $h% chance to silence your targets for $63529d.						
53710	spellbook	267	Shield of the Templar	Rank 2	Reduces all damage taken by $s2% and grants your Avenger's Shield a $h% chance to silence your targets for $63529d.						
53711	spellbook	267	Shield of the Templar	Rank 3	Reduces all damage taken by $s2% and grants your Avenger's Shield a $h% chance to silence your targets for $63529d.						
53712	all		Clear DAILY Patrol SUBQuests 00								
53713	all		Clear DAILY Patrol SUBQuests 01								
53714	all		Check Players								
53715	all		Clear DAILY Patrol SUBQuests 02								
53716	all		Clear DAILY Patrol SUBQuests 03								
53717	all		Corpse Explosion	Rank 1	Cause a corpse to explode for ${$f1*60} Nature damage modified by attack power to all enemies within 20 yards.  Will use a nearby corpse if none is targeted.  Does not affect mechanical or elemental corpses.						
53718	all		Seal of the Martyr		All melee attacks deal additional Holy damage equal to $53719s1% of normal weapon damage, but the Paladin loses health equal to $53720s2% of the total damage inflicted.\n\nUnleashing this Seal's energy will judge an enemy, instantly causing Holy damage at the cost of health equal to 33% of the damage caused.						
53719	all		Seal of the Martyr		All melee attacks deal additional Holy damage equal to $53719s1% of normal weapon damage, but the Paladin loses health equal to $53720s2% of the total damage inflicted.\n\nUnleashing this Seal's energy will judge an enemy, instantly causing Holy damage at the cost of health equal to 33% of the damage caused.						
53720	all		Seal of the Martyr		All melee attacks deal ${0.48*$mw} to ${0.48*$MW} additional Holy damage, but the Paladin loses health equal to $s2% of the total damage inflicted.  Lasts $d.\n\nUnleashing this Seal's energy will judge an enemy, instantly causing ${0.26*$mw+0.11*$AP+0.18*$SPH} to ${0.26*$MW+0.11*$AP+0.18*$SPH} Holy damage at the cost of health equal to 33% of the damage caused.	Melee attacks deal additional Holy damage at the cost of health.					
53721	all		Death and Decay		$m1 Shadow damage modified by attack power inflicted every $t1 sec to all targets in the affected area for $d.  Has a chance to cause affected targets to cower in fear.	$s1 Shadow damage inflicted every sec.					
53725	all		Judgement of the Martyr		Unleashing this Seal's energy will judge an enemy, instantly causing Holy damage at the cost of health equal to 33% of the damage caused.						
53726	spellbook	184	Judgement of the Martyr	Rank 1	Unleashing this Seal's energy will judge an enemy, instantly causing Holy damage at the cost of health equal to 33% of the damage caused.						
53730	all		Corpse Explosion Knockback								
53732	all		Grow								
53733	spellbook	184	Judgement of Corruption	Rank 1	Deals ${1+0.22*$SPH+0.14*$AP} Holy damage to an enemy, increased by 10% for each application of Blood Corruption on the target.						
53736	spellbook	184	Seal of Corruption		Fills the Paladin with holy power, causing attacks to apply Blood Corruption, which deals ${(0.013*$SPH+0.025*$AP)*5} additional Holy damage over $31803d.  Once stacked to $31803u times, each of the Paladins attacks also deals $53739s1% weapon damage as additional Holy damage.  Blood Corruption can stack up to $31803u times.  Only one Seal can be active on the Paladin at any one time.  Lasts $d.\n\nUnleashing this Seal's energy will deal ${1+0.22*$SPH+0.14*$AP} Holy damage to an enemy, increased by 10% for each application of Blood Corruption on the target.	Melee attacks cause Holy damage over $53742d.					
53739	all		Seal of Corruption		Fills the Paladin with holy power, causing attacks to apply Blood Corruption, which deals ${(0.013*$SPH+0.025*$AP)*6} additional Holy damage over $31803d.  Blood Corruption can stack up to $31803u times.  Once stacked to $31803u times, each of the Paladins attacks also deals $s1% weapon damage as additional Holy damage.  Only one Seal can be active on the Paladin at any one time.  Lasts $d.\n\nUnleashing this Seal's energy will deal ${1+0.22*$SPH+0.14*$AP} Holy damage to an enemy, increased by 10% for each application of Blood Corruption on the target.						
53742	spellbook	184	Blood Corruption	Rank 1	Holy damage every $t1 sec.	Holy damage every $t1 sec.					
53745	all		Apocalypse								
53746	all		Wrath Elixir		Increases attack power by $s1 for $d.  Battle Elixir. Battle Elixir.	Increases attack power by $s1.  Battle Elixir. Battle Elixir.					
53747	all		Elixir of Spirit		Increases Spirit by $s1 for $d.  Guardian Elixir. Guardian Elixir.	Spirit increased by $s1.  Guardian Elixir. Guardian Elixir.					
53748	all		Mighty Strength		Increases your Strength by $s1 for $d.  Battle Elixir. Battle Elixir.	Increases Strength by $s1.  Battle Elixir. Battle Elixir.					
53749	all		Guru's Elixir		Increases all Stats by $s1 for $d.  Battle Elixir. Battle Elixir.	All Stats increased by $s1.  Battle Elixir. Battle Elixir.					
53750	all		Crazy Alchemist's Potion		Restores $s1 health and $s2 mana.  Sometimes has the effect of an additional random potion.						
53751	all		Elixir of Mighty Fortitude		Increases maximum health by $s1 and restores $s2 health every 5 seconds for $d.  Guardian Elixir. Guardian Elixir.	Increases maximum health by $s1 and restores $s2 health every 5 seconds  Guardian Elixir. Guardian Elixir.					
53752	all		Lesser Flask of Toughness		Increases resilience rating by $s1 for $d.   Counts as both a Battle and Guardian elixir.  This effect persists through death.	Increases resilience rating by $s1 for $d.    Counts as both a Battle and Guardian elixir.					
53753	all		Nightmare Slumber		Puts the imbiber in a slumber where they face and defeat their darkest fears.  During that time the imbiber restores ${$m2*6} health and mana, but they are defenseless.	Regenerate $s2 health and mana every second.					
53754	spellbook	355	Improved Fear	Rank 1	Causes your Fear spell to inflict a Nightmare on the target when the fear effect ends. The Nightmare effect reduces the target's movement speed by $60946s1% for $60946d.						
53755	all		Flask of the Frost Wyrm		Increases spell power by $s1 for $d. Counts as both a Battle and Guardian elixir.  This effect persists through death.	Spell power increased by $s1.					
53756	spellbook	355	Sudden Fear		Your next Fear is instant cast.	Your next Fear is instant cast.					
53757	all		Daze Immunity		Causes nearby enemy targets to be immune to the Daze effect.						
53758	all		Flask of Stoneblood		Increases maximum health by $s1 for $d. Counts as both a Battle and Guardian elixir.  This effect persists through death.	Health increased by $s1.					
53759	spellbook	355	Improved Fear	Rank 2	Causes your Fear spell to inflict a Nightmare on the target when the fear effect ends. The Nightmare effect reduces the target's movement speed by $60947s1% for $60947d.						
53760	all		Flask of Endless Rage		Increases attack power by $s1 for $d. Counts as both a Battle and Guardian elixir.  This effect persists through death.	Attack power increased by $s1.					
53761	all		Rejuvenation Potion		Restores $s1 mana and health.						
53762	all		Indestructible		Increases armor by $s1 for $d.	Armor increased by $s1.					
53763	all		Protection		Increases armor by $s1 for $d.  Guardian Elixir. Guardian Elixir.	Armor increased by $s1.  Guardian Elixir. Guardian Elixir.					
53764	all		Mighty Mana Regeneration		Regenerate $s1 mana per 5 sec for $d.  Guardian Elixir. Guardian Elixir.	Regenerate $s1 mana per 5 sec.  Guardian Elixir. Guardian Elixir.					
53765	all		Open Shadow Portal		Opens a portal into the shadow realm to call forth a minion within.						
53766	all		Anti-Magic Shell		Surrounds the Death Knight in an Anti-Magic Shell, absorbing $48707s1% of the damage dealt by the next harmful spell.  Damage absorbed by Anti-Magic Shell energizes the Death Knight with additional runic power.  Lasts $48707d.	Spell damage reduced by $s1%.					
53768	spellbook	778	Haunted			Something is with you....					
53769	all		Death Coil		Fire a blast of unholy energy, causing Shadow damage modified by attack power to an enemy target or healing damage from a friendly Undead target						
53770	all		Scourge Haunt Visual								
53771	spellbook	171	Transmute: Eternal Life to Shadow		Transmutes Eternal Life to Shadow.  You have a chance to discover other transmutations when successful.						
53772	all		Scourge Haunt Visual, Face Player and give GUID								
53773	spellbook	171	Transmute: Eternal Life to Fire		Transmutes Eternal Life to Fire.  You have a chance to discover other transmutations when successful.						
53774	spellbook	171	Transmute: Eternal Fire to Water		Transmutes Eternal Fire to Water.  You have a chance to discover other transmutations when successful.						
53775	spellbook	171	Transmute: Eternal Fire to Life		Transmutes Eternal Fire to Life.  You have a chance to discover other transmutations when successful.						
53776	spellbook	171	Transmute: Eternal Air to Water		Transmutes Eternal Air to Water.  You have a chance to discover other transmutations when successful.						
53777	spellbook	171	Transmute: Eternal Air to Earth		Transmutes Eternal Air to Earth.  You have a chance to discover other transmutations when successful.						
53778	all		Lay On Hands		A powerful heal.						
53779	spellbook	171	Transmute: Eternal Shadow to Earth		Transmutes Eternal Shadow to Earth.  You have a chance to discover other transmutations when successful.						
53780	spellbook	171	Transmute: Eternal Shadow to Life		Transmutes Eternal Shadow to Life.  You have a chance to discover other transmutations when successful.						
53781	spellbook	171	Transmute: Eternal Earth to Air		Transmutes Eternal Earth to Air.  You have a chance to discover other transmutations when successful.						
53782	spellbook	171	Transmute: Eternal Earth to Shadow		Transmutes Eternal Earth to Shadow.  You have a chance to discover other transmutations when successful.						
53783	spellbook	171	Transmute: Eternal Water to Air		Transmutes Eternal Water to Air.  You have a chance to discover other transmutations when successful.						
53784	spellbook	171	Transmute: Eternal Water to Fire		Transmutes Eternal Water to Fire.  You have a chance to discover other transmutations when successful.						
53785	all		Nass Master Checker								
53786	all		Force player to Summon Scourge Haunt	`							
53787	all		Potion Sickness			Unable to consume potions until you rest out of combat for a short duration.					
53788	all		Lava Burst		You hurl molten lava at the target, dealing $s1 Fire damage. If Flame Shock is on the target, Lava Burst will consume the Flame Shock, causing Lava Burst to critically hit.						
53789	all		[DND] Test Hang gliding Air Pocket								
53790	all		Defensive Stance		A defensive combat stance.						
53791	all		Berserker Stance		An aggressive stance.						
53792	all		Battle Stance		A balanced combat stance.						
53793	all		Armor Penetration		Increases armor penetration rating by $s1.	Increases armor penetration rating by $s1.					
53794	all		Heal Self								
53797	all		Drake Flag Visual			Visual					
53798	all		Taunt								
53799	all		Taunt								
53800	all		Leech Poison		Drains $s1 health from surrounding enemies per sec, transferring it to the caster. If any of these targets dies while afflicted, the caster will be healed for $53800s1%. Lasts $d.						
53801	all		Frenzy		Increases the caster's attack speed by $s2% and the Physical damage it deals by $s1% for $d.	Physical damage dealt is increased by $s1%.\nAttack speed increased by $s2%.					
53803	all		Veil of Shadow		Reduces healing effects for nearby enemies by $s1% for $d.	Healing effects reduced by $s1%.					
53805	all		Pygmy Oil		Drink it.	You feel a little smaller.					
53806	all		Pygmy Oil			Pygmified!					
53807	all		Injured Oracle Quest Ready								
53808	all		Pygmy Oil		Drink it.						
53809	all		Poison Charge		Charges an enemy and causes $59899s1 Nature damage every $59899t1 sec. to enemies within 5 yards of the target for $d.						
53810	all		Push Ensorceled Choker								
53812	spellbook	171	Pygmy Oil								
53813	all		Arcane Shield		Shields the caster from damage.	Shielded from damage.					
53814	all		Maelstrom Weapon		Reduces the cast time of your next Lightning Bolt, Chain Lightning, Lesser Healing Wave, Healing Wave, Chain Heal, or Hex spell by $s1%.	Reduces the cast time of your next Lightning Bolt, Chain Lightning, Lesser Healing Wave, Healing Wave, Chain Heal, or Hex spell by $s1%.					
53815	all		Forcecast Summon Shaman								
53816	all		Maelstrom Weapon		Reduces the cast time of your next Lightning Bolt, Chain Lightning, Lesser Healing Wave, Healing Wave, Chain Heal, or Hex spell by $s1%.	Reduces the cast time of your next Lightning Bolt, Chain Lightning, Lesser Healing Wave, Healing Wave, Chain Heal, or Hex spell by $s1%.					
53817	all		Maelstrom Weapon		Reduces the cast time of your next Lightning Bolt, Chain Lightning, Lesser Healing Wave, Healing Wave, Chain Heal, or Hex spell by $s1%.	Reduces the cast time of your next Lightning Bolt, Chain Lightning, Lesser Healing Wave, Healing Wave, Chain Heal, or Hex spell by $s1%.					
53818	all		Maelstrom Weapon		Reduces the cast time of your next Lightning Bolt, Chain Lightning, Lesser Healing Wave, Healing Wave, Chain Heal, or Hex spell by $s1%.	Reduces the cast time of your next Lightning Bolt, Chain Lightning, Lesser Healing Wave, Healing Wave, Chain Heal, or Hex spell by $s1%.					
53819	all		Maelstrom Weapon		Reduces the cast time of your next Lightning Bolt, Chain Lightning, Lesser Healing Wave, Healing Wave, Chain Heal, or Hex spell by $s1%.	Reduces the cast time of your next Lightning Bolt, Chain Lightning, Lesser Healing Wave, Healing Wave, Chain Heal, or Hex spell by $s1%.					
53820	all		Armor Penetration 259		Increases armor penetration rating by $s1.	Increases armor penetration rating by $s1.					
53821	all		Teach: Death Gate		You will learn how to open a gateway to Acherus: The Ebon Hold.						
53822	all		Death Gate		Returns you to Ebon Hold.						
53823	all		Flip to Light's Hope								
53824	all		Throw		Throws your weapon, inflicting its $s1% of its damage on the target.						
53826	all		Summon Anub'ar Champion								
53827	all		Summon Anub'ar Necromancer								
53828	all		Summon Anub'ar Crypt Fiend								
53829	all		Trigger Response								
53830	spellbook	755	Bold Scarlet Ruby								
53831	spellbook	755	Bold Bloodstone								
53832	spellbook	755	Delicate Bloodstone								
53834	spellbook	755	Runed Bloodstone								
53835	spellbook	755	Bright Bloodstone								
53836	spellbook	171	Runic Healing Potion								
53837	spellbook	171	Runic Mana Potion								
53838	spellbook	171	Resurgent Healing Potion								
53839	spellbook	171	Icy Mana Potion								
53840	spellbook	171	Elixir of Mighty Agility								
53841	spellbook	171	Wrath Elixir								
53842	spellbook	171	Spellpower Elixir								
53843	spellbook	755	Subtle Bloodstone								
53844	spellbook	755	Flashing Bloodstone								
53845	spellbook	755	Fractured Bloodstone								
53847	spellbook	171	Elixir of Spirit								
53848	spellbook	171	Guru's Elixir								
53849	all		Copy of Brilliant Golden Draenite								
53850	all		Shadow Burst		Let forth a burst of energy knocking all nearby enemies back, dealing $s1 Shadow damage.						
53851	all		Shadow Burst		Let forth a burst of energy knocking all nearby enemies back, dealing $s1 Shadow damage.						
53852	spellbook	755	Brilliant Sun Crystal								
53853	spellbook	755	Smooth Sun Crystal								
53854	spellbook	755	Rigid Sun Crystal								
53855	spellbook	755	Thick Sun Crystal								
53856	spellbook	755	Quick Sun Crystal								
53857	spellbook	755	Mystic Sun Crystal								
53859	spellbook	755	Sovereign Shadow Crystal								
53860	spellbook	755	Shifting Shadow Crystal								
53861	spellbook	755	Tenuous Shadow Crystal								
53862	spellbook	755	Glowing Shadow Crystal								
53863	spellbook	755	Purified Shadow Crystal								
53864	spellbook	755	Royal Shadow Crystal								
53865	spellbook	755	Mysterious Shadow Crystal								
53866	spellbook	755	Balanced Shadow Crystal								
53867	spellbook	755	Infused Shadow Crystal								
53868	spellbook	755	Regal Shadow Crystal								
53869	spellbook	755	Defender's Shadow Crystal								
53870	spellbook	755	Puissant Shadow Crystal								
53871	spellbook	755	Guardian's Shadow Crystal								
53872	spellbook	755	Inscribed Huge Citrine								
53873	spellbook	755	Etched Huge Citrine								
53874	spellbook	755	Champion's Huge Citrine								
53875	spellbook	755	Resplendent Huge Citrine								
53876	spellbook	755	Fierce Huge Citrine								
53877	spellbook	755	Deadly Huge Citrine								
53878	spellbook	755	Glinting Huge Citrine								
53879	spellbook	755	Lucent Huge Citrine								
53880	spellbook	755	Deft Huge Citrine								
53881	spellbook	755	Luminous Huge Citrine								
53882	spellbook	755	Potent Huge Citrine								
53883	spellbook	755	Veiled Huge Citrine								
53884	spellbook	755	Durable Huge Citrine								
53885	spellbook	755	Reckless Huge Citrine								
53886	spellbook	755	Wicked Huge Citrine								
53887	spellbook	755	Pristine Huge Citrine								
53888	spellbook	755	Empowered Huge Citrine								
53889	spellbook	755	Stark Huge Citrine								
53890	spellbook	755	Stalwart Huge Citrine								
53891	spellbook	755	Glimmering Huge Citrine								
53892	spellbook	755	Accurate Huge Citrine								
53893	spellbook	755	Resolute Huge Citrine								
53894	spellbook	755	Timeless Dark Jade								
53895	spellbook	171	Crazy Alchemist's Potion								
53898	spellbook	171	Elixir of Mighty Fortitude								
53899	spellbook	171	Lesser Flask of Toughness								
53900	spellbook	171	Potion of Nightmares								
53901	spellbook	171	Flask of the Frost Wyrm								
53902	spellbook	171	Flask of Stoneblood								
53903	spellbook	171	Flask of Endless Rage								
53904	spellbook	171	Powerful Rejuvenation Potion								
53905	spellbook	171	Indestructible Potion								
53908	all		Speed		Increases haste rating by $s1 for $d.	Increases haste rating by $s1.					
53909	all		Wild Magic		Increases critical rating by $s2 and spell power by $s1 for $d.	Critical rating increased by $s2 and spell power increased by $s1.					
53910	all		Arcane Protection		Absorbs $s1 arcane damage.  Lasts $d.	Absorbs $s1 arcane damage.					
53911	all		Fire Protection		Absorbs $s1 fire damage.  Lasts $d.	Absorbs $s1 fire damage.					
53913	all		Frost Protection		Absorbs $s1 Frost damage.  Lasts $d.	Absorbs $s1 Frost damage.					
53914	all		Nature Protection		Absorbs $s1 nature damage.  Lasts $d.	Absorbs $s1 nature damage.					
53915	all		Shadow Protection		Absorbs $s1 shadow damage.  Lasts $d.	Absorbs $s1 shadow damage.					
53916	spellbook	755	Jagged Dark Jade								
53917	spellbook	755	Vivid Dark Jade								
53918	spellbook	755	Enduring Dark Jade								
53919	spellbook	755	Steady Dark Jade								
53920	spellbook	755	Forceful Dark Jade								
53921	spellbook	755	Seer's Dark Jade								
53922	spellbook	755	Misty Dark Jade								
53923	spellbook	755	Shining Dark Jade								
53924	spellbook	755	Turbid Dark Jade								
53925	spellbook	755	Intricate Dark Jade								
53926	spellbook	755	Dazzling Dark Jade								
53927	spellbook	755	Sundered Dark Jade								
53928	spellbook	755	Lambent Dark Jade								
53929	spellbook	755	Opaque Dark Jade								
53930	spellbook	755	Energized Dark Jade								
53931	spellbook	755	Radiant Dark Jade								
53932	spellbook	755	Tense Dark Jade								
53933	spellbook	755	Shattered Dark Jade								
53934	spellbook	755	Solid Chalcedony								
53936	spellbook	171	Mighty Arcane Protection Potion								
53937	spellbook	171	Mighty Frost Protection Potion								
53938	spellbook	171	Mighty Shadow Protection Potion								
53939	spellbook	171	Mighty Fire Protection Potion								
53940	spellbook	755	Sparkling Chalcedony								
53941	spellbook	755	Lustrous Chalcedony								
53942	spellbook	171	Mighty Nature Protection Potion								
53943	spellbook	755	Stormy Chalcedony								
53945	spellbook	755	Delicate Scarlet Ruby								
53946	spellbook	755	Runed Scarlet Ruby								
53947	spellbook	755	Bright Scarlet Ruby								
53948	spellbook	755	Subtle Scarlet Ruby								
53949	spellbook	755	Flashing Scarlet Ruby								
53950	spellbook	755	Fractured Scarlet Ruby								
53951	spellbook	755	Precise Scarlet Ruby								
53952	spellbook	755	Solid Sky Sapphire								
53953	spellbook	755	Sparkling Sky Sapphire								
53954	spellbook	755	Lustrous Sky Sapphire								
53955	spellbook	755	Stormy Sky Sapphire								
53956	spellbook	755	Brilliant Autumn's Glow								
53957	spellbook	755	Smooth Autumn's Glow								
53958	spellbook	755	Rigid Autumn's Glow								
53959	spellbook	755	Thick Autumn's Glow								
53960	spellbook	755	Mystic Autumn's Glow								
53961	spellbook	755	Quick Autumn's Glow								
53962	spellbook	755	Sovereign Twilight Opal								
53963	spellbook	755	Shifting Twilight Opal								
53964	spellbook	755	Tenuous Twilight Opal								
53965	spellbook	755	Glowing Twilight Opal								
53966	spellbook	755	Purified Twilight Opal								
53967	spellbook	755	Royal Twilight Opal								
53968	spellbook	755	Mysterious Twilight Opal								
53969	spellbook	755	Balanced Twilight Opal								
53970	spellbook	755	Infused Twilight Opal								
53971	spellbook	755	Regal Twilight Opal								
53972	spellbook	755	Defender's Twilight Opal								
53973	spellbook	755	Puissant Twilight Opal								
53974	spellbook	755	Guardian's Twilight Opal								
53975	spellbook	755	Inscribed Monarch Topaz								
53976	spellbook	755	Etched Monarch Topaz								
53977	spellbook	755	Champion's Monarch Topaz								
53978	spellbook	755	Resplendent Monarch Topaz								
53979	spellbook	755	Deadly Monarch Topaz								
53980	spellbook	755	Glinting Monarch Topaz								
53981	spellbook	755	Lucent Monarch Topaz								
53982	spellbook	755	Deft Monarch Topaz								
53983	spellbook	755	Luminous Monarch Topaz								
53984	spellbook	755	Potent Monarch Topaz								
53985	spellbook	755	Veiled Monarch Topaz								
53986	spellbook	755	Durable Monarch Topaz								
53987	spellbook	755	Reckless Monarch Topaz								
53988	spellbook	755	Wicked Monarch Topaz								
53989	spellbook	755	Pristine Monarch Topaz								
53990	spellbook	755	Empowered Monarch Topaz								
53991	spellbook	755	Stark Monarch Topaz								
53992	spellbook	755	Stalwart Monarch Topaz								
53993	spellbook	755	Glimmering Monarch Topaz								
53994	spellbook	755	Accurate Monarch Topaz								
53995	spellbook	755	Timeless Forest Emerald								
53996	spellbook	755	Jagged Forest Emerald								
53997	spellbook	755	Vivid Forest Emerald								
53998	spellbook	755	Enduring Forest Emerald								
54000	spellbook	755	Steady Forest Emerald								
54001	spellbook	755	Forceful Forest Emerald								
54002	spellbook	755	Seer's Forest Emerald								
54003	spellbook	755	Misty Forest Emerald								
54004	spellbook	755	Shining Forest Emerald								
54005	spellbook	755	Turbid Forest Emerald								
54006	spellbook	755	Intricate Forest Emerald								
54007	spellbook	755	Dazzling Forest Emerald								
54008	spellbook	755	Sundered Forest Emerald								
54009	spellbook	755	Lambent Forest Emerald								
54010	spellbook	755	Opaque Forest Emerald								
54011	spellbook	755	Energized Forest Emerald								
54012	spellbook	755	Radiant Forest Emerald								
54013	spellbook	755	Tense Forest Emerald								
54014	spellbook	755	Shattered Forest Emerald								
54015	all		Set Oracle Faction Honored								
54016	all		Forcecast Set Oracle Honored								
54017	spellbook	755	Precise Bloodstone								
54019	spellbook	755	Fierce Monarch Topaz								
54020	spellbook	171	Transmute: Eternal Might		Transmutes Eternal Life to Shadow.						
54021	all		Locust Swarm		Anub'Rekhan releases a locust swarm, slowing his movement by $s2% and damaging all nearby enemies. Nearby enemies are unable to attack or cast spells.	Movement speed slowed by $s2%.					
54022	all		Locust Swarm		The swarm of locusts deal $s1 Nature damage every $t1 sec. to nearby enemies, and leaves them unable to attack or cast spells.	Deals $s1 nature damage every $t1 sec.\nUnable to attack or cast spells.					
54023	spellbook	755	Resolute Monarch Topaz								
54025	all		Charged Flurry		Whirls in a circle dealing damage to nearby enemies and dealing Nature damage to a random target.						
54026	all		Place Seaforium Charge		Places a massive seaforium charge which will detonate after 10 seconds.						
54027	all		Ebon Hold Spirit Healer Res								
54028	all		Trespasser!		A guardian mage has teleported you out of the Silver Enclave.	A guardian mage has teleported you out of the Silver Enclave.					
54029	all		Trespasser!		A guardian mage has teleported you out of the Sunreaver's Sanctuary.	A guardian mage has teleported you out of the Sunreaver's Sanctuary.					
54033	all		Stun Self								
54035	all		Unsummon Scourge Haunt								
54037	spellbook	355	Improved Felhunter	Rank 1	Your Felhunter regains 4% of its maximum mana each time it hits with its Shadow Bite ability and the cooldown on that ability is reduced by ${$m1/-1000} sec.  In addition, increases the effect of your Felhunter's Fel Intelligence by $s2%.						
54038	spellbook	355	Improved Felhunter	Rank 2	Your Felhunter regains 8% of its maximum mana each time it hits with its Shadow Bite ability and the cooldown on that ability is reduced by ${$m1/-1000} sec.  In addition, increases the effect of your Felhunter's Fel Intelligence by $s2%.						
54039	all		Throw Haunted Memento		Throw the memento to a friendly player.   If they have free room in their pack they will catch it!						
54040	all		[PH] Dalaran Lamp Lighter								
54041	all		Remove Haunted Memento								
54042	all		Force Player to Remove Haunted Memento								
54043	spellbook	184	Retribution Aura	Rank 7	Causes $s1 Holy damage to any enemy that strikes a party or raid member within $a1 yards.  Players may only have one Aura on them per Paladin at any one time.	Does $s1 Holy damage to anyone who strikes you.					
54044	spellbook	270	Carrion Feeder		Your pet can generate health and happiness by eating a corpse.  Will not work on the remains of elemental or mechanical creatures.						
54045	all		Carrion Feeder		Your pet can generate health and happiness by eating a corpse.  Will not work on the remains of elemental or mechanical creatures.	Regenerate $s1% of total health every $t1 seconds.					
54047	all		Light Lamp								
54048	all		Armor Penetration 546		Increases armor penetration rating by $s1.	Increases armor penetration rating by $s1.					
54049	spellbook	189	Shadow Bite	Rank 1	Bite the enemy, causing $s1 Shadow damage plus an additional $s3% damage for each of your damage over time effects on the target.						
54050	spellbook	189	Shadow Bite	Rank 2	Bite the enemy, causing $s1 Shadow damage plus an additional $s3% damage for each of your damage over time effects on the target.						
54051	spellbook	189	Shadow Bite	Rank 3	Bite the enemy, causing $s1 Shadow damage plus an additional $s3% damage for each of your damage over time effects on the target.						
54052	spellbook	189	Shadow Bite	Rank 4	Bite the enemy, causing $s1 Shadow damage plus an additional $s3% damage for each of your damage over time effects on the target.						
54053	spellbook	189	Shadow Bite	Rank 5	Bite the enemy, causing $s1 Shadow damage plus an additional $s3% damage for each of your damage over time effects on the target.						
54054	all		Ignore All Gear Test								
54055	all		Dominion Over Acherus		While in Acherus the death knight is able to move $s1% faster.	While in Acherus the death knight is able to move $s1% faster.					
54056	all		Locate Mistwhisper Quest Complete								
54057	all		Locate Mosswalker Quest Complete								
54058	all		Ignore All Gear Test2								
54059	all		You're a ...! (Effects4)								
54060	all		Test - Get Attack Power								
54061	all		Spell Redirection		Will redirect harmful spells to the Ghoul.	Will redirect harmful spells to the Ghoul.					
54062	all		Melee Intervention		Will redirect harmful attacks to the Ghoul.	Will redirect harmful attacks to the Ghoul.					
54063	all		Monster Slayer's Symbol		Deals $s1 Holy damage.	Deals $s1 Holy damage.					
54068	all		Forcecast Remove Retainer Items								
54069	all		Energize Cores		Hurls a bolt of magic at an enemy, inflicting Arcane damage.						
54070	all		Monster Slayer's Symbol Return								
54071	all		Monster Slayer's Dagger		Deals $s1 damage.	Deals $s1 damage.					
54072	all		Knockback Ball Passive								
54073	all		Wound Poison								
54074	all		Wound Poison		Poisons the enemy, reducing all healing effects used on them by $s1% for $d.	Healing effects reduced by $s1%.					
54075	all		Knockback Ball Passive								
54076	all		Taxi to Stars' Rest Validate								
54077	all		Knockback Ball Passive								
54078	all		Knockback Ball Passive								
54079	all		Knockback Ball Passive								
54080	all		Knockback Ball Passive								
54082	all		Increased Mana Regen		Restores $s1 mana per 5 sec.						
54083	all		Expert Fishing								
54084	all		Master Fishing								
54085	all		Flames		The flames deal $s1 Fire damage.						
54086	all		Monster Slayer's Holy Water		Deals $s1 Holy damage.	Deals $s1 Holy damage.					
54087	all		Throw Blight Crystal		Throws a Blight Crystal at an enemy target.  The crystal shatters on impact, dealing $54115s1 Nature damage and leaving behind a toxic residue that deals additional damage for $54115d.						
54088	all		Corpse Blight		Inflicts a disease causing $s1 Nature damage to an enemy every $t1 sec for $d.	$s1 Nature damage inflicted every $t1 sec for $d.					
54089	all		Drop Disguise								
54090	all		Area Despawn		Despawns all units in a 10 yard radius.						
54091	all		Bug Threat								
54092	all		Monster Slayer's Kit		Throw one of the many weapons in the Monster Slayer's Kit at the target.	Throw one of the many weapons in the Monster Slayer's Kit at the target.					
54093	all		Silence		Silences nearby enemies, preventing them from casting spells for $d.	Cannot cast spells.					
54094	all		Fireball		Inflicts Fire damage to an enemy.						
54095	all		Fireball		Inflicts $s1 Fire damage to an enemy.						
54096	all		Fireball		Inflicts $s1 Fire damage to an enemy.						
54097	all		Widow's Embrace		Prevents and removes frenzy. Silences nature spells for $d.  Reduces casting speed by $s1%.	Prevents and removes frenzy. Silences nature spells for $d.  Reduces casting speed by $s1%.					
54098	all		Poison Bolt Volley		Shoots poison at all enemies, inflicting $s1 Nature damage, then additional damage every $t2 sec. for $d.	Deals $s2 nature damage every $t2 sec.					
54099	all		Rain of Fire		Calls down a molten rain, burning all enemies in a selected area for $s1 Fire damage every $t1 sec. for $d.	$s1 Fire damage inflicted every $t1 sec.					
54100	all		Frenzy		Increases the caster's attack speed by $s2% and the Physical damage it deals by $s1 for $d.	Physical damage dealt is increased by $s1%.\nAttack speed increased by $s2%.					
54101	all		Befriend Azure Whelping		Permanently bond with the tiny Azure Whelping, allowing you to call him to your side at any time.						
54102	all		Summon Ethereal Sphere		Summons an Ethereal Sphere to aid the caster in battle.						
54104	all		Blight Fog		Deals Nature damage to nearby enemies.						
54105	all		Blight Fog		Deals Nature damage to nearby enemies.	$s1 Nature damage inflicted every $54104t1 sec.					
54106	all		Call Azure Whelping		Calls your Azure Whelping to your side.						
54107	all		Ram		Rams any enemies in front of the demolisher, dealing $s2 damage and knocking them back. Also deals $s3 siege damage to nearby structures.						
54108	all		Dalaran Alliance Guard Teleport Call								
54109	all		Ram		Rams any enemies in front of the demolisher, dealing $s2 Damage and knocking them back. Also deals $s3 siege damage to buildings.						
54111	all		Summon Target Visual								
54112	all		Get the Key: Vaelen's Chains - Left Hand								
54113	all		Shadow Bolt		Hurls a missile of dark magic, inflicting Shadow damage.	Damage taken from Shadow spells and effects increased by $s2.					
54114	all		Heart of the Phoenix		Revive your pet, returning it to life at full health.						
54115	all		Blight Crystal Explosion		Throws a Blight Crystal at an enemy target.  The crystal shatters on impact, dealing $54115s1 Nature damage and leaving behind a toxic residue that deals additional damage for $54115d.	$s2 Nature damage inflicted every $t2 sec.					
54116	all		Mana Low								
54117	spellbook	593	Improved Soul Leech	Rank 1	Your Soul Leech effect also restores mana to you and your summoned demon equal to $s1% of maximum mana, and has a $s2% chance to grant up to 10 party or raid members mana regeneration equal to 1% of maximum mana per 5 sec. Lasts for $57669d.						
54118	spellbook	593	Improved Soul Leech	Rank 2	Your Soul Leech effect also restores mana to you and your summoned demon equal to $s1% of maximum mana, and has a $s2% chance to grant up to 10 party or raid members mana regeneration equal to 1% of maximum mana per 5 sec. Lasts for $57669d.						
54119	all		Mist of the Kvaldir			Engulfed by the mist.					
54121	all		Necrotic Poison		Reduces healing by $s1% for $d.	Healing reduced by $s1%.					
54122	all		Poison Shock		Inflicts $s1 Nature damage to nearby enemies in front of the caster.						
54123	all		Frenzy		Increases the caster's attack speed by $s2% and the Physical damage it deals by $s1% for $d.	Physical damage dealt is increased by $s1%.\nAttack speed increased by $s2%.					
54124	all		Frenzy		Increases the caster's attack speed by $s2% and the Physical damage it deals by $s1% for $d.	Physical damage dealt is increased by $s1%.\nAttack speed increased by $s2%.					
54125	all		Web Spray		Web sprays out everywhere, stunning all nearby enemites for $d and dealing $s2 Nature damage.	Stunned.					
54126	all		Dalaran Alliance Guard Teleport Trap								
54127	all		Web Wrap		A web tightly wraps around the target, stunning and dealing $28622s2 Nature damage every $28622t2 sec. until the web wrap is destroyed.						
54128	all		Dalaran Horde Guard Teleport Call								
54129	all		Dalaran Horde Guard Teleport Trap								
54130	all		Summon Maexxna Spiderling								
54131	all		Bloodthirsty		Your pet's attacks have a chance to increase its happiness by 10% and heal 5% of its total health.	Increasing happiness by 2% and health by 1% per sec.					
54132	all		Concussion Blow		A brutal strike that deals $s1 damage and stuns the opponent for $d.	Stunned.					
54134	all		Image of Arthas Visual Effect								
54135	all		Powerful Strike		A powerful attack that deals $s1 Physical damage.						
54136	all		Blightblood Infusion		Heals the Blightblood Troll's controller for $s1 every $t1 sec. over $d.	$s1 health regenerated every $t1 sec.					
54137	all		Summon Ethereal Sphere		Summons an Ethereal Sphere to aid the caster in battle.						
54138	all		Summon Ethereal Sphere		Summons an Ethereal Sphere to aid the caster in battle.						
54139	all		Power Ball Visual								
54140	all		Svala Transforming								
54141	all		Power Ball Visual								
54142	all		Arthas Transforming Svala								
54143	all		Death and Decay		Corrupts the ground targeted by the Death Knight, causing Shadow damage every sec that targets remain in the area for $d.  This ability produces a high amount of threat.	Shadow damage inflicted every sec.					
54144	all		Westfall Brigade Scout Size								
54145	all		You're a ...! (Effects5)								
54147	all		You're a ...! (Effects6)								
54148	all		Ritual of the Sword								
54149	spellbook	594	Infusion of Light	Rank 2	Your Holy Shock critical hits reduce the cast time of your next Flash of Light by ${$54149m2/-1000}.1 sec or increase the critical chance of your next Holy Light by $s1%.	Reduces the cast time of your next Flash of Light by ${$54149m2/-1000}.1 sec or increase the critical chance of your next Holy Light by $s1%.					
54151	spellbook	594	Judgements of the Pure	Rank 3	Increases the damage done by your Seal and Judgement spells by $s2%, and your Judgement spells increase your casting and melee haste by $53657s1% for $53657d.						
54152	spellbook	594	Judgements of the Pure	Rank 4	Increases the damage done by your Seal and Judgement spells by $54154s2%, and your Judgement spells increase your casting and melee haste by $54152s1% for $54152d.	Casting and melee speed increased by $s1%.					
54153	spellbook	594	Judgements of the Pure	Rank 5	Increases the damage done by your Seal and Judgement spells by $54155s2%, and your Judgement spells increase your casting and melee haste by $54153s1% for $54153d.	Casting and melee speed increased by $s1%.					
54154	spellbook	594	Judgements of the Pure	Rank 4	Increases the damage done by your Seal and Judgement spells by $s2%, and your Judgement spells increase your casting and melee haste by $54152s1% for $54152d.						
54155	spellbook	594	Judgements of the Pure	Rank 5	Increases the damage done by your Seal and Judgement spells by $s2%, and your Judgement spells increase your casting and melee haste by $54153s1% for $54153d.						
54156	all		Punch Guy								
54157	all		Punch Guy								
54158	all		Judgement		Unleashes the energy of a Seal spell upon an enemy.  Refer to individual Seals for Judgement effect.						
54159	all		Ritual of the Sword								
54160	all		Arcane Power		Increases the caster's attack and casting speed by $s3% and the damage it deals by $s2%.	Damage dealt increased by $s2%.\nAttack and casting speed increased by $s3%.					
54161	all		Attack Power 226		Increases attack power by $s1.						
54162	all		You're a ...! (Effects7)								
54163	all		Attack Power - Feral (+2354)		Increases attack power by $s1 in Cat, Bear, Dire Bear, and Moonkin forms only.						
54164	all		Summon Players								
54166	all		Maker's Sanctuary		Removes the Etymidian from combat and protects it from all attacks and spells for $d.  During that time the Etymidian also cannot attack or use spells.	Immune to all attacks and spells.\nCannot attack or use spells.					
54168	all		Parachute		Protects the caster from falling damage for $d.	Falling...					
54169	all		Parachute		A portable parachute, automatically activates when the caster begins falling.	How do I turn this thing on?					
54170	all		Soar		Flight speed increased by 350%.	Flight speed increased by 350%.					
54171	all		Divine Storm		$53385s2% of Divine Storm damage dealt heals friendly target.						
54172	all		Divine Storm		$53385s2% of Divine Storm damage dealt heals friendly target.						
54173	all		Drag Mine Cart Check								
54174	all		Incite								
54175	all		Incite		Incites Scarlet Miners!						
54176	all		Zepik's Fervor		Chance on dealing damage to increase the damage done by Zepik for a short time. Stacks up to 5 times.	Chance on dealing damage to increase the damage done by Zepik for a short time.					
54177	all		Zepik's Fervor		Chance on dealing damage to increase the damage done by Zepik for a short time. Stacks up to 5 times.	Damage increase by $s1%.					
54178	all		Goregek's Endurance		Sometimes heals Goregek for $54179s1 health when damaging an enemy.	Sometimes heals Goregek for $54179s1 health when damaging an enemy.					
54179	all		Goregek's Endurance		Sometimes heals Goregek for $s1 health when damaging an enemy.						
54180	all		Judgements of the Wise		Your Judgement spells restore mana to up to 3 group or raid members totaling $s1% of the damage caused.						
54181	all		Fel Synergy		Heal your pet for a percentage of the spell damage you dealt.						
54182	all		An End to the Suffering: Quest Completion Script								
54183	all		An End to the Suffering: Quest Complete								
54184	all		Increase Healing 978		Increases spell power by $s1.						
54185	all		Claw Slash		Inflicts $s1 Physical damage.						
54187	spellbook	778	Clockwork Rocket Bot		Right Click to summon and dismiss your wind-up Clockwork Rocket Bot.						
54188	all		Sunder Armor		Hacks at an enemy's armor, reducing it more per Sunder Armor. Can be applied up to 5 times. Lasts $d.	Reduced armor.					
54189	all		Red Radiation								
54190	all		Lifeblood Dummy								
54191	all		Lifeblood Siphon		Recover the life force energy from a defeated Lifeblood Elemental.						
54192	all		Increase Spell Dam 520		Increases damage and healing done by magical spells and effects by up to $s1.						
54193	all		Earth's Fury		Throws all nearby enemies into the air, dealing damage and slowing their movement speed for $d.	Movement speed reduced by $s3%.					
54194	all		Mend		Restores health to an ally.						
54195	all		Earth's Wrath		Hurls a ball of enchanted earth at the enemy, dealing significant damage.						
54196	all		Cower in Fear		Targets of your Death and Decay have a $54196s3% chance to cower in fear for $54196d.	Cowering in fear.					
54197	spellbook	762	Cold Weather Flying	Passive	Allows the player to ride flying mounts in Northrend.						
54198	all		Teach Cold Weather Flying								
54199	all		Nightmare Vulnerability								
54202	all		Arcane Barrage Volley		Launches missiles at enemies, causing $s1 Arcane damage.						
54203	all		Sheath of Light		Heal over time.	Healing over $d.					
54204	all		Increase Healing 251		Increases spell power by $s1.						
54205	all		Svala Transforming								
54206	all		Mend		Restores health to an ally.						
54207	all		Power Ball Damage Trigger								
54209	all		Throw Portal Crystal								
54210	all		Rain of Fire		Calls down a molten rain, burning all enemies in a selected area for $s1 Fire damage every $t1 sec. for $d.	$s1 Fire damage inflicted every $t1 sec.					
54211	all		Arcane Explosion		Sends out a blast wave of magic, inflicting Arcane damage to nearby enemies.						
54212	all		Flask of Pure Mojo		Increases mana regeneration by $s1 mana per 5 seconds for $d. Counts as both a Battle and Guardian elixir.  This effect persists through death.	Mana Regeneration increased by $s1 per 5 seconds.					
54213	spellbook	171	Flask of Pure Mojo								
54214	all		Increase Healing 139		Increases spell power by $s1.						
54215	all		Lich King Facing								
54216	all		Master's Call		Remove all root and movement impairing effects on the target, and cause them to be immune to all such effects for $d.	Immune to root and movement impairing effects.					
54218	spellbook	171	Elixir of Mighty Strength								
54219	all		Arcane Channeling								
54220	spellbook	171	Elixir of Protection								
54221	spellbook	171	Potion of Speed								
54222	spellbook	171	Potion of Wild Magic								
54223	all		Shadow of Death		Increases your total Strength and Stamina by $s2%.  In addition, whenever you die, you return to keep fighting as a Ghoul for 25 sec.	Returned as a Ghoul.					
54224	all		Death		Falls in battle.	Dead.					
54226	all		Arcane Buffet		Inflicts $s1 Arcane damage to an enemy and increases the Arcane damage it takes by $s2 for $d.	Arcane damage taken is increased by $s2.					
54227	all		Rapid Recuperation Effect			Restoring $58883s1% mana every 3 sec.					
54229	all		Increase Spell Dam 98		Increases damage and healing done by magical spells and effects by up to $s1.						
54230	all		Increase Spell Dam 99		Increases damage and healing done by magical spells and effects by up to $s1.						
54231	all		Increase Spell Dam 101		Increases damage and healing done by magical spells and effects by up to $s1.						
54232	all		Increase Spell Dam 78		Increases damage and healing done by magical spells and effects by up to $s1.						
54235	all		Firebolt		Deals $s1 Fire damage to the target.						
54236	all		Touch of Death								
54237	all		Water Blast		Shoots a blast of water at an enemy, dealing $s1 Frost damage and knocking it back.						
54238	all		Duel Aura Check 01								
54239	all		Trigger 002								
54240	all		Ice Paws								
54241	all		Water Bolt Volley		Hurls a watery bolt at all nearby enemies within $a1 yards, inflicting $s1 Frost damage.						
54244	all		Grow			All grown up.					
54245	all		Enough								
54248	all		Drakuru Death								
54249	all		Lava Burn		Spits a Lava Bomb at an enemy, inflicting $s1 Fire damage.						
54250	all		Drakuru's Skull Missile								
54251	all		Lava Burn		Inflicts $s1 Fire damage every $t1 sec for $d.	$s1 Fire damage inflicted every $t1 sec.					
54252	all		Mental Quickness		Reduces the mana cost of your instant cast Shaman spells by $s1% and increases your spell power by an amount equal to $s2% of your agility.						
54253	all		Spawn Drakuru's Skull								
54254	all		Expert First Aid								
54255	all		Master First Aid								
54256	all		Master Cook								
54257	all		Expert Cook								
54258	all		Water Globule								
54259	all		Splatter								
54260	all		Water Globule								
54261	all		Ice Lance		Deals $s1 Frost damage to an enemy target.  Causes triple damage against Frozen targets.						
54262	all		Blue Radiation								
54263	all		Blue Banish State								
54264	all		Water Globule								
54265	all		Water Globule								
54266	all		Water Globule								
54267	all		Water Globule								
54268	all		Water Globule								
54269	all		Merge								
54270	all		Argent Tome Book Spawn								
54271	all		Death Grip Cooldown Reduction	Rank 1	Reduces the cooldown of your Death Grip ability by $/1000;s1 sec.						
54272	all		Pounce								
54273	all		PS Engineering - Arena Aura Gold								
54274	all		Backdraft		Cast time and global cooldown of your next three Destruction spell reduced by $s1%.	Reduced cast time and global cooldown for your Destruction spells by $s1%.					
54276	all		Backdraft		Cast time and global cooldown of your next three Destruction spell reduced by $s1%.	Reduced cast time and global cooldown for your Destruction spells by $s1%.					
54277	all		Backdraft		Cast time and global cooldown of your next three Destruction spell reduced by $s1%.	Reduced cast time and global cooldown for your Destruction spells by $s1%.					
54278	spellbook	188	Empowered Imp		Increases the damage done by your Imp by $s1%, and all critical hits done by your Imp have a $h% chance to increase your spell critical hit chance for your next spell by 100%. This effect lasts 8 sec.						
54279	all		Attack Power 114		Increases attack power by $s1.						
54280	all		Attack Power 170		Increases attack power by $s1.						
54281	all		PS Engineering - Arena Markers Make Visible								
54282	all		Flame Breath		Inflicts $s1 Fire damage to enemies in a cone in front of the caster.						
54283	all		Increase Critical Strike Chance 100%		Increases the target's spell critical strike chance by $s1%	Spell critical strike chance increased by $s1%.					
54284	all		PS Engineering - Arena Aura Green								
54287	all		Enrage		Increases the caster's attack speed by $s2% and the Physical damage it deals for $d.	This mother is not amused...					
54288	all		Increase Spell Dam Undead 100		Increases damage done to Undead by magical spells and effects by up to $s1.						
54289	all		Undead Slayer 170		Increases attack power by $s1 when fighting Undead.						
54290	all		Web Shot		Deals $s1 Nature damage and reduces movement speed by $s2%. Lasts 5 sec. Stacks up to 7 times.	Movement speed decreased by $s2%.					
54291	all		Glyph of the White Bear		Changes the appearance of your bear and dire bear forms to that of a polar bear.						
54292	all		Glyph of the White Bear		Your bear and dire bear forms take on the appearance of a polar bear.						
54293	all		Flame Breath								
54294	all		Dan's Test Dummy Traj		A low fuel cost makes this mid to long range gun an absolute necessity in the field. Aim low and let it rip!						
54295	all		WotLK Prologue Dual-plagued Brain Summon Aura								
54296	all		Summon Argent Knight (Alliance)								
54297	all		Shrink								
54298	all		WotLK Prologue Dual-plagued Brain, Summon								
54299	all		WotLK Prologue Dual-plagued Brain Speech								
54300	all		Soul Leech Mana		Gives your Shadow Bolt, Shadowburn, Soul Fire, Incinerate, Searing Pain and Conflagrate spells a chance to return mana equal to a percentage of the damage caused.						
54301	all		Summon Warbear Matriarch		Summons a Warbear Matriarch inside the Pit of the Fang.						
54302	all		Argent Knight Despawn Control Aura								
54303	all		Uber Spirit 80 Buff		Holy power infuses the target, increasing their Spirit by $M1 for $d.	Increases Spirit by $M1.					
54304	all		Force Player Stance								
54305	all		Smoldering Leaves								
54306	all		Protective Bubble		Shields the caster in a bubble of water, reducing damage taken by $s1%.  Each attack or spell hit against the caster will remove one charge.  Lasts $d or until $n charges are used.	All damage taken reduced by $s1%.\nBursts after $n attacks or spells.					
54307	all		Summon Argent Knight (Horde)		Summons an Argent Knight to your side.	Summons an Argent Knight to your side.					
54308	all		Summon Argent Knight		Summons a Argent Knight to your side.						
54309	all		Mark of Darkness		Afflicts a target with pure darkness, dealing $s1 Shadow damage per second. In addition, any time the target is healed, $54310s1 Shadow damage is dealt to nearby friends of that target. Lasts $d.	Deals $s1 Shadow damage per second.\nDeals $54310s1 Shadow damage to nearby friends when healed.					
54310	all		Mark of Darkness		Afflicts a target with pure darkness, dealing $54309s1 Shadow damage per second. In addition, any time the target is healed, $s1 Shadow damage is dealt to nearby friends of that target. Lasts $54309d.						
54311	all		Crypt Scarabs		Summons several crypt scarabs to attack the caster's target.						
54312	all		Frenzy		Increases casting speed by $s2% and Physical damage dealt by $s1% for $d.	Physical damage dealt is increased by $s1%.\nCasting speed increased by $s2%.					
54313	all		Crypt Scarab Swarm		Summons a swarm of crypt scarabs to attack all nearby enemy targets.						
54314	all		Drain Power		Drains the power out of all nearby enemies, reducing their damage done by $54314s1% and increasing your damage done by $54315s1%.	Damage reduced by $s1%.					
54315	all		Drain Power		Drains the power out of all nearby enemies, reducing their damage done by $54314s1% and increasing your damage done by $54315s1%.	Damage increased by $s1%.					
54316	all		Crypt Scarabs		Summons several crypt scarabs to attack the caster's target.						
54317	all		Crypt Scarab Swarm		Summons a swarm of crypt scarabs to attack all nearby enemy targets.						
54318	all		Hearthstone		Returns you to $z.  Speak to an Innkeeper in a different place to change your home location.						
54319	all		Cosmetic Chains								
54321	all		Cosmetic Chains								
54322	all		Divine Shield		Protects the caster from all attacks and spells for $d., but also increases the time between attacks by $s2% during that time.	Immune to all attacks and spells.\nTime between attacks increased by $s2%.					
54323	all		Blessing of the Light		Imbues the target with the Holy Light's blessing and approval.						
54324	all		Cosmetic Chains								
54325	all		Unarmed Attack Visual								
54326	all		Bile Vomit		Inflicts $s2 Nature damage and an additional $s1 damage every $t2 sec. to enemies in a cone in front of the caster. Nature resistance is reduced by $s2. Lasts $d.	$s2 Nature damage inflicted every $t2 sec.\nNature resistance is reduced by $s3.					
54327	all		Cosmetic Chains								
54328	all		Cosmetic Chains								
54329	all		Argent Dawn Banner		Plant a blessed banner of the Argent Dawn, consecrating the ground beneath it.	Plant a blessed banner of the Argent Dawn, consecrating the ground beneath it.					
54331	all		Acidic Sludge		Inflicts $s1 Nature damage to an enemy and increases the Nature damage it takes by $s2 for $d.	Nature damage taken is increased by $s2.					
54333	all		Shock		Inflicts $s1 Nature damage to enemy targets within $a1 yards.						
54334	all		Chain Lightning		Strikes nearby enemies with a lightning bolt that arcs to another nearby enemies. The spell affects up to $x1 targets, inflicting Nature damage to each successive target.						
54335	all		Ride TEST Skater								
54337	all		Great Heal		Calls upon Holy magic to heal an Living Monstrosity.						
54338	all		Mana Burn		Hits an enemy with an anti-mana bolt. For each point of mana consumed by the bolt, the target takes $e1 damage.						
54339	all		Mind Flay		Inflicts $s1 Shadow damage to an enemy every sec. and reduces its movement speed by $s2% for $d.	$s1 Shadow damage inflicted every second for $d.\nMovement speed reduced by $s2%.					
54340	all		Vile Vomit		Inflicts $s1 Nature damage and reduces enemy's movement speed by $s2% for $d.	Reduces move speed by $s2%.					
54341	all		Zuramat Add								
54342	all		Zuramat Add 2								
54343	all		Void Shifted		Shifted into the Void, the target is dealt $s2 Shadow damage per second. The target can also see hidden creatures in the Void.	Deals $s2 Shadow damage per second.\nAble to see hidden Void creatures.					
54344	all		Shadow Bolt Volley		Inflicts $s1 Shadow damage to nearby enemies.						
54345	all		Withering Strike		A strike that deals $s2% of normal weapon damage and withers an enemy's body, increasing the time between attacks by $s1% for $d.	Time between attacks increased by $s1%.					
54347	spellbook	354	Improved Demonic Tactics	Rank 1	Increases your summoned demon's critical strike chance equal to $s1% of your critical strike chance.						
54348	spellbook	354	Improved Demonic Tactics	Rank 2	Increases your summoned demon's critical strike chance equal to $s1% of your critical strike chance.						
54349	spellbook	354	Improved Demonic Tactics	Rank 3	Increases your summoned demon's critical strike chance equal to $s1% of your critical strike chance.						
54350	all		Cosmetic 1h Attack								
54351	all		Zuramat Add								
54352	spellbook	354	zzOldImproved Demonic Tactics								
54353	spellbook	202	"Mark ""S"" Boomstick"								
54354	spellbook	237	Prismatic Cloak	Rank 3	Reduces all damage taken by $s1% and reduces the fade time of your Invisibility spell by ${$m2/-1000} sec.						
54355	all		Detonation		Deals $s1 Fire damage and causes a significant knockback on all nearby players.						
54356	all		Unstoppable Enrage		Increases the caster's attack speed by $s2% and the Physical damage it deals by $s1% for $d. The caster cannot be stopped.	Physical damage dealt is increased by $s1%.\nAttack speed increased by $s2%.\nCannot be stopped.					
54357	all		Shadowform								
54358	all		Zuramat Add 2								
54359	all		Explosive Decoy		Summons a decoy that explodes when attacked, shredding enemies for $53273s1 Physical damage.  Lasts for 3 min or until it explodes.						
54360	all		Remote Detonator		Detonates your S.H.E.E.P.						
54361	all		Void Shift		Violently shifts the target into the void, dealing $s1 Shadow damage per second. At the end of this effect, the target is fully shifted into the void and is able to see hidden void creatures.	Deals $s1 Shadow damage per second.					
54362	all		Poison		Inflicts $54363s1 Nature damage to nearby enemies every $t1 sec. for $d.	$54363s1 Nature damage inflicted every $t1 sec.					
54363	all		Poison		Inflicts $s1 Nature damage to enemy targets within the Poison Cloud.						
54364	all		Slime Spray		Slime sprays out, dealing $s1 Nature damage to enemies in front of Grobbulus. Enemies hit by Slime Spray summon a Fallout Slime.						
54367	all		Disease Cloud			Damaging nearby enemies every $d.					
54368	all		Disease Cloud		$s1 Nature damage dealt to nearby enemies.						
54369	all		Summon Void Sentry		Summons a Void Sentry.						
54370	all		Nether Protection		After being hit with a spell, you have a chance to gain Nether Protection, reducing all damage by that spell school by $s1% for $d.	Holy spell damage reduced by $s1%.					
54371	all		Nether Protection		After being hit with a spell, you have a chance to gain Nether Protection, reducing all damage by that spell school by $s1% for $d.	Fire spell damage reduced by $s1%.					
54372	all		Nether Protection		After being hit with a spell, you have a chance to gain Nether Protection, reducing all damage by that spell school by $s1% for $d.	Frost spell damage reduced by $s1%.					
54373	all		Nether Protection		After being hit with a spell, you have a chance to gain Nether Protection, reducing all damage by that spell school by $s1% for $d.	Arcane spell damage reduced by $s1%.					
54374	all		Nether Protection		After being hit with a spell, you have a chance to gain Nether Protection, reducing all damage by that spell school by $s1% for $d.	Shadow spell damage reduced by $s1%.					
54375	all		Nether Protection		After being hit with a spell, you have a chance to gain Nether Protection, reducing all damage by that spell school by $s1% for $d.	Nature spell damage reduced by $s1%.					
54376	all		Sybil Force Reaction								
54377	all		Grizzly Hills - Pit Fighting Spectator - Say								
54378	all		Mortal Wound		A punshing blow strikes the target, reducing the effectiveness of healing spells by $s2%.	Healing reduced by $s2%.					
54379	all		Burst		A blast of water drenches all nearby enemies, dealing Frost damage and knocking them back.						
54380	all		Copy of Shoot		Shoots at an enemy, inflicting Physical damage.						
54381	all		Flaming Arrow		A low fuel cost makes this mid to long range gun an absolute necessity in the field. Aim low and let it rip!						
54382	all		Explosion								
54383	all		Archery Missile		A low fuel cost makes this mid to long range gun an absolute necessity in the field. Aim low and let it rip!						
54384	all		Medium Shot		A low fuel cost makes this mid to long range gun an absolute necessity in the field. Aim low and let it rip!						
54386	all		Darmuk's Vigilance		Increases the caster's chance to dodge by $s1% for $d.	Chance to dodge increased by $s1%.					
54387	all		Ravenous Claw		Drains $s1 health from an enemy, transferring it to the caster.						
54393	all		Level 1 Optic Link		Visual effect.						
54394	all		Level 2 Optic Link		Visual effect.						
54395	all		Level 3 Optic Link		Visual effect.						
54396	all		Optic Link		Channels a beam of dark energy at the target, causing Shadow damage over $d. This damage is dealt slowly at first, and builds up as the channel reaches its full duration.	Shadow damage inflicted over $d.\nDamage increases over time.					
54398	all		Tyrael Dance								
54399	all		Water Bubble		You are engulfed in a Bubble of Water which inflicts $s1 Frost damage every $t1 sec and slows movement speed by $s2% for $d.	Inflicts $s1 Frost damage every $t1 sec and slows movement speed by $s2%.					
54400	all		Water Wall		You summon a violent wall of water that does $s2 Nature damage when in contact with hostile targets.						
54401	all		Copy of Hearthstone		Returns you to $z.  Speak to an Innkeeper in a different place to change your home location.						
54402	all		Land Mine Knockback								
54403	all		Scourgestone		Returns you to $z.  May only be used while a servant of the Lich King.						
54404	all		Dust Cloud		Your tallstrider kicks up an obscuring cloud of dust, causing all enemies within 10 yards to miss their next attack.  Lasts for $54404d.	Chance to hit reduced by 100%.					
54405	all		Practice Arrow		A low fuel cost makes this mid to long range gun an absolute necessity in the field. Aim low and let it rip!						
54406	all		Teleport: Dalaran		Teleports the caster to Dalaran.						
54407	all		Archery Dummy								
54408	all		Mana Opal		Conjures a mana opal that can be used to instantly restore $27103s1 mana.						
54409	all		Mana Sapphire		Conjures a mana sapphire that can be used to instantly restore $42987s1 mana.  3 charges.						
54410	all		Mana Emerald		Conjures a mana emerald that can be used to instantly restore $27103s1 mana.  3 charges.						
54411	all		Mana Ruby		Conjures a mana ruby that can be used to instantly restore $10058s1 mana.						
54412	all		Mana Citrine		Conjures a mana citrine that can be used to instantly restore $10057s1 mana.						
54413	all		Mana Jade		Conjures a mana jade that can be used to instantly restore $10052s1 mana.						
54414	all		Mana Agate		Conjures a mana agate that can be used to instantly restore $5405s1 mana.						
54415	all		From Their Corpses, Rise!: Summon Corrupted Scarlet Onslaught								
54416	all		Ray of Pain		Deals Shadow damage to a single target.						
54417	all		Ray of Suffering		Deals Shadow damage to a single target over time.	Shadow damage equal to $s1% of total health inflicted every $t1 sec.					
54418	all		Argent Tome Bunny Spawn		Bring forth your Argent Tome and smite your foes with its sacred wisdom.	Bring forth your Argent Tome and smite your foes with its sacred wisdom.					
54419	all		Argent Wisdom		$s1 Holy damage.	$s1 Holy damage.					
54420	all		Deliver Gryphon		Deliver the Onslaught Gryphon to Uzo Deathcaller at Death's Rise.						
54421	all		Flight			Flying.					
54422	all		Flight			Flying.					
54423	all		Hammer of the Righteous								
54424	spellbook	189	Fel Intelligence	Rank 1	Increases party and raid members Intellect by $s1 and Spirit by $s2.	Increases Intellect by $s1 and Spirit by $s2.					
54425	all		Improved Felhunter		Your Felhunter regains a percentage of its maximum mana each time it hits with its Shadow Bite ability, and increases the effect of your Felhunter's Fel Intelligence.						
54426	all		Decimate		Reduce the current health of all nearby units to 5% of their maximum health.						
54427	all		Enrage		Decreases the time between your attacks by $s1% for $d.	Attack speed increased by $s1%.\nDamage increased by $s2%.					
54428	spellbook	594	Divine Plea		You gain $o1% of your total mana over $d, but the amount healed by your Flash of Light, Holy Light, and Holy Shock spells is reduced by $s2%.	Gaining $o1% of total mana.\nHealing spells reduced by $s2%.					
54429	all		Lightning Whirl		Whirl at the enemy, releasing a painful jolt of lightning.	Whirl at the enemy, releasing a painful jolt of lightning.					
54430	all		Stormforged Beam								
54431	all		Throw Spear		Throws a weapon at an enemy, inflicting Physical damage.						
54432	all		Sparksocket AA: Aggro Check								
54433	all		Hostile Airspace		Struck by Sparksocket AA Cannon.	Struck by Sparksocket AA Cannon.					
54434	all		Sparksocket AA: Periodic Aura		Periodic aura that the knockdown dragon is pulsing.  If a character gets this aura, they fire a dummy spell back at the dragon, who is listening for it on their creature action triggers.						
54435	all		Demonic Empowerment		Instantly vanishes, causing the Succubus to go into an improved Invisibility state. The vanish effect removes all stuns, snares and movement impairing effects from the Succubus.	Improved invisibility.					
54436	all		Demonic Empowerment		Instantly vanishes, causing the Succubus to go into an improved Invisibility state. The vanish effect removes all stuns, snares and movement impairing effects from the Succubus.	Improved invisibility.					
54437	all		zzOldDemonic Empowerment								
54438	all		Ray of Pain		Deals Shadow damage to a single target.						
54440	all		Floating Drowned								
54441	all		Demonic Empowerment		Your Voidwalker temporarily gains 20% of its maximum health for $54443d.  After the effect expires, the health is lost.						
54442	all		Ray of Suffering		Deals Shadow damage to a single target.						
54443	all		Demonic Empowerment		Your Voidwalker temporarily gains 20% of its maximum health and $s2% increased threat generated from attacks for $54443d.  After the effect expires, the health and increased threat generation is lost.	Health increased by 20% of maximum, and threat generated by attacks increased by $s2%.					
54444	all		Demonic Empowerment		Increases the critical strike chance of your Imp by $s1%.	Critical strike chance increased $s1%.					
54445	all		Guard Dog		Pet happiness increased.	Pet happiness increased $s1%.					
54446	spellbook	776	Rune of Swordbreaking		Affixes your one-handed rune weapon with a rune that increases Parry chance by 2% and reduces the duration of Disarm effects by $43588s1%.  Modifying your rune weapon requires a Rune Forge in Ebon Hold.						
54447	spellbook	776	Rune of Spellbreaking		Affixes your one-handed rune weapon with a rune that deflects $54449s1% of all spell damage and reduces the duration of Silence effects by $60209s1% (not cumulative with additional Silence duration reduction).  Modifying your rune weapon requires a Rune Forge in Ebon Hold.						
54448	all		Deflection								
54449	all		Rune of Spellbreaking								
54450	all		Withered Touch		Adds a chance to cast Withered Touch on enemy when hit by a melee attack.						
54451	all		Withered Touch		Diseases an enemy, inflicting Shadow damage every $t1 sec. and reducing movement speed by $s2% for $d.	$s1 Shadow damage inflicted every $t1 sec. Reduces movement speed by $s2%.					
54452	all		Adept's Elixir		Increases spell power by $s1 and critical strike rating by $s3 for $d.  Battle Elixir. Battle Elixir.	Spell power increased by $s1 and critical strike rating increased by $s3.  Battle Elixir. Battle Elixir.					
54453	all		Web Wrap		Channels a beam of webbing, rendering the target unable to move and inflicting $s2 Shadow damage after $t2 sec.	Inflicts $s2 Shadow damage after $t sec.\nImmobilized.					
54455	all		Random Circumference Point Feather Brown								
54456	all		Random Circumference Point Feather Red								
54457	all		Random Circumference Point Feather Blue								
54458	all		Smash		Knock your enemy away from you,  inflicting $s2 physical damage.						
54459	all		Maul		Attack an enemy with a powerful frontal attack, inflicting $s1 damage.						
54460	all		Charge		Lunge towards your target, stunning it for 3 seconds.	Stunned.					
54461	all		Brunnhildar Disguise								
54462	all		Howling Screech		Movement speed of nearby enemies is reduced by $s1% for $d.\nReduces the attack power of nearby enemies by $s2.	Movement speed reduced by $s1%.\nAttack power reduced by $s2%.					
54464	all		Artificer's Beam								
54466	all		Saronite Grenade		Inflicts $53261s1 Fire damage and incapacitates targets for $53261d in a 3 yard radius.  Any damage will break the effect.  Unreliable against targets higher than level 90.						
54467	all		Bone Armor		The Bone Gryphon is surrounded by 5 whirling bones.  While at least 1 bone remains, it takes 40% less damage from all sources and deals $s2% more damage with all attacks, spells and abilities.  Each spell or attack that lands consumes 1 bone.  Lasts $d.	Damage reduced by 40%.					
54468	all		Leaping Face Smash								
54469	all		Plague Strike		A vicious strike that deals talon damage plus $s1 modified by attack power and plagues the target, dealing $o2 Shadow damage over $d.  Only useful versus Onslaught Gryphon Riders.	Deals $o2 Shadow damage over $d.					
54470	all		Venomous Bite		Spits poison at an enemy, inflicting Nature damage, then additional damage every $t2 sec. for $d.	Nature damage inflicted every $t2 sec.					
54471	all		Argent Dawn Banner								
54475	all		Rampage		Increases the caster's attack speed by $s2% and the Physical damage it deals by $s1% for $d. After $d the causes exhaustion.	Physical damage dealt is increased by $s1%.\nAttack speed increased by $s2%.\nExhausts the target after $d.					
54476	all		Blood Presence		Strengthens the Bone Gryphon with the presence of blood, increasing damage by $s1% and healing the Bone Gryphon by $s2% of damage dealt.	Increases damage by $s1% and heals the Bone Gryphon by $s2% of damage dealt.  The Bone Gryphon has accelerated health regeneration outside of combat.					
54477	all		Exhausted		The Rampage has Exhausted the target, stunning the target for $d.	Stunned.					
54479	all		Earth Shield		Protects the target with an earthen shield, causing melee attacks to heal the shielded target.  This effect can only occur once every few seconds.  $n charges.  Lasts $d.	Melee attacks heal the shielded target.					
54480	all		Earth Shield		Protects the target with an earthen shield, causing melee attacks to heal the shielded target.  This effect can only occur once every few seconds.	Melee attacks heal the shielded target.					
54481	all		Chain Heal		Infuses a wounded ally with healing energy that spreads to another nearby ally. The spell affects up to $x1 targets.						
54482	all		Blood of Sseratus		Invokes the power of Sseratus to increase attack and casting speed by $s1% for $d.	Empowered by the Blood of Sseratus.\nAttack and casting speed increased by $s1%.					
54483	all		Vigor of Sseratus		Calls upon the power of Sseratus to increase attack and casting speed by $s1%, and decrease damage taken by $s2% for $d.	Empowered by Sseratus.\nAttack and casting speed increased by $s1%.\nDamage taken reduced by $s2%.					
54484	all		Summon Drakkari Snake		Summons a Drakkari Snake to aid the caster.						
54485	all		Magnetic Pull Alt								
54486	spellbook	237	Missile Barrage	Rank 2	Gives your Arcane Blast a $h% chance, and your Arcane Barrage, Fireball, Frostbolt and Frostfire Bolt spells a ${$h/2}% chance to reduce the channeled duration of the next Arcane Missiles spell by $/1000;44401S1 secs, reduce the mana cost by $44401s3%, and missiles will fire every .5 secs.						
54487	all		Jump Attack		Jumps at the target, inflicting $s2% weapon damage.						
54488	spellbook	237	Missile Barrage	Rank 3	Gives your Arcane Blast a $h% chance, and your Arcane Barrage, Fireball, Frostbolt and Frostfire Bolt spells a ${$h/2}% chance to reduce the channeled duration of the next Arcane Missiles spell by $/1000;44401S1 secs, reduce the mana cost by $44401s3%, and missiles will fire every .5 secs.						
54489	spellbook	237	Missile Barrage	Rank 4	Gives your Arcane Blast a $h% chance, and your Arcane Barrage, Fireball, Frostbolt and Frostfire Bolt spells a ${$h/2}% chance to reduce the channeled duration of the next Arcane Missiles spell by $/1000;44401S1 secs, reduce the mana cost by $44401s3%, and missiles will fire every .5 secs.						
54490	spellbook	237	Missile Barrage	Rank 5	Gives your Arcane Blast a $h% chance, and your Arcane Barrage, Fireball, Frostbolt and Frostfire Bolt spells a ${$h/2}% chance to reduce the channeled duration of the next Arcane Missiles spell by $/1000;44401S1 secs, reduce the mana cost by $44401s3%, and missiles will fire every .5 secs.						
54491	all		Conversion Beam		Inflicts $s1 Shadow damage to an enemy every $t1 sec and causes Weakened Resolve.	Inflicts $s1 Shadow damage to an enemy every $t1 sec and causes Weakened Resolve.					
54492	all		Argent Glory		$s1 Holy Damage.	$s1 Holy Damage.					
54493	all		Windfury								
54494	all		Major Agility		Increases your Agility by $s1 and your critical strike rating by $s2 for $d.  Battle Elixir. Battle Elixir.	Increases Agility by $s1 and critical strike rating by $s2. Battle Elixir.					
54495	all		Plague Spray		Summoning Plague.	Summoning Plague.					
54496	all		Summon Plague Spray		Summoning Plague.	Summoning Plague.					
54497	all		Lesser Armor		Increases armor by $s1 for $d.  Guardian Elixir.	Armor increased by $s1.  Guardian Elixir.					
54498	all		Heart of the Crusader	Rank 2	In addition to the normal effect, your Judgement spells will also increase the critical strike chance of all attacks made against that target by an additional $20336s1%.	Increases chance of critical strikes against the target by $s1%.					
54499	all		Heart of the Crusader	Rank 3	In addition to the normal effect, your Judgement spells will also increase the critical strike chance of all attacks made against that target by an additional $20337s1%.	Increases chance of critical strikes against the target by $s1%.					
54500	all		Quest Invisibility 1								
54501	all		Consume Shadows		Greatly increases the stealth detection of all party members within $a1 yds of the Voidwalker.	Greatly increases stealth detection.					
54502	all		See Quest Invisibility 1								
54503	all		Quest Invisibility 2								
54504	all		See Quest Invisibility 2								
54505	all		Plague		The Plague inflicts $s1 Shadow damage every $t for $d.	Suffering $s1 Shadow damage every $t sec.					
54506	all		Heroic Leap		Leap through the air and slam down on all enemies within $52174a1 yards of the target area, causing $52174s2% weapon damage and stunning them for $52174d.	Stunned.					
54507	all		Heroic Leap		Leap through the air and slam down on all enemies within $52174a1 yards of the target area, causing $52174s2% weapon damage and stunning them for $52174d.						
54508	all		Empowered Fury		Your felguard hurls their weapon at the target and enrages, stunning the target for some time and making your felguard deal more damage for $d.	Damage increased by $s1%.					
54509	all		Demonic Empowerment		Instantly dispels all magical effects from the Felhunter.	Instantly dispels all magical effects from the Felhunter.					
54510	all		Cauldron Stir								
54511	all		Earth Shock		Shocks an enemy with concussive force, inflicting Nature damage and interrupting the spell being cast for $d.						
54512	all		Plague Shield		Absorbs 1500 damage.	Protected by a cloud of disease. Absorbs 1500 damage.					
54513	all		Summon Proto-Drake Mount								
54514	all		Frost Tip								
54515	all		Frost Tip								
54516	all		Bloodlust		Increases melee, ranged, and spell casting speed by $s1% for all party members.  Lasts $d.	Melee, ranged, and spell casting speed increased by $s1%.					
54517	all		Magnetic Pull		Pulls an enemy target from the opposite platform to the caster.						
54518	all		Penance		Launches a volley of holy light at the target, causing $54520s1 Holy damage to an enemyevery $t2 sec for $d.	Launches a volley of holy light at the target, causing $54520s1 Holy damage to an enemyevery $t2 sec for $d.					
54519	all		Loken Sit								
54520	all		Penance		Launches a volley of holy light at the target, causing $s1 Holy damage to an enemy every $54518t2 sec for $54518d.						
54521	all		Power Infusion		Infuses the target with power, increasing spell casting speed by $s1% and reducing the mana cost of all spells by $s2%.  Lasts $d.	Spell casting speed increased by $s1% and mana cost of spells reduced by $s2%.					
54522	all		Summon Ghouls On Scarlet Crusade		Calls forth ghouls to attack aggressors, giving you time to get the Eye of Acherus to safety.	Calls forth ghouls to attack aggressors, giving you time to get the Eye of Acherus to safety.					
54524	all		Shroud of Darkness		When damaged, reduces healing received by the attacker by $54525s1%.	When damaged, reduces healing received by the attacker by $54525s1%.					
54525	all		Shroud of Darkness		Decreases healing received by $s1%.	Healing recieved decreased by $s1%.					
54526	all		Torment		Wracks an enemy's mind, inflicting $s2 Shadow damage every $t2 sec and stunning the target for $d.	Stunned.\n$s2 Shadow damage every $t2 sec.					
54527	all		Corrosive Saliva		Lick the enemy, covering it in saliva that eats away $s1% of its armor per application.  Stacks up to $u times.	Armor reduced by $s1%.					
54528	all		Static Field		Deals $s1 Nature damage to all nearby enemy targets.						
54529	all		Power Surge		Increases the caster's attack speed by $s1% and damage dealt by $s2% for $d.	Attack speed increased by $s1%.\nDamage dealt increased by $s2%.					
54530	all		Opening								
54531	all		Chain Lightning		Strikes an enemy with a lightning bolt that arcs to another nearby enemy. The spell affects up to $x1 targets, inflicting greater Nature damage to each successive target.						
54532	all		Ice Spike		A spike of ice inflicts $s1 Frost damage.	Inflicts $s1 Frost damage.					
54536	all		Improved Land Mine		Place an Improved Land Mine at Garm's Bane.  The unstable nature of these mines gives them an active life of $d.						
54537	all		Detonation		Deals $s1 Fire damage to all nearby enemies						
54538	all		Land Mine Proximity Warning			You are too close to a land mine to place another.					
54539	all		Throw Ice Boulder								
54540	all		Test Frostbolt Weapon	Rank 2	Launches a bolt of frost at the enemy, causing $s2 Frost damage and slowing movement speed by $s1% for $d.	Movement slowed by $s1%.					
54541	all		Aggro (5 yd pbae)								
54542	all		Fake Aggro Radius (5 yd)								
54544	all		Opening Scarlet Onslaught Trunk		Unlocks Scarlet Onslaught Trunks.						
54547	all		Summon Stormforged Raider								
54548	all		Vrykul Bowshot								
54549	all		Cosmetic Chains								
54550	spellbook	164	Cobalt Triangle Shield								
54551	spellbook	164	Tempered Saronite Belt								
54552	spellbook	164	Tempered Saronite Boots								
54553	spellbook	164	Tempered Saronite Breastplate								
54554	spellbook	164	Tempered Saronite Legplates								
54555	spellbook	164	Tempered Saronite Helm								
54556	spellbook	164	Tempered Saronite Shoulders								
54557	spellbook	164	Saronite Defender								
54558	all		Vrykul Bowshot Periodic Trigger								
54559	all		Energy Surge								
54560	all		Energy Surge								
54561	all		Self-Immolation and Knockdown (Short)								
54562	spellbook	125	Command	Racial Passive	Damage dealt by Death Knight, Hunter and Warlock pets increased by $s1%.						
54564	all		Copy of Throw Bucket		Toss to a friend, or onto a burning building.						
54565	all		Whammy		Performs a whammy on an enemy, causing Nature damage and hexing the target for $d.	Hexed.					
54566	spellbook	782	Death Knight Pet Scaling 01								
54567	all		Taxi to Death's Breach								
54568	all		Taxi to Death's Breath								
54569	all		Stance Check								
54570	all		Stance Check								
54571	all		Stance Check								
54572	all		Healing Potion		Restores $s1 health.						
54573	all		Teach Summon Miniwing	Summon							
54574	all		Taxi to Ebon Hold								
54575	all		Taxi to Ebon Hold								
54576	all		Forceitem U.D.E.D.								
54577	all		Throw U.D.E.D.		Throw the Explosive Device at an Ironwool Mammoth before it explodes.						
54578	all		Death Coil Cosmetic								
54580	all		Coagulate		The Coagulating Increases Physical damage done by $s1.	Increases Physical damage done by $s1.					
54581	all		Mammoth Explosion Spell Spawner								
54582	all		Plasma		Adds a chance to deal damage in an area around the caster when successfully hit.						
