spell_id	priority	skill_line_ids	name_en	rank_en	description_en	tooltip_en	name_zh	rank_zh	description_zh	tooltip_zh	notes
8238	spellbook	185	Savory Deviate Delight								
8240	spellbook	171	Elixir of Giant Growth								
8242	all		Shield Slam		Inflicts damage to an enemy, stunning it for $d.	Stunned.					
8243	spellbook	202	Flash Bomb								
8245	all		Corrosive Acid		Reduces the armor of nearby enemies by $s1 for $d.	Armor reduced by $s1.					
8246	all		Lightning Bolt	Rank 4	Blasts an enemy with lightning for $s1 Nature damage.						
8247	all		Wandering Plague								
8248	all		Flametongue Totem Proc	Rank 2							
8249	spellbook	373	Flametongue Totem	Rank 2	Summons a Flametongue Totem that enchants all party members' main-hand weapons with fire if they are within $8250a1 yards, increasing their total spell damage by $84634s2.  Each hit causes $/77;8248m1 to $/25;8248M1 additional Fire damage.  Lasts $d.						
8250	all		Flametongue Totem Effect	Rank 2							
8251	all		Flametongue Totem Passive	Rank 2							
8253	all		Flametongue Totem Proc	Rank 1							
8255	all		Strong Cleave		Inflicts normal damage plus $s1 to an enemy and its nearest allies, affecting up to $x1 targets and increasing the time between their attacks by $s2% for $d.	Time between attacks increased by $s2%.					
8256	all		Lethal Toxin		Inflicts $s1 Nature damage to an enemy every $t1 sec. for $d.	$s1 Nature damage inflicted every $t1 sec.					
8257	all		Venom Sting		Inflicts $s2 Nature damage to an enemy, then an additional $s1 damage every $t1 sec. for $d.	$s1 Nature damage inflicted every $t1 sec.					
8258	all		Devotion Aura		Gives additional armor to nearby party members for $d.	Armor increased by $s1.					
8259	all		Whirling Barrage		Inflicts normal damage plus $s1 to nearby enemies.						
8260	all		Rushing Charge	Rank 1	Increases the caster's movement speed by $s1% for $d. and causes it to inflict an additional $s2 damage on its first attack.	Movement speed increased by $s1%.\nInflicts an additional $s2 damage on first attack.					
8262	all		Elemental Protection Totem	Rank 1	Summons an Elemental Protection Totem at the caster's feet. Totem lasts $d. and increases nearby party members' resistance to harmful magic.						
8263	all		Elemental Protection Totem Aura	Rank 1		Magic resistance increased.					
8264	all		Lava Spout Totem	Rank 1	Summons a Lava Spout Totem at the caster's feet. Totem lasts $d. and inflicts Fire damage to nearby enemies every $8266t1 sec.						
8265	all		Lava Spout Totem	Rank 1	Deals Fire damage to nearby enemies.						
8266	all		Lava Spout Totem Passive	Rank 1							
8267	all		Cursed Blood		Reduces the Intellect of nearby enemies for $d.	Intellect reduced by $s1.					
8268	all		Cursed Blood		Reduces the Intellect of nearby enemies for $d.						
8269	all		Frenzy		Increases the caster's attack speed and the Physical damage it deals for $d.	Attack speed increased by $s2%.\nPhysical damage dealt is increased by $s1%.					
8270	all		Summon Earth Rumbler		Summons $s1 $lStone Rumbler:Stone Rumblers; to accompany the caster until dismissed.						
8271	all		Summon Wind Howler		Summons $s1 $lWind Howler:Wind Howlers; to accompany the caster until dismissed.						
8272	all		Mind Tremor		Reduces an enemy's casting speed by $s1% for $d.	Casting speed reduced by $s1%.					
8273	all		Bonus Dodge								
8274	all		Summon Tamed Battleboar		Summons $s1 $lTamed Battleboar:Tamed Battleboars; to accompany the caster until dismissed.						
8275	all		Poisoned Shot		Inflicts normal damage plus $s2 to an enemy, then an additional $s1 Nature damage every $t1 sec. for $d.	$s1 Nature damage inflicted every $t1 sec.					
8276	all		Summon Tamed Hyena		Summons $s1 $lTamed Hyena:Tamed Hyenas; to accompany the caster until dismissed.						
8277	all		Voodoo Hex	Rank 1	Physical damage caused by the target is reduced by $s1 for $d.	Lowered physical damage.					
8278	all		Invisibility Detection								
8279	all		Stealth Detection		See through all stealth.						
8281	all		Sonic Burst		Inflicts normal damage plus $s1 on nearby enemies, preventing them from spellcasting for $d.	Cannot cast spells.					
8282	all		Curse of Blood		Increases the Physical damage taken by an enemy by $s1 for $d.	Physical damage taken is increased by $s1.					
8283	all		Snufflenose Command		For use on a Snufflenose Gopher.						
8285	all		Rampage		Inflicts normal damage plus $s1 to nearby enemies, stunning them for $d.	Stunned.					
8286	all		Summon Boar Spirit		Summons $s1 $lBoar Spirit:Boar Spirits; to aid the caster in battle for $d.						
8288	spellbook	355	Drain Soul	Rank 2	Drains the soul of the target, causing $o2 Shadow damage over $d, increased by up to 40% based on the target's missing health.  If the target dies while being drained, and yields experience or honor, the caster gains a Soul Shard.  Soul Shards are required for other spells.	$s2 Shadow damage every $t2 seconds.					
8289	spellbook	355	Drain Soul	Rank 3	Drains the soul of the target, causing $o2 Shadow damage over $d, increased by up to 40% based on the target's missing health.  If the target dies while being drained, and yields experience or honor, the caster gains a Soul Shard.  Soul Shards are required for other spells.	$s2 Shadow damage every $t2 seconds.					
8292	all		Chain Bolt	Rank 1	Strikes an enemy with a lightning bolt that arcs to another nearby enemy. The spell affects up to $x1 targets, causing $s1 Nature damage to each.						
8293	all		Lightning Cloud		Creates a cloud of lightning that lasts $d., blasting all enemies in a selected area for $s1 Nature damage and inflicting $s2 additional damage every $t2 sec.						
8295	spellbook	769	dmg2								
8299	all		Perm. Illusion Slime								
8312	all		Trap		Renders a target unable to move for $d.	Rooted.					
8313	all		Poison		Poisons target for $s1 Nature damage every $t1 sec for $d.	$s1 Nature damage inflicted every $t1 sec.					
8314	all		Rock Skin			Increases armor and stamina.					
8315	all		Perm. Illusion Succubus								
8316	spellbook	188	Fire Shield	Rank 2	Surrounds the target in a shield of fire, making every strike against the target cause $s1 Fire damage to the attacker.  Lasts $d.  The caster cannot cast Fire Shield on himself.	Causes $s1 Fire damage to attacker when struck.					
8317	spellbook	188	Fire Shield	Rank 3	Surrounds the target in a shield of fire, making every strike against the target cause $s1 Fire damage to the attacker.  Lasts $d.  The caster cannot cast Fire Shield on himself.	Causes $s1 Fire damage to attacker when struck.					
8318	all		Fire Shield	Rank 2							
8319	all		Fire Shield	Rank 3							
8320	all		Hex of Ravenclaw Removal								
8321	all		Perm. Illusion Dreadlord								
8322	spellbook	165	Moonglow Vest								
8324	all		Perm. Illusion HE Hunter								
8326	all		Ghost			Move to the location of your corpse or speak with a spirit healer to be revived.					
8327	all		Suicide								
8328	all		Suicide								
8329	all		Suicide								
8331	all		Ez-Thro Dynamite		The dynamite for Non-Engineers that nearly always gets to the target!  Inflicts $s1 Fire damage in a 5 yard radius.						
8332	all		Ez-Thro Dynamite Backfire		Inflicts $s1 Fire damage in a 5 yard radius.						
8333	all		Coarse Dynamite		Inflicts $s1 Fire damage in a 5 yard radius.						
8334	spellbook	202	Practice Lock								
8338	all		Defibrillated!								
8339	spellbook	202	EZ-Thro Dynamite								
8342	all		Defibrillate		Jumper Cables will sometimes be able to shock a dead player back to life.  Cannot be used when in combat.						
8344	all		Universal Remote		Allows control of a mechanical target for a short time.  It may not always work and may just root the machine or make it very very angry.  Gnomish engineering at its finest.						
8345	all		Control Machine			Controlling Machine.					
8346	all		Mobility Malfunction			Immobilized.					
8347	all		Target Lock								
8348	all		Julie's Blessing	Rank 1	Heals wielder of $o1 damage over $d.	Heals $s1 damage every $t1 sec.					
8349	spellbook	375	Fire Nova	Rank 1	Summons a Fire Nova Totem that has $1535s1 health and lasts $1535d.  Unless it is destroyed within $8443t1 sec., the totem inflicts $8349s1 fire damage to enemies within $8349a1 yd.						
8352	all		Adjust Attitude								
8353	all		Calm Hostility								
8354	all		Incite Hostility								
8355	all		Exploit Weakness		Inflicts normal damage plus $s1 on an enemy, but only if attacking from behind.						
8357	all		Perm. Illusion Shade								
8358	all		Mana Spike		Restores the caster's mana.						
8359	all		Left for Dead			Feigning death.\nCannot attack or cast spells.					
8360	all		Perm. Illusion Dreaming Whelp								
8361	all		Purity		Makes the caster immune to all attacks and spells for $d.	Immune to all attacks and spells.					
8362	all		Renew		Heals an ally every $t1 sec. for $d.	Damage healed every $t1 sec.					
8363	all		Parasite		Inflicts normal damage plus $s2 to an enemy, then an additional $s1 Nature damage every $t1 sec. for $d.	$s1 Nature damage inflicted every $t1 sec.					
8364	all		Blizzard		Calls down a blizzard that lasts $d., inflicting $s1 Frost damage every $t1 sec. to all enemies in a selected area.						
8365	all		Enlarge		Increases the Physical damage dealt by an ally by $s1 for $d.	Physical damage dealt is increased by $s1.					
8366	spellbook	164	Ironforge Chain								
8367	spellbook	164	Ironforge Breastplate								
8368	spellbook	164	Ironforge Gauntlets								
8372	all		Summon Aqua Guardian		Summons $s1 $lAqua Guardian:Aqua Guardians; to accompany the caster until dismissed.						
8373	all		Mana Shield (PT)								
8374	all		Arcing Smash		Lashes out in a vicious arc, inflicting damage to enemies in a cone in front of the caster.						
8375	all		QAEnchant Gloves +5 Mining	QASpell	Permanently enchant gloves to grant +$13838s1 mining skill.						
8376	all		Earthgrab Totem		Summons an Earthgrab Totem that lasts $d. and periodically immobilizes nearby enemies.						
8377	all		Earthgrab		Roots all enemies within 10 yards for $d.	Immobilized.					
8378	all		Earthgrab Totem								
8379	all		Disarm		Disarms an enemy, forcing it to stop wielding its weapon for $d.	Not wielding a weapon.					
8380	spellbook	257	Sunder Armor	Rank 3	Sunders the target's armor, reducing it by $s1 per Sunder Armor and causes a high amount of threat.  Can be applied up to 5 times.  Lasts $d.	Armor decreased by $s1.					
8382	all		Leech Poison		Drains $s1 health from an enemy every $t1 sec. over $d., transferring it to the caster.	$s1 health leeched every $t1 sec.					
8383	all		Burning Tenacity								
8384	all		Pure Water								
8385	all		Swift Wind			Increases movement speed by $s1%\nIncreases attack speed by $s2%					
8386	spellbook	183	Attacking								
8387	spellbook	182	Find Herbs	Rank 2	Nearby herb bushes appear on the minimap. Only one form of tracking can be active at a time.	Finding Herbs.					
8388	spellbook	186	Find Minerals	Rank 2	Nearby mineral veins appear on the minimap. Only one form of tracking can be active at a time.	Finding Minerals.					
8391	all		Ravage		Inflicts normal damage plus $s1 to an enemy, stunning it for $d.	Stunned.					
8392	all		Hyper Coward								
8393	all		Barbs		Thorny barbs deal damage to melee attackers.						
8394	spellbook	777	Striped Frostsaber		Summons and dismisses a rideable Striped Frostsaber. This mount increases speed depending on your Riding Skill.	Increases speed depending on your Riding Skill.					
8395	spellbook	777	Emerald Raptor		Summons and dismisses a rideable Emerald Raptor. This mount increases speed depending on your Riding Skill.	Increases speed depending on your Riding Skill.					
8396	all		Summon Ivory Tallstrider		Summons and dismisses a rideable tallstrider.						
8397	all		Uther's Light	Rank 1	Has a 2% chance when struck in combat of protecting you with a holy shield.						
8398	all		Frostbolt Volley		Inflicts $s2 Frost damage to nearby enemies, reducing their movement speed by $s1% for $d.	Movement speed reduced by $s1%.					
8399	all		Sleep		Puts nearby enemies to sleep for up to $d. Any damage caused will awaken them.	Asleep.					
8400	spellbook	8	Fireball	Rank 5	Hurls a fiery ball that causes $s1 Fire damage and an additional $o2 Fire damage over $d.	$s2 Fire damage every $t2 seconds.					
8401	spellbook	8	Fireball	Rank 6	Hurls a fiery ball that causes $s1 Fire damage and an additional $o2 Fire damage over $d.	$s2 Fire damage every $t2 seconds.					
8402	spellbook	8	Fireball	Rank 7	Hurls a fiery ball that causes $s1 Fire damage and an additional $o2 Fire damage over $d.	$s2 Fire damage every $t2 seconds.					
8406	spellbook	6	Frostbolt	Rank 5	Launches a bolt of frost at the enemy, causing $s2 Frost damage and slowing movement speed by $s1% for $d.	Movement slowed by $s1%.					
8407	spellbook	6	Frostbolt	Rank 6	Launches a bolt of frost at the enemy, causing $s2 Frost damage and slowing movement speed by $s1% for $d.	Movement slowed by $s1%.					
8408	spellbook	6	Frostbolt	Rank 7	Launches a bolt of frost at the enemy, causing $s2 Frost damage and slowing movement speed by $s1% for $d.	Movement slowed by $s1%.					
8412	spellbook	8	Fire Blast	Rank 4	Blasts the enemy for $s1 Fire damage.						
8413	spellbook	8	Fire Blast	Rank 5	Blasts the enemy for $s1 Fire damage.						
8414	all		Fire Blast	Rank 4							
8415	all		Fire Blast	Rank 5							
8416	spellbook	237	Arcane Missiles	Rank 4	Launches Arcane Missiles at the enemy, causing $8419s1 Arcane damage every $t2 sec for $d.						
8417	spellbook	237	Arcane Missiles	Rank 5	Launches Arcane Missiles at the enemy, causing $8418s1 Arcane damage every $t2 sec for $d.						
8418	spellbook	237	Arcane Missiles	Rank 5	Launches Arcane Missiles at the enemy, causing $8418s1 Arcane damage every $8417t2 sec for $8417d.						
8419	spellbook	237	Arcane Missiles	Rank 4	Launches Arcane Missiles at the enemy, causing $8419s1 Arcane damage every $8416t2 sec for $8416d.						
8422	spellbook	8	Flamestrike	Rank 3	Calls down a pillar of fire, burning all enemies within the area for $s1 Fire damage and an additional $o2 Fire damage over $d.	$s2 Fire damage every $t2.					
8423	spellbook	8	Flamestrike	Rank 4	Calls down a pillar of fire, burning all enemies within the area for $s1 Fire damage and an additional $o2 Fire damage over $d.	$s2 Fire damage every $t2.					
8425	all		Flamestrike	Rank 3							
8426	all		Flamestrike	Rank 4							
8427	spellbook	6	Blizzard	Rank 3	Ice shards pelt the target area doing ${$42210m1*8} Frost damage over $d.	$42210s1 Frost damage every $42210t1 $lsecond:seconds;.					
8428	all		Blizzard	Rank 3							
8433	all		Leech Pulse		Steals health from all nearby enemies.						
8434	all		Leech Pulse								
8435	all		Forked Lightning	Rank 1	Inflicts Nature damage to enemies in a cone in front of the caster.						
8437	spellbook	237	Arcane Explosion	Rank 2	Causes an explosion of arcane magic around the caster, causing $s1 Arcane damage to all targets within $a1 yards.						
8438	spellbook	237	Arcane Explosion	Rank 3	Causes an explosion of arcane magic around the caster, causing $s1 Arcane damage to all targets within $a1 yards.						
8439	spellbook	237	Arcane Explosion	Rank 4	Causes an explosion of arcane magic around the caster, causing $s1 Arcane damage to all targets within $a1 yards.						
8440	all		Arcane Explosion	Rank 2							
8441	all		Arcane Explosion	Rank 3							
8442	all		Arcane Explosion	Rank 4							
8443	all		Fire Nova	Rank 1							
8444	spellbook	8	Scorch	Rank 2	Scorch the enemy for $s1 Fire damage.						
8445	spellbook	8	Scorch	Rank 3	Scorch the enemy for $s1 Fire damage.						
8446	spellbook	8	Scorch	Rank 4	Scorch the enemy for $s1 Fire damage.						
8447	all		Scorch	Rank 2							
8448	all		Scorch	Rank 3							
8449	all		Scorch	Rank 4							
8450	spellbook	237	Dampen Magic	Rank 2	Dampens magic used against the targeted party member, decreasing damage taken from spells by up to $s1 and healing spells by up to $s2.  Lasts $d.	Reduces magic damage taken by up to $s1 and healing by up to $s2.					
8451	spellbook	237	Dampen Magic	Rank 3	Dampens magic used against the targeted party member, decreasing damage taken from spells by up to $s1 and healing spells by up to $s2.  Lasts $d.	Reduces magic damage taken by up to $s1 and healing by up to $s2.					
8452	all		Dampen Magic	Rank 2							
8453	all		Dampen Magic	Rank 3							
8455	spellbook	237	Amplify Magic	Rank 2	Amplifies magic used against the targeted party member, increasing damage taken from spells by up to $s1 and healing spells by up to $s2.  Lasts $d.	Increases magic damage taken by up to $s1 and healing by up to $s2.					
8456	all		Amplify Magic	Rank 2							
8457	spellbook	8	Fire Ward	Rank 2	Absorbs $s1 Fire damage.  Lasts $d.	Absorbs Fire damage.					
8458	spellbook	8	Fire Ward	Rank 3	Absorbs $s1 Fire damage.  Lasts $d.	Absorbs Fire damage.					
8459	all		Fire Ward	Rank 2							
8460	all		Fire Ward	Rank 3							
8461	spellbook	6	Frost Ward	Rank 2	Absorbs $s1 Frost damage.  Lasts $d.	Absorbs Frost damage.					
8462	spellbook	6	Frost Ward	Rank 3	Absorbs $s1 Frost damage.  Lasts $d.	Absorbs Frost damage.					
8463	all		Frost Ward	Rank 2							
8464	all		Frost Ward	Rank 3							
8465	spellbook	197	Simple Dress								
8467	spellbook	197	White Woolen Dress								
8483	spellbook	197	White Swashbuckler's Shirt								
8489	spellbook	197	Red Swashbuckler's Shirt								
8492	spellbook	6	Cone of Cold	Rank 2	Targets in a cone in front of the caster take $s2 Frost damage and are slowed by $s1% for $d.	Movement slowed by $s1%.					
8493	all		Cone of Cold	Rank 2							
8494	spellbook	237	Mana Shield	Rank 2	Absorbs $s1 damage, draining mana instead.  Drains $e mana per damage absorbed.  Lasts $d.	Absorbs damage, draining mana instead.					
8495	spellbook	237	Mana Shield	Rank 3	Absorbs $s1 damage, draining mana instead.  Drains $e mana per damage absorbed.  Lasts $d.	Absorbs damage, draining mana instead.					
8496	all		Mana Shield	Rank 2							
8497	all		Mana Shield	Rank 3							
8498	spellbook	375	Fire Nova Totem	Rank 2	Summons a Fire Nova Totem that has $s1 health and lasts $d.  Unless it is destroyed within $8504t1 sec., the totem inflicts $8502s1 fire damage to enemies within $8502a1 yd.						
8499	spellbook	375	Fire Nova Totem	Rank 3	Summons a Fire Nova Totem that has $s1 health and lasts $d.  Unless it is destroyed within $8505t1 sec., the totem inflicts $8503s1 fire damage to enemies within $8503a1 yd.						
8502	spellbook	375	Fire Nova	Rank 2	Summons a Fire Nova Totem that has $1535s1 health and lasts $1535d.  Unless it is destroyed within $8498t1 sec., the totem inflicts $s1 fire damage to enemies within $a1 yd.						
8503	spellbook	375	Fire Nova	Rank 3	Causes the shaman's active Fire totem to emit a wave of flames, inflicting $s1 Fire damage to enemies within $a1 yards of the totem.						
8504	all		Fire Nova	Rank 2							
8505	all		Fire Nova	Rank 3							
8510	all		Large Seaforium Backfire			Stunned.					
8511	all		Small Seaforium Backfire								
8512	spellbook	373	Windfury Totem	Rank 1	Summons a Windfury Totem with $s1 health at the feet of the caster.  The totem enchants all party and raid members main-hand weapons with wind, if they are within $8514a1 yards.  Each hit has a 20% chance of granting the attacker $8516s2 extra $lattack:attacks; with $8516s1 extra melee attack power.  Lasts $d.						
8514	all		Windfury Totem Effect	Rank 1							
8515	all		Windfury Totem Passive	Rank 1							
8516	all		Windfury Totem	Rank 1							
8517	all		Opening Strongbox		Opens Dead-tooth's Strongbox.						
8532	all		Aquadynamic Fish Lens		When applied to your fishing pole, increases Fishing by 50 for 10 minutes.						
8552	all		Curse of Weakness		Damage caused by the target is reduced by $s1 for $d.	Physical damage done reduced by $s1.					
8553	all		Barleybrew Scalder			Heats the blood and dulls the nerves.					
8554	all		Drinking Barleybrew Scalder			You are drinking...					
8555	all		Left for Dead		Inflicts $s1 damage to an enemy and forces it to feign death for up to $8359d.						
8593	all		Symbol of Life	Rank 1	The Symbol of Life will bring the person attuned to it back to life.						
8594	all		Summon Moonstalker Runt		Summons $s1 $lMoonstalker Runt:Moonstalker Runts; to accompany the caster until dismissed.						
8595	all		Healing Tongue		Heals an ally for $s1.						
8596	all		Heal Visual (DND)	Rank 1	Heal your target for $s1.						
8598	all		Lightning Blast	Rank 3	Blasts an enemy with lightning for $s1 Nature damage.						
8599	all		Enrage		Enrages, increasing physical damage and attack speed for $d.	Physical damage dealt is increased by $s1%.\nAttack speed increased by $s2%.					
8600	all		Fevered Plague		Inflicts $s1 Nature damage to an enemy, then an additional $s2 damage every $t2 sec. for $d.	$s2 Nature damage inflicted every $t2 sec.					
8601	all		Slowing Poison								
8602	all		Vengeance			Damage increased by $s1%.\nImmune to Fear.					
8603	all		Thistlefur Death								
8604	spellbook	185	Herb Baked Egg								
8606	all		Summon Cyclonian		Summons Cyclonian.						
8607	spellbook	185	Smoked Bear Meat								
8609	all		Cyclone Visual Spawn (DND)								
8611	all		Phase Shift			Invisible, but unable to act.\nImmune to all attacks and spells.					
8612	all		Phase Shift		Adds a chance to turn invisible when hit.						
8613	spellbook	393	Skinning	Apprentice	The basics of how to skin animals for their pelts and furs for use in Leatherworking.  Gives a potential skinning skill of 75.  Requires a Skinning Knife.						
8615	all		Apprentice Skinner								
8616	all		Path of the Berserker	Rank 1	Teaches Berserker Stance (Rank 1).  Teaches Intercept (Rank 1).						
8617	spellbook	393	Skinning	Journeyman	Advanced skills in skinning the leather from beasts for use in Leatherworking.  Gives a potential skinning skill of 150. Requires a Skinning Knife.						
8618	spellbook	393	Skinning	Expert	Expert skill in skinning the hides from beasts for use in Leatherworking.  Gives a potential skinning skill of 225.  Requires a Skinning Knife.						
8619	all		Journeyman Skinner								
8620	all		Expert Skinner								
8621	spellbook	38	Sinister Strike	Rank 6	An instant strike that causes $s1 damage in addition to your normal weapon damage.  Awards $s2 combo $lpoint:points;.						
8623	spellbook	253	Eviscerate	Rank 5	Finishing move that causes damage per combo point:\n   1 point  : ${$m1+($b1*1)+$AP*0.03}-${$M1+($b1*1)+$AP*0.03} damage\n   2 points: ${$m1+($b1*2)+$AP*0.06}-${$M1+($b1*2)+$AP*0.06} damage\n   3 points: ${$m1+($b1*3)+$AP*0.09}-${$M1+($b1*3)+$AP*0.09} damage\n   4 points: ${$m1+($b1*4)+$AP*0.12}-${$M1+($b1*4)+$AP*0.12} damage\n   5 points: ${$m1+($b1*5)+$AP*0.15}-${$M1+($b1*5)+$AP*0.15} damage						
8624	spellbook	253	Eviscerate	Rank 6	Finishing move that causes damage per combo point:\n   1 point  : ${$m1+($b1*1)+$AP*0.03}-${$M1+($b1*1)+$AP*0.03} damage\n   2 points: ${$m1+($b1*2)+$AP*0.06}-${$M1+($b1*2)+$AP*0.06} damage\n   3 points: ${$m1+($b1*3)+$AP*0.09}-${$M1+($b1*3)+$AP*0.09} damage\n   4 points: ${$m1+($b1*4)+$AP*0.12}-${$M1+($b1*4)+$AP*0.12} damage\n   5 points: ${$m1+($b1*5)+$AP*0.15}-${$M1+($b1*5)+$AP*0.15} damage						
8627	all		Backstab (TEST)	Rank 1	Backstab the target, causing $s2% of weapon damage plus an additional $s1 to the target.  Must be stealthed and behind the target.  Awards $s3 combo point.						
8629	spellbook	38	Gouge	Rank 3	Causes $s1 damage, incapacitating the opponent for $d, and turns off your attack.  Target must be facing you.  Any damage caused will revive the target.  Awards $s2 combo $lpoint:points;.	Incapacitated.					
8631	spellbook	253	Garrote	Rank 2	Garrote the enemy, causing $o1 damage over $d, increased by your attack power.  Must be stealthed and behind the target.  Awards $s2 combo $lpoint:points;.	$s1 damage every $t1 seconds.					
8632	spellbook	253	Garrote	Rank 3	Garrote the enemy, causing $o1 damage over $d, increased by your attack power.  Must be stealthed and behind the target.  Awards $s2 combo $lpoint:points;.	$s1 damage every $t1 seconds.					
8633	spellbook	253	Garrote	Rank 4	Garrote the enemy, causing $o1 damage over $d, increased by your attack power.  Must be stealthed and behind the target.  Awards $s2 combo $lpoint:points;.	$s1 damage every $t1 seconds.					
8637	spellbook	38	Feint	Rank 3	Performs a feint, causing no damage but lowering your threat by a large amount, making the enemy less likely to attack you.						
8639	spellbook	253	Rupture	Rank 2	Finishing move that causes damage over time, increased by your attack power.  Lasts longer per combo point:\n   1 point  : 60 damage over 8 secs\n   2 points: 90 damage over 10 secs\n   3 points: 126 damage over 12 secs\n   4 points: 168 damage over 14 secs\n   5 points: 216 damage over 16 secs	Causes damage every $t1 seconds.					
8640	spellbook	253	Rupture	Rank 3	Finishing move that causes damage over time, increased by your attack power.  Lasts longer per combo point:\n   1 point  : 88 damage over 8 secs\n   2 points: 130 damage over 10 secs\n   3 points: 180 damage over 12 secs\n   4 points: 238 damage over 14 secs\n   5 points: 304 damage over 16 secs	Causes damage every $t1 seconds.					
8643	spellbook	253	Kidney Shot	Rank 2	Finishing move that stuns the target.  Lasts longer per combo point:\n   1 point  : 2 seconds\n   2 points: 3 seconds\n   3 points: 4 seconds\n   4 points: 5 seconds\n   5 points: 6 seconds	Stunned.					
8645	all		Send Fray Combatant								
8646	all		Snap Kick		Inflicts damage to an enemy, stunning it for $d.	Stunned.					
8647	spellbook	253	Expose Armor	Rank 1	Finishing move that exposes the target, reducing armor by $s1.  Exposing a target that has already been exposed will increase the duration of Expose Armor, up to 60 seconds.  Lasts longer per combo point:\n   1 point  : 8 seconds\n   2 points: 16 seconds\n   3 points: 24 seconds\n   4 points: 32 seconds\n   5 points: 40 seconds	Armor decreased by $s1.					
8649	spellbook	253	Expose Armor	Rank 2	Finishing move that exposes the target, reducing armor by $s1.  Exposing a target that has already been exposed will increase the duration of Expose Armor, up to 60 seconds.  Lasts longer per combo point:\n   1 point  : 8 seconds\n   2 points: 16 seconds\n   3 points: 24 seconds\n   4 points: 32 seconds\n   5 points: 40 seconds	Armor decreased by $s1.					
8650	spellbook	253	Expose Armor	Rank 3	Finishing move that exposes the target, reducing armor by $s1.  Exposing a target that has already been exposed will increase the duration of Expose Armor, up to 60 seconds.  Lasts longer per combo point:\n   1 point  : 8 seconds\n   2 points: 16 seconds\n   3 points: 24 seconds\n   4 points: 32 seconds\n   5 points: 40 seconds	Armor decreased by $s1.					
8654	all		Fray Spectator Converse								
8655	all		Riverpaw Death								
8656	all		Summon Crawler		Summons $s1 $lCrawler:Crawlers; to accompany the caster until dismissed.						
8672	all		Challenger is Dazed								
8673	all		Gain Whirlwind Weapon								
8674	all		Summon Succubus	Rank 1	Call forth a succubus using the summoning circle.						
8675	all		Warlock Channeling								
8676	spellbook	253	Ambush	Rank 1	Ambush the target, causing $s2% weapon damage plus 70 to the target.  Must be stealthed and behind the target.  Requires a dagger in the main hand.  Awards $s3 combo $lpoint:points;.						
8677	all		Summon Effect								
8679	all		Instant Poison	Rank 1	Coats a weapon with poison that lasts for $d.\nEach strike has a $h% chance of poisoning the enemy which instantly inflicts ${$8680m1+(0.1*$AP)} Nature damage.						
8680	all		Instant Poison	Rank 1							
8681	spellbook	790	Instant Poison	Rank 1	Coats a weapon with poison that lasts for 1 hour.\nEach strike has a 20% chance of poisoning the enemy which instantly inflicts ${$8680m1+(0.1*$AP)} Nature damage.						
8682	all		Fake Shot	Rank 1	Fire at the target with a ranged weapon.						
8685	all		Instant Poison II	Rank 2							
8686	all		Instant Poison II	Rank 2	Coats a weapon with poison that lasts for $d.\nEach strike has a $h% chance of poisoning the enemy which instantly inflicts ${$8685m1+(0.1*$AP)} Nature damage.						
8687	spellbook	790	Instant Poison II	Rank 2	Coats a weapon with poison that lasts for 1 hour.\nEach strike has a 20% chance of poisoning the enemy which instantly inflicts ${$8685m1+(0.1*$AP)} Nature damage.						
8688	all		Instant Poison III	Rank 3	Coats a weapon with poison that lasts for $d.\nEach strike has a $h% chance of poisoning the enemy which instantly inflicts ${$8689m1+(0.1*$AP)} Nature damage.						
8689	all		Instant Poison III	Rank 3							
8690	all		Hearthstone		Returns you to $z.  Speak to an Innkeeper in a different place to change your home location.						
8691	spellbook	790	Instant Poison III	Rank 3	Coats a weapon with poison that lasts for 1 hour.\nEach strike has a 20% chance of poisoning the enemy which instantly inflicts ${$8689m1+(0.1*$AP)} Nature damage.						
8692	all		Mind-numbing Poison II	Rank 2		Casting speed slowed by $s1%.					
8693	all		Mind-numbing Poison II	Rank 2	Coats a weapon with poison that lasts for $d.\nEach strike has a $h% chance of poisoning the enemy, increasing their casting time by $8692s1% for $8692d.						
8694	spellbook	790	Mind-numbing Poison II	Rank 2	Coats a weapon with poison that lasts for 1 hour.\nEach strike has a 20% chance of poisoning the enemy, increasing their casting time by $8692s1% for $8692d.						
8696	spellbook	38	Sprint	Rank 2	Increases the rogue's movement speed by $s1% for $d.  Does not break stealth.	Movement speed increased by $s1%.					
8699	all		Unholy Frenzy		Increases an ally's attack speed by $s1% for $d., but also inflicts $s2 Nature damage to that ally every $t2 sec.	Attack speed increased by $s1%.\n$s2 Nature damage inflicted every $t2 sec.					
8712	all		Summon Felhunter	Rank 1	Call forth a felhunter using the summoning circle.						
8713	all		Overwhelming Musk		Causes the caster to periodically inflict $8714s1 Nature damage to all enemies in a selected area, interrupting their casting for $8714d. Lasts until cancelled.						
8714	all		Overwhelming Musk								
8715	all		Terrifying Howl		Causes nearby enemies to flee in fear for $d.	Fleeing in fear.					
8716	all		Low Swipe		Stuns an enemy and reduces its movement speed by $s2%, in addition to increasing the caster's melee damage by $s1. Lasts $d.	Movement speed reduced by $s2%.					
8721	spellbook	38	Backstab	Rank 5	Backstab the target, causing $s2% weapon damage plus 90 to the target.  Must be behind the target.  Requires a dagger in the main hand.  Awards $s3 combo $lpoint:points;.						
8722	all		Summon Succubus		Summons $s1 $lSuccubus:Succubi; to accompany the caster until dismissed.						
8724	spellbook	253	Ambush	Rank 2	Ambush the target, causing $s2% weapon damage plus 100 to the target.  Must be stealthed and behind the target.  Requires a dagger in the main hand.  Awards $s3 combo $lpoint:points;.						
8725	spellbook	253	Ambush	Rank 3	Ambush the target, causing $s2% weapon damage plus 125 to the target.  Must be stealthed and behind the target.  Requires a dagger in the main hand.  Awards $s3 combo $lpoint:points;.						
8732	all		Thunderclap		Damages all nearby enemies for $s1 nature damage						
8733	all		Blessing of Blackfathom		Increases Intellect by $s1.\nIncreases Spirit by $s2.\nIncreases Frost damage done by $s3.	Increases Intellect by $s1.\nIncreases Spirit by $s2.\nIncreases Frost damage done by $s3.					
8734	all		Blackfathom Channeling								
8735	all		Blackfathom Teleport		Sends player to Blackfathom Deeps						
8736	all		Conjure Food	Rank 1	Conjures food to eat.						
8737	spellbook	413	Mail								
8747	all		Swimming Speed		Increases swim speed by $s1%.	Increases swim speed by $s1%.					
8758	spellbook	197	Azure Silk Pants								
8760	spellbook	197	Azure Silk Hood								
8762	spellbook	197	Silk Headband								
8764	spellbook	197	Earthen Vest								
8766	spellbook	197	Azure Silk Belt								
8768	spellbook	164	Iron Buckle		Creates two Iron Buckles that are used by other trade skills.						
8770	spellbook	197	Robe of Power		This item binds to you upon being crafted.						
8772	spellbook	197	Crimson Silk Belt								
8774	spellbook	197	Green Silken Shoulders								
8776	spellbook	197	Linen Belt								
8778	spellbook	197	Boots of Darkness								
8780	spellbook	197	Hands of Darkness								
8782	spellbook	197	Truefaith Gloves								
8784	spellbook	197	Green Silk Armor								
8786	spellbook	197	Azure Silk Cloak								
8788	all		Lightning Shield	Rank 4	Surrounds an ally with $n balls of lightning that have $h% chance of striking melee or ranged attackers for $s1 damage. Each time the lightning shield strikes, a ball of lightning dissipates. Thus, the shield expires after $d. or after it has struck $n times.	$h% chance of inflicting $s1 Nature damage on hit.					
8789	spellbook	197	Crimson Silk Cloak								
8791	spellbook	197	Crimson Silk Vest								
8793	spellbook	197	Crimson Silk Shoulders								
8795	spellbook	197	Azure Shoulders								
8797	spellbook	197	Earthen Silk Belt								
8799	spellbook	197	Crimson Silk Pantaloons								
8800	all		Dynamite								
8802	spellbook	197	Crimson Silk Robe								
8804	spellbook	197	Crimson Silk Gloves								
8806	all		Poisoned Shot		Inflicts normal damage plus a bonus to an enemy, then additional Nature damage every $t1 sec. for $d.	$s1 Nature damage inflicted every $t1 sec.					
8809	all		Slave Drain		Drains $s1 health from the caster's pet, healing the caster for up to 150% of that amount.						
8812	all		Heal	Rank 4	Heals the caster for $s1.						
8813	all		Summon Kurzen Mindslave		Summons a Kurzen Mindslave to accompany the caster until dismissed.						
8814	all		Flame Spike		Calls down a pillar of flame, burning all enemies in a selected area for $s1 Fire damage and an additional $s2 damage every $t2 sec. for $d.						
8816	all		Summon Panthers								
8817	all		Smoke Bomb		Casts a smoke bomb, stunning nearby enemies for $d. and putting the caster into stealth mode.	Stunned.					
8818	all		Garrote	Rank 4	Inflicts $s1 damage to an enemy every $t1 sec. for $d. when attacking from stealth.	$s1 damage inflicted every $t1 sec.					
8820	spellbook	26	Slam	Rank 2	Slams the opponent, causing weapon damage plus $s1.						
8822	all		Stealth		Puts the caster in stealth mode for $d.	Stealthed.					
8832	all		Ward of Zanzil		Casts a Ward of Zanzil totem, which lasts $d. and periodically summons a Skeleton of Zum'rah. Each Skeleton lasts $8834d.						
8833	all		Ward of Zanzil Passive								
8834	all		Ward of Zanzil Effect								
8835	spellbook	373	Grace of Air Totem	Rank 1	Summons a Grace of Air Totem with $s1 health at the feet of the caster.  The totem increases the agility of party and raid members within $8836a1 yards by $8836s1.  Lasts $d.						
8836	all		Grace of Air	Rank 1		Increases Agility by $s1.					
8852	all		Moss Hide								
8853	all		Summon Skeleton		Summons $s1 $lSkeleton:Skeletons; to accompany the caster until dismissed.						
8854	all		Bending Shinbone		Right click to try to break.						
8855	all		Bending Shinbone		Right click to try to break.						
8856	all		Bending Shinbone		Right click to test its sturdiness.						
8857	all		Summon Fen Dweller		Summons $s1 $lFen Dweller:Fen Dwellers; to accompany the caster until dismissed.						
8858	all		Bomb		Bombs all enemies in a selected area, inflicting Fire damage.						
8872	all		Perm. Illusion FelGuard								
8873	all		Flame Breath		Inflicts $s1 Fire damage to enemies in a cone in front of the caster.						
8874	all		Stealth (TEST)	Rank 1	Allows the rogue to sneak around, but reduces your speed to $s2% of normal.  Lasts until cancelled.						
8875	all		DEPRECATED PET SCALING		If you see this, report this!	Damage increased by $s1%.					
8876	all		Thrash		Adds a chance to do two additional attacks						
8878	all		Echoes of Lordaeron UNUSED								
8880	spellbook	164	Copper Dagger								
8892	all		Goblin Rocket Boots		These dangerous looking boots significantly increase your run speed for $d.  They are prone to explode however, so use with caution.	Increases run speed.  Explosive malfunction is possible.					
8893	all		Rocket Boots Malfunction			Stunned.					
8894	all		Stromgarde Death								
8895	spellbook	202	Goblin Rocket Boots								
8897	all		Destroy Rocket Boots								
8898	all		Sapta Sight		Allows the shaman to see elemental spirits.	Detect elemental spirits.					
8899	all		Sapta Sight		Allows the shaman to see elemental spirits.	Detect elemental spirits.					
8900	all		Sapta Sight		Allows the shaman to see elemental spirits.	Detect elemental spirits.					
8901	all		Gas Bomb			Asleep.					
8902	all		Gas Bomb			Asleep.					
8903	spellbook	573	Healing Touch	Rank 7	Heals a friendly target for $s1.						
8905	spellbook	574	Wrath	Rank 7	Causes $s1 Nature damage to the target.						
8907	spellbook	573	Mark of the Wild	Rank 5	Increases the friendly target's armor by $s1, all attributes by $s2 and all resistances by $s3 for $d.	Increases armor by $s1, all attributes by $s2 and all resistances by $s3.					
8909	all		Unholy Shield		Increases the caster's armor and resistance to spells for $d.						
8910	spellbook	573	Rejuvenation	Rank 7	Heals the target for $o1 over $d.	Heals $s1 damage every $t1 seconds.					
8912	all		Forge Verigan's Fist		Visual effect for Jordan Stillwell forging Verigan's Fist.						
8913	all		Sacred Cleansing		Removes the protective enchantments around Morbent Fel.						
8914	spellbook	574	Thorns	Rank 4	Thorns sprout from the friendly target causing $s1 Nature damage to attackers when hit.  Lasts $d.	Causes $s1 Nature damage to attackers.					
8916	all		Remove Unholy Shield								
8917	all		Opening		Used to open Tazan's satchel.						
8918	spellbook	573	Tranquility	Rank 2	Heals up to 5 injured allies within your party or raid group for $s1 every $t2 seconds for $d.  Druid must channel to maintain the spell.	Healing up to 5 injured allies for $s1 every $t2 seconds.					
8919	all		Fill Jennea's Flask		Use at the base of the Mirror Lake waterfall.						
8921	spellbook	574	Moonfire	Rank 1	Burns the enemy for $s2 Arcane damage and then an additional $o1 Arcane damage over $d.	$s1 Arcane damage every $t1 seconds.					
8924	spellbook	574	Moonfire	Rank 2	Burns the enemy for $s2 Arcane damage and then an additional $o1 Arcane damage over $d.	$s1 Arcane damage every $t1 seconds.					
8925	spellbook	574	Moonfire	Rank 3	Burns the enemy for $s2 Arcane damage and then an additional $o1 Arcane damage over $d.	$s1 Arcane damage every $t1 seconds.					
8926	spellbook	574	Moonfire	Rank 4	Burns the enemy for $s2 Arcane damage and then an additional $o1 Arcane damage over $d.	$s1 Arcane damage every $t1 seconds.					
8927	spellbook	574	Moonfire	Rank 5	Burns the enemy for $s2 Arcane damage and then an additional $o1 Arcane damage over $d.	$s1 Arcane damage every $t1 seconds.					
8928	spellbook	574	Moonfire	Rank 6	Burns the enemy for $s2 Arcane damage and then an additional $o1 Arcane damage over $d.	$s1 Arcane damage every $t1 seconds.					
8929	spellbook	574	Moonfire	Rank 7	Burns the enemy for $s2 Arcane damage and then an additional $o1 Arcane damage over $d.	$s1 Arcane damage every $t1 seconds.					
8936	spellbook	573	Regrowth	Rank 1	Heals a friendly target for $s1 and another $o2 over $d.	Heals $s2 every $t2 seconds.					
8938	spellbook	573	Regrowth	Rank 2	Heals a friendly target for $s1 and another $o2 over $d.	Heals $s2 every $t2 seconds.					
8939	spellbook	573	Regrowth	Rank 3	Heals a friendly target for $s1 and another $o2 over $d.	Heals $s2 every $t2 seconds.					
8940	spellbook	573	Regrowth	Rank 4	Heals a friendly target for $s1 and another $o2 over $d.	Heals $s2 every $t2 seconds.					
8941	spellbook	573	Regrowth	Rank 5	Heals a friendly target for $s1 and another $o2 over $d.	Heals $s2 every $t2 seconds.					
8946	spellbook	573	Cure Poison		Cures $s1 poison $leffect:effects; on the target.						
8947	all		Cure Poison								
8949	spellbook	574	Starfire	Rank 2	Causes $s1 Arcane damage to the target.						
8950	spellbook	574	Starfire	Rank 3	Causes $s1 Arcane damage to the target.						
8951	spellbook	574	Starfire	Rank 4	Causes $s1 Arcane damage to the target.						
8955	spellbook	574	Soothe Animal	Rank 2	Soothes the target beast, reducing the range at which it will attack you by $s1 yards.  Only affects Beast targets level 55 or lower.  Lasts $d.	Reduced distance at which target will attack.					
8972	spellbook	134	Maul	Rank 4	Increases the druid's next attack by $s1 damage.						
8980	spellbook	777	Skeletal Horse		Summons and dismisses a rideable skeletal horse. This mount increases speed depending on your Riding Skill.	Increases speed depending on your Riding Skill.					
8981	all		Immolate								
8983	spellbook	134	Bash	Rank 3	Stuns the target for $d.	Stunned.					
8985	all		Summon Fire Elemental		Summons $s1 $lFire Elemental:Fire Elementals; to accompany the caster until dismissed.						
8986	all		Summon Illusionary Phantasm		Summons $s1 $lIllusionary Phantasm:Illusionary Phantasms; to aid the caster in battle for $d.						
8988	all		Silence	Rank 1	Silences nearby enemies, preventing them from casting spells for $d.	Cannot cast spells.					
8989	all		Whirlwind	Rank 1	Attacks nearby enemies in a whirlwind of steel that lasts $d., inflicting weapon damage plus $3231s1 every $t1 sec. Grants the caster temporary magic immunity.	Immune to magic.\nInflicting normal damage plus $3231s1 every $t1 sec to nearby enemies.					
8990	all		Retribution Aura	Rank 1	Causes $s1 Holy damage to any creature that strikes a nearby party member. Players may only have one aura on them per paladin at any one time. The aura lasts until cancelled.	$s1 Holy damage inflicted to melee attackers.					
8992	spellbook	134	Shred	Rank 3	Shred the target, causing $s3% damage plus 99 to the target.  Must be behind the target.  Awards $s2 combo $lpoint:points;.						
8994	all		Banish		Banishes an enemy, preventing all action but making it invulnerable for up to $d. Only one target can be banished at a time.	Immune to all attacks and spells, but unable to act.					
8995	all		Shoot	Rank 1	Fire at the target with a ranged weapon.						
8996	all		Shoot	Rank 1	Fire at the target with a ranged weapon.						
8997	all		Shoot	Rank 1	Fire at the target with a ranged weapon.						
8998	spellbook	134	Cower	Rank 1	Cower, causing no damage but lowering your threat a small amount, making the enemy less likely to attack you.						
9000	spellbook	134	Cower	Rank 2	Cower, causing no damage but lowering your threat a medium amount, making the enemy less likely to attack you.						
9002	all		Coarse Dynamite		Inflicts $s1 damage in a 5 yard radius.						
9003	all		Coarse Dynamite		Inflicts $s1 damage in a 5 yard radius.						
9004	all		Coarse Dynamite		Inflicts $s1 damage in a 5 yard radius.						
9005	spellbook	134	Pounce	Rank 1	Pounce, stunning the target for $d and causing $9007o1 damage over $9007d.  Must be prowling.  Awards $s3 combo $lpoint:points;.	Stunned.					
9007	spellbook	134	Pounce Bleed	Rank 1	Pounce, stunning the target for $9005d and causing $9007o1 damage over $9007d.  Must be prowling.  Awards $9005s3 combo $lpoint:points;.	Bleeding for $s1 damage every $t1 seconds.					
9008	all		Shoot	Rank 1	Fire at the target with a ranged weapon.						
9009	all		Coarse Dynamite								
9010	all		Create Filled Containment Coffer								
9012	all		Attract Rift Spawn								
9032	all		Self Stun - 30 seconds								
9033	all		Shapeshift Form Effect								
9034	all		Immolate		Burns an enemy, then inflicts additional Fire damage every $t1 sec. for $d.	Fire damage inflicted every $t1 sec.					
9035	spellbook	792	Hex of Weakness	Rank 1	Weakens the target enemy, reducing damage caused by $s1 and reducing the effectiveness of any healing by $s2%.  Lasts $d.	Physical damage done reduced by $s1 and healing effectiveness reduced by $s2%.					
9036	all		Ghost								
9052	all		Fill Deino's Flask		Use at the base of the Xavian waterfall.						
9053	all		Fireball		Inflicts Fire damage to an enemy.						
9055	all		Create Witherbark Totem Bundle		Gather 10 totem sticks, and use them at the Stone of Outer Binding.						
9056	all		Bolt Charge Bramble								
9057	all		Firebolt	Rank 1	Blasts the enemy for $s1 Fire damage.						
9058	spellbook	165	Handstitched Leather Cloak								
9059	spellbook	165	Handstitched Leather Bracers								
9060	spellbook	165	Light Leather Quiver								
9062	spellbook	165	Small Leather Ammo Pouch								
9064	spellbook	165	Rugged Leather Pants								
9065	spellbook	165	Light Leather Bracers								
9068	spellbook	165	Light Leather Pants								
9070	spellbook	165	Black Whelp Cloak								
9072	spellbook	165	Red Whelp Gloves								
9074	spellbook	165	Nimble Leather Gloves								
9077	spellbook	414	Leather								
9078	spellbook	415	Cloth								
9079	all		Create Rift								
9080	all		Hamstring		Inflicts $s1% weapon damage to an enemy, reducing its movement speed for $d.	Movement speed reduced by $s2%.					
9081	all		Shadow Bolt Volley		Hurls missiles of dark magic, inflicting Shadow damage to nearby enemies.						
9082	all		Create Containment Coffer		Create a containment coffer on a stunned Rift Spawn						
9084	all		Magic Stone Helmet								
9092	all		Flesh Eating Worm		When applied to your fishing pole, increases Fishing by 75 for 10 minutes.						
9093	all		Rift Spawn Invisibility			Lesser Invisibility.					
9095	all		Cantation of Manifestation								
9096	all		Rift Spawn Manifestation								
9097	all		Summon Demon of the Orb								
9098	all		Increased Agility 08		+$s1 Agility.						
9099	all		Increased Agility 09		+$s1 Agility.						
9100	all		Increased Agility 10		+$s1 Agility.						
9101	all		Increased Agility 11		+$s1 Agility.						
9102	all		Increased Agility 12		+$s1 Agility.						
9103	all		Increased Strength 08		+$s1 Strength.						
9104	all		Increased Intellect 08		+$s1 Intellect.						
9105	all		Increased Intellect 09		+$s1 Intellect.						
9106	all		Increased Intellect 10		+$s1 Intellect.						
9107	all		Increased Intellect 11		+$s1 Intellect.						
9108	all		Increased Intellect 12		+$s1 Intellect.						
9109	all		Increased Spirit 08		+$s1 Spirit.						
9110	all		Increased Spirit 09		+$s1 Spirit.						
9111	all		Increased Spirit 10		+$s1 Spirit.						
9112	all		Increased Spirit 11		+$s1 Spirit.						
9113	all		Increased Spirit 12		+$s1 Spirit.						
9114	all		Increased Stamina 08		+$s1 Stamina.						
9115	all		Increased Stamina 09		+$s1 Stamina.						
9116	spellbook	433	Shield								
9117	all		Increased Stamina 10		+$s1 Stamina.						
9118	all		Increased Stamina 11		+$s1 Stamina.						
9119	all		Increased Stamina 12		+$s1 Stamina.						
9120	all		Increased Strength 09		+$s1 Strength.						
9121	all		Increased Strength 10		+$s1 Strength.						
9122	all		Increased Strength 11		+$s1 Strength.						
9123	all		Increased Strength 12		+$s1 Strength.						
9124	all		Buckler								
9125	spellbook	183	Generic								
9127	all		Transform: Peasant w/ wood								
9128	all		Battle Shout		Increases the melee attack power of nearby party members for $d.	Melee attack power increased by $s1.					
9132	all		Increased Critical Ranged 1	Rank 1	Improves your chance to get a critical strike with ranged weapons by $s1%.						
9133	all		Lockpicking 5		Increases your lockpicking skill slightly.						
9134	all		Herbalism		Herbalism +$s1.						
9135	all		Choose Random Powers								
9136	all		Attack Power 02		+$s1 Attack Power.						
9137	all		Attack Power 04		+$s1 Attack Power.						
9138	all		Attack Power 06		+$s1 Attack Power.						
9139	all		Attack Power 08		+$s1 Attack Power.						
9140	all		Attack Power 10		+$s1 Attack Power.						
9141	all		Attack Power 12		+$s1 Attack Power.						
9142	all		Attack Power 14		+$s1 Attack Power.						
9143	all		Bomb		Bombs all enemies in a selected area, inflicting Fire damage.						
9144	all		Crushridge Death								
9145	spellbook	165	Fletcher's Gloves								
9146	spellbook	165	Herbalist's Gloves								
9147	spellbook	165	Earthen Leather Shoulders								
9148	spellbook	165	Pilferer's Gloves								
9149	spellbook	165	Heavy Earthen Gloves								
9156	all		Create Mage's Orb								
9157	all		Create Mage's Robe								
9159	all		Sleep		Puts the enemy target to sleep for up to $d.  Any damage caused will awaken the target.	Sleeping.					
9160	all		Sleep		When struck by a melee attacker, that attacker has a 5% chance of being put to sleep for $9159d.  Only affects enemies level 50 and below.						
9163	all		Heal Self		Heal yourself for $s1.						
9172	all		Lift Seal		Place upon the skull stone near the Mausoleum in Brill.						
9173	all		Anubisath Guardian AOE								
9174	all		Rage		Increase Rage by 30.						
9175	all		Running Speed		Increases run speed by $s1% for $d.	Increases run speed by $s1%.					
9176	all		Holy Sunder		Decrease the armor of target by $s1 for $d.	Decreased armor.					
9177	all		Tigule and Foror's Strawberry Ice Cream		Restores $o1 health over $d.  Must remain seated while eating.  Watch out for brain freeze!	Restores $/5;s1 health per second.					
9178	all		Brain Freeze			Stunned and lowered Intellect.					
9179	all		Stun			Stunned					
9192	all		"""Plucky"" Resumes Human Form"	Shapeshift							
9193	spellbook	165	Heavy Quiver								
9194	spellbook	165	Heavy Leather Ammo Pouch								
9195	spellbook	165	Dusky Leather Leggings								
9196	spellbook	165	Dusky Leather Armor								
9197	spellbook	165	Green Whelp Armor								
9198	spellbook	165	Frost Leather Cloak								
9199	all		Attack Power %								
9200	all		Create Sapta	Rank 1	Conjures $s1 $lloaf:loaves; of bread, providing the mage and $ghis:her; allies with something to eat.						
9201	spellbook	165	Dusky Bracers								
9202	spellbook	165	Green Whelp Bracers								
9204	all		Hate to Zero								
9205	all		Hate to Zero								
9206	spellbook	165	Dusky Belt								
9207	spellbook	165	Dusky Boots								
9208	spellbook	165	Swift Boots								
9220	all		"""Plucky"" Resumes Chicken Form"	Shapeshift							
9221	all		Summon Voidwalker	Rank 1	Call forth a voidwalker using the summoning circle.						
9222	all		Summon Voidwalker	Rank 1	Call forth a voidwalker using the summoning circle.						
9223	all		Summon Succubus	Rank 1	Call forth a succubus using the summoning circle.						
9224	all		Summon Succubus	Rank 1	Call forth a succubus using the summoning circle.						
9232	all		Scarlet Resurrection								
9233	all		Firebolt		5% chance of dealing $9057s1 Fire damage on a successful melee attack.						
9234	all		Armor Debuff (TEST)	Rank 1	Increases the target's Armor by $s1 for $d.						
9235	all		Scarlet Resurrected								
9252	all		Replenish Mana I		Restores $s1 mana.						
9253	all		Replenish Mana II		Restores $s1 mana.						
9256	all		Deep Sleep		Puts nearby enemies to sleep for up to $d. Any damage caused will awaken them.	Asleep.					
9257	all		Lay on Hands	Rank 2							
9258	all		Increased Agility 13		+$s1 Agility.						
9259	all		Increased Agility 14		+$s1 Agility.						
9260	all		Increased Intellect 13		+$s1 Intellect.						
9261	all		Increased Intellect 14		+$s1 Intellect.						
9262	all		Increased Spirit 13		+$s1 Spirit.						
9263	all		Increased Spirit 14		+$s1 Spirit.						
9264	all		Increased Stamina 13		+$s1 Stamina.						
9265	all		Increased Stamina 14		+$s1 Stamina.						
9266	all		Increased Strength 13		+$s1 Strength.						
9267	all		Increased Strength 14		+$s1 Strength.						
9268	all		Teleport to Darnassus - Event		Sends player to Darnassus						
9269	spellbook	202	Gnomish Universal Remote								
9271	spellbook	202	Aquadynamic Fish Attractor								
9273	spellbook	202	Goblin Jumper Cables								
9275	all		Immolate		Burns an enemy, then inflicts additional Fire damage every $t1 sec. for $d.	Fire damage inflicted every $t1 sec.					
9276	all		Immolate								
9294	all		Increase Fire Dam 16		Increases damage done by Fire spells and effects by up to $s1.						
9295	all		Increase Fire Dam 17		Increases damage done by Fire spells and effects by up to $s1.						
9296	all		Increase Fire Dam 19		Increases damage done by Fire spells and effects by up to $s1.						
9297	all		Increase Fire Dam 20		Increases damage done by Fire spells and effects by up to $s1.						
9298	all		Increase Fire Dam 21		Increases damage done by Fire spells and effects by up to $s1.						
9304	all		Increase Frost Dam 16		Increases damage done by Frost spells and effects by up to $s1.						
9305	all		Increase Frost Dam 17		Increases damage done by Frost spells and effects by up to $s1.						
9306	all		Increase Frost Dam 19		Increases damage done by Frost spells and effects by up to $s1.						
9307	all		Increase Frost Dam 20		Increases damage done by Frost spells and effects by up to $s1.						
9308	all		Increase Frost Dam 21		Increases damage done by Frost spells and effects by up to $s1.						
9314	all		Increase Healing 24		Increases healing done by up to $s1 and damage done by up to $s2 for all magical spells and effects.						
9315	all		Increase Healing 26		Increases healing done by up to $s1 and damage done by up to $s2 for all magical spells and effects.						
9316	all		Increase Healing 29		Increases healing done by up to $s1 and damage done by up to $s2 for all magical spells and effects.						
9317	all		Increase Healing 31		Increases healing done by up to $s1 and damage done by up to $s2 for all magical spells and effects.						
9318	all		Increase Healing 33		Increases healing done by up to $s1 and damage done by up to $s2 for all magical spells and effects.						
9324	all		Increase Shadow Dam 16		Increases damage done by Shadow spells and effects by up to $s1.						
9325	all		Increase Shadow Dam 17		Increases damage done by Shadow spells and effects by up to $s1.						
9326	all		Increase Shadow Dam 19		Increases damage done by Shadow spells and effects by up to $s1.						
9327	all		Increase Shadow Dam 20		Increases damage done by Shadow spells and effects by up to $s1.						
9328	all		Increase Shadow Dam 21		Increases damage done by Shadow spells and effects by up to $s1.						
9329	all		Attack Power 16		+$s1 Attack Power.						
9330	all		Attack Power 18		+$s1 Attack Power.						
9331	all		Attack Power 20		+$s1 Attack Power.						
9332	all		Attack Power 22		+$s1 Attack Power.						
9333	all		Attack Power 48		+$s1 Attack Power.						
9334	all		Attack Power 26		+$s1 Attack Power.						
9335	all		Attack Power 28		+$s1 Attack Power.						
9336	all		Attack Power 30		+$s1 Attack Power.						
9342	all		Increase Spell Dam 13		Increases damage and healing done by magical spells and effects by up to $s1.						
9343	all		Increase Spell Dam 14		Increases damage and healing done by magical spells and effects by up to $s1.						
9344	all		Increase Spell Dam 15		Increases damage and healing done by magical spells and effects by up to $s1.						
9345	all		Increase Spell Dam 16		Increases damage and healing done by magical spells and effects by up to $s1.						
9346	all		Increase Spell Dam 18		Increases damage and healing done by magical spells and effects by up to $s1.						
9347	all		Mortal Strike		Periodically casts Mortal Strike.	Periodically casts Mortal Strike.					
9357	all		Increase Nature Dam 16		Increases damage done by Nature spells and effects by up to $s1.						
9358	all		Increase Nature Dam 17		Increases damage done by Nature spells and effects by up to $s1.						
9359	all		Increase Nature Dam 19		Increases damage done by Nature spells and effects by up to $s1.						
9360	all		Increase Nature Dam 20		Increases damage done by Nature spells and effects by up to $s1.						
9361	all		Increase Nature Dam 21		Increases damage done by Nature spells and effects by up to $s1.						
9372	all		Bear Enters Auberdine								
9373	all		Soul Siphon		Drains $s1 health every $t1 sec. from an enemy and its nearest ally, healing the caster for up to twice the amount of health stolen. Lasts $d.	$s1 health leeched every $t1 sec.					
9392	all		Increase Spell Dam 1		Increases damage and healing done by magical spells and effects by up to $s1.						
9393	all		Increase Spell Dam 2		Increases damage and healing done by magical spells and effects by up to $s1.						
9394	all		Increase Spell Dam 4		Increases damage and healing done by magical spells and effects by up to $s1.						
9395	all		Increase Spell Dam 5		Increases damage and healing done by magical spells and effects by up to $s1.						
9396	all		Increase Spell Dam 6		Increases damage and healing done by magical spells and effects by up to $s1.						
9397	all		Increase Spell Dam 7		Increases damage and healing done by magical spells and effects by up to $s1.						
9398	all		Increase Spell Dam 8		Increases damage and healing done by magical spells and effects by up to $s1.						
9399	all		Increase Fire Dam 11		Increases damage done by Fire spells and effects by up to $s1.						
9400	all		Increase Fire Dam 13		Increases damage done by Fire spells and effects by up to $s1.						
9401	all		Increase Fire Dam 14		Increases damage done by Fire spells and effects by up to $s1.						
9402	all		Increase Frost Dam 11		Increases damage done by Frost spells and effects by up to $s1.						
9403	all		Increase Frost Dam 13		Increases damage done by Frost spells and effects by up to $s1.						
9404	all		Increase Frost Dam 14		Increases damage done by Frost spells and effects by up to $s1.						
9405	all		Increased Critical 5		Improves your chance to get a critical strike with melee and ranged attacks by $s1%.						
9406	all		Increase Healing 18		Increases healing done by up to $s1 and damage done by up to $s2 for all magical spells and effects.						
9407	all		Increase Healing 20		Increases healing done by up to $s1 and damage done by up to $s2 for all magical spells and effects.						
9408	all		Increase Healing 22		Increases healing done by up to $s1 and damage done by up to $s2 for all magical spells and effects.						
9409	all		Increase Nature Dam 11		Increases damage done by Nature spells and effects by up to $s1.						
9410	all		Increase Nature Dam 13		Increases damage done by Nature spells and effects by up to $s1.						
9411	all		Increase Nature Dam 14		Increases damage done by Nature spells and effects by up to $s1.						
9412	all		Increase Shadow Dam 11		Increases damage done by Shadow spells and effects by up to $s1.						
9413	all		Increase Shadow Dam 13		Increases damage done by Shadow spells and effects by up to $s1.						
9414	all		Increase Shadow Dam 14		Increases damage done by Shadow spells and effects by up to $s1.						
9415	all		Increase Spell Dam 9		Increases damage and healing done by magical spells and effects by up to $s1.						
9416	all		Increase Spell Dam 11		Increases damage and healing done by magical spells and effects by up to $s1.						
9417	all		Increase Spell Dam 12		Increases damage and healing done by magical spells and effects by up to $s1.						
9433	all		Arcane Explosion	Rank 4	Sends out a blast wave of magic, inflicting $s1 Arcane damage to nearby enemies.						
9435	all		Detonation								
9436	all		Invisibility Detection			Able to detect invisible targets.					
9437	all		Placing Bear Trap		Used to capture a rabid thistle bear.						
9438	all		Arcane Bubble		Immune to all attacks and spells.\nCannot attack. \nLasts $d.	Immune to all attacks and spells.\nCannot attack.					
9439	all		Bear Captured in Trap								
9452	spellbook	184	Vindication	Rank 1	Gives the Paladin's damaging melee attacks a chance to reduce the target's attributes by $67s1% for $67d.						
9453	spellbook	594	Unyielding Faith	Rank 1	Increases your chance to resist Fear and Disorient effects by an additional $s1%.						
9454	all		Freeze		GM tool to freeze players.	Frozen.					
9455	all		Thistle Bear Death Touch		Instantly Kills the target.  I hope you feel good about yourself now.....						
9456	all		Tharnariun Cure 1		Cures $s1 $ldisease:diseases; on the target.						
9457	all		Tharnariun's Heal			Tharnariun's Heal					
9458	all		Smoke Cloud		Emits a cloud of smoke, stunning nearby enemies for $d. and putting the caster into stealth mode.	Stunned.					
9459	all		Corrosive Ooze		Reduces the physical damage dealt by the target.	Physical damage dealt is reduced by $s1.					
9460	all		Corrosive Ooze								
9461	all		Summon Swamp Ooze								
9462	all		Mirefin Fungus			Movement speed reduced by $s1%.					
9463	all		Mirefin Fungus								
9464	all		Barbs		Thorny shell barbs cause damage to melee attackers.						
9472	spellbook	56	Flash Heal	Rank 2	Heals a friendly target for $s1.						
9473	spellbook	56	Flash Heal	Rank 3	Heals a friendly target for $s1.						
9474	spellbook	56	Flash Heal	Rank 4	Heals a friendly target for $s1.						
9478	all		Invis Placing Bear Trap								
9481	all		Holy Smite	Rank 6	Smites an enemy, inflicting Holy damage.						
9482	all		Amplify Flames		Increases the Fire damage taken by an enemy by $s1 for $d.	Fire damage taken is increased by $s1.					
9483	all		Boulder		Hurls a boulder at an enemy, inflicting Physical damage.						
9484	spellbook	613	Shackle Undead	Rank 1	Shackles the target undead enemy for up to $d.  The shackled unit is unable to move, attack or cast spells.  Any damage caused will release the target.  Only one target can be shackled at a time.	Shackled.					
9485	spellbook	613	Shackle Undead	Rank 2	Shackles the target undead enemy for up to $d.  The shackled unit is unable to move, attack or cast spells.  Any damage caused will release the target.  Only one target can be shackled at a time.	Shackled.					
9487	all		Fireball		Inflicts Fire damage to an enemy.						
9488	all		Fireball		Inflicts Fire damage to an enemy.						
9489	all		Create Scrying Bowl		Creates a bowl of scrying that will contact Talvash.						
9490	spellbook	134	Demoralizing Roar	Rank 3	The druid roars, decreasing nearby enemies' melee attack power by $s1.  Lasts $d.	Decreases melee attack power by $s1.					
9492	spellbook	134	Rip	Rank 2	Finishing move that causes damage over time.  Damage increases per combo point and by your attack power:\n   1 point  : 66 damage over $d.\n   2 points: 108 damage over $d.\n   3 points: 150 damage over $d.\n   4 points: 192 damage over $d.\n   5 points: 234 damage over $d.	Bleed damage every $t1 seconds.					
9493	spellbook	134	Rip	Rank 3	Finishing move that causes damage over time.  Damage increases per combo point and by your attack power:\n   1 point  : 90 damage over $d.\n   2 points: 144 damage over $d.\n   3 points: 198 damage over $d.\n   4 points: 252 damage over $d.\n   5 points: 306 damage over $d.	Bleed damage every $t1 seconds.					
9512	all		Restore Energy		Instantly restores $s1 energy.						
9513	spellbook	185	Thistle Tea								
9515	all		Summon Tracking Hound		Summons a tracking hound that will protect you for $d.						
9532	all		Lightning Bolt		Blasts an enemy with lightning, inflicting Nature damage.						
9552	all		Searing Flames		Burns an enemy for $s2 damage, then prevents it from spellcasting for $d. and inflicts an additional $s1 Fire damage every $t1 sec.	$s1 Fire damage inflicted every $t1 sec.\nCannot cast spells.					
9572	all		Onin's Camouflage								
9573	all		Flame Breath		Inflicts $s1 Fire damage to enemies in a cone in front of the caster.						
9574	all		Flame Buffet		Inflicts $s1 Fire damage to an enemy and increases the Fire damage it takes by $s2 for $d.	Fire damage taken is increased by $s2.					
9575	all		Self Detonation								
9576	all		Lock Down		Immobilizes the caster and increases the Physical damage it deals by $s1 for $d.	Immobilized.\nPhysical damage dealt is increased by $s1.					
9577	all		Uldaman Key Staff		Place in the Uldaman map room.						
9578	spellbook	78	Fade	Rank 2	Fade out, discouraging enemies from attacking you for $d.  More effective than Fade (Rank 1).	Reduced threat level.					
9579	spellbook	78	Fade	Rank 3	Fade out, discouraging enemies from attacking you for $d.  More effective than Fade (Rank 2).	Reduced threat level.					
9582	all		Filling		Fill the Jade Phial at the Starbreeze moonwell.						
9583	all		Water Sample		This container needs to be filled with water from the well in Tarren Mill.						
9584	all		Water Sample		This container should be filled with water from the Ruins of Stardust well.						
9586	all		Water Sample		This container needs to be filled with water from the watering hole near Brine's hut in the Barrens.						
9587	all		Magic Potion		Allows the caster to detect invisibility and turns the caster invisible for $d, though this spell is unstable and may end early.	Detects and grants Invisibility.					
9590	all		Stealth 1		Increases your Stealth by $s1.						
9591	all		Acid Spit		Inflicts Nature damage to an enemy.						
9592	spellbook	78	Fade	Rank 4	Fade out, discouraging enemies from attacking you for $d.  More effective than Fade (Rank 3).	Reduced threat level.					
9594	all		Attach Medallion to Shaft		Attach to the Shaft of Tsol.						
9595	all		Attach Shaft to Medallion		Attach to the Gni'kiv Medallion.						
9612	all		Ink Spray		Reduces an enemy's chance to hit by $s1% for $d.	Chance to hit reduced by $s1%.					
9613	all		Shadow Bolt		Hurls a bolt of dark magic at an enemy, inflicting Shadow damage.						
9614	all		Rift Beacon		Marks an enemy with a tracking device. After $d., $9615s1 Lost One Rift Travelers will find and attack the enemy. Lost One Rift Travelers are unstable at the subatomic level and so cannot maintain physical form past $9615d.	Rift Travelers are locking onto your position. They will find you after $d.					
9615	all		Summon Rift Traveler								
9616	all		Wild Regeneration		Heals the caster for $s1 damage every $t1 sec. for $d.	$s1 damage healed every $t1 sec.					
9617	all		Ghost Visual								
9632	all		Bladestorm	Rank 1	You attack all nearby enemies for $d causing weapon damage plus an additional $9633s1 every $t1 sec.	Attacking all nearby enemies for weapon damage + $9633s1.					
9633	all		Whirlwind	Rank 1							
9634	spellbook	134	Dire Bear Form	Shapeshift	Shapeshift into dire bear form, increasing melee attack power by $9635s3, armor contribution from items by $9635s1%, and Stamina by $9635s2%.  Also protects the caster from Polymorph effects and allows the use of various bear abilities.\n\nThe act of shapeshifting frees the caster of Polymorph and Movement Impairing effects.	Immune to Polymorph effects.  Increases melee attack power by $9635s3, armor contribution from items by $9635s1%, and Stamina by $9635s2%.					
9635	spellbook	134	Dire Bear Form (Passive)	Passive							
9636	all		Summon Swamp Spirit		Summons $s1 $lSwamp Spirit:Swamp Spirits; to aid the caster in battle for $d.						
9653	all		Summon Gelkis Rumbler		Summons $s1 $lGelkis Rumbler:Gelkis Rumblers; to accompany the caster until dismissed.						
9654	all		Jumping Lightning		Hurls a lightning bolt that inflicts Nature damage to an enemy and its nearest ally.						
9657	all		Shadow Shell		Increases armor for $d.	Increased armor.					
9658	all		Flame Buffet		Inflicts $s1 Fire damage to an enemy and increases the Fire damage it takes by $s2 for $d.	Fire damage taken is increased by $s2.					
9672	all		Frostbolt		Inflicts Frost damage to an enemy and reduces its movement speed for $d.	Reduced movement speed.					
9712	all		Thaumaturgy Channel		Fills the empty thaumaturgy vessel when used on Scorched Guardians.						
9733	all		Arantir's Anger	Rank 1	In a whirlwind of steel you attack all nearby enemies for $d, causing weapon damage plus an additional $3231s1 every $t1 seconds.	Attacking all nearby enemies for weapon damage + $3231s1.					
9734	all		Holy Smite		Smites an enemy, inflicting Holy damage.						
9735	all		Sapta Sight		Allows the shaman to see elemental spirits.	Detect elemental spirits.					
9736	all		Arantir's Deception	Rank 1	Allows the rogue to vanish from sight, entering an improved stealth mode for $d.	Improved stealth.					
9737	all		Arantir's Anger Effect	Rank 1	Deals weapon damage plus 50.						
9738	all		Rift Spawn Becomes Visible								
9739	all		Wrath		Hurls a bolt of lightning at an enemy, inflicting Nature damage.						
9740	all		Arantir's Deception	Rank 1	Allows the rogue to vanish from sight, entering an improved stealth mode for $d.	Improved stealth.					
9741	all		Arantir's Rage	Rank 1	Taunts all nearby enemies.	Taunted.					
9743	all		Delete Me								
9744	all		Jarkal's Translation								
9745	spellbook	134	Maul	Rank 5	Increases the druid's next attack by $s1 damage.						
9747	spellbook	134	Demoralizing Roar	Rank 4	The druid roars, decreasing nearby enemies' melee attack power by $s1.  Lasts $d.	Decreases melee attack power by $s1.					
9749	spellbook	574	Faerie Fire	Rank 3	Decrease the armor of the target by $s1 for $d.  While affected, the target cannot stealth or turn invisible.	Decreases armor by $s1.  Cannot stealth or turn invisible.					
9750	spellbook	573	Regrowth	Rank 6	Heals a friendly target for $s1 and another $o2 over $d.	Heals $s2 every $t2 seconds.					
9752	spellbook	134	Rip	Rank 4	Finishing move that causes damage over time.  Damage increases per combo point and by your attack power:\n   1 point : 138 damage over $d.\n   2 points: 222 damage over $d.\n   3 points: 306 damage over $d.\n   4 points: 390 damage over $d.\n   5 points: 474 damage over $d.	Bleed damage every $t1 seconds.					
9754	spellbook	134	Swipe	Rank 4	Swipe $x1 nearby enemies, inflicting $s1 damage.  Damage increased by attack power.						
9756	spellbook	574	Thorns	Rank 5	Thorns sprout from the friendly target causing $s1 Nature damage to attackers when hit.  Lasts $d.	Causes $s1 Nature damage to attackers.					
9758	spellbook	573	Healing Touch	Rank 8	Heals a friendly target for $s1.						
9760	all		Increased Armor 10		+$s1 Armor.						
9761	all		Increased Armor 20		+$s1 Armor.						
9762	all		Increased Armor 30		+$s1 Armor.						
9763	all		Increased Armor 40		+$s1 Armor.						
9764	all		Increased Armor 50		+$s1 Armor.						
9765	all		Increased Armor 60		+$s1 Armor.						
9766	all		Increased Armor 70		+$s1 Armor.						
9767	all		Increased Armor 80		+$s1 Armor.						
9768	all		Increased Armor 90		+$s1 Armor.						
9769	all		Radiation								
9770	all		Radiation		Deals Nature damage to all enemies within 5 yards.						
9771	all		Radiation Bolt		Inflicts Nature damage to an enemy, and has a chance of irradiating it.						
9772	all		Defias Tower I								
9773	all		Defias Tower II		Hurls a fiery ball that causes $s1 fire damage and an additional $o2 damage over $d.	$s2 fire damage every $t2 seconds.					
9774	all		Immune Root		Removes existing Immobilizing effects and makes you immune to Immobilizing effects for $d.	Immune to Immobilizing effects for $d.					
9775	all		Irradiated			Emitting radiation.\nNature damage inflicted every $t1 sec.\nPeriodically inflicting Nature damage on nearby party members.					
9776	all		Irradiated								
9777	all		Self Healing								
9778	all		Proc Self Heal 22		When struck in combat has a 3% chance to heal you for $9777s1.						
9779	all		Defias Tower III		Hurls a fiery ball that causes $s1 fire damage and an additional $o2 damage over $d.	$s2 fire damage every $t2 seconds.					
9781	all		Mithril Shield Spike		Attaches a Mithril Spike to your shield that deals damage every time you block with it.						
9782	all		Mithril Shield Spike		Deals $s1 damage.	Deals $s1 damage.					
9783	all		Mithril Spurs		Attaches spurs to your boots that increase your mounted movement speed slightly.						
9784	all		Iron Shield Spike		Deals $s1 damage.	Deals $s1 damage.					
9785	spellbook	164	Blacksmithing	Artisan	Allows a Blacksmith to make weapons and armor up to a maximum potential skill of 300.						
9786	all		Artisan Blacksmith								
9787	spellbook	164	Weaponsmith		Allows a blacksmith to make special weapons that are unavailable to the typical blacksmith.						
9788	spellbook	164	Armorsmith		Allows a blacksmith to make special armors that are unavailable to the typical blacksmith.						
9789	all		Weaponsmith								
9790	all		Armorsmith								
9791	all		Head Crack		Reduces an enemy's Stamina for $d.	Stamina reduced by $s1.					
9795	all		Talvash's Necklace Repair								
9796	all		Blight		Diseases a target for $s1 Nature damage and an additional $o2 damage over $d.	Diseased.  $s2 nature damage every $t2 seconds.					
9798	all		Radiation		Inflicting $9770s1 Nature damage to nearby enemies every $t1 sec.	Inflicting $9770s1 Nature damage to nearby enemies every $t1 sec.					
9799	spellbook	184	Eye for an Eye	Rank 1	All spell criticals against you cause $s1% of the damage taken to the caster as well.  The damage caused by Eye for an Eye will not exceed 50% of the Paladin's total health.						
9800	all		Holy Shield		Protects the caster with a holy shield.	Absorbs damage.					
9806	all		Phantom Strike		Decrease the armor of the target by $s1 for $d.  While affected, the target cannot stealth or turn invisible.	Decreases armor by $s1.  Cannot stealth or turn invisible.					
9810	all		Touch of Zanzil								
9811	spellbook	164	Barbaric Iron Shoulders								
9813	spellbook	164	Barbaric Iron Breastplate								
9814	spellbook	164	Barbaric Iron Helm								
9818	spellbook	164	Barbaric Iron Boots								
9820	spellbook	164	Barbaric Iron Gloves								
9821	spellbook	134	Dash	Rank 2	Increases movement speed by $s1% for $d.  Does not break prowling.	Increases movement speed by $s1%.					
9823	spellbook	134	Pounce	Rank 2	Pounce, stunning the target for $d and causing $9824o1 damage over $9824d.  Must be prowling.  Awards $s3 combo $lpoint:points;.	Stunned.					
9824	spellbook	134	Pounce Bleed	Rank 2	Pounce, stunning the target for $9823d and causing $9824o1 damage over $9824d.  Must be prowling.  Awards $9823s3 combo $lpoint:points;.	Bleeding for $s1 damage every $t1 seconds.					
9826	spellbook	134	Pounce Bleed	Rank 3	Pounce, stunning the target for $9827d and causing $9826o1 damage over $9826d.  Must be prowling.  Awards $9827s3 combo $lpoint:points;.	Bleeding for $s1 damage every $t1 seconds.					
9827	spellbook	134	Pounce	Rank 3	Pounce, stunning the target for $d and causing $9826o1 damage over $9826d.  Must be prowling.  Awards $s3 combo $lpoint:points;.	Stunned.					
9829	spellbook	134	Shred	Rank 4	Shred the target, causing $s3% damage plus 144 to the target.  Must be behind the target.  Awards $s2 combo $lpoint:points;.						
9830	spellbook	134	Shred	Rank 5	Shred the target, causing $s3% damage plus 180 to the target.  Must be behind the target.  Awards $s2 combo $lpoint:points;.						
9833	spellbook	574	Moonfire	Rank 8	Burns the enemy for $s2 Arcane damage and then an additional $o1 Arcane damage over $d.	$s1 Arcane damage every $t1 seconds.					
9834	spellbook	574	Moonfire	Rank 9	Burns the enemy for $s2 Arcane damage and then an additional $o1 Arcane damage over $d.	$s1 Arcane damage every $t1 seconds.					
9835	spellbook	574	Moonfire	Rank 10	Burns the enemy for $s2 Arcane damage and then an additional $o1 Arcane damage over $d.	$s1 Arcane damage every $t1 seconds.					
9839	spellbook	573	Rejuvenation	Rank 8	Heals the target for $o1 over $d.	Heals $s1 damage every $t1 seconds.					
9840	spellbook	573	Rejuvenation	Rank 9	Heals the target for $o1 over $d.	Heals $s1 damage every $t1 seconds.					
9841	spellbook	573	Rejuvenation	Rank 10	Heals the target for $o1 over $d.	Heals $s1 damage every $t1 seconds.					
9845	spellbook	134	Tiger's Fury	Rank 3	Increases physical damage done by $84738s1 for $d.  Bleed damage causes this effect to increase by $s1, up to 10 times.	Physical damage done increased by 30 plus $s1.					
9846	spellbook	134	Tiger's Fury	Rank 4	Increases physical damage done by $84739s1 for $d.  Bleed damage causes this effect to increase by $s1, up to 10 times.	Physical damage done increased by 40 plus $s1.					
9849	spellbook	134	Claw	Rank 4	Claw the enemy, causing $s1 additional damage.  Awards $s2 combo $lpoint:points;.						
9850	spellbook	134	Claw	Rank 5	Claw the enemy, causing $s1 additional damage.  Awards $s2 combo $lpoint:points;.						
9852	spellbook	574	Entangling Roots	Rank 5	Roots the target in place and causes $o2 Nature damage over $d.  Damage caused may interrupt the effect.  Only useable outdoors.	Rooted.  Causes $s2 Nature damage every $t2 seconds.					
9853	spellbook	574	Entangling Roots	Rank 6	Roots the target in place and causes $o2 Nature damage over $d.  Damage caused may interrupt the effect.  Only useable outdoors.	Rooted.  Causes $s2 Nature damage every $t2 seconds.					
9856	spellbook	573	Regrowth	Rank 7	Heals a friendly target for $s1 and another $o2 over $d.	Heals $s2 every $t2 seconds.					
9857	spellbook	573	Regrowth	Rank 8	Heals a friendly target for $s1 and another $o2 over $d.	Heals $s2 every $t2 seconds.					
9858	spellbook	573	Regrowth	Rank 9	Heals a friendly target for $s1 and another $o2 over $d.	Heals $s2 every $t2 seconds.					
9862	spellbook	573	Tranquility	Rank 3	Heals up to 5 injured allies within your party or raid group for $s1 every $t2 seconds for $d.  Druid must channel to maintain the spell.	Healing up to 5 injured allies for $s1 every $t2 seconds.					
9863	spellbook	573	Tranquility	Rank 4	Heals up to 5 injured allies within your party or raid group for $s1 every $t2 seconds for $d.  Druid must channel to maintain the spell.	Healing up to 5 injured allies for $s1 every $t2 seconds.					
9866	spellbook	134	Ravage	Rank 3	Ravage the target, causing $s2% damage plus 273 to the target.  Must be prowling and behind the target.  Awards $s3 combo $lpoint:points;.						
9867	spellbook	134	Ravage	Rank 4	Ravage the target, causing $s2% damage plus 343 to the target.  Must be prowling and behind the target.  Awards $s3 combo $lpoint:points;.						
9874	all		Self Destruct								
9875	spellbook	574	Starfire	Rank 5	Causes $s1 Arcane damage to the target.						
9876	spellbook	574	Starfire	Rank 6	Causes $s1 Arcane damage to the target.						
9879	all		Self Destruct								
9880	spellbook	134	Maul	Rank 6	Increases the druid's next attack by $s1 damage.						
9881	spellbook	134	Maul	Rank 7	Increases the druid's next attack by $s1 damage.						
9884	spellbook	573	Mark of the Wild	Rank 6	Increases the friendly target's armor by $s1, all attributes by $s2 and all resistances by $s3 for $d.	Increases armor by $s1, all attributes by $s2 and all resistances by $s3.					
9885	spellbook	573	Mark of the Wild	Rank 7	Increases the friendly target's armor by $s1, all attributes by $s2 and all resistances by $s3 for $d.	Increases armor by $s1, all attributes by $s2 and all resistances by $s3.					
9888	spellbook	573	Healing Touch	Rank 9	Heals a friendly target for $s1.						
9889	spellbook	573	Healing Touch	Rank 10	Heals a friendly target for $s1.						
9892	spellbook	134	Cower	Rank 3	Cower, causing no damage but lowering your threat a large amount, making the enemy less likely to attack you.						
9894	spellbook	134	Rip	Rank 5	Finishing move that causes damage over time.  Damage increases per combo point and by your attack power:\n   1 point : 192 damage over $d.\n   2 points: 312 damage over $d.\n   3 points: 432 damage over $d.\n   4 points: 552 damage over $d.\n   5 points: 672 damage over $d.	Bleed damage every $t1 seconds.					
9896	spellbook	134	Rip	Rank 6	Finishing move that causes damage over time.  Damage increases per combo point and by your attack power:\n   1 point : 270 damage over $d.\n   2 points: 438 damage over $d.\n   3 points: 606 damage over $d.\n   4 points: 774 damage over $d.\n   5 points: 942 damage over $d.	Bleed damage every $t1 seconds.					
9898	spellbook	134	Demoralizing Roar	Rank 5	The druid roars, decreasing nearby enemies' melee attack power by $s1.  Lasts $d.	Decreases melee attack power by $s1.					
9900	all		Sharpen Blade IV		Increase sharp weapon damage by 6 for 30 minutes.						
9901	spellbook	574	Soothe Animal	Rank 3	Soothes the target beast, reducing the range at which it will attack you by $s1 yards.  Only affects Beast targets level 70 or lower.  Lasts $d.	Reduced distance at which target will attack.					
9903	all		Enhance Blunt Weapon IV		Increase the damage of a blunt weapon by 6 for 30 minutes.						
9904	spellbook	134	Rake	Rank 4	Rake the target for ${$AP*0.012+$m1} bleed damage and an additional ${$m2*4+$AP*0.096} damage over $d.  Awards $s3 combo $lpoint:points;.	Bleeding for $s2 damage every $t2 seconds.					
9906	all		Reflection		Gives the caster $s1% chance to reflect harmful spells for $d.	$s1% chance to reflect spells.					
9907	spellbook	574	Faerie Fire	Rank 4	Decrease the armor of the target by $s1 for $d.  While affected, the target cannot stealth or turn invisible.	Decreases armor by $s1.  Cannot stealth or turn invisible.					
9908	spellbook	134	Swipe	Rank 5	Swipe $x1 nearby enemies, inflicting $s1 damage.  Damage increased by attack power.						
9910	spellbook	574	Thorns	Rank 6	Thorns sprout from the friendly target causing $s1 Nature damage to attackers when hit.  Lasts $d.	Causes $s1 Nature damage to attackers.					
9912	spellbook	574	Wrath	Rank 8	Causes $s1 Nature damage to the target.						
9913	spellbook	134	Prowl	Rank 3	Allows the Druid to prowl around, but reduces your movement speed by $s2%.  Lasts until cancelled.	Stealthed.  Movement speed slowed by $s2%.					
9915	all		Frost Nova	Rank 3	Inflicts $s1 Frost damage to nearby enemies, immobilizing them for up to $d.	Immobilized.					
9916	spellbook	164	Steel Breastplate								
9918	spellbook	164	Solid Sharpening Stone								
9920	spellbook	164	Solid Grinding Stone								
9921	spellbook	164	Solid Weightstone								
9926	spellbook	164	Heavy Mithril Shoulder								
9928	spellbook	164	Heavy Mithril Gauntlet								
9930	all		Empathy of Stone		Forms a bond of empathy with a party member, causing the caster to split $s1% of all damage taken by that party member. Lasts $d.	Splitting $s1% of all damage taken by a party member.					
9931	spellbook	164	Mithril Scale Pants								
9933	spellbook	164	Heavy Mithril Pants								
9935	spellbook	164	Steel Plate Helm		This item binds to you upon being crafted.						
9937	spellbook	164	Mithril Scale Bracers								
9939	spellbook	164	Mithril Shield Spike								
9941	all		Spell Reflection		Raise your shield, giving you a $s1% chance of reflecting the next spell cast on you.  Lasts $d.						
9942	spellbook	164	Mithril Scale Gloves								
9943	all		Spell Reflection		Raise your shield, with a $1% chance of reflecting the next spell cast on you.  Lasts $d.						
9945	spellbook	164	Ornate Mithril Pants								
9949	all		Thieves' Tool Rack Conjure								
9950	spellbook	164	Ornate Mithril Gloves								
9952	spellbook	164	Ornate Mithril Shoulder								
9954	spellbook	164	Truesilver Gauntlets								
9956	all		Drink Potion		Heals self for $s1 health.						
9957	spellbook	164	Orcish War Leggings								
9959	spellbook	164	Heavy Mithril Breastplate								
9961	spellbook	164	Mithril Coif								
9964	spellbook	164	Mithril Spurs								
9966	spellbook	164	Mithril Scale Shoulders								
9968	spellbook	164	Heavy Mithril Boots								
9970	spellbook	164	Heavy Mithril Helm								
9972	spellbook	164	Ornate Mithril Breastplate								
9974	spellbook	164	Truesilver Breastplate								
9976	all		Polly Eats the E.C.A.C.	Rank 1	Parrots love crackers!						
9977	all		Conjure E.C.A.C								
9979	spellbook	164	Ornate Mithril Boots								
9980	spellbook	164	Ornate Mithril Helm								
9983	spellbook	164	Copper Claymore								
9985	spellbook	164	Bronze Warhammer								
9986	spellbook	164	Bronze Greatsword								
9987	spellbook	164	Bronze Battle Axe								
9991	all		Touch of Zanzil			Agility reduced by $s1.  Cannot stealth or turn invisible.					
9992	all		Dizzy								
9993	spellbook	164	Heavy Mithril Axe								
9995	spellbook	164	Blue Glittering Axe								
9997	spellbook	164	Wicked Mithril Blade								
9998	all		Summon Polly Jr.								
9999	all		Touch of Zanzil Cure		Cure for the Touch of Zanzil	Cure for the Touch of Zanzil					
10000	all		Douse Lock		Requires refreshing spring water to cool the chest long enough to open it.						
10001	spellbook	164	Big Black Mace								
10003	spellbook	164	The Shatterer								
10005	spellbook	164	Dazzling Mithril Rapier								
10007	spellbook	164	Phantom Blade								
10009	spellbook	164	Runed Mithril Hammer								
10011	spellbook	164	Blight								
10013	spellbook	164	Ebon Shiv								
10015	spellbook	164	Truesilver Champion								
10017	all		Frost Hold	Rank 3	Blasts enemies near the caster for $s1 cold damage and freezes them in place for up to $d.	Frozen in place.					
10018	all		Rat Nova	Rank 3	Mmmm.. Cheesey.	You need cheese.					
10021	all		100% Block								
10022	all		Deadly Poison								
10032	all		Uber Stealth								
10052	all		Replenish Mana	Rank 2	Restores $s1 mana.						
10053	spellbook	237	Conjure Mana Citrine		Conjures a mana citrine that can be used to instantly restore $10057s1 mana.\n\nConjured items disappear if logged out for more than 15 minutes.						
10054	spellbook	237	Conjure Mana Ruby		Conjures a mana ruby that can be used to instantly restore $10058s1 mana.\n\nConjured items disappear if logged out for more than 15 minutes.						
10055	all		Conjure Mana Gem	Rank 3							
10056	all		Conjure Mana Gem	Rank 4							
10057	all		Replenish Mana	Rank 3	Restores $s1 mana.						
10058	all		Replenish Mana	Rank 4	Restores $s1 mana.						
10059	spellbook	237	Portal: Stormwind		Creates a portal, teleporting group members that use it to Stormwind.						
10060	spellbook	613	Power Infusion		Infuses the target with power, increasing spell casting speed by $s1% and reducing the mana cost of all spells by $s2%.  Lasts $d.	Spell casting speed increased by $s1 and mana cost of spells reduced by $s2%.					
10061	all		Summon Obsidian Shard		Summons an Obsidian Shard.						
10072	all		Splintered Obsidian		Reduces physical damage dealt by $s1.	Physical damage dealt is reduced by $s1.					
10073	spellbook	769	dmg3								
10074	all		Spell Reflection		Raise your shield, reflecting the next spell cast on you.  Lasts $d.	Magical spells will be reflected.					
10092	all		Sand Storm		Conjures a sandstorm, causing $10093s3 damage per $10093d to enemies caught within, reducing their movement speed by $10093s1%, and preventing spellcasting.						
10093	all		Harsh Winds		Reduces movement speed and silences the target, preventing them from casting spells.	Cannot cast spells.\nMovement speed reduced by $s1%.					
10094	all		Sand Storms		Summons $s1 $lSand Storm:Sand Storms; to aid the caster in battle for $d.						
10095	all		Hate to Zero								
10096	all		Shrink			Strength reduced by $s1.\nStamina reduced by $s2.					
10097	spellbook	186	Smelt Mithril		Allows the miner to smelt a chunk of mithril ore into a mithril bar.  Smelting mithril requires a forge.						
10098	spellbook	186	Smelt Truesilver		Allows the miner to smelt a chunk of truesilver ore into a truesilver bar.  Smelting truesilver requires a forge.						
10101	all		Knock Away		Inflicts normal damage plus $s1 to an enemy and knocks it back.						
10113	all		Flare		Shoots a flare into the air.						
10132	all		Sand Storms		Summons $s1 $lSand Storm:Sand Storms; to aid the caster in battle for $d.						
10134	all		Sand Storm		Confuses the target for $d.	Confused.					
10136	all		Magenta Cap Sickness			All stats are decreased by $s1.					
10137	all		Fizzule's Folly		Blow on the whistle to let Fizzule know you're an ally.						
10138	spellbook	237	Conjure Water	Rank 5	Conjures $s1 $lbottle:bottles; of mineral water, providing the mage and $ghis:her; allies with something to drink.\n\nConjured items disappear if logged out for more than 15 minutes.						
10139	spellbook	237	Conjure Water	Rank 6	Conjures $s1 $lbottle:bottles; of sparkling water, providing the mage and $ghis:her; allies with something to drink.\n\nConjured items disappear if logged out for more than 15 minutes.						
10140	spellbook	237	Conjure Water	Rank 7	Conjures $s1 $lbottle:bottles; of crystal water, providing the mage and $ghis:her; allies with something to drink.\n\nConjured items disappear if logged out for more than 15 minutes.						
10141	all		Conjure Water	Rank 5							
10142	all		Conjure Water	Rank 6							
10143	all		Conjure Water	Rank 7							
10144	spellbook	237	Conjure Food	Rank 5	Conjures $s1 $lloaf:loaves; of sourdough, providing the mage and $ghis:her; allies with something to eat.\n\nConjured items disappear if logged out for more than 15 minutes.						
10145	spellbook	237	Conjure Food	Rank 6	Conjures $s1 $lsweet roll:sweet rolls;, providing the mage and $ghis:her; allies with something to eat.\n\nConjured items disappear if logged out for more than 15 minutes.						
10146	all		Conjure Food	Rank 5							
10147	all		Conjure Food	Rank 6							
10148	spellbook	8	Fireball	Rank 8	Hurls a fiery ball that causes $s1 Fire damage and an additional $o2 Fire damage over $d.	$s2 Fire damage every $t2 seconds.					
10149	spellbook	8	Fireball	Rank 9	Hurls a fiery ball that causes $s1 Fire damage and an additional $o2 Fire damage over $d.	$s2 Fire damage every $t2 seconds.					
10150	spellbook	8	Fireball	Rank 10	Hurls a fiery ball that causes $s1 Fire damage and an additional $o2 Fire damage over $d.	$s2 Fire damage every $t2 seconds.					
10151	spellbook	8	Fireball	Rank 11	Hurls a fiery ball that causes $s1 Fire damage and an additional $o2 Fire damage over $d.	$s2 Fire damage every $t2 seconds.					
10156	spellbook	237	Arcane Intellect	Rank 4	Increases the target's Intellect by $s1 for $d.	Increases Intellect by $s1.					
10157	spellbook	237	Arcane Intellect	Rank 5	Increases the target's Intellect by $s1 for $d.	Increases Intellect by $s1.					
10158	all		Arcane Intellect	Rank 5							
10159	spellbook	6	Cone of Cold	Rank 3	Targets in a cone in front of the caster take $s2 Frost damage and are slowed by $s1% for $d.	Movement slowed by $s1%.					
10160	spellbook	6	Cone of Cold	Rank 4	Targets in a cone in front of the caster take $s2 Frost damage and are slowed by $s1% for $d.	Movement slowed by $s1%.					
10161	spellbook	6	Cone of Cold	Rank 5	Targets in a cone in front of the caster take $s2 Frost damage and are slowed by $s1% for $d.	Movement slowed by $s1%.					
10162	all		Cone of Cold	Rank 3							
10163	all		Cone of Cold	Rank 4							
10164	all		Cone of Cold	Rank 5							
10165	all		Khadgar's Unlocking	Rank 3	Magically unlocks treasure chests and other locked items.						
10166	all		Khadgar's Unlocking	Rank 4	Magically unlocks treasure chests and other locked items.						
10169	spellbook	237	Amplify Magic	Rank 3	Amplifies magic used against the targeted party member, increasing damage taken from spells by up to $s1 and healing spells by up to $s2.  Lasts $d.	Increases magic damage taken by up to $s1 and healing by up to $s2.					
10170	spellbook	237	Amplify Magic	Rank 4	Amplifies magic used against the targeted party member, increasing damage taken from spells by up to $s1 and healing spells by up to $s2.  Lasts $d.	Increases magic damage taken by up to $s1 and healing by up to $s2.					
10171	all		Amplify Magic	Rank 3							
10172	all		Amplify Magic	Rank 4							
10173	spellbook	237	Dampen Magic	Rank 4	Dampens magic used against the targeted party member, decreasing damage taken from spells by up to $s1 and healing spells by up to $s2.  Lasts $d.	Reduces magic damage taken by up to $s1 and healing by up to $s2.					
10174	spellbook	237	Dampen Magic	Rank 5	Dampens magic used against the targeted party member, decreasing damage taken from spells by up to $s1 and healing spells by up to $s2.  Lasts $d.	Reduces magic damage taken by up to $s1 and healing by up to $s2.					
10175	all		Dampen Magic	Rank 4							
10176	all		Dampen Magic	Rank 5							
10177	spellbook	6	Frost Ward	Rank 4	Absorbs $s1 Frost damage.  Lasts $d.	Absorbs Frost damage.					
10178	all		Frost Ward	Rank 4							
10179	spellbook	6	Frostbolt	Rank 8	Launches a bolt of frost at the enemy, causing $s2 Frost damage and slowing movement speed by $s1% for $d.	Movement slowed by $s1%.					
10180	spellbook	6	Frostbolt	Rank 9	Launches a bolt of frost at the enemy, causing $s2 Frost damage and slowing movement speed by $s1% for $d.	Movement slowed by $s1%.					
10181	spellbook	6	Frostbolt	Rank 10	Launches a bolt of frost at the enemy, causing $s2 Frost damage and slowing movement speed by $s1% for $d.	Movement slowed by $s1%.					
10185	spellbook	6	Blizzard	Rank 4	Ice shards pelt the target area doing ${$42211m1*8} Frost damage over $d.	$42211s1 Frost damage every $42211t1 $lsecond:seconds;.					
10186	spellbook	6	Blizzard	Rank 5	Ice shards pelt the target area doing ${$42212m1*8} Frost damage over $d.	$42212s1 Frost damage every $42212t1 $lsecond:seconds;.					
10187	spellbook	6	Blizzard	Rank 6	Ice shards pelt the target area doing ${$42213m1*8} Frost damage over $d.	$42213s1 Frost damage every $42213t1 $lsecond:seconds;.					
10188	all		Blizzard	Rank 4							
10189	all		Blizzard	Rank 5							
10190	all		Blizzard	Rank 6							
10191	spellbook	237	Mana Shield	Rank 4	Absorbs $s1 damage, draining mana instead.  Drains $e mana per damage absorbed.  Lasts $d.	Absorbs damage, draining mana instead.					
10192	spellbook	237	Mana Shield	Rank 5	Absorbs $s1 damage, draining mana instead.  Drains $e mana per damage absorbed.  Lasts $d.	Absorbs damage, draining mana instead.					
10193	spellbook	237	Mana Shield	Rank 6	Absorbs $s1 damage, draining mana instead.  Drains $e mana per damage absorbed.  Lasts $d.	Absorbs damage, draining mana instead.					
10194	all		Mana Shield	Rank 4							
10195	all		Mana Shield	Rank 5							
10196	all		Mana Shield	Rank 6							
10197	spellbook	8	Fire Blast	Rank 6	Blasts the enemy for $s1 Fire damage.						
10198	all		Fire Blast	Rank 6							
10199	spellbook	8	Fire Blast	Rank 7	Blasts the enemy for $s1 Fire damage.						
10200	all		Fire Blast	Rank 7							
10201	spellbook	237	Arcane Explosion	Rank 5	Causes an explosion of arcane magic around the caster, causing $s1 Arcane damage to all targets within $a1 yards.						
10202	spellbook	237	Arcane Explosion	Rank 6	Causes an explosion of arcane magic around the caster, causing $s1 Arcane damage to all targets within $a1 yards.						
10203	all		Arcane Explosion	Rank 5							
10204	all		Arcane Explosion	Rank 6							
10205	spellbook	8	Scorch	Rank 5	Scorch the enemy for $s1 Fire damage.						
10206	spellbook	8	Scorch	Rank 6	Scorch the enemy for $s1 Fire damage.						
10207	spellbook	8	Scorch	Rank 7	Scorch the enemy for $s1 Fire damage.						
10208	all		Scorch	Rank 5							
10209	all		Scorch	Rank 6							
10210	all		Scorch	Rank 7							
10211	spellbook	237	Arcane Missiles	Rank 6	Launches Arcane Missiles at the enemy, causing $10273s1 Arcane damage every $t2 sec for $d.						
10212	spellbook	237	Arcane Missiles	Rank 7	Launches Arcane Missiles at the enemy, causing $10274s1 Arcane damage every $t2 sec for $d.						
10215	spellbook	8	Flamestrike	Rank 5	Calls down a pillar of fire, burning all enemies within the area for $s1 Fire damage and an additional $o2 Fire damage over $d.	$s2 Fire damage every $t2.					
10216	spellbook	8	Flamestrike	Rank 6	Calls down a pillar of fire, burning all enemies within the area for $s1 Fire damage and an additional $o2 Fire damage over $d.	$s2 Fire damage every $t2.					
10217	all		Flamestrike	Rank 5							
10218	all		Flamestrike	Rank 6							
10219	spellbook	6	Ice Armor	Rank 3	Increases Armor by $s1 and frost resistance by $s3.   If an enemy strikes the caster, they may have their movement slowed by $7321s1% and the time between their attacks increased by $7321s2% for $7321d.  Only one type of Armor spell can be active on the Mage at any time.  Lasts $d.	Increases Armor by $s1, Frost resistance by $s3 and may slow attackers.					
10220	spellbook	6	Ice Armor	Rank 4	Increases Armor by $s1 and frost resistance by $s3.   If an enemy strikes the caster, they may have their movement slowed by $7321s1% and the time between their attacks increased by $7321s2% for $7321d.  Only one type of Armor spell can be active on the Mage at any time.  Lasts $d.	Increases Armor by $s1, Frost resistance by $s3 and may slow attackers.					
10221	all		Ice Armor	Rank 3							
10222	all		Ice Armor	Rank 4							
10223	spellbook	8	Fire Ward	Rank 4	Absorbs $s1 Fire damage.  Lasts $d.	Absorbs Fire damage.					
10224	all		Fire Ward	Rank 4							
10225	spellbook	8	Fire Ward	Rank 5	Absorbs $s1 Fire damage.  Lasts $d.	Absorbs Fire damage.					
10226	all		Fire Ward	Rank 5							
10227	all		Beast Tracking								
10230	spellbook	6	Frost Nova	Rank 4	Blasts enemies near the caster for $s1 Frost damage and freezes them in place for up to $d.  Damage caused may interrupt the effect.	Frozen in place.					
10231	all		Frost Nova	Rank 4							
10239	all		Demon Tracking								
10244	all		Dragon Tracking								
10245	all		Elemental Tracking								
10246	all		Undead Tracking								
10247	all		Summon Zul'Farrak Zombies								
10248	spellbook	186	Mining	Artisan	Raising mining to an art form.  Gives a potential mining skill of 300.						
10249	all		Artisan Miner								
10250	all		Drink		Restores ${$m2/5*30} mana over $d.  Must remain seated while drinking.	Restores ${$m2/5} mana per second.					
10251	all		Biletoad Infection		Sacrifices the caster's life in order to reduce the Stamina of nearby enemies by $s1 for $d.	Stamina reduced by $s1.					
10252	all		Awaken Earthen Guardians								
10253	all		Chemical Peel		Blasts enemies near the caster for $s1 cold damage and freezes them in place for up to $d.	You feel strange.					
10254	all		Stone Dwarf Awaken Visual								
10255	all		Stoned								
10256	all		Food		Restores $o1 health over $d.  Must remain seated while eating.  If you spend at least 10 seconds eating you will become well fed and gain $19710s1 Stamina and Spirit for $19710d.	Restores $/5;s1 health per second.					
10257	all		Food		Restores $o1 health over $d.  Must remain seated while eating.  If you spend at least 10 seconds eating you will become well fed and gain $19711s1 Stamina and Spirit for $19711d.	Restores $/5;s1 health per second.					
10258	all		Awaken Vault Warder								
10259	all		Awaken Earthen Dwarf								
10260	all		Reconstruct		Repairs the Archaedas construct for $o1 damage over $d.	$o1 damage repaired over $d.					
10263	all		Self Visual - Sleep 90s (DND)								
10264	all		Archaedas Dies								
10265	all		Juggler Vein Rupture								
10266	all		Lung Puncture								
10267	all		Slush		Blasts enemies near the caster for $s1 cold damage and freezes them in place for up to $d.	You feel strange.					
10268	all		Decimate		Slows attacks by $s1%.	Attack Speed Debuff					
10270	all		Fel Suppression		Reduces attack power of all party members within $a1 yards by $s1.  Players may only have one Aura on them per Paladin at any one time.	Reduces attack power by $s1.					
10273	spellbook	237	Arcane Missiles	Rank 6	Launches Arcane Missiles at the enemy, causing $10273s1 Arcane damage every $10211t2 sec for $10211d.						
10274	spellbook	237	Arcane Missiles	Rank 7	Launches Arcane Missiles at the enemy, causing $10274s1 Arcane damage every $10212t2 sec for $10212d.						
10277	all		Throw		Throws a weapon at an enemy, inflicting Physical damage.						
10278	spellbook	267	Hand of Protection	Rank 3	A targeted party member is protected from all physical attacks for $d, but during that time they cannot attack or use physical abilities.  Players may only have one Hand on them per Paladin at any one time.  Once protected, the target cannot be made invulnerable by Divine Shield, Divine Protection or Hand of Protection again or use Avenging Wrath for $25771d.	Immune to physical attacks.  Cannot attack or use physical abilities.					
10290	spellbook	267	Devotion Aura	Rank 2	Gives $s1 additional armor to party and raid members within $a1 yards.  Players may only have one Aura on them per Paladin at any one time.	Increases armor by $s1.					
10291	spellbook	267	Devotion Aura	Rank 4	Gives $s1 additional armor to party and raid members within $a1 yards.  Players may only have one Aura on them per Paladin at any one time.	Increases armor by $s1.					
10292	spellbook	267	Devotion Aura	Rank 6	Gives $s1 additional armor to party and raid members within $a1 yards.  Players may only have one Aura on them per Paladin at any one time.	Increases armor by $s1.					
10293	spellbook	267	Devotion Aura	Rank 7	Gives $s1 additional armor to party and raid members within $a1 yards.  Players may only have one Aura on them per Paladin at any one time.	Increases armor by $s1.					
10298	spellbook	184	Retribution Aura	Rank 2	Causes $s1 Holy damage to any creature that strikes a party or raid member within $a1 yards.  Players may only have one Aura on them per Paladin at any one time.	Does $s1 Holy damage to anyone who strikes you.					
10299	spellbook	184	Retribution Aura	Rank 3	Causes $s1 Holy damage to any creature that strikes a party or raid member within $a1 yards.  Players may only have one Aura on them per Paladin at any one time.	Does $s1 Holy damage to anyone who strikes you.					
10300	spellbook	184	Retribution Aura	Rank 4	Causes $s1 Holy damage to any creature that strikes a party or raid member within $a1 yards.  Players may only have one Aura on them per Paladin at any one time.	Does $s1 Holy damage to anyone who strikes you.					
10301	spellbook	184	Retribution Aura	Rank 5	Causes $s1 Holy damage to any creature that strikes a party or raid member within $a1 yards.  Players may only have one Aura on them per Paladin at any one time.	Does $s1 Holy damage to anyone who strikes you.					
10308	spellbook	267	Hammer of Justice	Rank 4	Stuns the target for $d.	Stunned.					
10310	spellbook	594	Lay on Hands	Rank 3	Heals a friendly target for an amount equal to the Paladin's maximum health and restores $s2 of their mana.  Drains all of the Paladin's remaining mana when used.						
10312	spellbook	594	Exorcism	Rank 4	Causes $s1 Holy damage to an Undead or Demon target.						
10313	spellbook	594	Exorcism	Rank 5	Causes $s1 Holy damage to an Undead or Demon target.						
10314	spellbook	594	Exorcism	Rank 6	Causes $s1 Holy damage to an Undead or Demon target.						
10318	spellbook	594	Holy Wrath	Rank 2	Sends bolts of holy power in all directions, causing $s1 Holy damage to all Undead and Demon targets within $a1 yds.						
10321	all		Judgement								
10322	spellbook	594	Redemption	Rank 2	Brings a dead player back to life with $s1 health and $q1 mana.  Cannot be cast when in combat.						
10324	spellbook	594	Redemption	Rank 3	Brings a dead player back to life with $s1 health and $q1 mana.  Cannot be cast when in combat.						
10326	spellbook	594	Turn Evil	Rank 1	The targeted undead or demon enemy will be compelled to flee for up to $d.  Damage caused may interrupt the effect.  Only one target can be turned at a time.	Compelled to flee.					
