spell_id	priority	skill_line_ids	name_en	rank_en	description_en	tooltip_en	name_zh	rank_zh	description_zh	tooltip_zh	notes
3	all		Word of Mass Recall (OLD)								
4	all		Word of Recall Other								
5	spellbook	769	Death Touch		Instantly Kills the target.  I hope you feel good about yourself now.....						
7	all		Suicide		The caster commits suicide, instantly killing themself.						
10	spellbook	6	Blizzard	Rank 1	Ice shards pelt the target area doing ${$42208m1*8} Frost damage over $d.	$42208s1 Frost damage every $42208t1 $lsecond:seconds;.					
11	all		Frostbolt of Ages		Deals $s1 Frost damage to the target.						
12	all		Hot Foot (TEST)								
13	all		Swim Speed (TEST)								
14	all		Mana Drain								
15	all		Leech (TEST)								
17	spellbook	613	Power Word: Shield	Rank 1	Draws on the soul of the party member to shield them, absorbing $s1 damage.  Lasts $d.  While the shield holds, spellcasting will not be interrupted by damage.  Once shielded, the target cannot be shielded again for $6788d.	Absorbs damage.					
18	all		Heal Self (TEST)								
19	all		SWORDSPECIAL (DND)								
22	all		Super Food (TEST)								
24	all		Major Heal Self (TEST)								
25	all		Stun								
26	all		Bind Self (TEST)								
27	all		Goldshire Portal								
31	all		Teleport Goldshire								
33	all		Teleport Westfall								
34	all		Teleport Duskwood								
35	all		Teleport Elwynn								
43	all		Berserk	Racial							
45	all		War Stomp		Knocks nearby enemies back.						
47	all		Sprint (TEST)								
49	all		Heal 1000 (TEST)		Heals the target for $s1.						
50	all		Show Dot Variable		Dumps the dot variables of the current target to the console.						
53	spellbook	38	Backstab	Rank 1	Backstab the target, causing $s2% weapon damage plus 15 to the target.  Must be behind the target.  Requires a dagger in the main hand.  Awards $s3 combo $lpoint:points;.						
56	all		Stun		Stuns target for $d.	Stunned.					
58	all		Magic Missile (TEST)								
59	all		Normal bow shot (TEST)								
60	all		Long bow shot (TEST)								
61	all		Really Long bow shot (TEST)								
65	all		Haste		Increases your attack speed by $s1% for $d.						
66	spellbook	237	Invisibility		Fades the caster to invisibility over 5 sec, reducing threat each second.  The effect is cancelled if you perform or receive any actions.  While invisible, you can only see other invisible targets and those whom can see invisible.  Lasts $32612d.	Fading.					
67	spellbook	184	Vindication	Rank 1		All attributes reduced by $s1%.					
68	all		Editor Test Spell								
71	spellbook	257	Defensive Stance		A defensive combat stance.  Decreases damage taken by $7376s1% and damage caused by $7376s2%.  Increases threat generated.						
72	spellbook	257	Shield Bash	Rank 1	Bashes the target with your shield for $s2 damage.  It also interrupts spellcasting and prevents any spell in that school from being cast for $d.						
75	spellbook	163	Auto Shot		Automatically shoots the target until cancelled.	Firing at the target.					
77	all		Turtle's Shell								
78	spellbook	26	Heroic Strike	Rank 1	A strong attack that increases melee damage by $s1 and causes a high amount of threat.						
81	spellbook	95	Dodge	Passive	Gives a chance to dodge enemy melee attacks.						
84	all		Low Health								
87	all		Automation Mechanic Immunity	QAE	Makes you immune to all spell mechanics.  Used in Automation scripts to give the bot immunity to negative effects while still being able to interact with objects.	Immune to spell mechanics					
89	all		Cripple	Rank 1	Cripples the target, reducing movement speed by $s3%, increasing time between melee attacks by $s1% and increasing time between ranged attacks by $s2%.  Lasts $d.	Movement speed reduced by $s3%.  Time between melee attacks increased by $s1%.  Time between ranged attacks increased by $s2%.					
91	all		Savage Assault								
96	all		Dismember		Increases the damage of your next melee swing by $s1 and causes the target to bleed	Bleeding for $s2 damage every $t2 seconds					
99	spellbook	134	Demoralizing Roar	Rank 1	The druid roars, decreasing nearby enemies' melee attack power by $s1.  Lasts $d.	Decreases melee attack power by $s1.					
100	spellbook	26	Charge	Rank 1	Charge an enemy, generate $/10;s2 rage, and stun it for $7922d.  Cannot be used in combat.						
101	all		Trip	Rank 1	Trips the enemy humanoid, causing $s2 damage and knocking the opponent down for $d.  Awards $s3 combo point.						
107	spellbook	95	Block	Passive	Gives a chance to block enemy melee and ranged attacks.						
108	all		Evade (DND)								
110	all		Spell Deflection (NYI)								
111	all		Time Step								
112	all		Reflect Magic (TEST)								
113	all		Chains of Ice	Rank 1	Forms icy chains around the enemy, locking the target in place for $d.	Rooted in place.					
116	spellbook	6	Frostbolt	Rank 1	Launches a bolt of frost at the enemy, causing $s2 Frost damage and slowing movement speed by $s1% for $d.	Movement slowed by $s1%.					
118	spellbook	237	Polymorph	Rank 1	Transforms the enemy into a sheep, forcing it to wander around for up to $d.  While wandering, the sheep cannot attack or cast spells but will regenerate very quickly.  Any damage will transform the target back into its normal form.  Only one target can be polymorphed at a time.  Only works on Beasts, Humanoids and Critters.	Cannot attack or cast spells.  Increased regeneration.					
120	spellbook	6	Cone of Cold	Rank 1	Targets in a cone in front of the caster take $s2 Frost damage and are slowed by $s1% for $d.	Movement slowed by $s1%.					
122	spellbook	6	Frost Nova	Rank 1	Blasts enemies near the caster for $s1 Frost damage and freezes them in place for up to $d.  Damage caused may interrupt the effect.	Frozen in place.					
124	all		Holy Hand Grenade of the Resistance		Blesses all targets with a holy infusion of power or curse them with the bane of all raiders.						
126	spellbook	354	Eye of Kilrogg	Summon	Summons an Eye of Kilrogg and binds your vision to it.  The eye moves quickly but is very fragile.	Controlling Eye of Kilrogg.					
128	all		Spellstone		Dispels all harmful magic effects from the caster.						
130	spellbook	237	Slow Fall		Slows friendly party or raid target's falling speed for $d.	Slows falling speed.					
131	spellbook	373	Water Breathing		Allows the target to breathe underwater for $d.	Waterbreathing.					
132	spellbook	354	Detect Invisibility		Allows the friendly target to detect lesser invisibility for $d.	Detect lesser invisibility.					
133	spellbook	8	Fireball	Rank 1	Hurls a fiery ball that causes $s1 Fire damage and an additional $o2 Fire damage over $d.	$s2 Fire damage every $t2 seconds.					
134	all		Fire Shield		Surrounds an ally with a shield of flame that inflicts $3052s1 Fire damage to nearby enemies every $t1 sec.  Lasts $d.	Inflicting $3052s1 Fire damage to nearby enemies every $t1 sec.					
136	spellbook	50	Mend Pet	Rank 1	Heals your pet for $o1 health over $d.	Heals $s1 every $t1 sec.					
139	spellbook	56	Renew	Rank 1	Heals the target for $o1 over $d.	Healing $s1 damage every $t1 seconds.					
142	all		New Magic Missile (Test)								
143	spellbook	8	Fireball	Rank 2	Hurls a fiery ball that causes $s1 Fire damage and an additional $o2 Fire damage over $d.	$s2 Fire damage every $t2 seconds.					
145	spellbook	8	Fireball	Rank 3	Hurls a fiery ball that causes $s1 Fire damage and an additional $o2 Fire damage over $d.	$s2 Fire damage every $t2 seconds.					
168	spellbook	6	Frost Armor	Rank 1	Increases Armor by $s1.  If an enemy strikes the caster, they may have their movement slowed by $6136s1% and the time between their attacks increased by $6136s2% for $6136d.  Only one type of Armor spell can be active on the Mage at any time.  Lasts $d.	Increases Armor by $s1 and may slow attackers.					
172	spellbook	355	Corruption	Rank 1	Corrupts the target, causing $o1 Shadow damage over $d.	$s1 Shadow damage every $t1 seconds.					
184	all		Fire Shield II		Surrounds an ally with a shield of flame that inflicts $3053s1 Fire damage to nearby enemies every $t1 sec.  Lasts $d.	Inflicting $3053s1 Fire damage to nearby enemies every $t1 sec.					
196	spellbook	44	One-Handed Axes								
197	spellbook	172	Two-Handed Axes								
198	spellbook	54	One-Handed Maces								
199	spellbook	160	Two-Handed Maces								
200	spellbook	229	Polearms								
201	spellbook	43	One-Handed Swords								
202	spellbook	55	Two-Handed Swords								
203	spellbook	162	Unarmed								
204	spellbook	95	Defense								
205	spellbook	6	Frostbolt	Rank 2	Launches a bolt of frost at the enemy, causing $s2 Frost damage and slowing movement speed by $s1% for $d.	Movement slowed by $s1%.					
227	spellbook	136	Staves								
228	all		Polymorph: Chicken	Rank 2	Transforms the enemy into a chicken that cannot cast, and does $s3% less damage for up to $d.	Cannot cast spells and damage reduced by $s3%.					
246	all		Slow	Rank 1	Slows the enemy's movement by $s2% and their attack speed by $s1% for $d.	Reduces movement by $s2% and attack speed by $s1%.					
260	all		Charm (TEST)								
261	all		Summon Skeleton								
262	all		EXOTIC1H (DND)								
263	all		EXOTIC2H (DND)								
264	spellbook	45	Bows								
265	spellbook	769	Area Death (TEST)		Kills all enemies in a 30 yard radius.  Cheater.						
266	spellbook	46	Guns								
269	all		Walk of Fire Trigger (DNC)								
271	all		Call of the Void								
278	all		Automation Mechanic Immunity A								
279	all		Automation Mechanic Immunity B								
284	spellbook	26	Heroic Strike	Rank 2	A strong attack that increases melee damage by $s1 and causes a high amount of threat.						
285	spellbook	26	Heroic Strike	Rank 3	A strong attack that increases melee damage by $s1 and causes a high amount of threat.						
324	spellbook	373	Lightning Shield	Rank 1	The caster is surrounded by $n balls of lightning.  When a spell, melee or ranged attack hits the caster, the attacker will be struck for $26364s1 Nature damage.  This expends one lightning ball.  Only one ball will fire every few seconds.  Lasts $d.  Only one Elemental Shield can be active on the Shaman at any one time.	Causes $26364s1 Nature damage to attacker on hit.					
325	spellbook	373	Lightning Shield	Rank 2	The caster is surrounded by $n balls of lightning.  When a spell, melee or ranged attack hits the caster, the attacker will be struck for $26365s1 Nature damage.  This expends one lightning ball.  Only one ball will fire every few seconds.  Lasts $d.  Only one Elemental Shield can be active on the Shaman at any one time.	Causes $26365s1 Nature damage to attacker on hit.					
331	spellbook	374	Healing Wave	Rank 1	Heals a friendly target for $s1.						
332	spellbook	374	Healing Wave	Rank 2	Heals a friendly target for $s1.						
339	spellbook	574	Entangling Roots	Rank 1	Roots the target in place and causes $o2 Nature damage over $d.  Damage caused may interrupt the effect.  Only useable outdoors.	Rooted.  Causes $s2 Nature damage every $t2 seconds.					
348	spellbook	593	Immolate	Rank 1	Burns the enemy for $s2 Fire damage and then an additional $o1 Fire damage over $d.	$s1 Fire damage every $t1 seconds.					
355	spellbook	257	Taunt		Taunts the target to attack you, but has no effect if the target is already attacking you.						
370	spellbook	375	Purge	Rank 1	Purges the enemy target, removing $m1 beneficial magic $leffect:effects;.						
379	spellbook	374	Earth Shield		Protects the target with an earthen shield, giving a chance of ignoring spell interruption when damaged and causing attacks to heal the shielded target.  This effect can only occur once every few seconds.  Limited charges. Earth Shield can only be placed on one target at a time and only one Elemental Shield can be active on a target at a time.						
403	spellbook	375	Lightning Bolt	Rank 1	Casts a bolt of lightning at the target for $s1 Nature damage.						
408	spellbook	253	Kidney Shot	Rank 1	Finishing move that stuns the target.  Lasts longer per combo point:\n   1 point  : 1 second\n   2 points: 2 seconds\n   3 points: 3 seconds\n   4 points: 4 seconds\n   5 points: 5 seconds	Stunned.					
421	spellbook	375	Chain Lightning	Rank 1	Hurls a lightning bolt at the enemy, dealing $s1 Nature damage and then jumping to additional nearby enemies.  Each jump reduces the damage by 30%.  Affects $x1 total targets.						
427	all		Teleport Monastery		Teleport to the Monastery!!!						
428	all		Teleport Moonbrook								
430	all		Drink		Restores $o1 mana over $d.  Must remain seated while drinking.	Restores $/5;s1 mana per second.					
431	all		Drink		Restores $o1 mana over $d.  Must remain seated while drinking.	Restores $/5;s1 mana per second.					
432	all		Drink		Restores $o1 mana over $d.  Must remain seated while drinking.	Restores $/5;s1 mana per second.					
433	all		Food		Restores $o1 health over $d.  Must remain seated while eating.	Restores $/5;s1 health per second.					
434	all		Food		Restores $o1 health over $d.  Must remain seated while eating.	Restores $/5;s1 health per second.					
435	all		Food		Restores $o1 health over $d.  Must remain seated while eating.	Restores $/5;s1 health per second.					
436	all		Restore Mana		Restores $s1 mana.						
437	all		Restore Mana		Restores $s1 mana.						
438	all		Restore Mana		Restores $s1 mana.						
439	all		Healing Potion		Restores $s1 health.						
440	all		Healing Potion		Restores $s1 health.						
441	all		Healing Potion		Restores $s1 health.						
442	all		Teleport Northshire Abbey		Teleport to Northshire Abbey!!!						
443	all		Teleport Barracks		Teleport to the Barracks!!!						
444	all		Teleport Lighthouse		Teleport to the Lighthouse!!!						
445	all		Teleport Darkshire		Teleport to Darkshire!!!						
446	all		Teleport Cemetary		Teleport to the Cemetary!!!						
447	all		Teleport Treant		Teleport to the Treant!!!						
448	all		Editor test spell 2								
453	spellbook	78	Mind Soothe	Rank 1	Soothes the target, reducing the range at which it will attack you by $s1 yards.  Only affects Humanoid targets level $v or lower.  Lasts $d.	Reduced distance at which target will attack.					
454	all		Gallop (TEST)		 This mount increases speed depending on your Riding Skill.	Increases speed depending on your Riding Skill.					
456	all		SHOWLABEL Only OFF								
457	all		Feeblemind								
458	spellbook	777	Brown Horse		Summons and dismisses a rideable Brown Horse. This mount increases speed depending on your Riding Skill.	Increases speed depending on your Riding Skill.					
459	spellbook	777	Gray Wolf		Summons and dismisses a rideable gray wolf. This mount increases speed depending on your Riding Skill.	Increases speed depending on your Riding Skill.					
461	all		Righteous Flame On								
463	all		Aura Overlap TEST 1								
464	all		Aura Overlap TEST 2								
465	spellbook	267	Devotion Aura	Rank 1	Gives $s1 additional armor to party and raid members within $a1 yards.  Players may only have one Aura on them per Paladin at any one time.	Increases armor by $s1.					
467	spellbook	574	Thorns	Rank 1	Thorns sprout from the friendly target causing $s1 Nature damage to attackers when hit.  Lasts $d.	Causes $s1 Nature damage to attackers.					
468	spellbook	777	White Stallion		Summons and dismisses a rideable White Stallion. This mount increases speed depending on your Riding Skill.	Increases speed depending on your Riding Skill.					
469	spellbook	256	Commanding Shout	Rank 1	Increases maximum health of all raid and party members within $a1 yards by $s1. Lasts $d.	Maximum health increased by $s1.					
470	spellbook	777	Black Stallion		Summons and dismisses a rideable Black Stallion. This mount increases speed depending on your Riding Skill.	Increases speed depending on your Riding Skill.					
471	spellbook	777	Palamino		Summons and dismisses a rideable Palomino. This mount increases speed depending on your Riding Skill.	Increases speed depending on your Riding Skill.					
472	spellbook	777	Pinto		Summons and dismisses a rideable Pinto. This mount increases speed depending on your Riding Skill.	Increases speed depending on your Riding Skill.					
475	spellbook	237	Remove Lesser Curse		Removes $m1 Curse from a friendly target.						
482	all		Reset								
483	all		Learning								
491	all		Khadgar's Unlocking	Rank 1	Magically unlocks treasure chests and other locked items.						
498	spellbook	267	Divine Protection	Rank 1	You are protected from all physical attacks and spells for $d, but during that time you cannot attack or use physical abilities yourself.  Once protected, the target cannot be made invulnerable by Divine Shield, Divine Protection or Hand of Protection again or use Avenging Wrath for $25771d.	Immune to all attacks and spells.  Cannot attack or use physical abilities.					
512	all		Chains of Ice	Rank 2	Forms icy chains around the enemy, locking the target in place for $d.	Rooted in place.					
514	all		Wyatt Test								
518	all		Summon Worm		Summons a Spawn of Fankriss from the depths of Ahn'Qiraj.						
522	spellbook	95	SPELLDEFENSE (DND)								
526	spellbook	374	Cure Poison		Cures $s1 poison $leffect:effects; on the target.						
527	spellbook	613	Dispel Magic	Rank 1	Dispels magic on the target, removing $s1 harmful $lspell:spells; from a friend or $s1 beneficial $lspell:spells; from an enemy.						
528	spellbook	56	Cure Disease		Removes $s1 $ldisease:diseases; from the friendly target.						
529	spellbook	375	Lightning Bolt	Rank 2	Casts a bolt of lightning at the target for $s1 Nature damage.						
530	all		Charm (Possess)								
543	spellbook	8	Fire Ward	Rank 1	Absorbs $s1 Fire damage.  Lasts $d.	Absorbs Fire damage.					
546	spellbook	373	Water Walking	Rank 1	Allows the friendly target to walk across water for $d.  Any damage or shapeshift will cancel the effect.	Allows walking over water.  Damage or shapeshifts will cancel this effect.					
547	spellbook	374	Healing Wave	Rank 3	Heals a friendly target for $s1.						
548	spellbook	375	Lightning Bolt	Rank 3	Casts a bolt of lightning at the target for $s1 Nature damage.						
550	all		Nullify Poison	Rank 1	Target is immune to poison for $d and is cured of any existing poisons.	Immune to Poison.					
552	spellbook	56	Abolish Disease		Attempts to cure $s2 disease effect on the target, and $10872s1 more disease effect every $t1 seconds for $d.	Attempts to dispel $10872s1 disease every $t1 seconds.					
553	all		Wavestorm 2								
555	all		Feral Spirit								
556	spellbook	373	Astral Recall		Yanks the caster through the twisting nether back to $z.  Speak to an Innkeeper in a different place to change your home location.						
563	all		Moonfire	Rank 6	Teaches Moonfire (Rank 6).						
568	all		Arcane Burst		Deals $s1 Arcane damage to all enemies within $a1 yards, reducing their movement speed by $s3% and knocking them back.	Movement speed reduced by $s3%.					
578	spellbook	777	Black Wolf		Summons and dismisses a rideable black wolf. This mount increases speed depending on your Riding Skill.	Increases speed depending on your Riding Skill.					
579	spellbook	777	Red Wolf		Summons and dismisses a rideable red wolf. This mount increases speed depending on your Riding Skill.	Increases speed depending on your Riding Skill.					
580	spellbook	777	Timber Wolf		Summons and dismisses a rideable Timber Wolf. This mount increases speed depending on your Riding Skill.	Increases speed depending on your Riding Skill.					
581	spellbook	777	Winter Wolf		Summons and dismisses a rideable winter wolf. This mount increases speed depending on your Riding Skill.	Increases speed depending on your Riding Skill.					
585	spellbook	56	Smite	Rank 1	Smite an enemy for $s1 Holy damage.						
586	spellbook	78	Fade	Rank 1	Fade out, discouraging enemies from attacking you for $d.	Reduced threat level.					
587	spellbook	237	Conjure Food	Rank 1	Conjures $s1 $lmuffin:muffins;, providing the mage and $ghis:her; allies with something to eat.\n\nConjured items disappear if logged out for more than 15 minutes.						
588	spellbook	613	Inner Fire	Rank 1	A burst of Holy energy fills the caster, increasing armor by $s1.  Each melee or ranged damage hit against the priest will remove one charge.  Lasts $d or until $n charges are used.	Increases armor by $s1.					
589	spellbook	78	Shadow Word: Pain	Rank 1	A word of darkness that causes $o1 Shadow damage over $d.	$s1 Shadow damage every $t1 seconds.					
591	spellbook	56	Smite	Rank 2	Smite an enemy for $s1 Holy damage.						
592	spellbook	613	Power Word: Shield	Rank 2	Draws on the soul of the party member to shield them, absorbing $s1 damage.  Lasts $d.  While the shield holds, spellcasting will not be interrupted by damage.  Once shielded, the target cannot be shielded again for $6788d.	Absorbs damage.					
594	spellbook	78	Shadow Word: Pain	Rank 2	A word of darkness that causes $o1 Shadow damage over $d.	$s1 Shadow damage every $t1 seconds.					
596	spellbook	56	Prayer of Healing	Rank 1	A powerful prayer heals party members within $a1 yards for $s1.						
597	spellbook	237	Conjure Food	Rank 2	Conjures $s1 $lloaf:loaves; of bread, providing the mage and $ghis:her; allies with something to eat.\n\nConjured items disappear if logged out for more than 15 minutes.						
598	spellbook	56	Smite	Rank 3	Smite an enemy for $s1 Holy damage.						
600	spellbook	613	Power Word: Shield	Rank 3	Draws on the soul of the party member to shield them, absorbing $s1 damage.  Lasts $d.  While the shield holds, spellcasting will not be interrupted by damage.  Once shielded, the target cannot be shielded again for $6788d.	Absorbs damage.					
601	all		Sword Mastery	Rank 1	Increases your attack rating with One-Handed Swords by $s1.						
602	spellbook	613	Inner Fire	Rank 3	A burst of Holy energy fills the caster, increasing armor by $s1.  Each melee or ranged damage hit against the priest will remove one charge.  Lasts $d or until $n charges are used.	Increases armor by $s1.					
603	spellbook	355	Bane of Doom	Rank 1	Banes the target with impending doom, causing $s1 Shadow damage after $d.  If the target dies from this damage, there is a chance that a Doomguard will be summoned.  Cannot be cast on players.	Causes $s1 Shadow damage after $d.					
604	spellbook	237	Dampen Magic	Rank 1	Dampens magic used against the targeted party member, decreasing damage taken from spells by up to $s1 and healing spells by up to $s2.  Lasts $d.	Reduces magic damage taken by up to $s1 and healing by up to $s2.					
605	spellbook	78	Mind Control	Rank 1	Controls a humanoid mind up to level $s1, but increases the time between its attacks by $s3%.  Lasts up to $d.	Charmed.  Time between attacks increased by $s3%.					
606	all		Mind Rot	Rank 1	Drains $o1 mana from the target over $d.	Mana drain, $s1 points every 5 seconds.					
633	spellbook	594	Lay on Hands	Rank 1	Heals a friendly target for an amount equal to the Paladin's maximum health.  Drains all of the Paladin's remaining mana when used.						
635	spellbook	594	Holy Light	Rank 1	Heals a friendly target for $s1.						
639	spellbook	594	Holy Light	Rank 2	Heals a friendly target for $s1.						
642	spellbook	267	Divine Shield	Rank 1	Protects the paladin from all damage and spells for $d, but decreases damage dealt by $s2%.  Once protected, the target cannot be made invulnerable by Divine Shield, Divine Protection, Hand of Protection again or use Avenging Wrath for $25771d.	Immune to all attacks and spells, but decreases your damage dealt by $s2%.					
643	spellbook	267	Devotion Aura	Rank 3	Gives $s1 additional armor to party and raid members within $a1 yards.  Players may only have one Aura on them per Paladin at any one time.	Increases armor by $s1.					
647	spellbook	594	Holy Light	Rank 3	Heals a friendly target for $s1.						
668	spellbook	98	Language Common								
669	spellbook	109	Language Orcish								
670	spellbook	115	Language Taurahe								
671	spellbook	113	Language Darnassian								
672	spellbook	111	Language Dwarven								
673	all		Lesser Armor		Increases armor by $s1 for $d. Guardian Elixir.	Armor increased by $s1. Guardian Elixir.					
674	spellbook	118	Dual Wield	Passive	Allows one-hand and off-hand weapons to be equipped in the off-hand.						
676	spellbook	257	Disarm		Disarm the enemy's weapon for $d.	Disarmed!					
686	spellbook	593	Shadow Bolt	Rank 1	Sends a shadowy bolt at the enemy, causing $s1 Shadow damage.						
687	spellbook	354	Demon Skin	Rank 1	Protects the caster, increasing armor by $m1 and restores $s2 Health per 5 sec. for $d.	Increases armor by $s1 and restores $s2 Health per 5 sec.					
688	spellbook	354	Summon Imp	Summon	Summons an Imp under the command of the Warlock.						
689	spellbook	355	Drain Life	Rank 1	Transfers $s1 health every $t1 sec from the target to the caster.  Lasts $d.	Drains $s1 health every $t1 sec to the caster.					
691	spellbook	354	Summon Felhunter	Summon	Summons a Felhunter under the command of the Warlock.						
692	all		Terror (TEST)								
693	spellbook	354	Create Soulstone	Rank 1	Creates a Minor Soulstone.  The Soulstone can be used to store one target's soul.  If the target dies while their soul is stored, they will be able to resurrect with $3026s1 health and $3026q1 mana.\n\nConjured items disappear if logged out for more than 15 minutes.						
694	spellbook	26	Mocking Blow	Rank 1	A mocking attack that causes $s1 damage, a moderate amount of threat and forces the target to focus attacks on you for $d.	Taunted.					
695	spellbook	593	Shadow Bolt	Rank 2	Sends a shadowy bolt at the enemy, causing $s1 Shadow damage.						
696	spellbook	354	Demon Skin	Rank 2	Protects the caster, increasing armor by $m1 and restores $s2 Health per 5 sec. for $d.	Increases armor by $s1 and restores $s2 Health per 5 sec.					
697	spellbook	354	Summon Voidwalker	Summon	Summons a Voidwalker under the command of the Warlock.						
698	spellbook	354	Ritual of Summoning		Begins a ritual that summons the targeted group member.  Requires the caster and 2 additional party members to complete the ritual.  In order to participate, all players must be out of combat and right-click the portal and not move until the ritual is complete.						
699	spellbook	355	Drain Life	Rank 2	Transfers $s1 health every $t1 sec from the target to the caster.  Lasts $d.	Drains $s1 health every $t1 sec to the caster.					
700	all		Sleep	Rank 1	Puts the enemy target to sleep for up to $d.  Any damage caused will awaken the target.  Only one target can be asleep at a time.	Asleep.					
701	all		Firebolt		Blasts a target for $s1 Fire damage.						
702	spellbook	355	Curse of Weakness	Rank 1	Target's melee attack power is reduced by $s1 for $d.  Only one Curse per Warlock can be active on any one target.	Melee attack power reduced by $s1.					
703	spellbook	253	Garrote	Rank 1	Garrote the enemy, causing $o1 damage over $d, increased by your attack power.  Must be stealthed and behind the target.  Awards $s2 combo $lpoint:points;.	$s1 damage every $t1 seconds.					
704	spellbook	355	Curse of Recklessness	Rank 1	Curses the target with recklessness, increasing melee attack power by $s1 but reducing armor by $s2 for $d.  Cursed enemies will not flee and will ignore Fear and Horror effects.  Only one Curse per Warlock can be active on any one target.	Increases melee attack power by $s1 and decreases armor by $s2.   Target will not flee and will ignore Fear and Horror effects.					
705	spellbook	593	Shadow Bolt	Rank 3	Sends a shadowy bolt at the enemy, causing $s1 Shadow damage.						
706	spellbook	354	Demon Armor	Rank 1	Protects the caster, increasing armor by $s1, Shadow resistance by $s2 and restores $s3 health every 5 sec.  Only one type of Armor spell can be active on the Warlock at any time.  Lasts $d.	Increases armor by $s1, Shadow resistance by $s2 and restores $s3 health every 5 sec.					
707	spellbook	593	Immolate	Rank 2	Burns the enemy for $s2 Fire damage and then an additional $o1 Fire damage over $d.	$s1 Fire damage every $t1 seconds.					
709	spellbook	355	Drain Life	Rank 3	Transfers $s1 health every $t1 sec from the target to the caster.  Lasts $d.	Drains $s1 health every $t1 sec to the caster.					
710	spellbook	354	Banish	Rank 1	Banishes the enemy target, preventing all action but making it invulnerable for up to $d.  Only one target can be banished at a time.  Only works on Demons and Elementals.	Invulnerable, but unable to act.					
712	spellbook	354	Summon Succubus	Summon	Summons a Succubus under the command of the Warlock.						
720	all		Entangle		The lair of Fankriss the Unyielding pulls the target into the path of nearby silithid hatchlings, rooting it for $d.	Rooted.					
724	spellbook	56	Lightwell	Rank 1	Creates a Holy Lightwell.  Members of your raid or party can click the Lightwell to restore $7001o1 health over $7001d.  Any direct damage taken will cancel the effect.  Each member can only use this Lightwell once.  Lightwell lasts for $d or 15 charges.						
731	all		Entangle		The lair of Fankriss the Unyielding pulls the target into the path of nearby silithid hatchlings, rooting it for $d.	Rooted.					
739	all		Debuff Fire Resist (TEST)								
740	spellbook	573	Tranquility	Rank 1	Heals up to 5 injured allies within your party or raid group for $s1 every $t2 seconds for $d.  Druid must channel to maintain the spell.	Healing up to 5 injured allies for $s1 every $t2 seconds.					
742	all		Pulverize								
744	all		Poison		Inflicts Nature damage to an enemy every $t1 sec. for $d.	Nature damage inflicted every $t1 sec.					
745	all		Web		Casts a web over an enemy, immobilizing it for $d.	Immobilized.					
746	all		First Aid	Rank 1	Heals $o1 damage over $d.	Healing $s1 damage every $t1 seconds.					
747	all		Summon Images		Summons $s1 copies of the caster.						
750	spellbook	293	Plate Mail								
755	spellbook	354	Health Funnel	Rank 1	Gives $s1 health to the caster's pet every second for $d as long as the caster channels.	Transferring Life.					
758	all		Firestone	Rank 1	Enchants the main hand weapon with fire, granting each attack a chance to deal $17809s1 additional fire damage, and increasing your damage done by Fire spells and effects by up to $7689s1						
759	spellbook	237	Conjure Mana Agate		Conjures a mana agate that can be used to instantly restore $5405s1 mana.\n\nConjured items disappear if logged out for more than 15 minutes.						
768	spellbook	134	Cat Form	Shapeshift	Shapeshift into cat form, increasing melee attack power by $3025s1 plus Agility.  Also protects the caster from Polymorph effects and allows the use of various cat abilities.\n\nThe act of shapeshifting frees the caster of Polymorph and Movement Impairing effects.	Immunity to Polymorph effects.  Increases melee attack power by $3025s1 plus Agility.					
769	spellbook	134	Swipe	Rank 3	Swipe $x1 nearby enemies, inflicting $s1 damage.  Damage increased by attack power.						
770	spellbook	574	Faerie Fire	Rank 1	Decrease the armor of the target by $s1 for $d.  While affected, the target cannot stealth or turn invisible.	Decreases armor by $s1.  Cannot stealth or turn invisible.					
772	spellbook	26	Rend	Rank 1	Wounds the target causing them to bleed for $o1 damage plus an additional ${0.00743*3*(($MWB+$mwb)/2+$AP/14*$MWS)} (based on weapon damage) over $d.	Bleeding for $s1 plus a percentage of weapon damage every $t1 seconds.					
774	spellbook	573	Rejuvenation	Rank 1	Heals the target for $o1 over $d.	Heals $s1 damage every $t1 seconds.					
778	spellbook	574	Faerie Fire	Rank 2	Decrease the armor of the target by $s1 for $d.  While affected, the target cannot stealth or turn invisible.	Decreases armor by $s1.  Cannot stealth or turn invisible.					
779	spellbook	134	Swipe	Rank 1	Swipe $x1 nearby enemies, inflicting $s1 damage.  Damage increased by attack power.						
780	spellbook	134	Swipe	Rank 2	Swipe $x1 nearby enemies, inflicting $s1 damage.  Damage increased by attack power.						
781	spellbook	51	Disengage	Rank 1	While in combat attempts to disengage from the target, reducing threat and leaping backwards. Must be grounded.						
782	spellbook	574	Thorns	Rank 2	Thorns sprout from the friendly target causing $s1 Nature damage to attackers when hit.  Lasts $d.	Causes $s1 Nature damage to attackers.					
783	spellbook	134	Travel Form	Shapeshift	Shapeshift into travel form, increasing movement speed by $5419s1%.  Also protects the caster from Polymorph effects.  Only useable outdoors.\n\nThe act of shapeshifting frees the caster of Polymorph and Movement Impairing effects.	Immune to Polymorph effects.  Movement speed increased by $5419s1%.					
785	all		True Fulfillment		Converted by the powers of the Prophet Skeram, the target is converted and filled with divine power. While converted, the target's spells are cast instantly, damage is increased by $s2%, all resistances increased by $2313s2 and movement speed is increased by $2313s3%.Lasts $d.	Charmed.\nDamage increased by $s2%.\nSpells cast instantly.\nAll resistances increased by $2313s2.\nMovement speed increased by $2313s3%.					
794	all		Initialize Images								
799	all		Twin Teleport								
800	all		Twin Teleport								
802	all		Mutate Bug		Increases the health and damage of a nearby scarab.	Health is increased by $s1%.\nDamage dealt is increased by $s3%.					
804	all		Explode Bug		Infuses a scarab with energy, causing it to explode after $t1 sec.	Preparing to explode.					
806	all		Fervor		Increases Strength by $s1 and does $s2 damage to you every $m2 sec for $d.	Increased Strength and periodic damage.					
812	all		Periodic Mana Burn		Periodically casts mana burn.	Periodically casts mana burn.					
813	spellbook	137	Language Thalassian								
814	spellbook	138	Language Draconic								
815	spellbook	139	Language Demon Tongue								
816	spellbook	140	Language Titan								
817	spellbook	141	Language Old Tongue (NYI)								
818	spellbook	142,185	Basic Campfire		Builds a campfire that increases the spirits of those nearby by 4 and allows cooking.						
822	spellbook	756	Magic Resistance	Racial Passive	Reduces the chance you will be hit by spells by $s1%.						
823	all		Natural Resistance								
824	spellbook	148	Horse Riding	Passive							
825	spellbook	149	Wolf Riding	Passive							
826	spellbook	152	Ram Riding	Passive							
827	all		Nightmare Riding		Increases riding speed by $s1. This mount increases speed depending on your Riding Skill.	Increases speed depending on your Riding Skill.					
828	spellbook	150	Tiger Riding	Passive							
829	all		Thickskull								
830	all		Fearless								
831	all		Swimming (NYI)								
833	all		Green Tea		Instantly heals $s1 damage.  Also restores $o2 mana over $d.  Must remain seated while drinking.	Restores $/5;s2 mana per second.					
834	all		Lesser Armor		Increases armor by $s1 for $d.	Armor increased by $s1.					
835	all		Tidal Charm		Stuns target for $d.	Stunned.					
836	all		LOGINEFFECT								
837	spellbook	6	Frostbolt	Rank 3	Launches a bolt of frost at the enemy, causing $s2 Frost damage and slowing movement speed by $s1% for $d.	Movement slowed by $s1%.					
845	spellbook	256	Cleave	Rank 1	A sweeping attack that does your weapon damage plus $s1 to the target and his nearest ally.						
851	all		Polymorph: Sheep	Rank 3	Transforms the enemy into a helpless sheep that cannot cast spells or attack and movement speed is reduced by $s2% for up to $d.	Cannot cast, attack or cast spells and movement speed is reduced by $s2%.					
853	spellbook	267	Hammer of Justice	Rank 1	Stuns the target for $d.	Stunned.					
857	all		Khadgar's Unlocking	Rank 2	Magically unlocks treasure chests and other locked items.						
865	spellbook	6	Frost Nova	Rank 2	Blasts enemies near the caster for $s1 Frost damage and freezes them in place for up to $d.  Damage caused may interrupt the effect.	Frozen in place.					
871	spellbook	257	Shield Wall		Reduces the damage taken from melee attacks, ranged attacks and spells by $s1% for $d.	Damage reduced by $s1%.					
879	spellbook	594	Exorcism	Rank 1	Causes $s1 Holy damage to an Undead or Demon target.						
883	spellbook	50	Call Pet		Summons your pet to you.						
897	all		Summon Angry Programmer								
898	all		Create Fervor Potion		Creates a Potion of Fervor.						
905	spellbook	373	Lightning Shield	Rank 3	The caster is surrounded by $n balls of lightning.  When a spell, melee or ranged attack hits the caster, the attacker will be struck for $26366s1 Nature damage.  This expends one lightning ball.  Only one ball will fire every few seconds.  Lasts $d.  Only one Elemental Shield can be active on the Shaman at any one time.	Causes $26366s1 Nature damage to attacker on hit.					
913	spellbook	374	Healing Wave	Rank 4	Heals a friendly target for $s1.						
915	spellbook	375	Lightning Bolt	Rank 4	Casts a bolt of lightning at the target for $s1 Nature damage.						
921	spellbook	39	Pick Pocket		Pick the target's pocket.						
930	spellbook	375	Chain Lightning	Rank 2	Hurls a lightning bolt at the enemy, dealing $s1 Nature damage and then jumping to additional nearby enemies.  Each jump reduces the damage by 30%.  Affects $x1 total targets.						
932	all		Replenish Spirit II		Restores target's mana.						
939	spellbook	374	Healing Wave	Rank 5	Heals a friendly target for $s1.						
943	spellbook	375	Lightning Bolt	Rank 5	Casts a bolt of lightning at the target for $s1 Nature damage.						
945	spellbook	373	Lightning Shield	Rank 4	The caster is surrounded by $n balls of lightning.  When a spell, melee or ranged attack hits the caster, the attacker will be struck for $26367s1 Nature damage.  This expends one lightning ball.  Only one ball will fire every few seconds.  Lasts $d.  Only one Elemental Shield can be active on the Shaman at any one time.	Causes $26367s1 Nature damage to attacker on hit.					
952	all		Glacier								
959	spellbook	374	Healing Wave	Rank 6	Heals a friendly target for $s1.						
970	spellbook	78	Shadow Word: Pain	Rank 3	A word of darkness that causes $o1 Shadow damage over $d.	$s1 Shadow damage every $t1 seconds.					
974	spellbook	374	Earth Shield	Rank 1	Protects the target with an earthen shield, giving a $s2% chance of ignoring spell interruption when damaged and causing attacks to heal the shielded target for $s1.  This effect can only occur once every few seconds.  $n charges.  Lasts $d.  Earth Shield can only be placed on one target at a time and only one Elemental Shield can be active on a target at a time.	$s2% chance to ignore spell interruption when damaged and attacks heal the shielded target for $s1.					
976	spellbook	78	Shadow Protection	Rank 1	Increases the target's resistance to Shadow spells by $s1 for $d.	Shadow resistance increased by $s1.					
980	spellbook	355	Bane of Agony	Rank 1	Banes the target with agony, causing $o1 Shadow damage over $d.  This damage is dealt slowly at first, and builds up as the Bane reaches its full duration.  Only one Bane per Warlock can be active on any one target.	$o1 Shadow damage over $d.					
982	spellbook	50	Revive Pet		Revive your pet, returning it to life with $s1% of its base health.						
984	spellbook	56	Smite	Rank 4	Smite an enemy for $s1 Holy damage.						
988	spellbook	613	Dispel Magic	Rank 2	Dispels magic on the target, removing $s1 harmful $lspell:spells; from a friend or $s1 beneficial $lspell:spells; from an enemy.						
990	spellbook	237	Conjure Food	Rank 3	Conjures $s1 $lloaf:loaves; of rye, providing the mage and $ghis:her; allies with something to eat.\n\nConjured items disappear if logged out for more than 15 minutes.						
992	spellbook	78	Shadow Word: Pain	Rank 4	A word of darkness that causes $o1 Shadow damage over $d.	$s1 Shadow damage every $t1 seconds.					
996	spellbook	56	Prayer of Healing	Rank 2	A powerful prayer heals party members within $a1 yards for $s1.						
1002	spellbook	50	Eyes of the Beast		Take direct control of your pet and see through its eyes for $d.	Directly controlling pet.					
1004	spellbook	56	Smite	Rank 5	Smite an enemy for $s1 Holy damage.						
1006	spellbook	613	Inner Fire	Rank 4	A burst of Holy energy fills the caster, increasing armor by $s1.  Each melee or ranged damage hit against the priest will remove one charge.  Lasts $d or until $n charges are used.	Increases armor by $s1.					
1008	spellbook	237	Amplify Magic	Rank 1	Amplifies magic used against the targeted party member, increasing damage taken from spells by up to $s1 and healing spells by up to $s2.  Lasts $d.	Increases magic damage taken by up to $s1 and healing by up to $s2.					
1010	spellbook	355	Curse of Idiocy	Rank 1	Curse the target with idiocy, reducing Intellect and Spirit by $s1 every $t3 seconds until each is reduced by a total of $*15;s1.  Only one Curse per Warlock can be active on any one target.	Intellect and Spirit reduced.					
1014	spellbook	355	Bane of Agony	Rank 2	Banes the target with agony, causing $o1 Shadow damage over $d.  This damage is dealt slowly at first, and builds up as the Bane reaches its full duration.  Only one Bane per Warlock can be active on any one target.	$o1 Shadow damage over $d.					
1020	spellbook	267	Divine Shield	Rank 2	Protects the paladin from all damage and spells for $d, but decreases damage dealt by $s2%.  Once protected, the target cannot be made invulnerable by Divine Shield, Divine Protection, Hand of Protection again or use Avenging Wrath for $25771d.	Immune to all attacks and spells, but decreases your damage dealt by $s2%.					
1022	spellbook	267	Hand of Protection	Rank 1	A targeted party member is protected from all physical attacks for $d, but during that time they cannot attack or use physical abilities.  Players may only have one Hand on them per Paladin at any one time.  Once protected, the target cannot be made invulnerable by Divine Shield, Divine Protection or Hand of Protection again or use Avenging Wrath for $25771d.	Immune to physical attacks.  Cannot attack or use physical abilities.					
1026	spellbook	594	Holy Light	Rank 4	Heals a friendly target for $s1.						
1032	spellbook	267	Devotion Aura	Rank 5	Gives $s1 additional armor to party and raid members within $a1 yards.  Players may only have one Aura on them per Paladin at any one time.	Increases armor by $s1.					
1035	all		Fire Ward	Rank 1							
1038	spellbook	267	Blessing of Salvation		Places a Blessing on the party member, reducing the amount of all threat generated by $s1% for $d.  Players may only have one Blessing on them per Paladin at any one time.	Reduces threat generated by $s1%.					
1042	spellbook	594	Holy Light	Rank 5	Heals a friendly target for $s1.						
1044	spellbook	267	Hand of Freedom		Places a Hand on the friendly target, granting immunity to movement impairing effects for $d.  Players may only have one Hand on them per Paladin at any one time.	Immune to movement impairing effects.					
1050	all		Sacrifice								
1058	spellbook	573	Rejuvenation	Rank 2	Heals the target for $o1 over $d.	Heals $s1 damage every $t1 seconds.					
1062	spellbook	574	Entangling Roots	Rank 2	Roots the target in place and causes $o2 Nature damage over $d.  Damage caused may interrupt the effect.  Only useable outdoors.	Rooted.  Causes $s2 Nature damage every $t2 seconds.					
1064	spellbook	374	Chain Heal	Rank 1	Heals the friendly target for $s1, then jumps to heal additional nearby targets.  If cast on a party member, the heal will only jump to other party members.  Each jump reduces the effectiveness of the heal by 50%.  Heals $x1 total targets.						
1066	spellbook	134	Aquatic Form	Shapeshift	Shapeshift into aquatic form, increasing swim speed by $5421s1% and allowing the druid to breathe underwater.  Also protects the caster from Polymorph effects.\n\nThe act of shapeshifting frees the caster of Polymorph and Movement Impairing effects.	Immune to Polymorph effects.  Increases swim speed by $5421s1% and allows underwater breathing.					
1075	spellbook	574	Thorns	Rank 3	Thorns sprout from the friendly target causing $s1 Nature damage to attackers when hit.  Lasts $d.	Causes $s1 Nature damage to attackers.					
1079	spellbook	134	Rip	Rank 1	Finishing move that causes damage over time.  Damage increases per combo point and by your attack power:\n   1 point  : 42 damage over $d.\n   2 points: 66 damage over $d.\n   3 points: 90 damage over $d.\n   4 points: 114 damage over $d.\n   5 points: 138 damage over $d.	Bleed damage every $t1 seconds.					
1082	spellbook	134	Claw	Rank 1	Claw the enemy, causing $s1 additional damage.  Awards $s2 combo $lpoint:points;.						
1086	spellbook	354	Demon Armor	Rank 2	Protects the caster, increasing armor by $s1, Shadow resistance by $s2 and restores $s3 health every 5 sec.  Only one type of Armor spell can be active on the Warlock at any time.  Lasts $d.	Increases armor by $s1, Shadow resistance by $s2 and restores $s3 health every 5 sec.					
1088	spellbook	593	Shadow Bolt	Rank 4	Sends a shadowy bolt at the enemy, causing $s1 Shadow damage.						
1090	all		Sleep	Rank 2	Puts the enemy target to sleep for up to $d.  Any damage caused will awaken the target.  Only one target can be asleep at a time.	Asleep.					
1094	spellbook	593	Immolate	Rank 3	Burns the enemy for $s2 Fire damage and then an additional $o1 Fire damage over $d.	$s1 Fire damage every $t1 seconds.					
1098	spellbook	354	Enslave Demon	Rank 1	Enslaves the target demon, up to level $m1, forcing it to do your bidding.  While enslaved, the time between the demon's attacks is increased by $s2% and its casting speed is slowed by $s3%.  Lasts up to $d.  If you repeatedly enslave the same demon, it will become more difficult to control with each attempt.	Enslaved.					
1106	spellbook	593	Shadow Bolt	Rank 5	Sends a shadowy bolt at the enemy, causing $s1 Shadow damage.						
1108	spellbook	355	Curse of Weakness	Rank 2	Target's melee attack power is reduced by $s1 for $d.  Only one Curse per Warlock can be active on any one target.	Melee attack power reduced by $s1.					
1120	spellbook	355	Drain Soul	Rank 1	Drains the soul of the target, causing $o2 Shadow damage over $d, increased by up to 40% based on the target's missing health.  If the target dies while being drained, and yields experience or honor, the caster gains a Soul Shard.  Soul Shards are required for other spells.	$s2 Shadow damage every $t2 seconds.					
1121	all		Entangle		The lair of Fankriss the Unyielding pulls the target into the path of nearby silithid hatchlings, rooting it for $d.	Rooted.					
1122	spellbook	354	Inferno	Summon	Summons a meteor from the Twisting Nether, causing $22699s1 Fire damage and stunning all enemy targets in the area for $20310d.  An Infernal rises from the crater, under the command of the caster for $20882d.						
1126	spellbook	573	Mark of the Wild	Rank 1	Increases the friendly target's armor by $s1 for $d.	Increases armor by $s1.					
1127	all		Food		Restores $o1 health over $d.  Must remain seated while eating.	Restores $/5;s1 health per second.					
1129	all		Food		Restores $o1 health over $d.  Must remain seated while eating.	Restores $/5;s1 health per second.					
1130	spellbook	163	Hunter's Mark	Rank 1	Places the Hunter's Mark on the target, increasing the ranged attack power of all attackers against that target by $84535m2 and by an additional $m2 each time they are struck by a ranged attack, up to a maximum of ${$84535m2+($m2*30)}.  In addition, the target of this ability can always be seen by the hunter whether it stealths or turns invisible.  The target also appears on the mini-map.  Lasts for $d.	All attackers gain 20 plus $m2 ranged attack power against this target.					
1131	all		Food		Restores $o1 health over $d.  Must remain seated while eating.	Restores $/5;s1 health per second.					
1132	all		Critical Strike								
1133	all		Drink		Restores $o1 mana over $d.  Must remain seated while drinking.	Restores $/5;s1 mana per second.					
1134	all		zzOldInner Rage								
1135	all		Drink		Restores $o1 mana over $d.  Must remain seated while drinking.	Restores $/5;s1 mana per second.					
1137	all		Drink		Restores $o1 mana over $d.  Must remain seated while drinking.	Restores $/5;s1 mana per second.					
1138	all		Crystal Protection		Increases Frost and Shadow resistance by $s1 for $d.	Increased Frost and Shadow resistance.					
1139	all		Cold Eye		Increases time between target's attacks by $s1% for $d.	Slowed attack speed.					
1152	spellbook	594	Purify		Purifies the friendly target, removing $s1 disease effect and $s2 poison effect.						
1159	all		First Aid	Rank 2	Heals $o1 damage over $d.	Healing $s1 damage every $t1 seconds.					
1160	spellbook	256	Demoralizing Shout	Rank 1	Reduces the melee attack power of all enemies within $a1 yards by $s1 for $d.	Reduces melee attack power by $s1.					
1161	spellbook	256	Challenging Shout		Forces all enemies within $a1 yards to focus attacks on you for $d.	Taunted.					
1177	all		Twin Empathy								
1178	spellbook	134	Bear Form (Passive)	Passive							
1180	spellbook	173	Daggers								
1194	all		Frost Nova	Rank 1							
1196	all		Blizzard	Rank 1							
1206	all		Dummy Proc								
1210	all		Conjure Mana Gem	Rank 1							
1214	all		Ice Armor	Rank 1							
1225	all		Frost Nova	Rank 2							
1228	all		Ice Armor	Rank 2							
1234	all		Brilliance Aura IV								
1241	all		Cone of Cold	Rank 1							
1243	spellbook	613	Power Word: Fortitude	Rank 1	Power infuses the target, increasing their Stamina by $s1 for $d.	Increases Stamina by $s1.					
1244	spellbook	613	Power Word: Fortitude	Rank 2	Power infuses the target, increasing their Stamina by $s1 for $d.	Increases Stamina by $s1.					
1245	spellbook	613	Power Word: Fortitude	Rank 3	Power infuses the target, increasing their Stamina by $s1 for $d.	Increases Stamina by $s1.					
1249	all		Conjure Food	Rank 1							
1250	all		Conjure Food	Rank 2							
1251	all		Conjure Food	Rank 3							
1266	all		Dampen Magic	Rank 1							
1267	all		Amplify Magic	Rank 1							
1302	all		Damage Immunity Test								
1329	spellbook	253	Mutilate	Rank 1	Instantly attacks with both weapons for an additional $5374s1 with each weapon.  Damage is increased by 50% against Poisoned targets.  Awards 2 combo points.						
1330	all		Garrote - Silence		Silences an enemy for $d.	Silenced.					
1350	all		Feral Spirit								
1364	all		Unyielding Will	Rank 4							
1373	all		Teach Summon Felhunter	Summon							
1386	all		Echoes of Lordaeron	Rank 4		Increases melee, ranged and spell damage dealt to Undead by $s1% and increases mounted speed by $s2%.					
1413	all		Inferno	Summon							
1430	spellbook	573	Rejuvenation	Rank 3	Heals the target for $o1 over $d.	Heals $s1 damage every $t1 seconds.					
1446	all		Aquatic Form	Shapeshift							
1449	spellbook	237	Arcane Explosion	Rank 1	Causes an explosion of arcane magic around the caster, causing $s1 Arcane damage to all targets within $a1 yards.						
1454	spellbook	355	Life Tap	Rank 1	Converts $s1 health into $s1 mana.						
1455	spellbook	355	Life Tap	Rank 2	Converts $s1 health into $s1 mana.						
1456	spellbook	355	Life Tap	Rank 3	Converts $s1 health into $s1 mana.						
1459	spellbook	237	Arcane Intellect	Rank 1	Increases the target's Intellect by $s1 for $d.	Increases Intellect by $s1.					
1460	spellbook	237	Arcane Intellect	Rank 2	Increases the target's Intellect by $s1 for $d.	Increases Intellect by $s1.					
1461	spellbook	237	Arcane Intellect	Rank 3	Increases the target's Intellect by $s1 for $d.	Increases Intellect by $s1.					
1462	spellbook	50	Beast Lore		Gather information about the target beast.  The tooltip will display damage, health, armor, any special resistances, and diet.  In addition, Beast Lore will reveal whether or not the creature is tameable and what abilities the tamed creature has.	Lore revealed.					
1463	spellbook	237	Mana Shield	Rank 1	Absorbs $s1 damage, draining mana instead.  Drains $e mana per damage absorbed.  Lasts $d.	Absorbs damage, draining mana instead.					
1464	spellbook	26	Slam	Rank 1	Slams the opponent, causing weapon damage plus $s1.						
1467	all		Arcane Explosion	Rank 1							
1472	all		Arcane Intellect	Rank 1							
1473	all		Arcane Intellect	Rank 2							
1474	all		Arcane Intellect	Rank 3							
1475	all		Arcane Intellect	Rank 4							
1481	all		Mana Shield	Rank 1							
1485	all		Metawheel Boulder		Fire at the target with a ranged weapon.						
1490	spellbook	355	Curse of the Elements	Rank 1	Curses the target for $d, reducing Nature, Arcane, Fire, Frost, and Shadow resistances by $s1 and increasing Nature, Arcane, Fire, Frost, and Shadow damage taken by $s2%. Only one Curse per Warlock can be active on any one target.	Reduces Nature, Arcane, Fire, Frost, and Shadow resistances by $s1. Increases Nature, Arcane, Fire, Frost, and Shadow damage taken by $s2%.					
1494	spellbook	51	Track Beasts		Shows the location of all nearby beasts on the minimap.  Only one form of tracking can be active at a time.	Tracking Beasts.					
1495	spellbook	51	Mongoose Bite	Rank 1	Counterattack the enemy for ${$AP*0.2+$m1} damage.  Can only be performed after you dodge.						
1499	spellbook	51	Freezing Trap	Rank 1	Place a frost trap that freezes the first enemy that approaches, preventing all action for up to $3355d.  Any damage caused will break the ice.  Trap will exist for $d.  Only one trap can be active at a time.						
1509	all		GM Only OFF								
1510	spellbook	163	Volley	Rank 1	Continuously fires a volley of ammo at the target area, causing $42243s1 Arcane damage to enemy targets within $a1 yards every second for $d.						
1513	spellbook	50	Scare Beast	Rank 1	Scares a beast, causing it to run in fear for up to $d.  Damage caused may interrupt the effect.  Only one beast can be feared at a time.	Feared.					
1515	spellbook	50	Tame Beast		Begins taming a beast to be your companion.  Your armor is reduced by $s3% while you focus on taming the beast for 20 sec.  If you lose the beast's attention for any reason, the taming process will fail.  Once tamed, the beast will be very unhappy and disloyal.  Try feeding the pet immediately to make it happy.	Taming pet.					
1516	all		Quick Shot	Rank 1	Instantly fires your weapon, causing $s1 additional damage.						
1522	all		Pet Upgrade (NYI)								
1528	all		Free Master	Rank 1	Frees your master from any bonds.						
1535	spellbook	375	Fire Nova Totem	Rank 1	Summons a Fire Nova Totem that has $s1 health and lasts $d.  Unless it is destroyed within $8443t1 sec., the totem inflicts $8349s1 fire damage to enemies within $8349a1 yd.						
1536	all		Longshot II								
1538	all		Charging		Charges the Rod of Helcular when used at the three ceremonial pyres.						
1539	all		Feed Pet		Feed your pet the selected item.  Feeding your pet increases happiness.  Using food close to the pet's level will have a better result.	Increases happiness.					
1543	spellbook	163	Flare		Exposes all hidden and invisible enemies within $a1 yards of the targeted area for $d.	Hidden and invisible units are revealed.					
1557	all		Full Speed		Increase movement speed by $s1						
1579	all		Tame Beast								
1588	all		Pet Upgrade								
1604	all		Dazed		A concussive strike dismounts the target and reduces movement speed by $s1%.	Movement speed reduced by $s1%.					
1608	spellbook	26	Heroic Strike	Rank 4	A strong attack that increases melee damage by $s1 and causes a high amount of threat.						
1609	all		Ashbringer Buzzsaw								
1628	all		Automation Mechanic Immunity C								
1629	all		Automation Mechanic Immunity D								
1650	all		Slowing Strike III								
1664	all		Savage Assault IV								
1665	all		Savage Assault V								
1666	all		Savage Assault								
1669	all		Savage Assault IV								
1671	spellbook	257	Shield Bash	Rank 2	Bashes the target with your shield for $s2 damage.  It also interrupts spellcasting and prevents any spell in that school from being cast for $d.						
1672	spellbook	257	Shield Bash	Rank 3	Bashes the target with your shield for $s2 damage.  It also interrupts spellcasting and prevents any spell in that school from being cast for $d.						
1680	spellbook	256	Whirlwind		In a whirlwind of steel you attack up to $i enemies within $a1 yards, causing weapon damage from both melee weapons to each enemy.						
1706	spellbook	613	Levitate	Rank 1	Allows the caster to levitate, floating a few feet above the ground.  While levitating, you will fall at a reduced speed and travel over water.  Any damage will cancel the effect.  Lasts $d.	Levitating.					
1710	all		Summon Felsteed	Summon							
1714	spellbook	355	Bane of Tongues		Forces the target to speak in Demonic, increasing the casting time of all spells by $s1%.  Only one Bane per Warlock can be active on any one target.  Lasts $d.	Speaking Demonic increasing casting time by $s1%.					
1715	spellbook	26	Hamstring	Rank 1	Maims the enemy, causing $s1 damage and slowing the enemy's movement by $s2% for $d.	Movement slowed by $s2%.					
1719	spellbook	256	Recklessness		The warrior will cause critical hits with most attacks and will be immune to Fear effects for the next $d, but all damage taken is increased by $s2%.	Immune to Fear effects, most attacks do critical hits, but all damage taken is increased by $s2%.					
1725	spellbook	39	Distract		Throws a distraction, attracting the attention of all nearby monsters for $s1 seconds.  Does not break stealth.						
1735	spellbook	134	Demoralizing Roar	Rank 2	The druid roars, decreasing nearby enemies' melee attack power by $s1.  Lasts $d.	Decreases melee attack power by $s1.					
1742	spellbook	270	Cower	Rank 1	Cower, causing no damage but lowering your threat, making the enemy less likely to attack you.						
1747	all		Cower	Rank 1							
1748	all		Cower	Rank 2							
1749	all		Cower	Rank 3							
1750	all		Cower	Rank 4							
1751	all		Cower	Rank 5							
1752	spellbook	38	Sinister Strike	Rank 1	An instant strike that causes $s1 damage in addition to your normal weapon damage.  Awards $s2 combo $lpoint:points;.						
1753	all		Cower	Rank 2	Reduces your pet's threat, making creatures less likely to attack it.  While cowering, your pet takes $s2% less damage for $d.						
1754	all		Cower	Rank 3	Reduces your pet's threat, making creatures less likely to attack it.  While cowering, your pet takes $s2% less damage for $d.						
1755	all		Cower	Rank 4	Reduces your pet's threat, making creatures less likely to attack it.  While cowering, your pet takes $s2% less damage for $d.						
1756	all		Cower	Rank 5	Reduces your pet's threat, making creatures less likely to attack it.  While cowering, your pet takes $s2% less damage for $d.						
1757	spellbook	38	Sinister Strike	Rank 2	An instant strike that causes $s1 damage in addition to your normal weapon damage.  Awards $s2 combo $lpoint:points;.						
1758	spellbook	38	Sinister Strike	Rank 3	An instant strike that causes $s1 damage in addition to your normal weapon damage.  Awards $s2 combo $lpoint:points;.						
1759	spellbook	38	Sinister Strike	Rank 4	An instant strike that causes $s1 damage in addition to your normal weapon damage.  Awards $s2 combo $lpoint:points;.						
1760	spellbook	38	Sinister Strike	Rank 5	An instant strike that causes $s1 damage in addition to your normal weapon damage.  Awards $s2 combo $lpoint:points;.						
1766	spellbook	38	Kick	Rank 1	A quick kick that injures a single foe for $s2 damage.  It also interrupts spellcasting and prevents any spell in that school from being cast for $d.						
1767	spellbook	38	Kick	Rank 2	A quick kick that injures a single foe for $s2 damage.  It also interrupts spellcasting and prevents any spell in that school from being cast for $d.						
1768	spellbook	38	Kick	Rank 3	A quick kick that injures a single foe for $s2 damage.  It also interrupts spellcasting and prevents any spell in that school from being cast for $d.						
1769	spellbook	38	Kick	Rank 4	A quick kick that injures a single foe for $s2 damage.  It also interrupts spellcasting and prevents any spell in that school from being cast for $d.						
1770	all		Kick	Rank 5	A quick kick that injures a single foe for $s1 damage.						
1776	spellbook	38	Gouge	Rank 1	Causes $s1 damage, incapacitating the opponent for $d, and turns off your attack.  Target must be facing you.  Any damage caused will revive the target.  Awards $s2 combo $lpoint:points;.	Incapacitated.					
1777	spellbook	38	Gouge	Rank 2	Causes $s1 damage, incapacitating the opponent for $d, and turns off your attack.  Target must be facing you.  Any damage caused will revive the target.  Awards $s2 combo $lpoint:points;.	Incapacitated.					
1784	spellbook	39	Stealth	Rank 1	Allows the rogue to sneak around, but reduces your speed by $s3%.  Lasts until cancelled.	Stealthed.  Movement slowed by $s3%.					
1785	spellbook	39	Stealth	Rank 2	Allows the rogue to sneak around, but reduces your speed by $s3%.  Lasts until cancelled.	Stealthed.  Movement slowed by $s3%.					
1786	spellbook	39	Stealth	Rank 3	Allows the rogue to sneak around, but reduces your speed by $s3%.  Lasts until cancelled.	Stealthed.  Movement slowed by $s3%.					
1787	spellbook	39	Stealth	Rank 4	Allows the rogue to sneak around, but reduces your speed by $s3%.  Lasts until cancelled.	Stealthed.  Movement slowed by $s3%.					
1795	all		Disheartening Blow II								
1796	all		Disheartening Blow III								
1797	all		Disheartening Blow IV								
1798	all		Disheartening Blow V								
1800	all		Disheartening Blow II								
1804	spellbook	633	Pick Lock		Allows opening of locked chests and doors.						
1809	all		Lockpicking	Apprentice							
1810	all		Lockpicking	Journeyman							
1811	all		Scorch	Rank 1							
1822	spellbook	134	Rake	Rank 1	Rake the target for ${$AP*0.012+$m1} bleed damage and an additional ${$m2*4+$AP*0.096} damage over $d.  Awards $s3 combo $lpoint:points;.	Bleeding for $s2 damage every $t2 seconds.					
1823	spellbook	134	Rake	Rank 2	Rake the target for ${$AP*0.012+$m1} bleed damage and an additional ${$m2*4+$AP*0.096} damage over $d.  Awards $s3 combo $lpoint:points;.	Bleeding for $s2 damage every $t2 seconds.					
1824	spellbook	134	Rake	Rank 3	Rake the target for ${$AP*0.012+$m1} bleed damage and an additional ${$m2*4+$AP*0.096} damage over $d.  Awards $s3 combo $lpoint:points;.	Bleeding for $s2 damage every $t2 seconds.					
1825	all		Lend Pet (NYI)		Transfer control of your pet to another player.						
1831	spellbook	8	Blast Wave	Rank 1							
1833	spellbook	253	Cheap Shot		Stuns the target for $d.  Must be stealthed.  Awards $s2 combo $lpoint:points;.	Stunned.					
1834	all		Gathering Speed		Increases movement speed	Movement Speed increased by $s1%					
1842	spellbook	39	Disarm Trap		Sneak up on the trap in order to disarm it.  Don't get too close or the trap will go off.						
1843	all		Disarm		Disarming the trap...						
1844	all		Disarming Fury Effect		If Disarm is active when this affect is applied, Attumen will choose a new set of powers.						
1848	all		Divining Chant								
1850	spellbook	134	Dash	Rank 1	Increases movement speed by $s1% for $d.  Does not break prowling.	Increases movement speed by $s1%.					
1852	all		Silenced		This is a GM tool for silencing players.  This spell just acts as a visual indicator so the player and GM know the player is currently silenced.	You can only chat with GMs.					
1853	all		Growl	Rank 1	Taunt the target, increasing the likelihood the creature will focus attacks on you.						
1856	spellbook	39	Vanish	Rank 1	Allows the rogue to vanish from sight, entering an improved stealth mode for $11327d.  Also breaks movement impairing effects.	Improved stealth.					
1857	spellbook	39	Vanish	Rank 2	Allows the rogue to vanish from sight, entering an improved stealth mode for $11329d.  Also breaks movement impairing effects.  More effective than Vanish (Rank 1).	Improved stealth.					
1860	spellbook	39	Safe Fall	Passive	Reduces damage from falling.						
1881	all		Summon Hive'Zara Hatchling								
1905	all		Share Powers								
1906	all		Debilitating Charge		Charges an enemy, dealing damage and slowing their movement by $s3% for $d.	Movement speed reduced by $s3%					
1908	spellbook	769	Uber Heal Over Time		Heal target to full every $d1 seconds	Healed to full every $d1 seconds					
1936	all		Teleport Anvilmar								
1940	all		Rocket Blast		Inflicts $s1 Fire damage in a 3 yard radius.						
1943	spellbook	253	Rupture	Rank 1	Finishing move that causes damage over time, increased by your attack power.  Lasts longer per combo point:\n   1 point  : 40 damage over 8 secs\n   2 points: 60 damage over 10 secs\n   3 points: 84 damage over 12 secs\n   4 points: 112 damage over 14 secs\n   5 points: 144 damage over 16 secs	Causes damage every $t1 seconds.					
1949	spellbook	593	Hellfire	Rank 1	Ignites the area surrounding the caster, causing $s2 Fire damage to $ghimself:herself; and $5857s1 Fire damage to all nearby enemies every $t2 sec.  Lasts $d.	Damages self and all nearby enemies.					
1950	all		Greater Shadow Imp								
1953	spellbook	237	Blink		Teleports the caster $a1 yards forward, unless something is in the way.  Also frees the caster from stuns and bonds.	Blinking.					
1966	spellbook	38	Feint	Rank 1	Performs a feint, causing no damage but lowering your threat by a small amount, making the enemy less likely to attack you.						
1978	spellbook	163	Serpent Sting	Rank 1	Stings the target, causing ${$RAP*0.1+$m1*5} Nature damage over $d.  Only one Sting per Hunter can be active on any one target.	Causes $s1 Nature damage every $t1 seconds.					
1991	all		Scatter Shot IV								
2000	all		Head Shot								
2006	spellbook	56	Resurrection	Rank 1	Brings a dead player back to life with $s1 health and $q1 mana.  Cannot be cast when in combat.						
2008	spellbook	374	Ancestral Spirit	Rank 1	Returns the spirit to the body, restoring a dead target to life with $s1 health and $q1 mana.  Cannot be cast when in combat.						
2010	spellbook	56	Resurrection	Rank 2	Brings a dead player back to life with $s1 health and $q1 mana.  Cannot be cast when in combat.						
2018	spellbook	164	Blacksmithing	Apprentice	Allows a Blacksmith to make basic weapons and armor up to a maximum potential skill of 75.  Requires stone and metal found with the mining skill.						
2020	all		Apprentice Blacksmith								
2021	all		Journeyman Blacksmith								
2023	all		Restore Mana		Restores $s1 mana.						
2024	all		Healing Potion		Restores $s1 health.						
2048	spellbook	256	Battle Shout	Rank 8	The warrior shouts, increasing attack power of all raid and party members within $a1 yards by $s1.  Lasts $d.	Increases your attack power by $s1.					
2050	spellbook	56	Lesser Heal	Rank 1	Heal your target for $s1.						
2052	spellbook	56	Lesser Heal	Rank 2	Heal your target for $s1.						
2053	spellbook	56	Lesser Heal	Rank 3	Heal your target for $s1.						
2054	spellbook	56	Heal	Rank 1	Heal your target for $s1.						
2055	spellbook	56	Heal	Rank 2	Heal your target for $s1.						
2060	spellbook	56	Greater Heal	Rank 1	A slow casting spell that heals a single target for $s1.						
2061	spellbook	56	Flash Heal	Rank 1	Heals a friendly target for $s1.						
2062	spellbook	373	Earth Elemental Totem	Rank 1	Summon an elemental totem that calls forth a greater earth elemental to protect the caster and $ghis:her; allies.  Lasts $d.						
2070	spellbook	39	Sap	Rank 2	Incapacitates the target for up to $d.  Must be stealthed.  Only works on Humanoids that are not in combat.    Any damage caused will revive the target.  Only 1 target may be sapped at a time.	Sapped.					
2075	all		Searing Totem	Rank 1							
2090	spellbook	573	Rejuvenation	Rank 4	Heals the target for $o1 over $d.	Heals $s1 damage every $t1 seconds.					
2091	spellbook	573	Rejuvenation	Rank 5	Heals the target for $o1 over $d.	Heals $s1 damage every $t1 seconds.					
2094	spellbook	39	Blind		Blinds the target, causing it to wander disoriented for up to $d.  Any damage caused will remove the effect.	Disoriented.					
2095	all		Stance Rage (+3 Off/Def)								
2096	spellbook	78	Mind Vision	Rank 1	Allows the caster to see through the target's eyes for $d.	Sight granted through target's eyes.					
2098	spellbook	253	Eviscerate	Rank 1	Finishing move that causes damage per combo point:\n   1 point  : ${$m1+($b1*1)+$AP*0.03}-${$M1+($b1*1)+$AP*0.03} damage\n   2 points: ${$m1+($b1*2)+$AP*0.06}-${$M1+($b1*2)+$AP*0.06} damage\n   3 points: ${$m1+($b1*3)+$AP*0.09}-${$M1+($b1*3)+$AP*0.09} damage\n   4 points: ${$m1+($b1*4)+$AP*0.12}-${$M1+($b1*4)+$AP*0.12} damage\n   5 points: ${$m1+($b1*5)+$AP*0.15}-${$M1+($b1*5)+$AP*0.15} damage						
2108	spellbook	165	Leatherworking	Apprentice	Allows a leatherworker to make leather armor, up to to a maximum potential skill of 75.  Requires leather scraps and hides gathered with the Skinning skill.						
2110	all		FIRESTAFF (DND)								
2118	all		Dodge Mastery	Rank 1	Increases your chance to dodge by 1%.						
2119	all		Nature Resist	Rank 1	Increase Nature resistance by 4.						
2120	spellbook	8	Flamestrike	Rank 1	Calls down a pillar of fire, burning all enemies within the area for $s1 Fire damage and an additional $o2 Fire damage over $d.	$s2 Fire damage every $t2 seconds.					
2121	spellbook	8	Flamestrike	Rank 2	Calls down a pillar of fire, burning all enemies within the area for $s1 Fire damage and an additional $o2 Fire damage over $d.	$s2 Fire damage every $t2.					
2123	all		Holy Affinity	Rank 1	Increases your Holy Magic skill by $s1 and reduces your Shadow Resistance by $s2.						
2124	all		Flamestrike	Rank 1							
2125	all		Flamestrike	Rank 2							
2136	spellbook	8	Fire Blast	Rank 1	Blasts the enemy for $s1 Fire damage.						
2137	spellbook	8	Fire Blast	Rank 2	Blasts the enemy for $s1 Fire damage.						
2138	spellbook	8	Fire Blast	Rank 3	Blasts the enemy for $s1 Fire damage.						
2139	spellbook	237	Counterspell		Counters the enemy's spellcast, preventing any spell from that school of magic from being cast for $d.  Generates a high amount of threat.						
2140	all		Stasis Effect	Rank 1		Movement slowed by $s1%.					
2141	all		Fire Blast	Rank 1							
2142	all		Fire Blast	Rank 2							
2143	all		Fire Blast	Rank 3							
2147	all		Mending		Periodic healing	Healing for $s1 every $t1 seconds					
2148	all		Periodic Shadow Storm		Periodically casts Shadow Storm.	Periodically casts Shadow Storm.					
2149	spellbook	165	Handstitched Leather Boots								
2152	spellbook	165	Light Armor Kit								
2153	spellbook	165	Handstitched Leather Pants								
2154	all		Journeyman Leatherworker								
2155	all		Apprentice Leatherworker								
2156	all		Light Winter Cloak								
2157	all		Light Winter Boots								
2158	spellbook	165	Fine Leather Boots								
2159	spellbook	165	Fine Leather Cloak								
2160	spellbook	165	Embossed Leather Vest								
2161	spellbook	165	Embossed Leather Boots								
2162	spellbook	165	Embossed Leather Cloak								
2163	spellbook	165	White Leather Jerkin								
2164	spellbook	165	Fine Leather Gloves								
2165	spellbook	165	Medium Armor Kit								
2166	spellbook	165	Toughened Leather Armor								
2167	spellbook	165	Dark Leather Boots								
2168	spellbook	165	Dark Leather Cloak								
2169	spellbook	165	Dark Leather Tunic								
2222	all		Portal Storm		Teleports players to a random capital city.						
2259	spellbook	171	Alchemy	Apprentice	Allows an alchemist to brew basic potions up to a maximum potential skill of 75.  Requires Herbs found with the Herbalism skill.						
2275	all		Apprentice Alchemist								
2280	all		Journeyman Alchemist								
2313	all		True Fulfillment								
2329	spellbook	171	Elixir of Lion's Strength								
2330	spellbook	171	Minor Healing Potion								
2331	spellbook	171	Minor Mana Potion								
2332	spellbook	171	Minor Rejuvenation Potion								
2333	spellbook	171	Elixir of Lesser Agility								
2334	spellbook	171	Elixir of Minor Fortitude								
2335	spellbook	171	Swiftness Potion								
2336	spellbook	171	Elixir of Tongues								
2337	spellbook	171	Lesser Healing Potion								
2362	spellbook	354	Create Spellstone	Rank 1	Creates a Spellstone that can be used to dispel all harmful magic effects from the caster.\n\nConjured items disappear if logged out for more than 15 minutes.						
2366	spellbook	182	Herb Gathering	Apprentice	The basics of how to gather herbs from bushes and other plants for use in Alchemy.  Gives a potential herbalism skill of 75.						
2367	all		Lesser Strength		Increases Strength by $s1 for $d. Battle Elixir.	Strength increased by $s1. Battle Elixir.					
2368	spellbook	182	Herb Gathering	Journeyman	How to find and gather more difficult to harvest herbs.   Gives a potential herbalism skill of 150.						
2369	spellbook	182	Herb Gathering								
2370	all		Rejuvenation Potion		Restores $s1 mana and $s2 health.						
2371	spellbook	182	Herb Gathering								
2372	all		Apprentice Herbalist								
2373	all		Journeyman Herbalist								
2374	all		Lesser Agility		Increases Agility by $s1 for $d. Battle Elixir.	Agility increased by $s1. Battle Elixir.					
2376	all		Lesser Intellect		Increases Intellect by $s1 for $d.  Guardian Elixir.	Intellect increased by $s1.  Guardian Elixir.					
2378	all		Health		Increases the player's maximum health by $s1 for $d. Guardian Elixir.	Health increased by $s1. Guardian Elixir.					
2379	all		Speed		Increases run speed by $s1% for $d1.	Increases run speed by $s1%					
2380	all		Resistance		Increases your resistance to all schools of magic by $s1 for $d. Guardian Elixir.	Increased magic resistance. Guardian Elixir.					
2381	all		Resistance (OLD)								
2382	spellbook	183	Generic								
2383	spellbook	182	Find Herbs		Nearby herb bushes appear on the minimap. Only one form of tracking can be active at a time.	Finding Herbs.					
2385	spellbook	197	Brown Linen Vest								
2386	spellbook	197	Linen Boots								
2387	spellbook	197	Linen Cloak								
2389	spellbook	197	Red Linen Robe								
2392	spellbook	197	Red Linen Shirt								
2393	spellbook	197	White Linen Shirt								
2394	spellbook	197	Blue Linen Shirt								
2395	spellbook	197	Barbaric Linen Vest								
2396	spellbook	197	Green Linen Shirt								
2397	spellbook	197	Reinforced Linen Cape								
2399	spellbook	197	Green Woolen Vest								
2400	all		Transfer Power								
2401	spellbook	197	Woolen Boots								
2402	spellbook	197	Woolen Cape								
2403	spellbook	197	Gray Woolen Robe								
2406	spellbook	197	Gray Woolen Shirt								
2425	all		Spotted								
2426	all		Base Stealth								
2442	all		Smashing Blow								
2443	all		Smashing Blow II								
2444	all		Smashing Blow III								
2446	all		Smashing Blow V								
2457	spellbook	26	Battle Stance		A balanced combat stance.						
2458	spellbook	256	Berserker Stance		An aggressive stance.  Critical hit chance is increased by $7381s1% and all damage taken is increased by $7381s2%.						
2463	all		Automation Mechanic Immunity E								
2479	spellbook	183	Honorless Target			You are currently worth no honor points to the enemy.					
2481	spellbook	792	Find Treasure	Racial	Allows the dwarf to sense nearby treasure, making it appear on the minimap.  Lasts $d.	Finding treasure.					
2484	spellbook	375	Earthbind Totem		Summons an Earthbind Totem with $s1 health at the feet of the caster for $d that slows the movement speed of enemies within $3600a1 yards.						
2538	spellbook	185	Charred Wolf Meat								
2539	spellbook	185	Spiced Wolf Meat								
2540	spellbook	185	Roasted Boar Meat								
2541	spellbook	185	Coyote Steak								
2542	spellbook	185	Goretusk Liver Pie								
2543	spellbook	185	Westfall Stew								
2544	spellbook	185	Crab Cake								
2545	spellbook	185	Cooked Crab Claw								
2546	spellbook	185	Dry Pork Ribs								
2547	spellbook	185	Redridge Goulash								
2548	spellbook	185	Succulent Pork Ribs								
2549	spellbook	185	Seasoned Wolf Kabob								
2550	spellbook	185	Cooking	Apprentice	Allows a cook to make basic recipes up to a maximum potential skill of 75.  Requires meat from beasts and fire to make food.						
2551	all		Apprentice Cook								
2552	all		QA Expert Cook	QASpell							
2565	spellbook	257	Shield Block		Increases chance to block by $s1% for $d, but will only block $n $lattack:attacks;.	Block increased by $s1% for next attack.					
2567	spellbook	176	Thrown								
2575	spellbook	186	Mining	Apprentice	How to pull ore and stone from mineral veins for use in Engineering and Blacksmithing.  Gives a potential mining skill of 75.  Requires a Mining Pick.						
2576	spellbook	186	Mining	Journeyman	A more advanced level of mining.  Gives a potential mining skill of 150.						
2580	spellbook	186	Find Minerals		Nearby mineral veins appear on the minimap. Only one form of tracking can be active at a time.	Finding Minerals.					
2581	all		Apprentice Miner								
2582	all		Journeyman Miner								
2583	all		Debug Spell Reflection	Debug	Makes you reflect all spells until cancelled.	Reflecting spells.					
2584	all		Waiting to Resurrect		Remain within range of the Spirit Guide in order to be resurrected.	Remain within range of the Spirit Guide in order to be resurrected.					
2585	all		Eye of Kilrogg Passive (DND)	Rank 1							
2589	spellbook	38	Backstab	Rank 2	Backstab the target, causing $s2% weapon damage plus 30 to the target.  Must be behind the target.  Requires a dagger in the main hand.  Awards $s3 combo $lpoint:points;.						
2590	spellbook	38	Backstab	Rank 3	Backstab the target, causing $s2% weapon damage plus 48 to the target.  Must be behind the target.  Requires a dagger in the main hand.  Awards $s3 combo $lpoint:points;.						
2591	spellbook	38	Backstab	Rank 4	Backstab the target, causing $s2% weapon damage plus 69 to the target.  Must be behind the target.  Requires a dagger in the main hand.  Awards $s3 combo $lpoint:points;.						
2596	all		Touch of the Black Claw								
2597	all		Rejuvenation Potion		Restores $s1 mana and $s2 health.						
2598	all		Rejuvenation (OLD)								
2599	all		Rejuvenation Potion		Restores $s1 mana and $s2 health.						
2600	all		Rejuvenation Potion		Restores $s1 mana and $s2 health.						
2601	all		Fire Shield III		Surrounds an ally with a shield of flame that inflicts $3054s1 Fire damage to nearby enemies every $t1 sec.  Lasts $d.	Inflicting $3054s1 Fire damage to nearby enemies every $t1 sec.					
2602	all		Fire Shield IV		Surrounds an ally with a shield of flame that inflicts Fire damage to nearby enemies every $t1 sec.  Lasts $d.	Inflicting Fire damage to nearby enemies every $t1 sec.					
2605	all		Sharpen Blade								
2606	all		Shock	Rank 2	Instantly throws a bolt of lightning at the target for $s1 damage.						
2607	all		Shock	Rank 1	Instantly throws a bolt of lightning at the target for $s1 damage.						
2608	all		Shock	Rank 3	Instantly throws a bolt of lightning at the target for $s1 damage.						
2609	all		Shock	Rank 4	Instantly throws a bolt of lightning at the target for $s1 damage.						
2610	all		Shock	Rank 5	Instantly throws a bolt of lightning at the target for $s1 damage.						
2626	all		Lightning Bolt Proc V								
2629	all		Dagger Strike III (Disabled)								
2630	all		Dagger Strike IV (Disabled)								
2633	all		Dagger Strike III								
2634	all		Dagger Strike IV								
2636	all		Dagger Strike V								
2637	spellbook	574	Hibernate	Rank 1	Forces the enemy target to sleep for up to $d.  Any damage will awaken the target.  Only one target can be forced to hibernate at a time.  Only works on Beasts and Dragonkin.	Asleep.					
2639	all		Food		Restores $o1 health and $o2 mana over $d. Must remain seated while eating.	Restores $/5;s1 health and $/5;s2 mana per second.					
2641	spellbook	50	Dismiss Pet		Dismiss your pet.  Dismissing your pet will reduce its happiness by $/1000;s1.						
2643	spellbook	163	Multi-Shot	Rank 1	Fires several missiles, hitting $x1 targets.						
2645	spellbook	373	Ghost Wolf		Turns the Shaman into a Ghost Wolf, increasing speed by $s2%.  Only useable outdoors.	Increases movement speed by $s2%.					
2647	all		Freeze III PROC								
2649	spellbook	270	Growl	Rank 1	Taunt the target, increasing the likelihood the creature will focus attacks on you.						
2650	all		Tame Pet (TEST)								
2651	spellbook	792	Elune's Grace		Reduces the chance you'll be hit by melee and ranged attacks by $s1% for $d.	Chance to be hit by melee and ranged attacks reduced by $s1%.					
2652	spellbook	792	Touch of Weakness	Rank 1	The next melee attack against the caster will cause $2943s1 Shadow damage and reduce the damage caused by the attacker by $2943s2 for $2943d.	The next damaging melee attack against you will damage and weaken the target.					
2653	all		Damage 100 (TEST)								
2654	all		Summon Tamed (TEST)								
2656	spellbook	186	Smelting		Allows the miner to turn ore into metal bars.  This skill requires a forge.						
2657	spellbook	186	Smelt Copper		Allows the miner to smelt a chunk of copper ore into a copper bar.  Smelting copper requires a forge.						
2658	spellbook	186	Smelt Silver		Allows the miner to smelt a chunk of silver ore into a silver bar.  Smelting silver requires a forge.						
2659	spellbook	186	Smelt Bronze		Allows the miner to smelt a tin bar and a copper bar together into two bronze bars.  Smelting bronze requires a forge.						
2660	spellbook	164	Rough Sharpening Stone								
2661	spellbook	164	Copper Chain Belt								
2662	spellbook	164	Copper Chain Pants								
2663	spellbook	164	Copper Bracers								
2664	spellbook	164	Runed Copper Bracers								
2665	spellbook	164	Coarse Sharpening Stone								
2666	spellbook	164	Runed Copper Belt								
2667	spellbook	164	Runed Copper Breastplate								
2668	spellbook	164	Rough Bronze Leggings								
2670	spellbook	164	Rough Bronze Cuirass								
2671	spellbook	164	Rough Bronze Bracers								
2672	spellbook	164	Patterned Bronze Bracers								
2673	spellbook	164	Silvered Bronze Breastplate								
2674	spellbook	164	Heavy Sharpening Stone								
2675	spellbook	164	Shining Silver Breastplate								
2676	all		Pulverize		Pulverize nearby enemies, interrupting their spellcasting for $d.						
2687	spellbook	257	Bloodrage		Generates $/10;s1 rage at the cost of health, and then generates an additional $/10;29131o1 rage over $29131d.						
2691	all		Mana Burn		Hits an enemy with an anti-mana bolt that consumes up to $s1 mana. For each point of mana consumed by the bolt, the target takes $e1 damage.						
2737	spellbook	164	Copper Mace								
2738	spellbook	164	Copper Axe								
2739	spellbook	164	Copper Shortsword								
2740	spellbook	164	Bronze Mace								
2741	spellbook	164	Bronze Axe								
2742	spellbook	164	Bronze Shortsword								
2763	all		INVIS Only ON								
2764	spellbook	176	Throw		Hurl a thrown weapon at the target.						
2765	all		SHOWLABEL Only ON								
2766	all		KJORDAN (TEST)								
2767	spellbook	78	Shadow Word: Pain	Rank 5	A word of darkness that causes $o1 Shadow damage over $d.	$s1 Shadow damage every $t1 seconds.					
2782	spellbook	573	Remove Curse		Dispels $s1 Curse from a friendly target.						
2791	spellbook	613	Power Word: Fortitude	Rank 4	Power infuses the target, increasing their Stamina by $s1 for $d.	Increases Stamina by $s1.					
2795	spellbook	185	Beer Basted Boar Ribs								
2800	spellbook	594	Lay on Hands	Rank 2	Heals a friendly target for an amount equal to the Paladin's maximum health and restores $s2 of their mana.  Drains all of the Paladin's remaining mana when used.						
2812	spellbook	594	Holy Wrath	Rank 1	Sends bolts of holy power in all directions, causing $s1 Holy damage to all Undead and Demon targets within $a1 yds.						
2816	all		Bark of Doom								
2817	all		Teach Bark of Doom		WOOF, WOOF!						
2818	all		Deadly Poison	Rank 1		Target takes $s1 Nature damage every $t1 seconds.					
2819	all		Deadly Poison II	Rank 2		Target takes $s1 Nature damage every $t1 seconds.					
2823	all		Deadly Poison	Rank 1	Coats a weapon with poison that lasts for $d.\nEach strike has a $h% chance of poisoning the enemy for ${$2818m1*4+0.12*$AP} Nature damage over $2818d.  Stacks up to 5 times on a single target.						
2824	all		Deadly Poison II	Rank 2	Coats a weapon with poison that lasts for $d.\nEach strike has a $h% chance of poisoning the enemy for ${$2819m1*4+0.12*$AP} Nature damage over $2819d.  Stacks up to 5 times on a single target.						
2825	spellbook	373	Bloodlust		Increases melee, ranged, and spell casting speed by $s1% for all party and raid members.  Lasts $d.\n\nAllies receiving this effect will become Sated and unable to benefit from Bloodlust or Heroism again for 10 min.	Melee, ranged, and spell casting speed increased by $s1%.					
2828	all		Sharpen Blade	Rank 1	Increase sharp weapon damage by 2 for 30 minutes.						
2829	all		Sharpen Blade II		Increase sharp weapon damage by 3 for 30 minutes.						
2830	all		Sharpen Blade III		Increase sharp weapon damage by 4 for 30 minutes.						
2831	all		Armor +8		Permanently increase the armor value of an item worn on the chest, legs, hands or feet by 8.						
2832	all		Armor +16		Permanently increase the armor value of an item worn on the chest, legs, hands or feet by 16.						
2833	all		Armor +24		Permanently increase the armor value of an item worn on the chest, legs, hands or feet by 24.  Only usable on items level 15 and above.						
2834	all		Periodic Thunderclap		Periodically casts Thunderclap.	Periodically casts Thunderclap.					
2835	spellbook	790	Deadly Poison	Rank 1	Coats a weapon with poison that lasts for 1 hour.\nEach strike has a 30% chance of poisoning the enemy for ${$2818m1*4+0.12*$AP} Nature damage over $2818d.  Stacks up to 5 times on a single target.						
2836	spellbook	39	Detect Traps	Passive	Greatly increased chance to detect traps.	Detecting traps.					
2837	spellbook	790	Deadly Poison II	Rank 2	Coats a weapon with poison that lasts for 1 hour.\nEach strike has a 30% chance of poisoning the enemy for ${$2819m1*4+0.12*$AP} Nature damage over $2819d.  Stacks up to 5 times on a single target.						
2842	spellbook	790	Poisons		You can create and mix poisons, with both found and storebought ingredients.						
2850	all		Parry!								
2855	all		Detect Magic		Detects beneficial magic effects on the target for $d.	Magic detection.					
2860	spellbook	375	Chain Lightning	Rank 3	Hurls a lightning bolt at the enemy, dealing $s1 Nature damage and then jumping to additional nearby enemies.  Each jump reduces the damage by 30%.  Affects $x1 total targets.						
2870	spellbook	374	Cure Disease		Cures $s1 $ldisease:diseases; on the target.						
2871	all		Nullify Disease	Rank 1	Target is immune to disease for $d and is cured of any existing diseases.	Immune to Disease.					
2878	spellbook	594	Turn Undead	Rank 1	The targeted undead enemy will be compelled to flee for up to $d.  Damage caused may interrupt the effect.  Only one target can be turned at a time.	Compelled to flee.					
2880	all		Stun		Adds a chance to stun an enemy on attack. Lasts $d.	Stunned.					
2881	spellbook	165	Light Leather								
2882	all		Bear Form (PT) (NYI)								
2893	spellbook	573	Abolish Poison		Attempts to cure $s2 poison effect on the target, and $3137s1 more poison effect every $t1 seconds for $d.	Attempts to cure $3137s1 poison every $t1 seconds.					
2894	spellbook	375	Fire Elemental Totem	Rank 1	Summons an elemental totem that calls forth a greater fire elemental to rain destruction on the caster's enemies.  Lasts $d.						
2895	all		Wrath of Air Totem	Rank 1		Magical damage and healing from spells and effects increased by up to $s1.					
2908	spellbook	574	Soothe Animal	Rank 1	Soothes the target beast, reducing the range at which it will attack you by $s1 yards.  Only affects Beast targets level 40 or lower.  Lasts $d.	Reduced distance at which target will attack.					
2912	spellbook	574	Starfire	Rank 1	Causes $s1 Arcane damage to the target.						
2941	spellbook	593	Immolate	Rank 4	Burns the enemy for $s2 Fire damage and then an additional $o1 Fire damage over $d.	$s1 Fire damage every $t1 seconds.					
2943	all		Touch of Weakness	Rank 1		Physical damage done reduced by $s2.					
2944	spellbook	792	Devouring Plague	Rank 1	Afflicts the target with a disease that causes $o1 Shadow damage over $d.  Damage caused by the Devouring Plague heals the caster.	Causes $s1 damage every $t1 seconds, healing the caster.					
2947	spellbook	188	Fire Shield	Rank 1	Surrounds the target in a shield of fire, making every strike against the target cause $s1 Fire damage to the attacker.  Lasts $d.  The caster cannot cast Fire Shield on himself.	Causes $s1 Fire damage to attacker when struck.					
2948	spellbook	8	Scorch	Rank 1	Scorch the enemy for $s1 Fire damage.						
2949	all		Fire Shield	Rank 1							
2950	all		Anti-Holy	Rank 2							
2963	spellbook	197	Bolt of Linen Cloth								
2964	spellbook	197	Bolt of Woolen Cloth								
2969	all		Aura Leech (PT)								
2972	all		Detect Invisibility								
2973	spellbook	51	Raptor Strike	Rank 1	A strong attack that increases melee damage by $s1.						
2974	spellbook	51	Wing Clip	Rank 1	Inflicts $s2 damage and reduces the enemy target's movement speed by $s1% for $d.	Movement speed reduced by $s1%.					
2975	all		Claw	Rank 5							
2976	all		Claw	Rank 6							
2977	all		Claw	Rank 7							
2980	all		Claw	Rank 1							
2981	all		Claw	Rank 2							
2982	all		Claw	Rank 3							
2983	spellbook	38	Sprint	Rank 1	Increases the rogue's movement speed by $s1% for $d.  Does not break stealth.	Movement speed increased by $s1%.					
2995	all		Poisons								
3007	all		Longshot III								
3009	spellbook	209,210,213,214,217,236,655,766	Claw	Rank 8	Claw the enemy, causing $s1 damage.						
3010	spellbook	209,210,213,214,217,236,655,766	Claw	Rank 7	Claw the enemy, causing $s1 damage.						
3011	all		Fire Shot	Rank 1	Fires a flaming shot at the enemy, doing an additional $s1 and making the damage fire based.						
3017	all		Immune Effect (TEST)								
3018	spellbook	45,46,226	Shoot								
3019	all		Frenzy		Increases the Physical damage dealt by the caster for $d.	Physical damage dealt is increased by $s1.					
3023	all		Debuff Nature (TEST)								
3025	spellbook	134	Cat Form (Passive)	Passive							
3026	all		Use Soulstone								
3029	spellbook	134	Claw	Rank 2	Claw the enemy, causing $s1 additional damage.  Awards $s2 combo $lpoint:points;.						
3034	spellbook	163	Viper Sting	Rank 1	Stings the target, draining $o1 mana over $d.  Only one Sting per Hunter can be active on any one target.	Drains $s1 mana every $t1 seconds.					
3043	spellbook	163	Scorpid Sting		Stings the target, reducing chance to hit with melee and ranged attacks by $s1% for $d.  Only one Sting per Hunter can be active on any one target.	Chance to hit with melee and ranged attacks reduced by $s1%.					
3044	spellbook	163	Arcane Shot	Rank 1	An instant shot that causes ${$rap*0.15+$m1} Arcane damage.						
3045	spellbook	163	Rapid Fire		Increases ranged attack speed by $s1% for $d.	Increases ranged attack speed by $s1%.					
3050	spellbook	183	Detect								
3052	all		Fire Shield Effect		Deals $s1 Fire damage to any enemies within $r1 yards.						
3053	all		Fire Shield Effect II		Deals Fire damage to nearby enemies.						
3054	all		Fire Shield Effect III		Deals Fire damage to nearby enemies.						
3055	all		Fire Shield Effect IV		Deals Fire damage to nearby enemies.						
3100	spellbook	164	Blacksmithing	Journeyman	Allows a Blacksmith to make well-crafted weapons and armor up to a maximum potential skill of 150.						
3101	spellbook	171	Alchemy	Journeyman	Allows an alchemist to brew standard potions up to a maximum potential skill of 150.						
3102	spellbook	185	Cooking	Journeyman	Allows a cook to make delicious recipes up to a maximum potential skill of 150.						
3104	spellbook	165	Leatherworking	Journeyman	Allows a leatherworker to make well crafted leather armors, up to a maximum potential skill of 150.						
3105	all		Curse of Stalvan		Reduces all of an enemy's attributes by $s1 for $d.	All attributes reduced by $s1.					
3106	all		Aura of Rot		Inflicts $s1 Nature damage to nearby enemies.						
3107	all		Summon Eliza's Guard		Summons $s1 of Eliza's Guards to aid her in battle for $d.						
3108	all		Touch of Death		Drains $s1 health from an enemy, healing the caster for up to half that amount.						
3109	all		Presence of Death		Utterly terrifies all enemies in a selected area, rendering them unable to move or attack for $d.	Frozen in fear.					
3110	spellbook	188	Firebolt	Rank 1	Deals $s1 Fire damage to a target.						
3111	spellbook	50	Mend Pet	Rank 2	Heals your pet for $o1 health over $d.	Heals $s1 every $t1 sec.					
3112	all		Enhance Blunt Weapon		Increase the damage of a blunt weapon by 2 for 30 minutes.						
3113	all		Enhance Blunt Weapon II		Increase the damage of a blunt weapon by 3 for 30 minutes.						
3114	all		Enhance Blunt Weapon III		Increase the damage of a blunt weapon by 4 for 30 minutes.						
3115	spellbook	164	Rough Weightstone								
3116	spellbook	164	Coarse Weightstone								
3117	spellbook	164	Heavy Weightstone								
3120	all		Sol L								
3121	all		Kev								
3124	all		Parry		Gives a chance to parry enemy melee attacks.						
3127	spellbook	95	Parry	Passive	Gives a chance to parry enemy melee attacks.						
3129	all		Frost Breath		Inflicts $s1 Frost damage to nearby enemies.						
3130	all		Ice Claw		Inflicts normal damage plus $s2 to an enemy, and increases the time between its attacks by $s1% for $d.	Time between attacks increased by $s1%.					
3131	all		Frost Breath		Inflicts Frost damage to an enemy.						
3132	all		Chilling Breath		Inflicts $s1 Frost damage to an enemy every $t1 sec., slowing its movement speed by $s2% for $d.	$s1 Frost damage inflicted every $t1 sec.\nMovement speed reduced by $s2% of normal.					
3136	all		Frenzied Command		Increases the attack speed of nearby allies by $s1% for $d.	Attack speed increased by $s1%.					
3137	spellbook	573	Abolish Poison Effect								
3140	spellbook	8	Fireball	Rank 4	Hurls a fiery ball that causes $s1 Fire damage and an additional $o2 Fire damage over $d.	$s2 Fire damage every $t2 seconds.					
3143	all		Glacial Roar		Inflicts $s2 Frost damage to nearby enemies, stunning them for $d.	Stunned.					
3145	all		Icy Grasp		Reduces an enemy's movement speed by $s1% for $d.	Movement speed reduced by $s1%.					
3146	all		Daunting Growl		Reduces nearby enemies' Strength by $s1 and Agility by $s2 for $d.	Strength reduced by $s1.\nAgility reduced by $s2.					
3147	all		Rend Flesh		Inflicts damage to an enemy every $t1 sec. for $d.	$s1 damage inflicted every $t1 sec.					
3148	all		Head Crack		Reduces an enemy's Stamina for $d.	Stamina reduced by $s1.					
3149	all		Furious Howl		Increases the Strength of nearby party members by $s1 for $d.	Strength increased by $s1.					
3150	all		Rabies		Reduces the rate of an enemy's health regeneration by $s1%, in addition to lowering its Strength by $s2 and its Agility by $s3, for $d.	Health regeneration rate reduced by $s1%.\nStrength reduced by $s2.\nAgility reduced by $s3.					
3151	all		Crazed Hunger		Increases the caster's attack speed by $s1% for $d.	Attack speed increased by $s1%.					
3157	all		Lesser Agility		Increases Agility by $s1 for $d.  Battle Elixir.	Agility increased by $s1.  Battle Elixir.					
3158	all		Lesser Agility		Increases Agility by $s1 for $d.  Battle Elixir.	Agility increased by $s1.  Battle Elixir.					
3159	all		Agility		Increases Agility by $s1 for $d.  Battle Elixir.	Agility increased by $s1.  Battle Elixir.					
3160	all		Agility		Increases Agility by $s1 for $d. Battle Elixir.	Agility increased by $s1. Battle Elixir.					
3161	all		Lesser Strength		Increases Strength by $s1 for $d.  Battle Elixir.	Strength increased by $s1.  Battle Elixir.					
3162	all		Lesser Strength		Increases Strength by $s1 for $d.  Battle Elixir.	Strength increased by $s1.  Battle Elixir.					
3163	all		Strength		Increases Strength by $s1 for $d.  Battle Elixir.	Strength increased by $s1.  Battle Elixir.					
3164	all		Strength		Increases Strength by $s1 for $d. Battle Elixir.	Strength increased by $s1. Battle Elixir.					
3165	all		Lesser Intellect		Increases Intellect by $s1 for $d.  Guardian Elixir.	Intellect increased by $s1.  Guardian Elixir.					
3166	all		Lesser Intellect		Increases Intellect by $s1 for $d. Guardian Elixir.	Intellect increased by $s1. Guardian Elixir.					
3167	all		Intellect		Increases Intellect by $s1 for $d.  Guardian Elixir.	Intellect increased by $s1.  Guardian Elixir.					
3168	all		Intellect		Increases Intellect by $s1 for $d.  Guardian Elixir.	Intellect increased by $s1.  Guardian Elixir.					
3169	all		Invulnerability		Imbiber is immune to physical attacks for the next $d.	Immune to physical attacks.					
3170	spellbook	171	Weak Troll's Blood Elixir								
3171	spellbook	171	Elixir of Wisdom								
3172	spellbook	171	Minor Magic Resistance Potion								
3173	spellbook	171	Lesser Mana Potion								
3174	spellbook	171	Potion of Curing								
3175	spellbook	171	Limited Invulnerability Potion								
3176	spellbook	171	Strong Troll's Blood Elixir								
3177	spellbook	171	Elixir of Defense								
3188	spellbook	171	Elixir of Ogre's Strength								
3204	all		Sapper Explode		Inflict $s1 Fire damage to nearby enemies.						
3205	all		Sol M								
3206	all		Sol H								
3207	all		Sol U								
3219	all		Regeneration		Regenerate $s1 health every 5 sec for $d. Guardian Elixir.	Regenerate $s1 health every 5 sec. Guardian Elixir.					
3220	all		Armor		Increases armor by $s1 for $d. Guardian Elixir.	Armor increased by $s1. Guardian Elixir.					
3221	all		Regeneration		Regenerate $s1 health every 5 sec for $d.  Guardian Elixir.	Regenerate $s1 health every 5 sec.  Guardian Elixir.					
3222	all		Regeneration		Regenerate $s1 health every 5 sec for $d. Guardian Elixir.	Regenerate $s1 health every 5 sec. Guardian Elixir.					
3223	all		Regeneration		Regenerate $s1 health every 5 sec for $d. Guardian Elixir.	Regenerate $s1 health every 5 sec. Guardian Elixir.					
3229	all		Quick Bloodlust		Increases an ally's attack speed by $s1% for $d.	Attack speed increased by $s1%.					
3230	spellbook	171	Elixir of Minor Agility								
3231	all		QAEnchant Cloak +3 Agility	QASpell	Permanently enchant a cloak to give $7473s1 Agility.						
3232	all		Gouge Stun Test								
3233	all		Evil Eye		Drains $s1 mana from an enemy.						
3234	all		Disease Touch		Inflicts Shadow damage to an enemy.						
3235	all		Rancid Blood		Gives the caster $h% chance to deal $3322s1 Shadow damage to nearby enemies when the caster is successfully hit. Lasts until cancelled.						
3237	all		Curse of Thule		Reduces the Spirit of an enemy by $s1 for $d.	Spirit reduced by $s1.					
3238	all		Nimble Reflexes		Increases the caster's chance to parry by $s1% for $d.	Chance to parry increased by $s1%.					
3240	all		Bloody Explosion								
3242	all		Ravage		Inflicts normal damage plus $s1 to an enemy, stunning it for $d.	Stunned.					
3243	all		Life Harvest		Drains $s1 health from an enemy, transferring it to the caster.						
3245	all		Chicken								
3246	all		Chicken Other								
3247	all		Agonizing Pain		Increases the Physical damage taken by an enemy by $s1 for $d.	Physical damage taken is increased by $s1.					
3248	all		Improved Blocking		Increases the caster's chance to block for $d.	Chance to block increased by $s1%.					
3252	all		Shred		Reduces an enemy's armor by $s1 for $d.	Armor reduced by $s1.					
3256	all		Plague Cloud		Reduces Strength by $s1, Agility by $s2, and Intellect by $s3 for all enemies in a selected area for $d.	Strength reduced by $s1.\nAgility reduced by $s2.\nIntellect reduced by $s3.					
3258	all		Savage Rage		Increases the caster's attack speed by $s1% for $d.	Attack speed increased by $s1%.					
3260	all		Violet Shield Effect		Places a violet shield upon melee attackers, stunning them, dealing physical damage and reducing their armor for $3260d.	Armor increased by $s3.\nCannot move or attack.\n$s2 damage inflicted to melee attackers.					
3261	all		Ignite		Inflicts $s1 Fire damage to an enemy every $t1 sec. for $d.	$s1 Fire damage inflicted every $t1 sec.					
3263	all		Touch of Ravenclaw		Stuns an enemy and reduces its armor by $s2 for $d.	Stunned.\nArmor reduced by $s2.					
3264	all		Blood Howl		Increases the Physical damage taken by nearby enemies  for $d.	Physical damage taken is increased by $s1.					
3267	all		First Aid	Rank 3	Heals $o1 damage over $d.	Healing $s1 damage every $t1 seconds.					
3268	all		First Aid	Rank 4	Heals $o1 damage over $d.	Healing $s1 damage every $t1 seconds.					
3269	all		Blessing of Thule		Increases the caster's attack speed by $s1% for $d. However, the caster becomes fatigued from the extra effort.	Attack speed increased by $s1%.					
3271	all		Fatigued		Exaustion stuns the caster.	Stunned.					
3273	spellbook	129	First Aid	Apprentice	Allows the creation and use bandages up to a potential skill of 75.   The cloth used to make those bandages are found on humanoids in the world.						
3274	spellbook	129	First Aid	Journeyman	Allows the creation and use of bandages up to a potential skill of 150.   The cloth used to make those bandages are found on humanoids in the world.						
3275	spellbook	129	Linen Bandage								
3276	spellbook	129	Heavy Linen Bandage								
3277	spellbook	129	Wool Bandage								
3278	spellbook	129	Heavy Wool Bandage								
3279	all		Apprentice First Aid								
3280	all		Journeyman First Aid								
3284	all		Violent Shield		Places a violent shield upon the caster, stunning them, dealing physical damage to attackers and reducing their armor for 8 sec.						
3286	all		Bind								
3287	all		Ghoul Form			Transformed into Flesh Eater.					
3288	all		Moss Hide			Shielded against Physical damage.					
3292	spellbook	164	Heavy Copper Broadsword								
3293	spellbook	164	Copper Battle Axe								
3294	spellbook	164	Thick War Axe								
3295	spellbook	164	Deadly Bronze Poniard								
3296	spellbook	164	Heavy Bronze Mace								
3297	spellbook	164	Mighty Iron Hammer								
3304	spellbook	186	Smelt Tin		Allows the miner to smelt a chunk of tin ore into a tin bar.  Smelting tin requires a forge.						
3307	spellbook	186	Smelt Iron		Allows the miner to smelt a chunk of iron ore into an iron bar.  Smelting iron requires a forge.						
3308	spellbook	186	Smelt Gold		Allows the miner to smelt a chunk of gold ore into a gold bar.  Smelting gold requires a forge.						
3319	spellbook	164	Copper Chain Boots								
3320	spellbook	164	Rough Grinding Stone								
3321	spellbook	164	Copper Chain Vest								
3322	all		Rancid Blood		Deals Shadow damage to nearby enemies.						
3323	spellbook	164	Runed Copper Gauntlets								
3324	spellbook	164	Runed Copper Pants								
3325	spellbook	164	Gemmed Copper Gauntlets								
3326	spellbook	164	Coarse Grinding Stone								
3328	spellbook	164	Rough Bronze Shoulders								
3329	all		Creature - Frog Form			Transformed into Toad.					
3330	spellbook	164	Silvered Bronze Shoulders								
3331	spellbook	164	Silvered Bronze Boots								
3332	all		Slow Poison								
3333	spellbook	164	Silvered Bronze Gauntlets								
3334	spellbook	164	Green Iron Boots								
3335	all		Dark Sludge		Increases the time between the attacks of nearby enemies by $s1% for $d.	Time between attacks increased by $s1%.					
3336	spellbook	164	Green Iron Gauntlets								
3337	spellbook	164	Heavy Grinding Stone								
3338	all		Rancid Ooze		Adds a chance to deal damage in an area around the caster when successfully hit.						
3339	all		Rancid Ooze Effect								
3355	all		Freezing Trap Effect	Rank 1		Frozen.					
3356	all		Flame Lash		Burns an enemy for $s1 damage and reduces its Fire resistance by $s2 for $d.	Fire resistance reduced by $s2.					
3358	all		Leech Poison		Drains $s1 health from an enemy every $t1 sec. over $d., transferring it to the caster.	$s1 health leeched every $t1 sec.					
3359	all		Drink Potion		Uses a Holy elixir to heal the caster for $s1.						
3360	all		Curse of the Eye		Curses an enemy with the Eye of Paleth, reducing the Physical damage it deals by $10653s1 and slowing its spellcasting by $10653s2% for $10653d.						
3361	all		Dummy NPC Summon								
3362	all		Dire Wolf (TEST)								
3363	spellbook	777	Nether Drake		Summons and dismisses a rideable nether drake.  Can only be summoned in Outland or Northrend. This mount increases speed depending on your Riding Skill.	Increases speed depending on your Riding Skill.					
3365	spellbook	183	Opening								
3366	all		Opening								
3368	all		Drink Minor Potion		Uses a Holy elixir to heal the caster for $s1.						
3369	all		Potion Strength II		Increases the caster's Strength by $s1 for $d.	Strength increased by $s1.					
3370	spellbook	185	Crocolisk Steak								
3371	spellbook	185	Blood Sausage								
3372	spellbook	185	Murloc Fin Soup								
3373	spellbook	185	Crocolisk Gumbo								
3376	spellbook	185	Curiously Tasty Omelet								
3377	spellbook	185	Gooey Spider Cake								
3385	all		Boar Charge		Increases the Physical damage dealt by the caster by and its movement speed by $s1% for $d.	Physical damage dealt is increased by $s2.\nMovement speed increased by $s1%.					
3386	all		Spears								
3387	all		Rage of Thule		Inflicts $s2 Shadow damage to an enemy every $t2 sec., increasing the Physical damage it takes by $s1 for $d.	$s2 Shadow damage inflicted every $t2 sec.\nPhysical damage taken is increased by $s1.					
3388	all		Deadly Leech Poison		Drains $s1 health from an enemy every $t1 sec. over $d., transferring it to the caster.	$s1 health leeched every $t1 sec.					
3389	all		Ward of the Eye		Gives the caster $s1% chance to reflect harmful spells for $d.	$s1% chance to reflect spells.					
3390	all		Helcular's Spawn								
3391	all		Thrash		Gives the caster 1 extra attacks.						
3393	all		Consume Flesh		Drains $s1 health from an enemy, healing the caster for up to 150% of that amount.						
3394	all		Consume Flesh								
3396	all		Corrosive Poison		Reduces an enemy's armor by $s2 and inflicts $s1 Nature damage every $t1 sec. for $d.	$s1 Nature damage inflicted every $t1 sec.\nArmor reduced by $s2.					
3397	spellbook	185	Big Bear Steak								
3398	spellbook	185	Hot Lion Chops								
3399	spellbook	185	Tasty Lion Steak								
3400	spellbook	185	Soothing Turtle Bisque								
3405	all		Soul Rend		Drains $s1 mana from an enemy, transferring it to the caster.						
3407	all		Rune of Opening		Opens certain Dalaran-sealed containers.						
3408	all		Crippling Poison	Rank 1	Coats a weapon with poison that lasts for $d.\nEach strike has a $h% chance of poisoning the enemy, slowing their movement speed by $3409s1% for $3409d.						
3409	all		Crippling Poison	Rank 1		Movement slowed by $s1%.					
3411	spellbook	257	Intervene		Run at high speed towards a party member, intercepting the next melee or ranged attack made against them.	The next melee or ranged attack made against you will be made against the intervening warrior instead.					
3412	all		Journeyman Cook								
3413	spellbook	185	Cooking	Expert	Allows a cook to make mouth watering recipes up to a maximum potential skill of 225.						
3416	all		Fiend Fury		Sends the caster into a rage that lasts $d., increasing the Physical damage it deals by $s2, but increasing the time between its attacks by $s3%.	Physical damage dealt is increased by $s2.\nTime between attacks increased by $s3%.					
3417	all		Thrash		Adds a chance to do two additional attacks						
3418	all		Improved Blocking								
3419	all		Improved Blocking		Increases the caster's chance to block by $s1% for $d.	Chance to block increased by $s1%.					
3420	spellbook	790	Crippling Poison	Rank 1	Coats a weapon with poison that lasts for 1 hour.  Each strike has a 30% chance of poisoning the enemy, slowing their movement speed by $3409s1% for $3409d.						
3421	spellbook	790	Crippling Poison II	Rank 2	Coats a weapon with poison that lasts for 1 hour.\nEach strike has a 30% chance of poisoning the enemy, slowing their movement speed by $11201s1% for $11201d.						
3424	all		Tainted Howl		Gives nearby allies $h% chance to poison an enemy on hit. Lasts $d.	$h% chance to poison an enemy on hit.					
3427	all		Infected Wound		Increases the Physical damage taken by an enemy for $d.	Physical damage taken is increased by $s1.					
3428	all		Summon Flesh Eating Worms								
3429	all		Plague Mind		Diseases an enemy for $d., draining $s1 mana every $t1 sec. and transferring it to the caster.	$s1 mana leeched every $t1 sec.					
3436	all		Wandering Plague		Diseases an enemy for $d., increasing the Physical damage it takes by $s1 and reducing its Stamina by $s2. The diseased target has $h% chance of spreading its illness to one of its nearby allies when struck in combat.	Physical damage taken is increased by $s1.\nStamina reduced by $s2.\n$h% chance to spread Wandering Plague on hit.					
3439	all		Wandering Plague			Physical damage taken is increased by $s1.\nStamina reduced by $s2.\n$h% chance to spread Wandering Plague on hit.					
