spell_id	priority	skill_line_ids	name_en	rank_en	description_en	tooltip_en	name_zh	rank_zh	description_zh	tooltip_zh	notes
63368	all		Focused Eyebeam		Inflicts $s1 Nature damage to enemies within $a1 yards.	Deals $s2 Nature damage per second.					
63369	all		Focused Eyebeam Periodic Visual		The eyebeam blasts the nearby area, dealing Nature damage.						
63370	spellbook	375	Booming Echoes	Rank 1	Reduces the cooldown of your Flame Shock and Frost Shock spells by an additional $/1000;S1 sec., and increases the direct damage done by your Flame Shock and Frost Shock spells by an additional $s2%.						
63372	spellbook	375	Booming Echoes	Rank 2	Reduces the cooldown of your Flame Shock and Frost Shock spells by an additional $/1000;S1 sec., and increases the direct damage done by your Flame Shock and Frost Shock spells by an additional $s2%.						
63373	spellbook	373,375	Frozen Power	Rank 1	Increases the damage done by your Lightning Bolt, Chain Lightning, Lava Lash and Shock spells by $s1% on targets afflicted by your Frostbrand Attack effect, and your Frost Shock has a $s2% chance to root the target in ice for $63685d. when used on targets at or further than $63685s1 yards from you.						
63374	spellbook	373,375	Frozen Power	Rank 2	Increases the damage done by your Lightning Bolt, Chain Lightning, Lava Lash and Shock spells by $s1% on targets afflicted by your Frostbrand Attack effect, and your Frost Shock has a $s2% chance to root the target in ice for $63685d. when used on targets at or further than $63685s1 yards from you.						
63375	all		Improved Stormstrike		Gain $s1% of your base mana.						
63376	all		Create Foam Sword								
63377	all		Create Foam Sword								
63378	all		Create Foam Sword								
63379	all		Create Foam Sword								
63380	all		Create Foam Sword								
63381	all		Goblin Chisel		Deploy the goblin chisel next to a Stone Block. Must be within 5 yards of a Stone Block to use. After setting the bomb, get away before it explodes!	Places the goblin chisel near a stone block. It will explode after a few seconds, inflicting $54954s1 Fire damage and splitting the stone. Must use within 5 yards of a stone block.					
63382	all		Rapid Burst								
63384	all		Create Foam Sword								
63385	all		Blow Apart Stone Block								
63386	all		Summon Small Stone Block								
63387	all		Rapid Burst		Unleashes a series of short plasma bursts towards a random enemy, dealing $s1 Spellfire damage per burst for a total of 6 bursts over $63382d.						
63388	all		Shirt of Uber Aura		Increases all statistics by 8% and all ratings by 130.						
63389	all		Shirt of Uber Rating Aura		Increases armor by 13%						
63390	all		Shirt of Uber Hit Aura		Increases AC, Mana Regen						
63391	all		Increased Physical Damage		Increases physical damage dealt by $s1% per cast. Stacks up to 99 times	Physical damage increased by $s1%.					
63392	all		Throw Stone Chunks								
63394	all		Gnomeregan Aspirant's Pennant			Aspirant of Gnomeregan.					
63395	all		Gnomeregan Valiant's Pennant			Valiant of Gnomeregan.					
63396	all		Gnomeregan Champion's Pennant			Champion of Gnomeregan.					
63397	all		Sen'jin Aspirant's Pennant			Aspirant of Sen'jin.					
63398	all		Sen'jin Valiant's Pennant			Valiant of Sen'jin.					
63399	all		Sen'jin Champion's Pennant			Champion of Sen'jin.					
63400	all		Shirt of Uber Rating Aura		Increases all statistics by 13%.						
63401	all		Silvermoon Aspirant's Pennant			Aspirant of Silvermoon City.					
63402	all		Silvermoon Valiant's Pennant			Valiant of Silvermoon City.					
63403	all		Silvermoon Champion's Pennant			Champion of Silvermoon City.					
63404	all		Darnassus Aspirant's Pennant			Aspirant of Darnassus.					
63405	all		Darnassus Valiant's Pennant			Valiant of Darnassus.					
63406	all		Darnassus Champion's Pennant			Champion of Darnassus.					
63408	all		Barkskin								
63409	all		Barkskin								
63410	spellbook	573	Improved Barkskin	Rank 1	Grants $s2% additional armor contribution from cloth and leather items while in Travel Form or while not shapeshifted, increases the damage reduction granted by your Barkskin spell by $s1% and reduces the chance your Barkskin is dispelled by $s3%.						
63411	spellbook	573	Improved Barkskin	Rank 2	Grants $s2% additional armor contribution from cloth and leather items while in Travel Form or while not shapeshifted, increases the damage reduction granted by your Barkskin spell by $s1% and reduces the chance your Barkskin is dispelled by $s3%.						
63412	all		Stopping the Rituals: Dummy to Ritual Gem Bunny								
63413	all		Rope Beam								
63414	all		Spinning Up		Spins up the dual cannons for $63414d before unleashing a spray of lasers in a random direction, dealing $63293s1 Spellfire damage every $63274t2 sec to all enemies caught inside. Lasts $63274d.						
63415	all		Vehicle Damaged								
63416	all		Copy Weapon		Copies an enemy's weapon, weilding it.						
63418	all		Copy Weapon		Wields a copied weapon.	Wielding a copied weapon.					
63419	all		Profound Darkness								
63420	all		Profound Darkness		Inflicts $s1 damage to all enemies, and increases Shadow damage taken by $s2% per application.	Shadow damage taken increased by $s2%.					
63421	all		Exodar Aspirant's Pennant			Aspirant of The Exodar.					
63422	all		Exodar Valiant's Pennant			Valiant of The Exodar.					
63423	all		Exodar Champion's Pennant			Champion of The Exodar.					
63425	all		Ironforge Aspirant's Pennant			Aspirant of Ironforge.					
63426	all		Ironforge Valiant's Pennant			Valiant of Ironforge.					
63427	all		Ironforge Champion's Pennant			Champion of Ironforge.					
63428	all		Undercity Aspirant's Pennant			Aspirant of the Undercity.					
63429	all		Undercity Valiant's Pennant			Valiant of the Undercity.					
63430	all		Undercity Champion's Pennant			Champion of the Undercity.					
63431	all		Orgrimmar Aspirant's Pennant			Aspirant of Orgrimmar.					
63432	all		Orgrimmar Valiant's Pennant			Valiant of Orgrimmar.					
63433	all		Orgrimmar Champion's Pennant			Champion of Orgrimmar.					
63434	all		Thunder Bluff Aspirant's Pennant			Aspirant of Thunder Bluff.					
63435	all		Thunder Bluff Valiant's Pennant			Valiant of Thunder Bluff.					
63436	all		Thunder Bluff Champion's Pennant			Champion of Thunder Bluff.					
63438	all		Silvermoon Champion's Pennant			Champion of Silvermoon City.					
63439	all		Exodar Champion's Pennant			Champion of the Exodar.					
63440	all		Ironforge Champion's Pennant			Champion of Ironforge.					
63441	all		Undercity Champion's Pennant			Champion of the Undercity.					
63442	all		Gnomeregan Champion's Pennant			Champion of Gnomeregan.					
63443	all		Darnassus Champion's Pennant			Champion of Darnassus.					
63444	all		Orgrimmar Champion's Pennant			Champion of Orgrimmar.					
63445	all		Thunder Bluff Champion's Pennant			Champion of Thunder Bluff.					
63446	all		Sen'jin Champion's Pennant			Champion of Sen'jin.					
63447	all		Glyph of Tree of Life		Reduces the mana cost of your Tree of Life Form by $63447s1%.						
63448	all		Sen'jin Champion's Pennant		This spell is cast by the Squire in Gossip in order to force his master to cast the pennant spell on him.						
63449	all		Darnassus Champion's Pennant		This spell is cast by the Squire in Gossip in order to force his master to cast the pennant spell on him.						
63450	all		Exodar Champion's Pennant		This spell is cast by the Squire in Gossip in order to force his master to cast the pennant spell on him.						
63451	all		Undercity Champion's Pennant		This spell is cast by the Squire in Gossip in order to force his master to cast the pennant spell on him.						
63452	all		Gnomeregan Champion's Pennant		This spell is cast by the Squire in Gossip in order to force his master to cast the pennant spell on him.						
63453	all		Ironforge Champion's Pennant		This spell is cast by the Squire in Gossip in order to force his master to cast the pennant spell on him.						
63454	all		Orgrimmar Champion's Pennant		This spell is cast by the Squire in Gossip in order to force his master to cast the pennant spell on him.						
63455	all		Silvermoon Champion's Pennant		This spell is cast by the Squire in Gossip in order to force his master to cast the pennant spell on him.						
63456	all		Thunder Bluff Champion's Pennant		This spell is cast by the Squire in Gossip in order to force his master to cast the pennant spell on him.						
63457	spellbook	51	Trap Mastery	Rank 2	Frost Trap and Freezing Trap - Increases the duration by $s1%.\n\nImmolation Trap, Explosive Trap and Black Arrow - Increases the periodic damage done by $s2%.\n\nSnake Trap - Increases the number of snakes summoned by $*2;s3.						
63458	spellbook	51	Trap Mastery	Rank 3	Frost Trap and Freezing Trap - Increases the duration by $s1%.\n\nImmolation Trap, Explosive Trap and Black Arrow - Increases the periodic damage done by $s2%.\n\nSnake Trap - Increases the number of snakes summoned by $*2;s3.						
63459	all		Pengoro's Touch			You feel warm and fuzzy.					
63461	all		Trap Launcher	Rank 1	When activated, your next Trap will be launched instantly at the enemy target.						
63462	all		Combatant Tracker								
63463	all		Alliance Tournament Eligibility Flag								
63464	all		Horde Tournament Eligibility Flag								
63465	all		Alliance Tournament Eligibility Release								
63466	all		Horde Tournament Eligibility Release								
63468	all		Piercing Shots		Your critical Aimed, Steady and Chimera Shots cause the target to bleed an amount of damage dealt over $63468d.	Bleeding.					
63471	all		Spawn Blood Pool								
63472	all		Flame Jets		Stomps the ground causing geysers of flame to errupt under all enemies. These geysers deal $s1 Fire damage, knocking the targets into the air and interrupting any spells being cast for $62681d. In addition, the targets take $s2 Fire damage per second for $d.	Deals $s2 Fire damage per second.					
63473	all		Scorch		Fires a jet of flame, burning all enemies in front of the caster within $63473a1 yards, dealing $63473s1 Fire damage every half-second for $63474d. Additionally, the ground is scorched by this effect causing it to catch on fire, dealing $63475s1 Fire damage every second to all enemies within $63475a1 yards. Iron Constructs within this radius will begin to heat up, eventually becoming molten.						
63474	all		Scorch		Fires a jet of flame, burning all enemies in front of the caster within $63473a1 yards, dealing $63473s1 Fire damage every half-second for $63474d. Additionally, the ground is scorched by this effect causing it to catch on fire, dealing $63475s1 Fire damage every second to all enemies within $63475a1 yards. Iron Constructs within this radius will begin to heat up, eventually becoming molten.						
63475	all		Scorch		Fires a jet of flame, burning all enemies in front of the caster within $63473a1 yards, dealing $63473s1 Fire damage every half-second for $63474d. Additionally, the ground is scorched by this effect causing it to catch on fire, dealing $63475s1 Fire damage every second to all enemies within $63475a1 yards. Iron Constructs within this radius will begin to heat up, eventually becoming molten.						
63476	all		Scorch		Fires a jet of flame, burning all enemies in front of the caster within $63473a1 yards, dealing $63473s1 Fire damage every half-second for $63474d. Additionally, the ground is scorched by this effect causing it to catch on fire, dealing $63475s1 Fire damage every second to all enemies within $63475a1 yards. Iron Constructs within this radius will begin to heat up, eventually becoming molten.						
63477	all		Slag Pot		Charges and grabs a random enemy target, tossing them into the caster's slag pot. The target is unable to attack the caster and takes $65723s1 Fire damage every second for $63477d. If the target survives, they are imbued with the magical slag, increasing their haste by $63536s1% for $63536d.	Deals $65723s1 Fire damage per second.					
63478	all		TAR Pedestal - Lexicon of Power								
63479	all		Chain Lightning		Strikes an enemy with a lightning bolt that arcs to another nearby enemy. The spell affects up to $x1 targets, causing Nature damage to each.						
63480	all		Overload		Focuses all the caster's energy into a single ball of lightning. This ball grows for $63481d until it finally explodes, dealing $63480s1 Nature damage to all enemies within $63480a1 yards and knocking them down.	Stunned.					
63481	all		Overload		Focuses all the caster's energy into a single ball of lightning. This ball grows for $d until it finally explodes, dealing $63480s1 Nature damage to all enemies within $63480a1 yards and knocking them down.	Cannot be stunned or interrupted.					
63482	all		Lightning Whirl		Spins around throwing off bolts of lightning at random enemy targets. Each bolt deals $s1 Nature damage.						
63483	all		Lightning Whirl		Spins around throwing off bolts of lightning at random enemy targets. Each bolt deals $63482s1 Nature damage. Lasts $d.	Emitting bolts of lightning at random enemy targets every $t1 sec.					
63485	all		Lightning Tendrils		Tendrils of lightning shoot out of the caster's chest, lifting them into the air. These lightning tendrils deal $s1 Nature damage to all enemies around the caster every second.	Deals $s1 Nature damage per second to nearby enemies.					
63486	all		Lightning Tendrils		Tendrils of lightning shoot out of the caster's chest, lifting them into the air. These lightning tendrils deal $63485s1 Nature damage to all enemies around the caster every second.	Deals $63485s1 Nature damage per second to nearby enemies.\nCannot be stunned or interrupted.					
63487	all		Frost Trap			Reduces movement by $s2%.					
63489	all		Shield of Runes		Covers the caster in magic runes, absorbing up to $s1 damage. If $s1 damage is absorbed, this damage in converted into a powerful burst of energy, increasing the caster's damage by $62277s1% for $62277d.	Absorbs $s1 damage.\nIncreases damage done by $62277s1% when broken by damage.					
63490	all		Rune of Death		Summons a Rune of Death at a random enemy target's location. This rune deals $s1 Shadow damage every half-second to anyone within $a1 yards of that location.	Deals $s1 Shadow damage every half-second.					
63491	all		Lightning Blast		Unleashes a large blast of lightning, dealing $s1 Nature damage to all enemies within $a1 yards of the caster but killing the caster in the process.						
63492	all		Lightning Elemental Passive								
63493	all		Fusion Punch		An attack infused with energy that inflicts $s1 Nature damage and an additional $s2 Nature damage per second.	Deals $s2 Nature damage per second.					
63494	all		Static Disruption		Deals $s1 Nature damage to enemies in an area and increases Nature damage taken by $s2% for $d.	Nature damage taken increased by $s2%.					
63495	all		Static Disruption		Deals $63494s1 Nature damage to enemies in an area and increases Nature damage taken by $63494s2% for $d. This spell favors targets at range.	Nature damage taken increased by $s2%.					
63496	all		Explosive Fishin'		Summons a dead fish.						
63497	all		Explosive Fishin'		Summons a dead fish.						
63498	all		High Voltage		Inflicts $63526s1 Nature damage every $t1 sec.	Inflicts $63526s1 Nature damage every $t1 sec.					
63499	all		Dispel Magic		Dispels magic on an ally, removing 1 harmful spell.						
63500	all		Argent Crusade Valiant's Pennant			Valiant of the Argent Crusade.					
63501	all		Argent Crusade Champion's Pennant			Champion of the Argent Crusade.					
63503	spellbook	134	Primal Gore	Rank 1	Grants the periodic damage from your Lacerate and Rip abilities the ability to critically hit.						
63504	spellbook	613	Improved Flash Heal	Rank 1	Reduces the mana cost of your Flash Heal by $s2%, and increases the critical effect chance of your Flash Heal by $s1% on friendly targets at or below 50% health.						
63505	spellbook	613	Improved Flash Heal	Rank 1	Reduces the mana cost of your Flash Heal by $s2%, and increases the critical effect chance of your Flash Heal by $s1% on friendly targets at or below 50% health.						
63506	spellbook	613	Improved Flash Heal	Rank 1	Reduces the mana cost of your Flash Heal by $s2%, and increases the critical effect chance of your Flash Heal by $s1% on friendly targets at or below 50% health.						
63507	all		Blightbeast Bane		A quick strike that deals $47441s1 damage to Anub'ar Blightbeasts. This attack can be fired very rapidly.						
63510	all		Improved Concentration Aura		All party or raid members within $a1 yards lose $s1% less casting or channeling time when damaged.  Players may only have one Aura on them per Paladin at any one time.	Reduces casting or channeling time lost when damaged by $s1%.					
63511	all		Frozen Blows		Successful physical attacks deal $s1 additional Frost damage.	Successful physical attacks deal $s1 additional Frost damage.					
63512	all		Frozen Blows		Physical damage reduced by $s3%, but attacks deal $63511s1 additional Frost damage. In addition, all enemies suffer $64545s1 Frost damage every $t2 sec. Lasts $d.	Physical damage reduced by $s3%, but attacks deal $63511s1 additional Frost damage and all enemies suffer $64545s1 Frost damage every $t2 sec.					
63513	all		Rune of Power								
63514	all		Improved Devotion Aura	Rank 10	Gives $s1 additional armor to party and raid members within $a1 yards.  Players may only have one Aura on them per Paladin at any one time.	Increases armor by $s1.					
63515	all		Quest Credit - Trigger - Valiant								
63516	all		Mounted Melee Victory								
63518	all		Place Alliance Champion Flag								
63519	all		Place Horde Champion Flag								
63521	all		Guarded by The Light								
63524	all		Harpoon Shot								
63525	all		High Voltage		Inflicts $63525s1 Nature damage every $61890t1 sec.	Inflicts $s1 Nature damage every $t1 sec.					
63526	all		High Voltage		Inflicts $s1 Nature damage every $63498t1 sec.						
63527	all		Summon Charged Sphere		Summons a sphere of electricity to serve as a power conduit to an ally.						
63528	all		Supercharged		Increases the target's damage done by $s1% and causes the target's attacks to cause powerful electrical surges, sacrificing the caster in the process.	Increases damage dealt by $s1%.\nMelee attacks will release waves of electrical energy.					
63529	all		Silenced - Shield of the Templar		Gives your Avenger's Shield ability a chance to silence your target.	Silenced.					
63530	all		Keeper Dummy								
63531	all		Sanctified Retribution		Causes $s1 Holy damage to any enemy that strikes a party or raid member within $a1 yards.  Players may only have one Aura on them per Paladin at any one time.	Does $s1 Holy damage to anyone who strikes you.					
63532	all		Earthen Power		Your Earthbind Totem has a chance to also remove all snare effects and make you and nearby friendly targets immune to them for $63532d when it pulses.	Immune to snare effects.					
63533	all		Storm Wave		Deals $s1 Nature damage to all enemies within $a1 yards.						
63534	spellbook	56	Empowered Renew	Rank 1	Your Renew spell gains an additional $s1% of your bonus healing effects, and your Renew will instantly heal the target for $s2% of the total periodic effect.						
63535	all		Grab		Charges and grabs a random enemy target, tossing them into the caster's slag pot. The target is unable to attack the caster and takes $63477s1 Fire damage every second for $63477d. If the target survives, they are imbued with the magical slag, increasing their movement speed by $62836s1% and haste by $62836s2% for $62836d.						
63536	all		Slag Imbued		Charges and grabs a random enemy target, tossing them into the caster's slag pot. The target is unable to attack the caster and takes $63477s1 Fire damage every second for $63477d. If the target survives, they are imbued with the magical slag, increasing their haste by $63536s1% for $63536d.	Haste increased by $s1%.					
63537	all		Charged Sphere		Charges a nearby orb with electricity.	Firing static bolts every $t1 sec.					
63538	all		Separation Anxiety								
63539	all		Separation Anxiety		Separation from a companion causes a surge in power.	Damage dealt increased by $s1% while separated from a companion.					
63540	all		Paralytic Field		Traps careless trespassers in a paralytic field, rendering them immobile for $d.	You are paralyzed. Watch your step! Thorim looms at the end of the corridor, almost close enough to touch. Assuming you weren't paralyzed, of course. But you are.  What a shame.					
63541	all		Forked Lightning		Inflicts Nature damage to enemies in a cone in front of the caster.						
63542	spellbook	56	Empowered Renew	Rank 2	Your Renew spell gains an additional $s1% of your bonus healing effects, and your Renew will instantly heal the target for $s2% of the total periodic effect.						
63543	spellbook	56	Empowered Renew	Rank 3	Your Renew spell gains an additional $s1% of your bonus healing effects, and your Renew will instantly heal the target for $s2% of the total periodic effect.						
63544	all		Empowered Renew		Your Renew spell gains an additional portion of your bonus healing effects, and your Renew will instantly heal the target for a portion of the total periodic effect.						
63545	all		Icicle								
63546	all		Stomp		Stomps the ground, inflicting normal damage to nearby enemies.						
63547	all		Violent Earth		The Violent Earth rips beneath the targets feat knocking them up and inflicting $s1 Nature damage to anyone within $a1 yards of the target.						
63548	all		Ground Fissure		Cracks open the earth, dealing damage every $t2 sec. for $d.	Deals $s2 nature damage every $t2 sec.					
63549	all		Petrify Joints		Inflicts Nature damage and decreases movement speed by $s2% for $d.	Decreases movement speed by $s2%.					
63550	all		Guardian's Lash		Inflicts $s1 Nature damage and an additional $s2 Nature damage every $t2 sec for $d.	Inflicts $s2 Nature damage every $t2 sec.					
63551	all		Poison Breath		Inflicts $s2 Nature damage to enemies infront of the caster and an additional $s3 Nature damage every $t3 sec. for $d.	$s3 Nature damage inflicted every $t3 sec.					
63552	all		Thorn Swarm		Inflicts $s1 Nature damage to enemies within $a1 yards of the target.	Inflicts $s1 Nature damage to enemies within $a1 yards of the target.					
63553	all		Ironroot Thorns		Thorns sprout from the friendly target causing $s1 Nature damage to attackers when hit.  Lasts $d.	Causes $s1 Nature damage to attackers.					
63554	all		Tranquility		Regenerates all nearby group members for $s1 every $t1 seconds for $d. Channeled.	Heals nearby party members for $s1 every $t1 seconds.					
63556	all		Nourish		Heals a friendly target for $s1. Heals for an additional 20% if you have a Rejuvenation, Regrowth, or Lifebloom effect active on the target.						
63557	all		Hurricane		Creates a violent storm in the target area causing $s1 Nature damage to enemies every $t1 sec, and increasing the time between the attacks of enemies by $s2%.  Lasts $d. Must channel to maintain the spell.	$s1 Nature damage every $t1 seconds, and slow attacks and spells by $s2%.					
63559	all		Bind Life		Heals for $s1 health every $t1 sec for $d.	Heals for $s1 health every $t1 sec for $d.\nInflicts Nature damage in a $63085a1 yard radius if dispelled.					
63560	spellbook	772	Ghoul Frenzy		Grants your pet $s2% haste for $d and  heals it for ${$m1*10}% of its health over the duration.	Decreases the time between attacks by $s2% and heals $s1% every $t1 sec.					
63561	all		Fear Self								
63562	all		Frost Spear		The Frost Spear inflicts $63111s1 Frost damage and slows attack and cast speed by $63118s1% and inflicts $63118s3 Frost damage every $63118t3 for $d.						
63563	all		Frost Bite		The Frost Spear inflicts $63111s1 Frost damage and slows attack and cast speed by $63118s1% and inflicts $s2 Frost damage every $t2 for $d.	Slows attack and cast speed by $63118s1%.\nInflicts $s2 Frost damage every $t2 sec.					
63564	all		Winter's Embrace		A Frozen Shield that absorbs damage and increases Physical damage dealt by $s2% for $d.	Absorbs damage.\nIncreases Physical damage dealt by $s2%.					
63568	all		Living Tsunami		You summon a Living Tsunami that does $s2 Nature damage when in contact with hostile targets, inflicting an additional $s3 Nature damage every $t3 sec for $d.	Inflicts $s3 Nature damage every $t3 sec.					
63569	all		Wrath		Hurls a bolt of lightning at an enemy, inflicting Nature damage.						
63570	all		Nature's Fury		Deals Nature damage to nearby friendly units.	Deals Nature damage to nearby friendly units.					
63571	all		Nature's Fury		Infects an enemy for $d., causing it to inflict Nature damage to its nearby allies every $t1 sec.	Inflicts $s1 Nature damage to nearby allies every $t1 sec.					
63573	all		One-Armed Overhead Smash		The not so massive attack Inflicts Physical damage and decreases armor by $63355s1% for $63355d.						
63574	spellbook	613	Soul Warding	Rank 1	Reduces the cooldown of your Power Word: Shield ability by $/1000;s1 sec, and reduces the mana cost of your Power Word: Shield by $s2%.						
63575	all		Smoke Trail		The feedback from the explosion sends the passenger flying for a short time.	Shocked.					
63576	all		Chaotic Rift Aggro Effect								
63577	all		Chaotic Rift Aggro Proc								
63583	all		Desolation		Your Blood Strikes cause you to deal $s1% additional damage with all attacks for the next $d.	Damage dealt is increased by $s1%.					
63596	all		Mounted Melee Victory								
63597	all		Quest Credit - Trigger - 01								
63598	all		Iron Roots								
63599	all		Sandbox Tiger Cheer								
63601	all		Strengthened Iron Roots								
63604	all		Epic Purple Shirt Flex		Be the center of attention.						
63605	all		Rope Beam								
63606	all		Argent Crusade Aspirant's Pennant			Aspirant of the Argent Crusade.					
63607	all		Ebon Blade Aspirant's Pennant			Aspirant of the Knights of the Ebon Blade.					
63608	all		Ebon Blade Valiant's Pennant			Valiant of the Knights of the Ebon Blade.					
63609	all		Ebon Blade Champion's Pennant			Champion of the Knights of the Ebon Blade.					
63610	all		Lightning Brand								
63611	all		Improved Blood Presence		Strengthens the Death Knight with the presence of blood, increasing damage by $48266s1% and healing the Death Knight by $48266s2% of damage dealt.  Only damage dealt to targets that grant experience or honor can trigger this heal.  Only one Presence may be active at a time.						
63612	all		Lightning Brand		Shocks the target for $s1 Nature damage to the target, and increases Nature damage taken by $s2% for $d.	Nature damage taken increased by $s2%.					
63613	all		CK Test Disarm	Rank 8	Power infuses the target increasing their Stamina by $s1 for $d.	Increases Stamina by $s1.					
63615	all		Ravage Armor		Reduces the target's armor by $s1%.	Armor reduced by $s1%.					
63616	all		Ravage Armor								
63618	all		Overload		Fires an orbital blast, instantly killing all enemies nearby if pulled out of the Formation Grounds.						
63619	all		Shadowcrawl		Crawls through the shadows to the target enemy, and increases damage done by the Shadowfiend by $s2% for $d.	Damage increased by $s2%.					
63620	all		Shadowcrawl								
63621	all		zzOldImproved Frost Presence								
63622	all		Improved Unholy Presence								
63623	all		Avoidance	Passive	Reduces the damage your Shadowfiend takes from creature area of effect attacks by an additional $s1%.						
63624	all		Learn a Second Talent Specialization		Learn a Second Talent Specialization.	Learn a Second Talent Specialization.					
63625	spellbook	78	Improved Devouring Plague	Rank 1	Increases the periodic damage done by your Devouring Plague by $s1%, and when you cast Devouring Plague you instantly deal damage equal to $s2% of its total periodic effect.						
63626	spellbook	78	Improved Devouring Plague	Rank 2	Increases the periodic damage done by your Devouring Plague by $s1%, and when you cast Devouring Plague you instantly deal damage equal to $s2% of its total periodic effect.						
63627	spellbook	78	Improved Devouring Plague	Rank 3	Increases the periodic damage done by your Devouring Plague by $s1%, and when you cast Devouring Plague you instantly deal damage equal to $s2% of its total periodic effect.						
63628	all		Instakill Kologarn Arm								
63629	all		Arm Dead Damage Kologarn								
63630	all		Vengeful Surge		The death of a companion awakens a surge of energy, increasing damage dealt by $s1% and attack speed by $s3%.	Damage dealt increased by $s1%.\nAttack speed increased by $s3%.					
63631	all		Shock Blast		Deals $s1 Nature damage to all enemies within $a1 yards.						
63632	all		Shock Blast								
63633	all		Summon Rubble								
63634	all		Summon Rubble		Summons Rubble.	Summons Rubble.					
63635	spellbook	777	Darkspear Raptor		Summons and dismisses a rideable Darkspear Raptor.   This mount increases speed depending on your Riding Skill.	Increases speed depending on your Riding Skill.					
63636	spellbook	777	Ironforge Ram		Summons and dismisses a rideable Ironforge Ram.   This mount increases speed depending on your Riding Skill.	Increases speed depending on your Riding Skill.					
63637	spellbook	777	Darnassian Nightsaber		Summons and dismisses a rideable Darnassian Nightsaber.   This mount increases speed depending on your Riding Skill.	Increases speed depending on your Riding Skill.					
63638	spellbook	777	Gnomeregan Mechanostrider		Summons and dismisses a rideable Gnomeregan Mechanostrider.   This mount increases speed depending on your Riding Skill.	Increases speed depending on your Riding Skill.					
63639	spellbook	777	Exodar Elekk		Summons and dismisses a rideable Exodar Elekk.   This mount increases speed depending on your Riding Skill.	Increases speed depending on your Riding Skill.					
63640	spellbook	777	Orgrimmar Wolf		Summons and dismisses a rideable Orgrimmar Wolf.   This mount increases speed depending on your Riding Skill.	Increases speed depending on your Riding Skill.					
63641	spellbook	777	Thunder Bluff Kodo		Summons and dismisses a rideable Thunder Bluff Kodo.   This mount increases speed depending on your Riding Skill.	Increases speed depending on your Riding Skill.					
63642	spellbook	777	Silvermoon Hawkstrider		Summons and dismisses a rideable Silvermoon Hawkstrider.   This mount increases speed depending on your Riding Skill.	Increases speed depending on your Riding Skill.					
63643	spellbook	777	Forsaken Warhorse		Summons and dismisses a rideable Forsaken Warhorse.   This mount increases speed depending on your Riding Skill.	Increases speed depending on your Riding Skill.					
63644	spellbook	183	Activate Secondary Spec		Switch to your Secondary Talent Specialization.	Switch to your Secondary Talent Specialization.					
63645	spellbook	183	Activate Primary Spec		Switch to your Primary Talent Specialization.	Switch to your Primary Talent Specialization.					
63646	spellbook	267	Divinity	Rank 1	Increases all healing done by you and all healing effects on you by $s1%.						
63647	spellbook	267	Divinity	Rank 2	Increases all healing done by you and all healing effects on you by $s1%.						
63648	spellbook	267	Divinity	Rank 3	Increases all healing done by you and all healing effects on you by $s1%.						
63649	spellbook	267	Divinity	Rank 4	Increases all healing done by you and all healing effects on you by $s1%.						
63650	spellbook	267	Divinity	Rank 5	Increases all healing done by you and all healing effects on you by $s1%.						
63651	all		Revert to One Talent Specialization		Revert to One Talent Specialization.	Revert to One Talent Specialization.					
63652	all		Rapture		When your Power Word: Shield is completely absorbed or dispelled you are instantly energized with 2.5% of your total mana, and you have a chance to energize your shielded target with $47537s1% total mana, $/10;63653s1 rage, $63655s1 energy or $/10;63652s1 runic power. This effect can only occur once every $63853d.						
63653	all		Rapture		When your Power Word: Shield is completely absorbed or dispelled you are instantly energized with 2.5% of your total mana, and you have a chance to energize your shielded target with $47537s1% total mana, $/10;63653s1 rage, $63655s1 energy or $/10;63652s1 runic power. This effect can only occur once every $63853d.						
63654	all		Rapture		When your Power Word: Shield is completely absorbed or dispelled you are instantly energized with 2.5% of your total mana, and you have a chance to energize your shielded target with $47537s1% total mana, $/10;63653s1 rage, $63655s1 energy or $/10;63652s1 runic power. This effect can only occur once every $63853d.						
63655	all		Rapture		When your Power Word: Shield is completely absorbed or dispelled you are instantly energized with 2.5% of your total mana, and you have a chance to energize your shielded target with $47537s1% total mana, $/10;63653s1 rage, $63655s1 energy or $/10;63652s1 runic power. This effect can only occur once every $63853d.						
63657	all		Harpoon Shot								
63658	all		Harpoon Shot								
63659	all		Harpoon Shot								
63660	all		Arcane Explosion Visual (Massive)								
63661	all		Charge		A charging attack that inflicts $62874s1 damage and removes 1 layer of Defend from the opponent.						
63662	all		Test Charge! Speed Up		Charge your selected target!						
63663	all		Summon Tournament Argent Charger		Use near the tournament stables to summon your mount.						
63664	all		Summon Tournament Deathcharger		Use near the tournament stables to summon your mount.						
63665	all		Charge		Charge your selected target!						
63666	all		Napalm Shell		Fires a shell filled with napalm at a random enemy target. The shell explodes upon impact, dealing $s1 Fire damage instantly and an additional $o2 over $d. This effect attempts to target enemies over 15 yards away if possible.	Deals $s2 Fire damage per second.					
63667	all		Napalm Shell								
63668	spellbook	51	Black Arrow	Rank 2	Fires a Black Arrow at the target, increasing all damage done by you to the target by $s2% and dealing ${$RAP*0.1+$m1*5} Shadow damage over $d. Black Arrow shares a cooldown with Trap spells.	All damage taken increased by $s2%, and $s1 Shadow damage every $t1 seconds.					
63669	spellbook	51	Black Arrow	Rank 3	Fires a Black Arrow at the target, increasing all damage done by you to the target by $s2% and dealing ${$RAP*0.1+$m1*5} Shadow damage over $d. Black Arrow shares a cooldown with Trap spells.	All damage taken increased by $s2%, and $s1 Shadow damage every $t1 seconds.					
63670	spellbook	51	Black Arrow	Rank 4	Fires a Black Arrow at the target, increasing all damage done by you to the target by $s2% and dealing ${$RAP*0.1+$m1*5} Shadow damage over $d. Black Arrow shares a cooldown with Trap spells.	All damage taken increased by $s2%, and $s1 Shadow damage every $t1 seconds.					
63671	spellbook	51	Black Arrow	Rank 5	Fires a Black Arrow at the target, increasing all damage done by you to the target by $s2% and dealing ${$RAP*0.1+$m1*5} Shadow damage over $d. Black Arrow shares a cooldown with Trap spells.	All damage taken increased by $s2%, and $s1 Shadow damage every $t1 seconds.					
63672	spellbook	51	Black Arrow	Rank 6	Fires a Black Arrow at the target, increasing all damage done by you to the target by $s2% and dealing ${$RAP*0.1+$m1*5} Shadow damage over $d. Black Arrow shares a cooldown with Trap spells.	All damage taken increased by $s2%, and $s1 Shadow damage every $t1 seconds.					
63673	all		Lightning Brand		Shocks the target for $s1 Nature damage to the target, and increases Nature damage taken by $s2% for $d.	Nature damage taken increased by $s2%.					
63674	all		Lightning Brand								
63675	all		Improved Devouring Plague		Increases the periodic damage done by your Devouring Plague, and when you cast Devouring Plague you instantly deal damage equal to a portion of its total periodic effect.						
63676	all		Focused Eyebeam Visual 2								
63677	all		Heat Wave		Fires out a blast of heat, dealing $s1 Fire damage instantly and an additional $o2 Fire damage over $d to all enemies.	Deals $s2 Fire damage per second.					
63678	all		Earthliving Visual								
63679	all		Heat Wave								
63680	all		Teach Learn Talent Specialization Switches		Teaches you how to switch between talent specs.	Teaches you how to switch between talent specs.					
63681	all		Rocket Strike		Launches a rocket towards a random enemy. Once the rocket reaches the destination, it deals $63041s1 Fire damage to all enemies within $63041a1 yards.						
63685	spellbook	375	Freeze		Increases the damage done by your Lightning Bolt, Chain Lightning, Lava Lash and Shock spells on targets afflicted by your Frostbrand Attack effect, and your Frost Shock has a chance to root the target in ice for $63685d. when used on targets at or further than $63685s1 yards from you.	Frozen in place.					
63689	all		Plasma Ball		Builds up a ball of plasma and fires it at a target, dealing $s1 Spellfire damage.						
63691	all		Shoot Test Melee Rifle [PH]		Shoots at an enemy, inflicting Physical damage.						
63692	all		NPC Juggle Ball								
63693	all		NPC Juggle Ball (Catch)								
63694	all		NPC Juggle Ball (Juggling)								
63695	all		NPC Juggle Ball (No Catch)								
63696	all		NPC Juggle Ball II								
63699	all		Give Mechanic Abilities		You have mechanic abilities!	You have mechanic abilities!					
63700	all		cdubintwelve		This spell does awesome things as defined by Clayton Dubin.	I'm blocking your damages, LAWL.					
63701	all		Focused Eyebeam Summon 2								
63702	all		Focused Eyebeam Visual Right Eye								
63703	all		Void Wave		Unleashes a wave of negative energy every $t1 sec., burning the mana of nearby enemies.	Pulsing negative energy every $t1 sec., burning the mana of nearby enemies.					
63705	all		Void Wave		Pulses a dark wave, burning up to $s1 of nearby enemies' mana.						
63706	all		Learn Activate Your Primary Talent Spec		Teaches you how to switch between talent specs.	Teaches you how to switch between talent specs.					
63707	all		Learn Activate Your Secondary Talent Spec		Teaches you how to switch between talent specs.	Teaches you how to switch between talent specs.					
63708	all		Summon Void Beast		Summons a void creature from the nether.						
63709	all		Aggro Creator								
63710	all		Void Barrier		Surrounds the caster with an impenetrable void barrier, preventing all damage.	Shielded by an impenetrable void barrier.  \nImmune to all damage.					
63711	all		Storm Power		Charges a nearby friendly target with lightning, increasing critical strike damage by $s1% for $d.	Critical strike damage increased by $s1%.					
63712	spellbook	778	Sen'jin Fetish		Right Click to summon and dismiss your Sen'jin fetish.						
63713	all		Dominate Mind		Takes control of a humanoid enemy for $d.	Charmed.					
63714	all		Glyph of Berserk		Increases the duration of Berserk by ${$62969m1/1000} sec.						
63715	all		Glyph of Wild Growth		Wild Growth can affect $62970s1 additional target.						
63716	all		Stone Shout		Unleashes a hail of jagged rock, striking enemies every $t1 sec for $d.						
63717	all		Glyph of Nourish		Your Nourish heals an additional $62971s1% for each of your heal over time effects present on the target.						
63718	all		Glyph of Savage Roar		Your Savage Roar ability grants an additional $63055s1% bonus damage done.						
63720	all		Stone Shout		A massive shout that deals $s1 Physical damage to all enemies nearby.						
63721	all		Shadow Crash		Fires a missile towards a random target. When this missile lands, it deals $60849s1 Shadow damage to all enemies within $60489a1 yards of that location.						
63722	all		Shadow Crash		Fires a missile towards a random target. When this missile lands, it deals $60849s1 Shadow damage to all enemies within $60489a1 yards of that location.						
63723	all		Shadow Nova		Deals $s1 Shadow damage to all enemies within $a1 yards, knocking them back.						
63724	all		Holy Concentration		Your mana regeneration from spirit is increased by $63724s1% for $63724d after you critically heal with Flash Heal, Greater Heal, Binding Heal or Empowered Renew.	Mana regeneration increased by $s1%.					
63725	all		Holy Concentration		Your mana regeneration from spirit is increased by $63725s1% for $63725d after you critically heal with Flash Heal, Greater Heal, Binding Heal or Empowered Renew.	Mana regeneration increased by $s1%.					
63726	all		Pacify Self		Cannot attack.	Cannot attack.					
63727	all		Test Cosmetic DGK								
63728	all		cdubinthirteen		This spell does awesome things as defined by Clayton Dubin.	I'm blocking your damages, LAWL.					
63729	all		Elixir of Accuracy		Improves your chance to hit by $s1% and your chance to hit with spells by $s2% for $d.  Battle Elixir.	Chance to hit increased by $s1%. Chance to hit with spells increased by $s2%.  Battle Elixir.					
63730	spellbook	56	Serendipity	Rank 1	When you heal with Binding Heal or Flash Heal, the cast time of your next Greater Heal or Prayer of Healing spell is reduced by $63731s1%. Stacks up to 3 times. Lasts $63731d.						
63731	spellbook	56	Serendipity		When you heal with Binding Heal or Flash Heal, the cast time of your next Greater Heal or Prayer of Healing spell is reduced by $63731s1%. Stacks up to 3 times. Lasts $63731d.	Reduces the cast time of your next Greater Heal or Prayer of Healing by $s1%.					
63732	spellbook	171	Elixir of Accuracy								
63733	spellbook	56	Serendipity	Rank 2	When you heal with Binding Heal or Flash Heal, the cast time of your next Greater Heal or Prayer of Healing spell is reduced by $63735s1%. Stacks up to 3 times. Lasts $63735d.						
63734	spellbook	56	Serendipity		When you heal with Binding Heal or Flash Heal, the cast time of your next Greater Heal or Prayer of Healing spell is reduced by $63734s1%. Stacks up to 3 times. Lasts $63734d.	Reduces the cast time of your next Greater Heal or Prayer of Healing by $s1%.					
63735	spellbook	56	Serendipity		When you heal with Binding Heal or Flash Heal, the cast time of your next Greater Heal or Prayer of Healing spell is reduced by $63735s1%. Stacks up to 3 times. Lasts $63735d.	Reduces the cast time of your next Greater Heal or Prayer of Healing by $s1%.					
63736	all		cdubinfourteen		This spell does awesome things as defined by Clayton Dubin.	I'm blocking your damages, LAWL.					
63737	spellbook	56	Serendipity	Rank 3	When you heal with Binding Heal or Flash Heal, the cast time of your next Greater Heal or Prayer of Healing spell is reduced by $63734s1%. Stacks up to 3 times. Lasts $63734d.						
63738	all		cdubinsixteen		This spell does awesome things as defined by Clayton Dubin.	I'm blocking your damages, LAWL.					
63739	all		Glyph of Monsoon		Reduces the cooldown of your Typhoon spell by ${$63056m1/-1000} sec.						
63740	all		Glyph of Barkskin		Reduces the chance you'll be critically hit by melee attacks by $63057s1% while Barkskin is active.						
63741	all		Glyph of Chimera Shot		Reduces the cooldown of Chimera Shot by ${$63065m1/-1000} sec.						
63742	spellbook	197	Spidersilk Drape								
63743	spellbook	755	Amulet of Truesight								
63744	all		Sara's Anger								
63745	all		Sara's Blessing								
63746	spellbook	333	Enchant Boots - Accuracy		Permanently enchant boots to increase your chance to hit with attacks, ranged attacks, and spells by $15464s1%.						
63747	all		Sara's Fervor								
63748	all		Flashlight		Summon a powerful beam of light.	Beams of light!					
63749	all		Lightning Arc								
63750	spellbook	202	High-powered Flashlight								
63751	all		Pretty	Rank 1	You feel pretty.						
63752	all		Low Sanity Screen Effect								
63753	all		Fan of Knives		Instantly throw both weapons at all targets within $a1 yards, causing $s1% weapon damage.						
63754	all		Backstab		Inflicts $s1% normal damage to an enemy, but only if attacking from behind.						
63755	all		Deadly Poison		Inflicts Nature damage every $t1 sec for $d.	$s1 Nature damage inflicted every $t1 sec.					
63756	all		Deadly Poison								
63757	all		Thunderclap		Damages all nearby enemies for $s1 Nature damage and slows attack speed by $s2%.	Attack speed slowed by $s2%.					
63758	all		Frost Bolt Volley		Hurls missiles of ice, inflicting $s1 Frost damage to nearby enemies.						
63759	all		Dominate Mind Protection								
63760	all		Greater Heal		Calls upon Holy magic to heal an ally.						
63761	all		Target Search A		Searches for a random A target.						
63762	all		Target Search B		Searches for a random B target.						
63763	all		Target Search C		Searches for a random C target.						
63764	all		Target Search D		Searches for a random D target.						
63765	spellbook	202	Springy Arachnoweave		Permanently attaches a springy arachnoweave to a cloak, increasing spell power by 27 and allowing you to turn the cloak into a parachute to fall slowly for $55001d.\n\nThe cloak can only be used once a minute and requires an Engineering skill of at least 350.						
63766	all		Arm Sweep		A massive arm sweep that causes a shockwave that inflicts $63783s1 damage to anyone in it's path.						
63767	all		Bomb Bot								
63768	all		Increased Armor 800		+$s1 Armor.						
63769	all		Blue Skybeam								
63770	spellbook	202	Reticulated Armor Webbing		Permanently inserts reticulated armor webbing into gloves, increasing armor by 885.\n\nAttaching the armor webbing causes the gloves to become soulbound.  An Engineering skill of 400 is required to keep the webbing active.						
63771	all		Green Skybeam								
63772	all		Red Skybeam								
63773	all		Lightning Skybeam								
63774	all		Summon Fire Elemental		Summons $s1 $lFire Elemental:Fire Elementals; to accompany the caster until dismissed.						
63775	all		Flamestrike		Calls down a pillar of flame, burning all enemies in a selected area and inflicting additional damage every $t2 sec. for $d.	Fire damage inflicted every $t2 sec.					
63778	all		Fire Shield		Surrounds an ally with a shield of flame that inflicts $35266s1 Fire damage to nearby enemies every $t1 sec.  Lasts $d.	Inflicting $35266s1 Fire damage to nearby enemies every $t1 sec.					
63779	all		Fire Shield		Inflicts $s1 Fire damage to nearby enemies.						
63782	all		Bladestorm								
63783	all		Shockwave		The shockwave from the massive arm sweep inflicts $s1 Nature damage.						
63784	all		Bladestorm		Instantly Whirlwind all nearby targets and for the next $d you will perform a whirlwind attack every $t1 sec.  While under the effects of Bladestorm, you can move but cannot perform any other abilities but you do not feel pity or remorse or fear and you cannot be stopped unless killed.	Transformed into an unstoppable dervish of whirling steel.					
63785	all		Bladestorm		In a whirlwind of steel you attack enemies within $a1 yards, causing $s1% of weapon damage.						
63786	all		Sanity								
63788	all		Shockwave Visual								
63789	all		Fireball		Inflicts Fire damage to an enemy.						
63790	all		Shadowstep								
63791	all		Summon Tournament Hawkstrider (Aspirant)		Use near the tournament stables to summon your mount.						
63792	all		Summon Tournament Steed (Aspirant)		Use near the tournament stables to summon your mount.						
63793	all		Shadowstep								
63794	all		Dan's Test Dummy Traj Copy		A low fuel cost makes this mid to long range gun an absolute necessity in the field. Aim low and let it rip!						
63795	all		Psychosis		Inflicts $s1 Shadow damage. Also reduces Sanity by 9%.						
63796	spellbook	777	Mimiron's Head		Summons and dismisses a rideable mechanical gnome head.  This is a very fast construction.  This construction can only be summoned in Outland or Northrend. This mount increases speed depending on your Riding Skill.	Increases speed depending on your Riding Skill.					
63798	all		Summon Iron Vrykul								
63801	all		Bomb Bot		Sacrifices the caster and deals $s1 Fire damage to all enemies within $a1 yards.						
63802	all		Brain Link		Links the brains of two enemy targets. Afflicted targets suffer $63803s1 Shadow damage and lose 2% Sanity every $t1 sec. whenever they are more than $s1 yards apart.	$63803s1 Shadow damage inflicted and 2% Sanity lost every $t1 sec while linked player is more than $s1 yds away.					
63803	all		Brain Link		Links the brains of two enemy targets. Afflicted targets suffer $s1 Shadow damage and lose 2% Sanity every $63802t1 sec. whenever they are more than $63802s1 yards apart.						
63804	all		Brain Link								
63805	all		Whirlwind		Attacks nearby enemies in a whirlwind of steel that inflicts normal damage plus a bonus.						
63806	all		Whirlwind		Attacks nearby enemies in a whirlwind of steel that lasts $d. and inflicts normal damage plus $15589s1.	Attacking all nearby enemies for normal damage plus $15589s1.					
63807	all		Whirlwind		Attacks nearby enemies in a whirlwind of steel that inflicts normal damage plus a bonus.						
63808	all		Whirlwind		Attacks nearby enemies in a whirlwind of steel that lasts $d. and inflicts normal damage plus $15589s1.	Attacking all nearby enemies for normal damage plus $15589s1.					
63809	all		Lightning Bolt		Blasts an enemy with lightning, inflicting Nature damage.						
63811	all		Bomb Bot		Summons a Bomb Bot, which falls to the ground and acquires a random target. If the Bomb Bot reaches its target it will explode dealing $63801s1 Fire damage to all enemies within $63801a1 yards.						
63812	all		Spectator - Force Say								
63813	all		Spectator - Force Say								
63814	all		Argent Crusade Hand Pennant								
63815	all		Fireball		Inflicts Fire damage to an enemy.						
63818	all		Rumble		The rumbling Rubble inflicts $s1 Physical damage to targets within $a1 yards of the caster.						
63819	all		Summon Scrap Bot								
63820	all		Summon Scrap Bot Trigger								
63821	all		Falling Rubble		The shower of falling rubble Inflicts $s1 Physical damage to all enemies in the area.						
63823	all		Argent Tournament Invitation								
63824	all		Argent Tournament Invitation (Effect)								
63825	all		Sundering Thrust		A powerful Thrust that removes one layer of Defense.						
63826	all		Teleport		Teleport to the Argent Tournament Grounds in Icecrown.						
63827	all		Ride Vehicle								
63830	all		Malady of the Mind		Inflicts $s1 Shadow damage and causes the enemy target to run in horror for $d, then attempts to jump to another enemy within $63881a1 yds. Also reduces Sanity by 3%.	Horrified.  This effect will attempt to jump to a nearby friend when removed.					
63832	all		Darnassus Commendation Badge		Increases your Darnassus reputation by 250.						
63833	all		Exodar Commendation Badge		Increases your Exodar reputation by 250.						
63834	all		Gnomeregan Commendation Badge		Increases your Gnomeregan Exiles reputation by 250.						
63835	all		Ironforge Commendation Badge		Increases your Ironforge reputation by 250.						
63836	all		Stormwind Commendation Badge		Increases your Stormwind reputation by 250.						
63837	all		Orgrimmar Commendation Badge		Increases your Orgrimmar reputation by 250.						
63838	all		Sen'jin Commendation Badge		Increases your Darkspear Trolls reputation by 250.						
63839	all		Silvermoon Commendation Badge		Increases your Silvermoon City reputation by 250.						
63840	all		Thunder Bluff Commendation Badge		Increases your Thunder Bluff reputation by 250.						
63841	all		Undercity Commendation Badge		Increases your Undercity reputation by 250.						
63844	spellbook	777	Argent Hippogryph		Summons and dismisses a rideable Argent Hippogryph mount.    This mount can only be summoned in Outland or Northrend. This mount increases speed depending on your Riding Skill.	Increases speed depending on your Riding Skill.					
63845	all		Create Lance								
63846	all		Arm of Law		Teleports $s1 enemy $ltarget:targets; to the caster an stuns them for $d.	Stunned.					
63847	all		Flame Vents		Deals Fire damage to all enemies around the caster.						
63848	all		Hunger For Blood		Enrages you, increasing all damage caused by $s1%.  Requires a bleed effect to be active on the target.  Lasts $d.	All damage caused increased by $s1%.					
63849	all		Exposed Heart		The heart of the XT-002 is exposed, leaving it vulnerable.	The heart of the XT-002 is exposed.\nDamage taken increased by $s1%.					
63850	all		Activate Construct								
63851	all		Slobberfang Slurp								
63852	all		Heart Ride Vehicle Spell								
63853	all		Rapture								
63854	all		Glyph of Explosive Shot		Increases the critical strike chance of Explosive Shot by $63066s1%.						
63855	all		Glyph of Kill Shot		Reduces the cooldown of Kill Shot by ${$63067m1/-1000} sec.						
63856	all		Glyph of Explosive Trap		The periodic damage from your Explosive Trap can now be critical strikes.						
63857	all		Glyph of Scatter Shot		Increases the range of Scatter Shot by $63069s1 yards.						
63858	all		Glyph of Raptor Strike		Reduces damage taken by $63087s1% for $63087d after using Raptor Strike.						
63859	all		Glyph of Deep Freeze		Increases the range of Deep Freeze by $63090s1 yards.						
63860	all		Glyph of Living Bomb		The periodic damage from your Living Bomb can now be critical strikes.						
63861	all		Chains of Law		Immobilizes an enemy for $d.	Immobilized.					
63862	all		Glyph of Arcane Barrage		Reduces the mana cost of Arcane Barrage by $63092s1%.						
63863	all		Glyph of Mirror Image		Your Mirror Image spell now creates a 4th copy.						
63864	all		Glyph of Ice Barrier		Increases the amount of damage absorbed by your Ice Barrier by $63095s1%.						
63865	all		Glyph of Beacon of Light		Increases the duration of Beacon of Light by ${$63218m1/1000} sec.						
63866	all		Glyph of Hammer of the Righteous		Your Hammer of the Righteous hits $63219s1 additional target.						
63867	all		Glyph of Divine Storm		Your Divine Storm now heals for an additional $63220s1% of the damage it causes.						
63868	all		Glyph of Shield of Righteousness		Reduces the mana cost of Shield of Righteousness by $63222s1%.						
63869	all		Glyph of Divine Plea		While Divine Plea is active, you take $63223s1% reduced damage from all sources.						
63870	all		Glyph of Holy Shock		Reduces the cooldown of Holy Shock by ${$63224m1/-1000} sec.						
63871	all		Glyph of Salvation		When you cast Hand of Salvation on yourself, it also reduces damage taken by $63225s1%.						
63872	all		Glyph of Dispersion		Reduces the cooldown on Dispersion by ${$63229m1/-1000} sec.						
63873	all		Glyph of Guardian Spirit		If your Guardian Spirit lasts its entire duration without being triggered, the cooldown is reset to ${$63231m1/60} min.						
63874	all		Glyph of Penance		Reduces the cooldown of Penance by ${$63235m1/-1000} sec.						
63875	all		Glyph of Mind Sear		Increases the radius of effect on Mind Sear by $63237s1 yards.						
63876	all		Glyph of Hymn of Hope		Your Hymn of Hope lasts an additional ${$63246m1/1000} sec.						
63877	all		Glyph of Pain Suppression		Allows Pain Suppression to be cast while stunned.						
63878	all		Glyph of Hunger For Blood		Increases the bonus damage from Hunger For Blood by $63249s1%.						
63879	all		Glyph of Killing Spree		Reduces the cooldown on Killing Spree by ${$63252m1/-1000} sec.						
63880	all		Glyph of Shadow Dance		Increases the duration of Shadow Dance by ${$63253m1/1000} sec.						
63881	all		Malady of the Mind		Inflicts $s1 Shadow damage and causes the enemy target to run in horror for $d, then attempts to jump to another enemy within $a1 yds. Also reduces Sanity by 3%.	Horrified.  This effect will attempt to jump to a nearby friend when removed.					
63882	all		Death Ray Warning Visual								
63883	all		Death Ray Periodic		Blasts the target with Nature damage.						
63884	all		Death Ray		Blasts the target with a stream of deadly energy, dealing $s1 Nature damage every $63883t1 sec.						
63886	all		Death Ray Damage Visual								
63887	all		Death Ray Summon								
63888	all		Death Ray Summon								
63889	all		Death Ray Summon								
63890	all		Death Ray Summon								
63891	all		Death Ray		Unleashes four streams of deadly energy that destroy any enemy targets they touch.						
63893	all		Death Ray Origin Visual								
63894	all		Shadowy Barrier		Protects the caster from all attacks and spells.	Impervious to attacks and spells.					
63895	all		Phase 3 Transform								
63896	all		Bullheaded		Reduces all damage taken by $s1% for $d.	All damage taken reduced by $s1%.					
63897	all		Glyph of Fan of Knives		Increases the damage done by Fan of Knives by $63254s1%.						
63898	all		Glyph of Tricks of the Trade		The bonus damage and threat redirection granted by your Tricks of the Trade ability lasts an additional ${$63256m1/1000} sec.						
63899	all		Glyph of Mutilate		Reduces the cost of Mutilate by $63268s1 energy.						
63900	spellbook	270	Thunderstomp		Shakes the ground with thundering force, doing $s1 Nature damage to all enemies within $a1 yards.  This ability causes a moderate amount of additional threat.						
63901	all		Glyph of Cloak of Shadows		While Cloak of Shadows is active, you take $63269s1% less physical damage.						
63902	all		Glyph of Thunder		Reduces the cooldown on Thunderstorm by ${$63270m1/-1000} sec.						
63903	all		Glyph of Feral Spirit		Your spirit wolves gain an additional $63271s1% of your attack power.						
63904	all		Glyph of Riptide		Increases the duration of Riptide by ${$63273m1/1000} sec.						
63907	all		UK ON			Unkillable.					
63908	all		UK OFF								
63912	all		Frost Nova		Inflicts Frost damage to nearby enemies, immobilizing them for up to $d.	Immobilized.					
63913	all		Frostbolt		Inflicts Frost damage to an enemy and reduces its movement speed for $d.	Reduced movement speed.					
63914	all		Create Lance								
63915	all		Create Lance								
63916	all		Create Lance								
63917	all		Create Lance								
63918	all		Create Lance								
63919	all		Create Lance								
63920	all		Create Lance								
63921	all		Create Lance								
63922	all		Create Lance								
63923	all		Create Lance								
63924	spellbook	197	Emerald Bag								
63925	all		Glyph of Earth Shield		Increases the amount healed by your Earth Shield by $63279s1%.						
63926	all		Glyph of Totem of Wrath		When you cast Totem of Wrath, you gain $63280s1% of the totem's bonus spell power for $63283d.						
63927	all		Glyph of Hex		Increases the damage your Hex target can take before the Hex effect is removed by $63291s1%.						
63929	all		Glyph of Stoneclaw Totem		Your Stoneclaw Totem also places a damage absorb shield on you, equal to $63298s1 times the strength of the shield it places on your totems.						
63930	all		Glyph of Haunt		The bonus damage granted by your Haunt spell is increased by an additional $63302s1%.						
63931	all		Create Lance								
63932	all		Glyph of Metamorphosis		Increases the duration of your Metamorphosis by ${$63303m1/1000} sec.						
63933	all		Glyph of Chaos Bolt		Reduces the cooldown on Chaos Bolt by ${$63304m1/-1000} sec.						
63934	all		Arcane Barrage		Launches several missiles at the enemy target, causing $s1 Arcane damage.						
63937	all		Glyph of Demonic Circle		Reduces the cooldown on Demonic Circle by ${$63309m1/-1000} sec.						
63938	all		Glyph of Shadowflame		Your Shadowflame also applies a $63310s1% movement speed slow on its victims.						
63941	all		Glyph of Life Tap		When you use Life Tap or Dark Pact, you gain $63321s1% of your Spirit as spell power for $63321d.						
63943	all		Glyph of Soul Link		Increases the percentage of damage shared via your Soul Link by an additional $63312s1%.						
63944	all		Renewed Hope		Increases the critical effect chance of your Flash Heal, Greater Heal and Penance (Heal) spells on targets afflicted by the Weakened Soul effect, and you have a chance to reduce all damage taken to all friendly party and raid targets when you cast Power Word: Shield. This effect has a $57470s3 sec cooldown.	Reduces all damage taken by $s1%.					
63945	all		Glyph of Bladestorm		Reduces the cooldown on Bladestorm by ${$63324m1/-1000} sec.						
63947	all		Lifebinder's Gift Heal								
63948	all		Glyph of Shockwave		Reduces the cooldown on Shockwave by ${$63325m1/-1000} sec.						
63949	all		Glyph of Vigilance		Your Vigilance ability transfers an additional $63326s1% of your target's threat to you.						
63950	all		Glyph of Enraged Regeneration		Your Enraged Regeneration ability heals for an additional ${$63327m1*10}% of your health over its duration.						
63951	all		Glyph of Spell Reflection		Reduces the cooldown on Spell Reflection by ${$63328m1/-1000} sec.						
63952	all		Glyph of Shield Wall		Reduces the cooldown on Shield Wall by ${$63329m1/-60000} min, but Shield Wall now only reduces damage taken by ${60-$63329m2}%.						
63953	all		Glyph of Dancing Rune Weapon		Increases the duration of Dancing Rune Weapon by ${$63330m1/1000} sec.						
63954	all		Glyph of Hungering Cold		Reduces the cost of Hungering Cold by ${$63331m1/-10} runic power.						
63955	all		Glyph of Unholy Blight		Increases the damage done by Unholy Blight by $63332s1%.						
63956	spellbook	777	Ironbound Proto-Drake		Summons and dismisses a rideable Ironbound Proto-Drake.  This is an extremely fast mount.  This mount can only be summoned in Outland or Northrend. This mount increases speed depending on your Riding Skill.	Increases speed depending on your Riding Skill.					
63958	all		Glyph of Dark Death		Increases the damage or healing done by Death Coil by $63333s1%.						
63959	all		Glyph of Disease		Your Pestilence ability now refreshes disease durations and secondary effects of diseases on your primary target back to their maximum duration.						
63961	all		Glyph of Howling Blast		Your Howling Blast ability now infects your targets with Frost Fever.						
63962	all		Stone Grip Enter Visual Spell		Tractor Beam!	Tractor Beam!					
63963	spellbook	777	Rusted Proto-Drake		Summons and dismisses a rideable Rusted Proto-Drake.  This is an extremely fast mount.  This mount can only be summoned in Outland or Northrend. This mount increases speed depending on your Riding Skill.	Increases speed depending on your Riding Skill.					
63965	all		NPC Appearance - Champion 02								
63966	all		NPC Appearance - Valiant 03								
63967	all		Shield of Runes		Covers the caster in magic runes, absorbing up to $63489s1 damage. If $63489s1 damage is absorbed, this damage in converted into a powerful burst of energy, increasing the caster's damage by $62277s1% for $62277d.	Increases damage dealt by $s1%.					
63968	all		Summon Iron Dwarves								
63969	all		Summon Iron Dwarves								
63970	all		Summon Iron Dwarves								
63972	all		Increased Resilience 50		+$s1 Resilience Rating.						
63973	all		Increased Stamina 75		+$s1 Stamina.						
63974	all		Rip								
63975	all		Glyph of Blackstab - 3.2.2								
63976	all		Focused Eyebeam		Inflicts $s1 Arcane damage to enemies within $a1 yards.	Deals $s2 Arcane damage per second.					
63977	all		Focused Eyebeam Periodic		The eyebeam blasts the nearby area, dealing Nature damage.						
63978	all		Stone Nova		The Stone Nova inflicts $s1 Physical damage to targets within $a1 yards of the caster increasing damage taken by $s2% for $d.\nStacks.	Increases Physical damage taken by $s2%					
63979	all		Arm Dead Damage Kologarn								
63980	all		Petrifying Breath		Inflicts $s1 Nature damage every $t1 sec and increases damage taken by $62055s2% for $62055d.	Inflicts $s1 Nature damage every $t1 sec.\nCauses Brittle Skin.					
63981	all		Stone Grip		Squeezes the life out of the target, stunning it and inflicting $s2 Physical damage every $t2 sec until Kologarn's Arm sustains $64225s1 damage.	Stunned.\n$s2 Physical damage inflicted every $t2 sec.\nDamage to Kologarn's Arm may break this effect.					
63982	all		Shockwave		The shockwave from the massive arm sweep inflicts $s1 Nature damage.						
63983	all		Arm Sweep		A massive arm sweep that causes a shockwave that inflicts $63783s1 damage to anyone in it's path.						
63984	all		Hate to Zero								
63985	all		Stone Grip		Squeezes the life out of the target, stunning it and inflicting $s1 Physical damage every $t1 sec for $d or until Kologarn sustains 480,000 damage.	Stunned.\n$s1 Physical damage inflicted every $t1 sec.\nDamage to Kologarn may break this effect.					
63986	all		Trespasser!		Teleports the target out of the Silver Covenant Pavilion.	A guardian has teleported you out of the Silver Covenant Pavilion.					
63987	all		Trespasser!		Teleports the target out of the Sunreaver Pavilion.	A guardian has teleported you out of the Sunreaver Pavilion.					
63988	all		Illusion Room		Movement speed increased by $s2%.	"Movement speed increased by $s2%.\n\n|cFFFFAA00""Things are not what they seem.""|r"					
63989	all		Teleport to Stormwind Illusion		Transfers the target to the Stormwind Illusion.						
63990	all		Trespasser!			You are where you should not be...					
63991	all		Trespasser!			You are where you should not be...					
63992	all		Teleport back to Main Room		Transfers the target back to the Main Room.						
63993	all		Cancel Illusion Room Aura								
63995	all		Lumberjackin'								
63997	all		Teleport to Chamber Illusion		Transfers the target to the Chamber Illusion.						
63998	all		Teleport to Icecrown Illusion		Transfers the target to the Icecrown Illusion.						
63999	all		Overload		Focuses all the caster's energy into a single ball of lightning. This ball grows for $d until it finally explodes, dealing $61878s1 Nature damage to all enemies within $61878a1 yards and knocking them down.						
64001	all		Falling Rubble		The shower of falling rubble Inflicts $s1 Physical damage to all enemies in the area.						
64002	all		Crunch Armor		Decreases Armor by $s1% for $d.\nThis effect stacks.	Decreases Armor by $s1%.					
64003	all		Overhead Smash		The massive attack Inflicts Physical damage and decreases armor by $64002s1% for $64002d.						
64004	all		Stone Shout		Hurls a jagged rock shard, inflicting $s1 Physical damage to any enemies within $a1 yards of the target.						
64005	all		Stone Shout		Unleashes a hail of jagged rock, striking target enemy every $t1 sec for $d, and damaging any additional enemies within $63720a1 of the target.						
64006	all		One-Armed Overhead Smash		The not so massive attack Inflicts Physical damage and decreases armor by $64002s1% for $64002d.						
64010	all		Nondescript		Something about this creature seems... wrong.	Something about this creature seems... wrong.					
64012	all		Revealed Tentacle								
64013	all		Nondescript		Something about this creature seems... wrong.	Something about this object seems... wrong.					
64014	all		Expedition Base Camp Teleport		Teleports the target to Expedition Base Camp.						
64016	all		Flame Buffet		Increases the Fire damage an enemy takes by $s1 for $d.	Fire damage taken is increased by $s1.					
64017	all		Tentacle Void Zone								
64018	all		zzOLDDrain Soul								
64019	all		Rapid Burst		Unleashes a series of short plasma bursts towards a random enemy, dealing $s1 Spellfire damage per burst for a total of 6 bursts over $63382d.						
64020	all		Knock Away		Knocks away enemies that stray too close.						
64021	all		Flame Breath		Inflicts $s2 Fire damage to enemies in a cone in front of the caster.						
64022	all		Knock Away								
64023	all		Flame Buffet		Increases the Fire damage an enemy takes by $s1 for $d.	Fire damage taken is increased by $s1.					
64024	all		Conservatory Teleport		Teleports the target to the Conservatory of Life.						
64025	all		Halls of Invention Teleport		Teleports the target to the Halls of Invention.						
64026	all		Halls of Winter Teleport		Teleports the target to the Halls of Winter.						
64027	all		Descent into Madness Teleport		Teleports the target to the Descent into Madness.						
64028	all		Colossal Forge Teleport		Teleports the target to the Colossal Forge.						
64029	all		Shattered Walkway Teleport		Teleports the target to the Shattered Walkway.						
64030	all		Antechamber Teleport		Teleports the target to the Antechamber of Ulduar.						
64031	all		Scrapyard Teleport		Teleports the target to the Scrapyard.						
64032	all		Formation Grounds Teleport		Teleports the target to the Formation Grounds.						
64033	all		Summon Champion								
64034	all		Nerf			Damage reduced by $s1%.					
64035	all		Summon Warbringer								
64036	all		Buff			Damage increased by $s1%.					
64037	all		Summon Evoker								
64038	all		Summon Commoner								
64039	all		Grim Reprisal	Rank 1	All damage against you causes a percentage of the damage taken to the attacker as well.						
64040	all		Summon Angry Oak Spirit		An Angry Oak Spirit appears to avenge the slain Crystalsong Oak!	An Angry Oak Spirit appears to avenge the slain Crystalsong Oak!					
64042	all		P3Wx2 Laser Barrage		Spins up the dual cannons for $63414d before unleashing a spray of lasers in a random direction, dealing $63293s1 Spellfire damage every $63274t2 sec to all enemies caught inside. Lasts $63274d.						
64044	spellbook	78	Psychic Horror		You terrify the target, causing them to tremble in horror for $d and drop their main hand and ranged weapons for $64058d.	Horrified.					
64045	all		Mind Shield		Other players are unable to read your mind.						
64046	all		New Moon		Transform into a giant black wolf.	Unable to attack or cast spells.					
64047	all		New Moon		Transform into a giant white wolf.	Unable to attack or cast spells.					
64048	all		New Moon		Transform into a giant red wolf.	Unable to attack or cast spells.					
64049	all		New Moon		Transform into a giant grey wolf.	Unable to attack or cast spells.					
64050	all		Make Stone Block Summoner								
64051	spellbook	773	Rituals of the New Moon								
64052	all		New Moon		Transform into a giant wolf.	Unable to attack or cast spells.					
64053	spellbook	773	Twilight Tome								
64054	spellbook	185	Clamlette Magnifique								
64055	all		Summon Stone Thrower Bunny								
64056	all		Food		Restores $o1 health and ${$1137m2/5*30} mana over $d.  Must remain seated while eating.  If you spend at least 10 seconds eating you will become well fed and gain $64057s1 attack power and $64057s2 spell power for $64057d.	Restores $/5;s1 health per second.					
64057	all		Well Fed			Attack power increased by $s1 and spell power increased by $s2.					
64058	spellbook	78	Psychic Horror		You terrify the target, causing them to tremble in horror for $64044d and drop their main hand and ranged weapons for $64058d.	Disarmed.					
64059	all		Induce Madness		Drives all nearby targets insane, reducing Sanity by 100%.						
64060	all		Thorn Swarm		Inflicts $s1 Nature damage to enemies within $a1 yards of the target.	Inflicts $s1 Nature damage to enemies within $a1 yards of the target.					
64061	all		Explosion		Inflicts $s1 Fire damage to nearby enemies.						
64062	all		Battle Shout		Increases the damage of nearby party members by $s1% and attack speed by $s2% for $d.	Damage increased by $s1% and attack speed by $s2%					
64063	all		Assassinate								
64064	all		Rocket Strike		Launches a rocket towards a random enemy. Once the rocket reaches the destination, it deals $63041s1 Fire damage to all enemies within $63041a1 yards.						
64065	all		NPC Clear Combatant								
64066	all		Match Health								
64067	all		Overload								
64068	all		Ticking Bomb		Explodes after 6  sec inflicting $64061s1 Fire damage.\nTick-tock.	Explodes after 6 sec inflicting $64061s1 Fire damage.\nTick-tock.					
64069	all		Match Health	Rank 1							
64071	all		Thorn Swarm		Inflicts $s1 Nature damage to enemies within $a1 yards of the target.	Inflicts $s1 Nature damage to enemies within $a1 yards of the target.					
64072	all		Thorn Swarm		Inflicts $s1 Nature damage to enemies within $a1 yards of the target.	Inflicts $s1 Nature damage to enemies within $a1 yards of the target.					
64073	all		Thorn Swarm		Inflicts $s1 Nature damage to enemies within $a1 yards of the target.	Inflicts $s1 Nature damage to enemies within $a1 yards of the target.					
64076	all		[DND] Defend Aura (04 seconds)								
64077	all		Refresh Mount		Heals your mount. Can only be used out of combat.						
64079	all		Cosmetic - Explosion								
64081	all		Clamlette Magnifique								
64082	all		Emote State: Joust Ready								
64085	all		Vampiric Touch		Causes Shadow damage over $48160d to your target and causes up to 10 party or raid members to gain 1% of their maximum mana per 5 sec when you deal damage from Mind Blast. In addition, if the Vampiric Touch is dispelled it will cause damage to the afflicted target.						
64087	all		Solar Flare		Inflicts $s1 Fire damage to a number of targets based on Brightleaf Flux.	Inflicts $s1 Fire damage to a number of targets based on Brightleaf Flux.					
64088	all		Unstable Sun Beam		Increases damage dealt by $s1% until the energy of the beam collapses.	Increases damage dealt by $s1% until the energy of the beam collapses.					
64090	all		Teach River's Heart Taxi Path								
64093	all		Enable Interact While Hostile								
64094	all		Disable Interact While Hostile								
64097	all		Main Hand Return Visual			Stunned.					
64098	all		Lightning Bolt		Sends a charge of lightning energy to Thorim.						
64100	all		Defend		Damage reduce by $s1%. Strikes by Shield-Breaker or Charge remove 1 layer of Defend.	Damage reduce by $s1%. Strikes by Shield-Breaker or Charge remove 1 layer of Defend.					
64101	all		Defend			Damage reduce by $s1%. Strikes by Shield-Breaker or Charge remove 1 layer of Defend.					
64102	all		Black Arrow		Curses an enemy, inflicting periodic Shadow damage over $d. If the target dies while afflicted by Black Arrow, a Skeleton will be summoned from the target's corpse.	Shadow damage periodically inflicted over $d.					
64103	all		Shadow Affinity		Reduces the threat generated by your Shadow spells,  and you receive a percent of your base mana when your Shadow Word: Pain or Vampiric Touch spells are dispelled.						
64104	all		Quest Credit - Trigger - Dummy - 01								
64107	all		Quest Credit - Trigger - Dummy - 02								
64112	all		Berserk		Increases the caster's attack and movement speeds by $26662s2% and all damage it deals by $26662s1% for $d.  Also grants immunity to Taunt effects.	All damage dealt is increased by $26662s1%.\nAttack and Movement speeds increased by $26662s2%.\nImmune to Taunt.					
64113	all		Jeran Lockwood Credit								
64114	all		Rugan Steelbelly Credit								
64115	all		Valis Windchaser Credit								
64117	all		Green Skybeam								
64119	all		Tauren Canoe Ride								
64120	all		Torso Disabled								
64121	all		Increased Spell Penetration 55		Increases your spell penetration by $s1.						
64122	all		Black Hole Explosion		$s1 Shadow damage inflicted to enemies.	$s1 Shadow damage inflicted to enemies.					
64123	all		Lunge		Grabs a nearby enemy and squeezes the life out of them, inflicting Physical damage every second.						
64124	all		Increased Spell Penetration 59		Increases your spell penetration by $s1.						
64125	all		Squeeze		Grabs a nearby enemy and squeezes the life out of them, inflicting $s1 Physical damage every second.	$s1 Physical damage inflicted every $t1 sec.					
64126	all		Squeeze		Grabs a nearby enemy and squeezes the life out of them, inflicting $s1 Physical damage every second.	$s1 Physical damage inflicted every $t1 sec.					
64127	spellbook	56	Body and Soul	Rank 1	When you cast Power Word: Shield, you increase the target's movement speed by $s1% for $64128d, and you have a $s2% chance when you cast Abolish Disease on yourself to also cleanse 1 poison effect in addition to diseases.						
64128	all		Body and Soul		When you cast Power Word: Shield, you increase the target's movement speed by $s1% for $d, and you have a $s2% chance when you cast Abolish Disease on yourself to also cleanse 1 poison effect in addition to diseases.	Movement speed increased by $s1%.					
64129	spellbook	56	Body and Soul	Rank 2	When you cast Power Word: Shield, you increase the target's movement speed by $s1% for $64128d, and you have a $s2% chance when you cast Abolish Disease on yourself to also cleanse 1 poison effect in addition to diseases.						
64130	all		Increased Spell Penetration 31		Increases your spell penetration by $s1.						
64131	all		Lunge								
64132	all		Constrictor Tentacle								
64133	all		Constrictor Tentacle								
64134	all		Body and Soul		Attempts to cure $s2 poison effect on the target, and $3137s1 more poison effect every $t1 seconds for $d.	Attempts to cure $3137s1 poison every $t1 seconds.					
64135	all		Black Hole State								
64136	all		Body and Soul								
64138	all		Ride Vehicle								
64139	all		Crusher Tentacle								
64140	all		Sonic Burst		Inflicts normal damage plus $s1 on nearby enemies, preventing them from spellcasting for $d.	Cannot cast spells.					
64141	all		Flash Freeze		Blasts nearby enemies for Frost damage and freezes them in place for up to $d.	Stunned.					
64142	all		Upper Deck - Create Foam Sword								
64143	all		Corruptor Tentacle								
64144	all		Erupt		A tentacle bursts from the ground, dealing $s1 physical damage to enemies in a small area and knocking them back.						
64145	all		Diminish Power		Weakens enemy units in a large area around the caster, reducing the damage they do by $s2%.  Channeled.	All damage done reduced by $s2%.					
64146	all		Crush								
64147	all		Crush		Crushes enemy targets along the path of the tentacle's attack, dealing $s1 Physical damage to affected units.						
64148	all		Diminsh Power								
64149	all		Left Hand Nook Exploder Trigger								
64150	all		Right Hand Nook Exploder Trigger								
64151	all		Whirling Trip		Attacks the target with a spinning strike, knocking down and stunning them for $d and inflicting increased weapon damage.	Stunned.					
64152	all		Draining Poison		Inflicts $o1 Nature damage to an enemy and drains $o1 Mana over $d.	$s1 Nature damage inflicted every $t1 sec.\n$s2 Mana drained every $t1 sec.					
64153	all		Black Plague		Infects an enemy target with the plague, causing it to periodically retch uncontrollably.	Periodically retching uncontrollably.					
64155	all		Black Plague		Retch uncontrollably for $d.	Stunned.					
64156	all		Apathy		Reduces the attack and casting speeds of an enemy target by $s1% and slows its movement by $s2%.  Lasts $d.	Attack and casting speeds reduced by $s1%.\nMovement speed reduced by $s2%.					
64157	all		Curse of Doom		Dooms the target, inflicting $s1 Shadow damage after $d.	$s1 Shadow damage inflicted after $d.					
64158	all		Immortal Guardian								
64159	all		Drain Life		Transfers $s1 health every $t1 sec from the target to the caster.  Lasts $d.	Drains $s1 health every $t1 sec to the caster.					
64160	all		Drain Life		Transfers $s1 health every $t1 sec from the target to the caster.  Lasts $d.	Drains $s1 health every $t1 sec to the caster.					
64161	all		Empowered								
64162	all		Weakened		Immortal Guardians are vulnerable to Titanic Storm when their health is low.	Vulnerable to Titanic Storm.					
64163	all		Lunatic Gaze		Looking into the maw of madness unhinges your mind, inflicting $64164s1 Shadow damage and reducing Sanity by 4% every $t1 sec. for as long as you are facing the caster.	Inflicting $64164s1 Shadow damage and reducing the Sanity of all enemies facing the caster by 4% every $t1 sec.					
64164	all		Lunatic Gaze		Looking into the maw of madness unhinges your mind, inflicting $s1 Shadow damage and reducing Sanity by 4% every $64163t1 sec. for as long as you are facing the caster.						
64165	all		Death Animation								
64166	all		Extinguish All Life		Extinguishes all life. Kaput.						
64167	all		Lunatic Gaze		Looking into the laughing skull unhinges your mind, inflicting $64168s1 Shadow damage and reducing Sanity by 2% every $t1 sec. for as long as you are facing the caster.						
64168	all		Lunatic Gaze		Looking into the laughing skull unhinges your mind, inflicting $s1 Shadow damage and reducing Sanity by 2% every $64167t1 sec. for as long as you are facing the caster.						
64169	all		Sanity Well		Standing in the well brings you back to your senses, regenerating 20% Sanity every $63050t1 sec. Damage done is reduced by $s1% while you remain in the well.	20% Sanity regenerated every $63050t1 sec.\nDamage done reduced by $s1%.					
64170	all		Sanity Well		Conjures a Sanity Well that regenerates the Sanity of anyone who stands within it.						
64171	all		Titanic Storm		Channels a powerful storm of titan energy that periodically strikes at enemy targets with bolts of lightning strong enough to destroy weakened immortal creatures.	Channeling a storm of titan energy that periodically strikes at enemy targets with bolts of lightning strong enough to destroy weakened immortal creatures.					
64172	all		Titanic Storm		Channels a storm of titan energy that periodically strikes at enemy targets with bolts of lightning strong enough to destroy weakened immortal creatures.						
64173	all		Shattered Illusion		Yogg-Saron is momentarily stunned by the illusion shattering.	Stunned.					
64174	all		Hodir's Protective Gaze		Allows Hodir to save a friendly target who sustains fatal damage by encasing them in a nearly impenetrable block of ice for up to $12345d.  Hodir must rest after performing this action.	Hodir will save you if you sustain damage that would otherwise kill you.					
64175	all		Flash Freeze		You become encased in a block of ice, protecting you from all physical attacks and spells for $d, but during that time you cannot attack, move or cast spells.	Immune to all attacks and spells.  Cannot attack, move or use spells.					
64176	all		Flash Freeze								
64180	all		Rapid Recuperation		Regenerating mana.	Regenerating mana.					
64181	all		Rapid Recuperation		Regenerating mana.	Regenerating mana.					
64183	all		Despawn Drakes								
64184	all		In the Maws of the Old God		Throw the fragments of Val'anyr into Yogg-Saron's maw while he's performing Deafening Roar.	The fragments of Val'anyr are now inside Yogg-Saron's physical body.					
64185	all		Lifebinder's Gift		Eonar's Gift heals Freya and all of her minions for $s2% of their health.	Eonar's Gift heals Freya and all of her minions for $s2% of their health.					
64186	all		Frostbrand Attack	Rank 9	Imbue the Shaman's weapon with frost.  Each hit has a chance of causingl Frost damage and slowing the target's movement speed by $58798s1% for $58798d.  Lasts 30 minutes.	Movement slowed by $s1%.					
64187	all		Stormshield		Shields the caster with electricity causing $s2 Nature damage to attackers when hit. In addition, the caster is rendered immune to Stun effects.	Deals $s2 Nature damage to attackers.\nImmune to stuns.					
64188	all		Half Heal								
64189	all		Deafening Roar		Deals $s1 physical damage and silences enemies for $d.	Silenced.					
64190	all		Hardened Bark		Attacks made against the Lasher trigger the protective bark to grow, increasing damage. Stacks.	Damage dealt is increased by $s1%.					
64191	all		Hardened Bark		Attacks made against the Lasher trigger the protective bark to grow, increasing damage done.	Attacks made against the Lasher trigger the protective bark to grow, increasing damage done.					
64192	all		Block!								
64193	all		Heartbreak		The heart of the XT-002 Deconstructor has been severed, removing the combat limitations of the XT-002 Deconstructor.  Damage increased by $s3%. Health increased by $s2%.	"Increases damage done by $s3%.\nIncreases total health by $s2%. \n\n|cFFFFAA00""The heart no longer limits the XT-002 Deconstructor's combat capabilities.""|r"					
64195	all		Simple Teleport		This creates an effect on the casting NPC that makes it appear as though they just arrived.						
64199	all		Glyph of Envenom		Your Envenom ability no longer consumes Deadly Poison from your target.						
64200	all		Glyph of Envenom		Your Envenom ability no longer consumes Deadly Poison from your target.						
64201	all		Sunbeam								
64202	all		Giant Darkwater Clam		Open the clam!						
64203	all		Void Zone		Summon a Void Zone that deals Shadow damage to enemies that stand within it.						
64204	all		Try Melee Target								
64205	spellbook	267	Divine Sacrifice		$s1% of all damage taken by party members within $a1 yards is redirected to the Paladin (up to a maximum of $s3% of the Paladin's health times the number of party members).  Damage which reduces the Paladin below $s2% health will break the effect.  Lasts $d.	$s1% of all damage taken by party members redirected to the Paladin.					
64206	all		Consumption		Deals Shadow damage to all enemies within the void zone.						
64207	all		Consumption								
64208	all		Consumption		Deals Shadow damage to all enemies within the void zone.						
64209	all		Consumption								
64210	all		Life Spark		Summon a Life Spark that deals damage to nearby enemies.						
64211	all		Try Ranged Target								
64212	all		Try Charge Target								
64213	all		Chain Lightning		Strikes an enemy with a blast of lightning that inflicts $s1 Nature damage. The bolt will arc to additional nearby enemies, inflicting 50% more Nature damage to each successive target.						
64214	all		Chain Lightning Targeting								
64215	all		Chain Lightning		Strikes an enemy with a blast of lightning that inflicts $s1 Nature damage. The bolt will arc to additional nearby enemies, inflicting 20% more Nature damage to each successive target.						
64216	all		Lightning Nova		Emit a pulse of energy that deals $s1 Nature damage to enemies within $a1 yards.						
64217	all		Overcharged		Surges with uncontrolled power.  Increases damage dealt by $s2% per stack.	Damage dealt increased by $s2%.					
64218	all		Overcharge		Overloads a nearby Tempest Minion with a surge of storm energy.						
64219	all		Overcharged Blast		Causes the caster to explode, unleashing a pulse of energy that deals $s1 Nature damage to enemies within $a1 yards.						
64220	all		[DND] Defend Aura (08 seconds)								
64221	all		[DND] Defend Aura (06 seconds)								
64222	all		[DND] Defend Aura (07 seconds)								
64223	all		[DND] Defend Aura (10 seconds)								
64224	all		Stone Grip Absorb		Absorbs $s1 damage.	Absorbs $s1 damage.					
64225	all		Stone Grip Absorb		Absorbs $s1 damage.	Absorbs $s1 damage.					
64227	all		Static Charged		Deals Nature damage to all enemies within $a1 yards every $t1 sec.	$s1 Nature damage dealt every $t1 sec.					
64228	all		Ground Tremor								
64229	all		Iron Roots								
64230	all		Shock		Deals Nature damage to the target and up to $x1 nearby enemies.						
64232	all		Summon Tempest Minion								
64233	all		Gravity Bomb		Pulls enemies within $a1 yards into a gravity well, dealing $s1 damage.						
64234	all		Gravity Bomb		Charges the target with dark energy, causing them to explode and pull in nearby allies after $d.	Will explode, causing damage to nearby allies, pulling them to you after $t1 sec.					
64235	all		Void Zone		Summon a Void Zone that deals Shadow damage to enemies that stand within it.						
64236	all		Static Charged		Deals Nature damage to all enemies within $a1 yards every $t1 sec.	$s1 Nature damage dealt every $t1 sec.					
64237	all		Fiery Festival Brew								
64238	all		Berserk		Increases the caster's attack speed by $s2% and all damage it deals by $s1% for $d.	All damage dealt is increased by $s1%.\nAttack speed increased by $s2%.					
64244	all		Plague of Frogs								
64246	spellbook	773	Glyph of Raptor Strike								
64247	spellbook	773	Glyph of Stoneclaw Totem								
64248	spellbook	773	Glyph of Life Tap								
64249	spellbook	773	Glyph of Scatter Shot								
64250	spellbook	773	Glyph of Soul Link								
64251	spellbook	773	Glyph of Salvation								
64252	spellbook	773	Glyph of Shield Wall								
64253	spellbook	773	Glyph of Explosive Trap								
64254	spellbook	773	Glyph of Holy Shock								
64255	spellbook	773	Glyph of Vigilance								
64256	spellbook	773	Glyph of Barkskin								
64257	spellbook	773	Glyph of Ice Barrier								
64258	spellbook	773	Glyph of Monsoon								
64259	spellbook	773	Glyph of Pain Suppression								
64260	spellbook	773	Glyph of Mutilate								
64261	spellbook	773	Glyph of Earth Shield								
64262	spellbook	773	Glyph of Totem of Wrath								
64266	spellbook	773	Glyph of Dark Death								
64267	spellbook	773	Glyph of Disease								
64268	spellbook	773	Glyph of Berserk								
64269	all		Hologram Freya Channel								
64270	spellbook	773	Glyph of Wild Growth								
64271	spellbook	773	Glyph of Chimera Shot								
64273	spellbook	773	Glyph of Explosive Shot								
64274	spellbook	773	Glyph of Deep Freeze								
64275	spellbook	773	Glyph of Living Bomb								
64276	spellbook	773	Glyph of Arcane Barrage								
64277	spellbook	773	Glyph of Beacon of Light								
64278	spellbook	773	Glyph of Hammer of the Righteous								
64279	spellbook	773	Glyph of Divine Storm								
64280	spellbook	773	Glyph of Dispersion								
64281	spellbook	773	Glyph of Guardian Spirit								
64282	spellbook	773	Glyph of Penance								
64283	spellbook	773	Glyph of Hymn of Hope								
64284	spellbook	773	Glyph of Hunger for Blood								
64285	spellbook	773	Glyph of Killing Spree								
64286	spellbook	773	Glyph of Shadow Dance								
64287	spellbook	773	Glyph of Thunder								
64288	spellbook	773	Glyph of Feral Spirit								
64289	spellbook	773	Glyph of Riptide								
64290	all		Stone Grip		Squeezes the life out of the target, stunning it and inflicting $s1 Physical damage every $t1 sec until Kologarn's Arm sustains 100,000 damage.	Stunned.\n$s1 Physical damage inflicted every $t1 sec.\nDamage to Kologarn's Arm may break this effect.					
64291	spellbook	773	Glyph of Haunt								
64292	all		Stone Grip		Squeezes the life out of the target, stunning it and inflicting $s1 Physical damage every $t1 sec until Kologarn's Arm sustains 480,000 damage.	Stunned.\n$s1 Physical damage inflicted every $t1 sec.\nDamage to Kologarn's Arm may break this effect.					
64294	spellbook	773	Glyph of Chaos Bolt								
64295	spellbook	773	Glyph of Bladestorm								
64296	spellbook	773	Glyph of Shockwave								
64297	spellbook	773	Glyph of Dancing Rune Weapon								
64298	spellbook	773	Glyph of Hungering Cold								
64299	spellbook	773	Glyph of Unholy Blight								
64300	spellbook	773	Glyph of Howling Blast								
64301	all		Glyph of Envenom								
64302	spellbook	773	Glyph of Spell Reflection								
64303	spellbook	773	Glyph of Cloak of Shadows								
64304	spellbook	773	Glyph of Kill Shot								
64305	spellbook	773	Glyph of Divine Plea								
64307	spellbook	773	Glyph of Savage Roar								
64308	spellbook	773	Glyph of Shield of Righteousness								
64309	spellbook	773	Glyph of Mind Sear								
64310	spellbook	773	Glyph of Tricks of the Trade								
64311	spellbook	773	Glyph of Shadowflame								
64312	spellbook	773	Glyph of Enraged Regeneration								
64313	spellbook	773	Glyph of Nourish								
64314	spellbook	773	Glyph of Mirror Image								
64315	spellbook	773	Glyph of Fan of Knives								
64316	spellbook	773	Glyph of Hex								
64317	spellbook	773	Glyph of Demonic Circle								
64318	spellbook	773	Glyph of Metamorphosis								
64319	all		Knockback		Knocks away all targets in front of the caster.						
64320	all		Rune of Power		Summons a Rune of Power under a random friendly target. This rune increases damage by $s1% of all friendly and enemy targets within $a1 yards. Lasts $d.	Damage increased by $s1%.					
64321	all		Potent Pheromones		The Potent Pheromones ward off the Conservator's Grip.\nIncreases damage dealt by $s2%.	The Potent Pheromones ward off the Conservator's Grip.\nIncreases damage dealt by $s2%.					
64323	all		Book of Glyph Mastery		Discovers a glyph recipe unique to this book.						
64324	all		Hologram Sif Channel								
64328	all		Hunter's Mark Visual Only	Rank 1	Hunter's Mark Visual Only.						
64330	all		Pet Bear								
64331	all		Pet Crab								
64332	all		Pet Crocolisk								
64333	all		Pet Gorilla								
64334	all		Pet Moth								
64335	all		Pet Hyena								
64336	all		Pet Sporebat								
64337	all		Pet Tallstrider								
64338	all		Pet Wasp								
64339	all		Pet Turtle								
64342	all		Shield-Breaker		A ranged attack that inflicts $s1 damage and removes one layer of Defend from the opponent.						
64343	all		Impact	Rank 1	Your next Fire Blast stuns the target for $12355d.	Next Fire Blast stuns the target for $12355d.					
64345	all		Food		Restores $o1 health over $d.  This stuff is no joke, and you won't be able to move until you are at full health or $d passes.	Restores $/5;s1 health per second.  Unable to move or act.					
64346	all		Fiery Payback		Disarm the enemy's main hand and ranged weapons for $d.	Disarmed!					
64347	all		Combined Efforts		Combine 40 Certificates of Appreciation to create a special Limited Edition thank you gift. (PTR Only)						
64348	all		Hand Pulse		Fires a pulse of energy towards a random enemy, causing  $s2 Spellfire damage to all enemies in a cone facing the target enemy.						
64349	spellbook	8	Fiery Payback	Rank 2	When below 35% health all damage taken is reduced by $s1% and your Pyroblast spell's cast time is reduced by $/1000;S2 secs while the cooldown is increased by $/1000;S3 secs.						
64350	spellbook	8	Fiery Payback	Rank 2	When below 35% health all damage taken is reduced by $s1% and your Pyroblast spell's cast time is reduced by $/1000;S2 secs while the cooldown is increased by $/1000;S3 secs.						
64351	spellbook	778	XS-001 Constructor Bot		Right Click to summon and dismiss Mimiron's XS-001 Prototype.   He really hates water.						
64352	all		Hand Pulse		Fires a pulse of energy towards a random enemy, causing  $s2 Spellfire damage to all enemies in a cone facing the target enemy.						
64353	spellbook	8	Fiery Payback	Rank 1	When below 35% health all damage taken is reduced by $44440s1% and your Pyroblast spell's cast time is reduced by ${$44440m2/-1000}.2 secs while the cooldown is increased by ${$44440m3/1000}.1 secs.  In addition, melee and ranged attacks made against you have a $64350h% chance to disarm your attacker's main hand and ranged weapons.						
64354	all		Refreshment		Restores $64355o1 health and ${$64356m1/5*60} mana over $64356d.  Must remain seated while eating.						
64355	all		Food		Restores $o1 health over $d.  Must remain seated while eating.	Restores $/5;s1 health per second.					
64356	all		Drink		Restores $o1 mana over $d.  Must remain seated while drinking.	Restores $/5;s1 mana per second.					
64357	spellbook	8	Fiery Payback	Rank 1	When below 35% health all damage taken is reduced by $44441s1% and your Pyroblast spell's cast time is reduced by ${$44441m2/-1000}.1 secs while the cooldown is increased by ${$44441m3/1000} secs.  In addition, melee and ranged attacks made against you have a $64349h% chance to disarm your attacker's main hand and ranged weapons.						
64358	spellbook	185	Black Jelly								
64360	all		Summon Player								
64361	all		Brain Hurt Visual								
64363	all		Shock		Instantly throws a bolt of lightning at an enemy, inflicting Nature damage.						
64364	all		Aura Mastery								
64365	all		Shock		Instantly throws a bolt of lightning at an enemy, inflicting Nature damage.						
64366	all		Phantom Ghostfish		Eat it.	Invisible.					
64367	all		Algalon Event Beam								
64368	all		Eradication		When you deal damage with Corruption, you have $47195h% chance to increase your spell casting speed by $64371s1% for $64371d.	Spell casting speed increased by $s1%.					
64369	all		Strength of the Pack		The presence of other members of the pack increases damage done by $s1% to all members of the pack within $a1 yards.	Increases damage done by $s1%.					
64370	all		Eradication		When you deal damage with Corruption, you have $47196h% chance to increase your spell casting speed by $64370s1% for $64370d.	Spell casting speed increased by $s1%.					
64371	all		Eradication		When you deal damage with Corruption, you have $47197h% chance to increase your spell casting speed by $64371s1% for $64371d.	Spell casting speed increased by $s1%.					
64372	all		Lifebloom		Heals the target over 7 sec.  When Lifebloom completes its duration or is dispelled, the target instantly heals themself.  This effect can stack up to 3 times on the same target.						
64373	all		Armistice		Cannot attack members of the opposing faction while under the banner of the Argent Tournament.	Cannot attack members of the opposing faction while under the banner of the Argent Tournament.					
64374	all		Savage Pounce		A savage pounce that inflicts $s1 Physical damage and an additional $s2 Physical damage every $t2 sec for $d.	Inflicts $s2 Physical damage every $t2 sec.					
64375	all		Rip Flesh		A deadly attack that inflicts $s1 Physical damage every $t1 sec for $d. Stacks up to 100 times.	Inflicts $s1 Physical damage every $t1 sec.					
64376	all		Barrel Toss	Rank 5	Instantly tosses an explosive barrel at an enemy.  Also interrupts spellcasting and prevents any spell in that school from being cast for $d.						
64377	all		Barrel Toss	Rank 1	Instantly tosses an exploding barrel at an enemy for $s2 Physical and Fire damage.  Also interrupts spellcasting and prevents any spell in that school from being cast for $62347d.						
64378	all		Starfall		Summon a flurry of stars from the sky on all targets, each dealing $s1 Arcane damage.	$s1 Arcane damage inflicted.					
64379	all		Overcharge		Surges with storm energy.						
64380	spellbook	26	Shattering Throw		Throws your weapon at the enemy causing ${$64382m1+$AP*.50} damage (based on attack power), reducing the armor on the target by $64382s2% for $64382d or removing any invulnerabilities.						
64381	all		Strength of the Pack		The presence of other members of the pack increases damage done by $s1% to all members of the pack within $a1 yards.	Other nearby Sentries increase damage done.\nIncreases damage done by $s1%.					
64382	spellbook	26	Shattering Throw		Throws your weapon at the enemy causing ${$64382m1+$AP*.50} damage (based on attack power), reducing the armor on the target by $64382s2% for $64382d or removing any invulnerabilities.	Armor reduced by $s2%.					
64383	all		Self Repair		Heals the caster for $s1% of their total health. This is an automatic process that is triggered when the caster reaches low health. If all three parts are destroyed before any can repair themselves, the repair process will be interrupted and the caster will be permanently destroyed.						
64384	all		Tentacle Void Zone								
64385	all		Spinning		Point the compass!						
64386	all		Terrifying Screech		The screech strikes fear into the hearts of all nearby enemies, causing them to flee in horror for $d.	Feared.					
64387	all		Ride Vehicle								
64388	all		Ride Vehicle								
64389	all		Sentinel Blast		A massive blast that inflicts $64392s1 Shadow damage and increases Shadow damage taken by $64392s2% for $64392d.	A massive blast that inflicts $64392s1 Shadow damage and increases Shadow damage taken by $64392s2% for $64392d.					
64390	all		Chain Lightning		Strikes an enemy with a blast of lightning that inflicts $s1 Nature damage. The bolt will arc to additional nearby enemies, inflicting 50% more Nature damage to each successive target.						
64391	all		Despawn Black Hole								
64392	all		Sentinel Blast		Inflicts $s1 Shadow damage and increases Shadow damage taken by $s2% for $d. Stacks.	Increases Shadow damage taken by $s2%.					
64393	all		Mimiron Sleep Visual								
64394	all		Mimiron Sleep Visual								
64395	all		Quantum Strike		Strikes at an enemy, inflicting $s1 Physical damage.	Strikes at an enemy, inflicting $s1 Physical damage.					
64396	all		Guardian Swarm		Targets a player to be assaulted by the Guardian Swarm.	You have been targeted by the Guardian Swarm!					
64397	all		Summon Swarming Guardian								
64398	all		Summon Scrap Bot								
64399	all		Pounce								
64401	all		Glow Worm		When applied to your fishing pole, increases Fishing by 100 for 1 hour.						
64402	all		Rocket Strike		Launches a rocket towards a random enemy. Once the rocket reaches the destination, it deals $63041s1 Fire damage to all enemies within $63041a1 yards.						
64404	all		20 sec Cooldown Creature Special 2								
64411	all		Blessing of Ancient Kings		Your magical heals provide the target with a shield that absorbs damage equal to 15% of the amount healed for $d.	Provides damage absorption on heal.					
64412	all		Phase Punch		Massive blow that inflicts $s2 damage and slowly fades the target to another plane of existence.	You are fading from this plane of existence...					
64413	all		Protection of Ancient Kings		Absorbs damage.	Absorbs damage.					
64414	all		Load into Catapult		Load yourself into the catapult arm, using yourself as ammunition.						
64415	all		Val'anyr Hammer of Ancient Kings - Equip Effect		Your healing spells have a chance to cause Blessing of Ancient Kings for $64411d allowing your heals to shield the target absorbing damage equal to 15% of the amount healed.						
64416	all		Teleport Portal Visual								
64417	all		Phase Punch		Phase shifts the target to Worm Hole.	Phase Shifted.					
64418	all		Sniper Training	Rank 3	Increases the critical strike chance of your Kill Shot ability by $53302s2%, and while standing still for $53302s1 sec, you gain Sniper Training increasing the damage done by your Steady Shot, Aimed Shot, Black Arrow and Explosive Shot by $64418s1% for $64418d.	Damage done by your Steady Shot, Aimed Shot, Black Arrow and Explosive Shot increased by $s1%.					
64419	all		Sniper Training	Rank 3	Increases the critical strike chance of your Kill Shot ability by $53303s2%, and while standing still for $53303s1 sec, you gain Sniper Training increasing the damage done by your Steady Shot, Aimed Shot, Black Arrow and Explosive Shot by $64419s1% for $64419d.	Damage done by your Steady Shot, Aimed Shot, Black Arrow and Explosive Shot increased by $s1%.					
64420	all		Sniper Training	Rank 3	Increases the critical strike chance of your Kill Shot ability by $53304s2%, and while standing still for $53304s1 sec, you gain Sniper Training increasing the damage done by your Steady Shot, Aimed Shot, Black Arrow and Explosive Shot by $64420s1% for $64420d.	Damage done by your Steady Shot, Aimed Shot, Black Arrow and Explosive Shot increased by $s1%.					
64421	all		Phase Punch Alpha								
64422	all		Sonic Screech		A Sonic Shockwave that deals $s1 Physical damage to all enemies in its path.  The Shockwave damage is split between all targets in its path.						
64425	all		Summon Scrap Bot Trigger								
64426	all		Summon Scrap Bot								
64427	all		Summon Scrap Bot								
64428	all		Phase Punch Alpha								
64429	all		Death Grip		Harness the unholy energy that surrounds and binds all matter, drawing the target toward the caster.						
64430	all		Death Grip		Harness the unholy energy that surrounds and binds all matter, drawing the target toward the caster.						
64431	all		Death Grip		Draws your target before you with a beam of unholy power.						
64434	all		Phase Punch Alpha								
64435	all		Phase Punch Alpha								
64436	all		Magnetic Core		This magnet is strong enough to pull the Aerial Command Unit to the ground. In addition, it will increase all damage taken by the target by $s2%.	Damage taken increased by $s2%.					
64438	all		Magnetic Core Effect								
64440	all		Blade Warding		Increases parry rating by $s1 and deals $64442s1 damage the next time you successfully parry an attack.  Stacks up to 5 times.  All stacks are removed on a successful parry.	Parry rating increased by $s1.  Deals $64442s1 damage the next time you successfully parry an attack.					
64441	spellbook	333	Enchant Weapon - Blade Ward		Permanently enchants a weapon to sometimes grant Blade Warding when striking an enemy.  Blade Warding increases your parry rating by 200 and inflicts 600 to 800 damage on your next parry.  Lasts 10 sec.\n\nThis enchantment requires the wielder is at least level 75.						
64442	all		Blade Warding								
64443	all		Big Bang		Inflicts $s1 Physical damage to nearby enemies.						
64444	all		Magnetic Core		Deploying this magnet under the Aerial Command Unit will temporarily bring it to the ground and disable it. While it remains disabled, it will take an additional $64436s2% damage from all sources.						
64445	all		Remove Player from Phase								
64446	all		Teleport Visual Only								
64447	all		Activate Feral Defender		Summons a Feral Defender to aid Auriaya.	Summons a Feral Defender to aid Auriaya.					
64448	all		Activate Feral Defender Summon Trigger								
64449	all		Activate Feral Defender								
64450	all		Summon Unleashed Dark Matter								
64454	all		Counter Charge								
64455	all		Feral Essence		Each essence increases the damage dealt by the Feral Defender by $s1%.  The Feral Defender can revive itself at the cost of one of its Feral Essences.	Increases damage dealt by $s1%.					
64456	all		Feral Essence Application Removal								
64457	all		Seeping Feral Essence								
64458	all		Seeping Feral Essence		Casts Seeping Feral Essence for damage every second.	Casts Seeping Feral Essence for damage every second.					
64459	all		Seeping Feral Essence		The Seeping Essence of the Feral Defender Inflicts $s1 Shadow damage every $64458t1 sec.	The Seeping Essence of the Feral Defender Inflicts $s1 Shadow damage every $64458t1 sec.					
64460	all		Full Heal								
64461	all		Permanent Feign Death (No Anim) (Root)								
64462	all		Drowned State								
64463	all		Despawn Assault Bots								
64464	all		Insane			Insane.					
64465	all		Shadow Beacon		The target becomes a beacon for Yogg-Saron's Empowering Shadows.	Targeted for Empowering Shadows.					
64466	all		Empowering Shadows								
64467	all		Empowering Shadows								
64468	all		Empowering Shadows		Empowers friendly units within $a1 yds. of the target, causing them to regenerate $o1 Health over $d.	$s1 Health regenerated every $t1 sec.					
64469	all		Void Zone Visual								
64470	all		Summon Void Zone Visual								
64473	all		Strength of the Creator			Damage increased by $s1%.					
64474	all		Strength of the Creator								
64475	all		Strength of the Creator								
64478	all		Feral Pounce		The Feral Defender pounces the target stunning them for $d and inflicting Shadow damage every $t3 sec.	Stunned.\nInflicts Shadow damage every $t3 sec.					
64479	all		Shadow Paws								
64480	all		Despawn in Water								
64481	all		Reduce Critical Strike Chance -100%		Reduces chance to Crit to 0%.	Reduces chance to Crit to 0%.					
64482	all		Tower of Life		The charged orbital defenses provide the Leviathan with additional power. Health increased. Damage from fire reduced.	Health increased by $s3%.\nFire damage taken reduced by $s2%.					
64484	all		Grand Master Fishing		Teaches you how to be a Grand Master Fisherman, allowing a maximum of 450 fishing skill.						
64485	all		Journeyman Fishing		Teaches you how to be a Journeyman Fisherman, allowing a maximum of 150 fishing skill.						
64486	all		Empowering Shadows		Empowers friendly units within $a1 yds. of the target, causing them to regenerate $o1 Health over $d.	$s1 Health regenerated every $t1 sec.					
64487	all		Ascend to the Heavens		Inflicts $s1 Arcane damage to enemies.	Inflicts $s1 Arcane damage to enemies.					
64489	all		Feral Rush								
64490	all		Black Knight Transform								
64491	all		Furious Howl	Rank 2	Increases melee and ranged attack power by $s1 for the wolf and its master for $d.	Increased melee and ranged attack power.					
64492	all		Furious Howl	Rank 3	Increases melee and ranged attack power by $s1 for the wolf and its master for $d.	Increased melee and ranged attack power.					
64493	all		Furious Howl	Rank 4	Increases melee and ranged attack power by $s1 for the wolf and its master for $d.	Increased melee and ranged attack power.					
64494	all		Furious Howl	Rank 5	Increases melee and ranged attack power by $s1 for the wolf and its master for $d.	Increased melee and ranged attack power.					
64495	all		Furious Howl	Rank 6	Increases melee and ranged attack power by $s1 for the wolf and its master for $d.	Increased melee and ranged attack power.					
64496	all		Feral Rush		Charges an enemy, dealing Shadow damage and interrupting spell cast for $d.	$s3 Physical damage inflicted every $t3 sec.					
64497	all		Recently Spawned								
64498	all		Black Knight Transform 2								
64499	all		Deadly Throw		Throws a dagger at an enemy target, dealing $s1% weapon damage.  It also interrupts spellcasting and prevents any spell in that school from being cast for $d.						
64500	all		Signal to Argent Charger								
64501	all		Force Cast Signal to Argent Charger								
64502	all		Water								
64503	all		Water								
64505	all		Dark Shield		Protects the caster from all attacks and spells for $d., but also increases the time between attacks by $s2% during that time.	Immune to all attacks and spells.\nTime between attacks increased by $s2%.					
64507	all		Shield-Breaker Counter		A ranged attack that inflicts $s1 damage and removes one layer of Defend from the opponent.						
64508	all		Summon and Mount MAG								
64510	all		Reply-Code Alpha								
64515	all		Immune: Curses								
64522	all		Dmg Shield2		Thorns sprout from the friendly target causing $s1 Nature damage to attackers when hit.  Lasts $d.	Causes $s1 Nature damage to attackers.					
64523	all		Mount Scale 135%								
64524	all		Platinum Disks of Battle		Increases attack power by $s1 for $d.	Increases attack power by $s1.					
64525	all		Platinum Disks of Sorcery		Increases spell power by up to $s1 for $d.	Spell power increased by up to $s1.					
64526	all		Mount Scale 115%								
64527	all		Platinum Disks of Swiftness		Increases your haste rating by $s1 for $d1.	Increased attack speed.					
64528	all		Melt Ice		Attempts to melt a nearby Flash Freeze, inflicting Fire damage equal to $o1% of its total health over $d.	Fire damage equal to $o1% of total health inflicted over $d.					
64529	all		Plasma Blast		A stream of plasma errupts from the cannon, dealing $s1 Spellfire damage per second for $d. This effect cannot be resisted.	Deals $s1 Spellfire damage per second.					
64531	all		Rapid Burst		Unleashes a series of short plasma bursts towards a random enemy, dealing $s1 Spellfire damage per burst for a total of 6 bursts over $63382d.						
64532	all		Rapid Burst		Unleashes a series of short plasma bursts towards a random enemy, dealing $s1 Spellfire damage per burst for a total of 6 bursts over $63382d.						
64533	all		Heat Wave		Fires out a blast of heat, dealing $s1 Fire damage instantly and an additional $o2 Fire damage over $d to all enemies.	Deals $s2 Fire damage per second.					
64534	all		Heat Wave								
64535	all		Plasma Ball		Builds up a ball of plasma and fires it at a target, dealing $s1 Spellfire damage.						
64536	all		Hand Pulse		Fires a pulse of energy towards a random enemy, causing  $s2 Spellfire damage to all enemies in a cone facing the target enemy.						
64537	all		Hand Pulse		Fires a pulse of energy towards a random enemy, causing  $s2 Spellfire damage to all enemies in a cone facing the target enemy.						
64539	all		Napalm Shell								
64540	all		Melt Ice								
64542	all		Plasma Blast								
64543	all		Melt Ice								
64544	all		Frozen Blows		Inflicts $s1 Frost damage every $62478t2 sec.						
64545	all		Frozen Blows		Inflicts $s1 Frost damage every $63512t2 sec.						
64547	all		Check for Players								
64548	all		Create Fish								
64551	all		Phase Me								
64552	all		Grab		Charges and grabs a random enemy target, tossing them into the caster's slag pot. The target is unable to attack the caster and takes $62717s1 Fire damage every second for $62717d. If the target survives, they are imbued with the magical slag, increasing their movement speed by $62836s1% and haste by $62836s2% for $62836d.						
64553	all		[DND] Defend Aura (05 seconds)								
64554	all		Insane Periodic								
64555	all		Insane Periodic								
64556	all		Bestial Wrath								
64559	all		Left Hand Wall Exploder Trigger								
64560	all		Right Hand Wall Exploder Trigger								
64561	all		Flames								
64562	all		Summon Flames Spread Trigger								
64563	all		Summon Flames Initial								
64564	all		Summon Flames Spread								
64566	all		Flames		Deals $s1 Fire damage.						
64567	all		Summon Flames Initial								
64568	all		Blood Reserve		Heals you if you are taken below 35% health.	Heals for $64568s1 if you are taken below 35% health.					
64569	all		Blood Reserve		Heals $s1 for each stack of Blood Reserve.						
64570	all		Flame Suppressant		Sprays Flame Suppressant into the air, coating the room and dousing all flames. In addition, any enemies affected will have their cast speed slowed by $s1% for $d.	Casting speed slowed by $s1%.					
64571	all		Blood Draining								
64576	all		Court of Bones Phase Shift								
64579	spellbook	333	Enchant Weapon - Blood Draining		Permanently enchants your weapon to sometimes grant Blood Reserve when striking an enemy or inflicting damage with bleed attacks.  When you fall below 35% health, Blood Reserve restores $64568s1 health.  Lasts $64568d and stacks up to $64568u times.\n\nThis enchantment requires the wielder is at least level 75.						
