spell_id	priority	skill_line_ids	name_en	rank_en	description_en	tooltip_en	name_zh	rank_zh	description_zh	tooltip_zh	notes
81884	all		Throw		Throws a weapon at an enemy, inflicting Physical damage.						
81885	all		Healing Wave		Calls upon Nature magic to heal an ally.						
81886	all		Lightning Bolt		Blasts an enemy with lightning, inflicting Nature damage.						
81887	all		Mana Burn		Hits an enemy with an anti-mana bolt. For each point of mana consumed by the bolt, the target takes $e1 damage.						
81888	all		Throw Dynamite		Inflicts Fire damage to all enemies in a selected area.						
81889	all		Frost Armor		Encases the caster in a layer of frost that lasts $d. The thick ice increases armor, slows melee attackers' movement, and increases the time between their attacks.	Armor increased by $s1.\nSlowing melee attackers' movement and attacks.					
81890	all		Fireball		Inflicts Fire damage to an enemy.						
81891	all		Chain Lightning		Strikes an enemy with a lightning bolt that arcs to another nearby enemy. The spell affects up to $x1 targets, inflicting greater Nature damage to each successive target.						
81892	all		Battle Shout		Increases the melee attack power of nearby party members for $d.	Melee attack power increased by $s1.					
81893	all		Claw	Rank 4	Claw the enemy, causing $s1 damage.						
81894	all		Throw		Throws a weapon at an enemy, inflicting Physical damage.						
81895	all		Throw		Throws a weapon at an enemy, inflicting Physical damage.						
81896	all		Head Crack		Reduces an enemy's Stamina for $d.	Stamina reduced by $s1.					
81897	all		Fire Nova		Inflicts Fire damage to nearby enemies.						
81898	all		Shoot		Shoots at an enemy, inflicting Physical damage.						
81899	all		Lightning Bolt		Blasts an enemy with lightning, inflicting Nature damage.						
81900	all		Healing Wave		Calls upon Nature magic to heal an ally.						
81901	all		Throw		Throws a weapon at an enemy, inflicting Physical damage.						
81902	all		Poison		Inflicts Nature damage to an enemy every $t1 sec. for $d.	Nature damage inflicted every $t1 sec.					
81903	all		Backstab		Inflicts bonus damage to an enemy, but only if attacking from behind.						
81904	all		Thunderclap	Rank 1	Inflicts Nature damage to nearby enemies, increasing the time between their attacks by $s3% and slowing their movement by $s2% for $d.	Time between attacks increased by $s3%.\nMovement speed reduced by $s2%.					
81905	all		Frost Armor		Encases the caster in a layer of frost that lasts $d. The thick ice increases armor, slows melee attackers' movement, and increases the time between their attacks.	Armor increased by $s1.\nSlowing melee attackers' movement and attacks.					
81906	all		Fireball		Inflicts Fire damage to an enemy.						
81907	all		Flamestrike		Calls down a pillar of flame, burning all enemies in a selected area and inflicting additional damage every $t2 sec. for $d.	Fire damage inflicted every $t2 sec.					
81908	all		Plague Cloud		Reduces Strength by $s1, Agility by $s2, and Intellect by $s3 for all enemies in a selected area for $d.	Strength reduced by $s1.\nAgility reduced by $s2.\nIntellect reduced by $s3.					
81909	all		Shoot		Shoots at an enemy, inflicting Physical damage.						
81910	all		Revenge		Instantly counterattack an enemy for $s1 damage. Revenge must follow a block, dodge, or parry.						
81911	all		Rend Flesh		Inflicts damage to an enemy every $t1 sec. for $d.	$s1 damage inflicted every $t1 sec.					
81912	all		Backstab		Inflicts bonus damage to an enemy, but only if attacking from behind.						
81913	all		Claw	Rank 5	Claw the enemy, causing $s1 damage.						
81914	all		Acid Spit		Inflicts Nature damage to an enemy.						
81915	all		Acid Spit		Inflicts Nature damage to an enemy.						
81916	all		Acid Splash		Inflicts Nature damage to nearby enemies every $t1 sec. for $d.	$s1 Nature damage inflicted every $t1 sec.					
81917	all		Rejuvenation		Heals an ally every $t1 sec. for $d.	Damage healed every $t1 sec.					
81918	all		Battle Shout		Increases the melee attack power of nearby party members for $d.	Melee attack power increased by $s1.					
81919	all		Demoralizing Shout		Reduces the melee attack power of nearby enemies for $d.	Melee attack power reduced.					
81920	all		Pummel		Pummels an enemy for $s1 damage and interrupts the spell being cast for $d.						
81921	all		Acid Splash		Inflicts Nature damage to nearby enemies every $t1 sec. for $d.	$s1 Nature damage inflicted every $t1 sec.					
81922	all		Lightning Bolt		Blasts an enemy with lightning, inflicting Nature damage.						
81923	all		Healing Wave		Calls upon Nature magic to heal an ally.						
81924	all		Backstab		Inflicts bonus damage to an enemy, but only if attacking from behind.						
81925	all		Shoot		Shoots at an enemy, inflicting Physical damage.						
81926	all		Poisoned Shot		Inflicts normal damage plus a bonus to an enemy, then additional Nature damage every $t1 sec. for $d.	$s1 Nature damage inflicted every $t1 sec.					
81927	all		Plague Cloud		Reduces Strength by $s1, Agility by $s2, and Intellect by $s3 for all enemies in a selected area for $d.	Strength reduced by $s1.\nAgility reduced by $s2.\nIntellect reduced by $s3.					
81928	all		Shadow Bolt		Hurls a bolt of dark magic at an enemy, inflicting Shadow damage.						
81929	all		Wild Regeneration		Heals the caster for $s1 damage every $t1 sec. for $d.	$s1 damage healed every $t1 sec.					
81930	all		Wild Regeneration		Heals the caster for $s1 damage every $t1 sec. for $d.	$s1 damage healed every $t1 sec.					
81931	all		Wild Regeneration		Heals the caster for $s1 damage every $t1 sec. for $d.	$s1 damage healed every $t1 sec.					
81932	all		Fatal Bite		Drains health from an enemy, healing the caster for up to twice that amount.						
81933	all		Lightning Bolt		Blasts an enemy with lightning, inflicting Nature damage.						
81934	all		Healing Wave		Calls upon Nature magic to heal an ally.						
81935	all		Head Crack		Reduces an enemy's Stamina for $d.	Stamina reduced by $s1.					
81936	all		Throw		Throws a weapon at an enemy, inflicting Physical damage.						
81937	all		Head Crack		Reduces an enemy's Stamina for $d.	Stamina reduced by $s1.					
81938	all		Head Crack		Reduces an enemy's Stamina for $d.	Stamina reduced by $s1.					
81939	all		Shoot		Shoots at an enemy, inflicting Physical damage.						
81940	all		Head Crack		Reduces an enemy's Stamina for $d.	Stamina reduced by $s1.					
81941	all		Unholy Frenzy		Increases an ally's attack speed by $s1% for $d., but also inflicts $s2 Nature damage to that ally every $t2 sec.	Attack speed increased by $s1%.\n$s2 Nature damage inflicted every $t2 sec.					
81942	all		Shadow Bolt		Hurls a bolt of dark magic at an enemy, inflicting Shadow damage.						
81943	all		Heal	Rank 1	Heal your target for $s1.						
81944	all		Frostmane Strength	Rank 1	Increases an ally's Strength by $s1 for $d.	Strength increased by $s1.					
81945	all		Frost Shock		Inflicts Frost damage to an enemy and reduces its movement speed for $d.	Reduced movement speed.					
81946	all		Garrote	Rank 4	Inflicts $s1 damage to an enemy every $t1 sec. for $d. when attacking from stealth.	$s1 damage inflicted every $t1 sec.					
81947	all		Shadow Bolt		Hurls a bolt of dark magic at an enemy, inflicting Shadow damage.						
81948	all		Frostbolt Volley		Inflicts $s2 Frost damage to nearby enemies, reducing their movement speed by $s1% for $d.	Movement speed reduced by $s1%.					
81949	all		Flame Spike		Calls down a pillar of flame, burning all enemies in a selected area for $s1 Fire damage and an additional $s2 damage every $t2 sec. for $d.						
81950	all		Mana Burn		Destroy $m1% of the target's mana (up to a maximum of ${$m1*2}% of your own maximum mana). For each mana destroyed in this way, the target takes 0.5 Shadow damage.						
81951	all		Furious Howl		Increases the Strength of nearby party members by $s1 for $d.	Strength increased by $s1.					
81952	all		Poison		Inflicts Nature damage to an enemy every $t1 sec. for $d.	Nature damage inflicted every $t1 sec.					
81953	all		Lightning Bolt		Blasts an enemy with lightning, inflicting Nature damage.						
81954	all		Healing Wave		Calls upon Nature magic to heal an ally.						
81955	all		Frost Armor		Encases the caster in a layer of frost that lasts $d. The thick ice increases armor, slows melee attackers' movement, and increases the time between their attacks.	Armor increased by $s1.\nSlowing melee attackers' movement and attacks.					
81956	all		Frostbolt		Inflicts Frost damage to an enemy and reduces its movement speed for $d.	Reduced movement speed.					
81957	all		Frost Nova		Inflicts Frost damage to nearby enemies, immobilizing them for up to $d.	Immobilized.					
81958	all		Rend		Inflicts Physical damage to an enemy every $t1 sec. for $d.	Physical damage inflicted every $t1 sec.					
81959	all		Poison		Inflicts Nature damage to an enemy every $t1 sec. for $d.	Nature damage inflicted every $t1 sec.					
81960	all		Throw		Throws a weapon at an enemy, inflicting Physical damage.						
81961	all		Frost Armor		Encases the caster in a layer of frost that lasts $d. The thick ice increases armor, slows melee attackers' movement, and increases the time between their attacks.	Armor increased by $s1.\nSlowing melee attackers' movement and attacks.					
81962	all		Fireball		Inflicts Fire damage to an enemy.						
81963	all		Fireball		Inflicts Fire damage to an enemy.						
81964	all		Flamestrike		Calls down a pillar of flame, burning all enemies in a selected area and inflicting additional damage every $t2 sec. for $d.	Fire damage inflicted every $t2 sec.					
81965	all		Backstab	Rank 2	Backstab the target, causing $m2% weapon damage plus ${$m1*1.5} to the target.  Must be behind the target.  Requires a dagger in the main hand.  Awards $s3 combo $lpoint:points;.						
81966	all		Frost Armor		Encases the caster in a layer of frost that lasts $d. The thick ice increases armor, slows melee attackers' movement, and increases the time between their attacks.	Armor increased by $s1.\nSlowing melee attackers' movement and attacks.					
81967	all		Fireball		Inflicts Fire damage to an enemy.						
81968	all		Infected Bite		Inflicts Nature damage to an enemy every $t1 sec. and increases the Physical damage it takes for $d.	$s1 Nature damage inflicted every $t1 sec.\nPhysical damage taken is increased by $s2.					
81969	all		Backstab	Rank 4	Backstab the target, causing $m2% weapon damage plus ${$m1*1.5} to the target.  Must be behind the target.  Requires a dagger in the main hand.  Awards $s3 combo $lpoint:points;.						
81970	all		Renew	Rank 5	Heals the target for $<total> over $d.	Healing $s1 damage every $t1 seconds.					
81971	all		Heal	Rank 4	Heal your target for $s1.						
81972	all		Inner Fire	Rank 1	A burst of Holy energy fills the caster, increasing armor by $s1.  Each melee or ranged damage hit against the priest will remove one charge.  Lasts $d or until $n charges are used.	Increases armor by $s1.					
81973	all		Shadow Bolt		Hurls a bolt of dark magic at an enemy, inflicting Shadow damage.						
81974	all		Shrink		Reduces an enemy's Strength and Stamina for $d.	Strength reduced by $s1.\nStamina reduced by $s2.					
81975	all		Weak Frostbolt	Rank 1	Launches a bolt of ice at an enemy, inflicting $s1 Frost damage.						
81976	all		Flame Shock	Rank 3	Instantly sears the target with fire, causing $s1 Fire damage immediately and $o2 Fire damage over $d. This periodic damage may critically strike and will occur more rapidly based on the caster's spell haste.	$s2 Fire damage every $t2 seconds.					
81977	all		Shoot		Shoots at an enemy, inflicting Physical damage.						
81978	all		Poisoned Shot		Inflicts normal damage plus a bonus to an enemy, then additional Nature damage every $t1 sec. for $d.	$s1 Nature damage inflicted every $t1 sec.					
81979	all		Spirit Decay		Reduces an enemy's Spirit by $s1 for $d.	Spirit reduced by $s1.					
81980	all		Frost Armor		Encases the caster in a layer of frost that lasts $d. The thick ice increases armor, slows melee attackers' movement, and increases the time between their attacks.	Armor increased by $s1.\nSlowing melee attackers' movement and attacks.					
81981	all		Frostbolt		Inflicts Frost damage to an enemy and reduces its movement speed for $d.	Reduced movement speed.					
81982	all		Lightning Bolt		Blasts an enemy with lightning, inflicting Nature damage.						
81983	all		Healing Wave		Calls upon Nature magic to heal an ally.						
81984	all		Battle Shout		Increases the melee attack power of nearby party members for $d.	Melee attack power increased by $s1.					
81985	all		Rend Flesh		Inflicts damage to an enemy every $t1 sec. for $d.	$s1 damage inflicted every $t1 sec.					
81986	all		Rend Flesh		Inflicts damage to an enemy every $t1 sec. for $d.	$s1 damage inflicted every $t1 sec.					
81987	all		Sinister Strike		Inflicts normal damage plus $s1 to an enemy.						
81988	all		Gouge	Rank 2	Causes ${$m1+0.2*$AP} damage, incapacitating the opponent for $d, and turns off your attack.  Target must be facing you.  Any damage caused will revive the target.  Awards $s2 combo $lpoint:points;.	Incapacitated.					
81989	all		Healing Wave	Rank 5	Heals a friendly target for $s1.						
81990	all		Rancid Blood		Deals Shadow damage to nearby enemies.						
81991	all		Rancid Blood		Deals Shadow damage to nearby enemies.						
81992	all		Rancid Blood		Deals Shadow damage to nearby enemies.						
81993	all		Shield Bash	Rank 3	Bashes the target with your shield for $s2 damage.  It also interrupts spellcasting and prevents any spell in that school from being cast for $d.						
81994	all		Shadow Bolt		Hurls a bolt of dark magic at an enemy, inflicting Shadow damage.						
81995	all		Corruption	Rank 3	Corrupts the target, causing $o1 Shadow damage over $d.	$s1 Shadow damage every $t1 seconds.					
81996	all		Poison		Inflicts Nature damage to an enemy every $t1 sec. for $d.	Nature damage inflicted every $t1 sec.					
81997	all		Flame Lash		Burns an enemy for $s1 damage and reduces its Fire resistance by $s2 for $d.	Fire resistance reduced by $s2.					
81998	all		Fireball		Inflicts Fire damage to an enemy.						
81999	all		Fireball		Inflicts Fire damage to an enemy.						
82000	all		Strike		Strikes at an enemy, inflicting increased melee damage.						
82001	all		Fireball		Inflicts Fire damage to an enemy.						
82002	all		Flamestrike		Calls down a pillar of flame, burning all enemies in a selected area and inflicting additional damage every $t2 sec. for $d.	Fire damage inflicted every $t2 sec.					
82003	all		Fire Blast		Inflicts Fire damage to an enemy.						
82004	all		Arcane Bolt		Hurls a magical bolt at an enemy, inflicting Arcane damage.						
82005	all		Rend		Inflicts Physical damage to an enemy every $t1 sec. for $d.	Physical damage inflicted every $t1 sec.					
82006	all		Sunder Armor		Hacks at an enemy's armor, reducing it by $s1 per Sunder Armor. Can be applied up to 5 times. Lasts $d.	Reduced armor.					
82007	all		Fireball Volley		Inflicts Fire damage to nearby enemies.						
82008	all		Scorch		Scorches an enemy for Fire damage.						
82009	all		Rain of Fire		Calls down a molten rain, burning all enemies in a selected area for $s1 Fire damage every $t1 sec. for $d.	$s1 Fire damage inflicted every $t1 sec.					
82010	all		Shadow Bolt		Hurls a bolt of dark magic at an enemy, inflicting Shadow damage.						
82011	all		Fire Nova		Inflicts Fire damage to nearby enemies.						
82012	all		Gift of Ragnaros		Inflicts normal damage plus $s1 to an enemy.						
82013	all		Gift of Ragnaros		Inflicts normal damage plus $s1 to an enemy.						
82014	all		Sapper Explode		Inflict $s1 Fire damage to nearby enemies.						
82015	all		Gift of Ragnaros		Inflicts normal damage plus $s1 to an enemy.						
82016	all		Sunder Armor		Hacks at an enemy's armor, reducing it per Sunder Armor. Can be applied up to 5 times. Lasts $d.	Reduced armor.					
82017	all		Bomb		Bombs all enemies in a selected area, inflicting Fire damage.						
82018	all		Gift of Ragnaros		Inflicts normal damage plus $s1 to an enemy.						
82019	all		Immolate	Rank 2	Burns the enemy for $s2 Fire damage and then an additional $o1 Fire damage over $d.	$s1 Fire damage every $t1 seconds.					
82020	all		Curse of Weakness	Rank 3	Target's melee attack power is reduced by $s1 and armor is reduced by $s2% for $d.  Only one Curse per Warlock can be active on any one target.	Melee attack power reduced by $s1, and armor is reduced by $s2%.					
82021	all		Head Crack		Reduces an enemy's Stamina for $d.	Stamina reduced by $s1.					
82022	all		Execute		Attempts to finish off a wounded enemy, inflicting normal damage plus additional damage. Execute can only be used on enemies that have 20% or less health.						
82023	all		Slave Drain		Drains $s1 health from the caster's pet, healing the caster for up to 150% of that amount.						
82024	all		Shadow Bolt		Hurls a bolt of dark magic at an enemy, inflicting Shadow damage.						
82025	all		Demon Skin		Increases the caster's armor by $s1 and speeds its health regeneration for $d.	Armor increased by $s1.\nIncreased health regeneration.					
82026	all		Chain Lightning	Rank 1	Hurls a lightning bolt at the enemy, dealing $s1 Nature damage and then jumping to additional nearby enemies.  Each jump reduces the damage by 30%.  Affects $x1 total targets.						
82027	all		Shock	Rank 5	Instantly throws a bolt of lightning at the target for $s1 damage.						
82028	all		Acid Breath		Inflicts $s2 Nature damage and an additional $s1 damage every $t1 sec. to enemies in a cone in front of the caster. Lasts $d.	$s1 Nature damage inflicted every $t1 sec.					
82029	all		Lightning Bolt		Blasts an enemy with lightning, inflicting Nature damage.						
82030	all		Healing Wave	Rank 4	Heals a friendly target for $s1.						
82031	all		Rend		Inflicts Physical damage to an enemy every $t1 sec. for $d.	Physical damage inflicted every $t1 sec.					
82032	all		Rend		Inflicts Physical damage to an enemy every $t1 sec. for $d.	Physical damage inflicted every $t1 sec.					
82033	all		Lightning Bolt		Blasts an enemy with lightning, inflicting Nature damage.						
82034	all		Shoot		Shoots at an enemy, inflicting Physical damage.						
82035	all		Multi-Shot		Fires a volley of missiles at an enemy and its nearby allies, striking up to $x1 targets for normal damage plus $s1.						
82036	all		Immolate		Burns an enemy, then inflicts additional Fire damage every $t1 sec. for $d.	Fire damage inflicted every $t1 sec.					
82037	all		Knockdown		Inflicts $s2 damage to an enemy, stunning it for $d.	Stunned.					
82038	all		Muscle Tear		Cripples an enemy, inflicting normal damage plus $s1 and reducing its Strength for $d.	Strength reduced by $s2.					
82039	all		Leech Poison		Drains $s1 health from an enemy every $t1 sec. over $d., transferring it to the caster.	$s1 health leeched every $t1 sec.					
82040	all		Deadly Leech Poison		Drains $s1 health from an enemy every $t1 sec. over $d., transferring it to the caster.	$s1 health leeched every $t1 sec.					
82041	all		Head Crack		Reduces an enemy's Stamina for $d.	Stamina reduced by $s1.					
82042	all		Backstab		Inflicts bonus damage to an enemy, but only if attacking from behind.						
82043	all		Thorns	Rank 1	Thorns sprout from the friendly target causing $s1 Nature damage to attackers when hit.  Lasts $d.	Causes $s1 Nature damage to attackers.					
82044	all		Faerie Fire		Reduces an enemy's armor by $s1 for $d. While affected, the target cannot use stealth or invisibility.	Armor reduced by $s1.\nCannot use stealth or invisibility.					
82045	all		Backstab		Inflicts bonus damage to an enemy, but only if attacking from behind.						
82046	all		Throw		Throws a weapon at an enemy, inflicting Physical damage.						
82047	all		Demon Skin		Increases the caster's armor by $s1 and speeds its health regeneration for $d.	Armor increased by $s1.\nIncreased health regeneration.					
82048	all		Shadow Bolt		Hurls a bolt of dark magic at an enemy, inflicting Shadow damage.						
82049	all		Ice Claw		Inflicts normal damage plus $s2 to an enemy, and increases the time between its attacks by $s1% for $d.	Time between attacks increased by $s1%.					
82050	all		Rend Flesh		Inflicts damage to an enemy every $t1 sec. for $d.	$s1 damage inflicted every $t1 sec.					
82051	all		Rabies		Reduces the rate of an enemy's health regeneration by $s1%, in addition to lowering its Strength by $s2 and its Agility by $s3, for $d.	Health regeneration rate reduced by $s1%.\nStrength reduced by $s2.\nAgility reduced by $s3.					
82052	all		Frost Breath		Inflicts Frost damage to an enemy.						
82053	all		Frost Breath		Inflicts Frost damage to an enemy.						
82054	all		Frost Breath		Inflicts $s1 Frost damage to nearby enemies.						
82055	all		Fatal Bite		Drains health from an enemy, healing the caster for up to twice that amount.						
82056	all		Rend Flesh		Inflicts damage to an enemy every $t1 sec. for $d.	$s1 damage inflicted every $t1 sec.					
82057	all		Throw		Throws a weapon at an enemy, inflicting Physical damage.						
82058	all		Gouge		Causes ${1+0.21*$AP} damage, incapacitating the opponent for $d, and turns off your attack.  Target must be facing you.  Any damage caused will revive the target.  Awards $s2 combo $lpoint:points;.	Incapacitated.					
82059	all		Strike		Strikes at an enemy, inflicting weapon damage plus additional damage.						
82060	all		Lightning Bolt		Blasts an enemy with lightning, inflicting Nature damage.						
82061	all		Stoneform		Increases the caster's armor by $s1 for $d.	Armor increased by $s1.					
82062	all		Shoot		Shoots at an enemy, inflicting Physical damage.						
82063	all		Fire Blast	Rank 1	Blasts the enemy for $s1 Fire damage.						
82064	all		Bottle of Poison		Tosses a bottle of poison at an enemy, inflicting $s1 Nature damage every $t1 sec. for $d.	$s1 Nature damage inflicted every $t1 sec.					
82065	all		Demoralizing Shout		Reduces the melee attack power of nearby enemies for $d.	Melee attack power reduced.					
82066	all		Lightning Bolt		Blasts an enemy with lightning, inflicting Nature damage.						
82067	all		Lightning Bolt		Blasts an enemy with lightning, inflicting Nature damage.						
82068	all		Healing Wave	Rank 3	Heals a friendly target for $s1.						
82069	all		Tetanus		Reduces an enemy's Stamina by $s1 for $d.	Stamina reduced by $s1.					
82070	all		Ice Claw		Inflicts normal damage plus $s2 to an enemy, and increases the time between its attacks by $s1% for $d.	Time between attacks increased by $s1%.					
82071	all		Healing Wave	Rank 3	Heals a friendly target for $s1.						
82072	all		Unholy Shield		Increases the caster's armor and resistance to spells for $d.						
82073	all		Touch of Death		Drains $s1 health from an enemy, healing the caster for up to half that amount.						
82074	all		Uppercut		Inflicts normal damage plus $s1 to an enemy, knocking it back.						
82075	all		Decayed Strength		Reduces an enemy's Strength by $s1 for $d.	Strength reduced.					
82076	all		Sapper Explode		Inflict $s1 Fire damage to nearby enemies.						
82077	all		Furious Howl		Increases the Strength of nearby party members by $s1 for $d.	Strength increased by $s1.					
82078	all		Rend		Inflicts Physical damage to an enemy every $t1 sec. for $d.	Physical damage inflicted every $t1 sec.					
82079	all		Renew	Rank 1	Heals the target for $<total> over $d.	Healing $s1 damage every $t1 seconds.					
82080	all		Lesser Heal	Rank 3	Heal your target for $s1.						
82081	all		Daunting Growl		Reduces nearby enemies' Strength by $s1 and Agility by $s2 for $d.	Strength reduced by $s1.\nAgility reduced by $s2.					
82082	all		Holy Smite		Smites an enemy, inflicting $s1 Holy damage.						
82083	all		Holy Nova		Causes an explosion of divine light, inflicting $s1 Holy damage to nearby enemies and reducing the caster's threat level for $d.						
82084	all		Power Word: Shield		Wraps the caster in a shield that lasts up to $d., absorbing a maximum of $s1 Physical or magical damage. While the shield holds, spells will not be interrupted by Physical attacks.	Shielded against Physical and magical damage.					
82085	all		Shadow Bolt Volley		Hurls missiles of dark magic, inflicting Shadow damage to nearby enemies.						
82086	all		Frost Nova		Inflicts Frost damage to nearby enemies, immobilizing them for up to $d.	Immobilized.					
82087	all		Glacial Roar		Inflicts $s2 Frost damage to nearby enemies, stunning them for $d.	Stunned.					
82088	all		Lightning Bolt		Blasts an enemy with lightning, inflicting Nature damage.						
82089	all		Lightning Bolt		Blasts an enemy with lightning, inflicting Nature damage.						
82090	all		Healing Wave	Rank 4	Heals a friendly target for $s1.						
82091	all		Shock	Rank 2	Instantly throws a bolt of lightning at the target for $s1 damage.						
82092	all		Throw		Throws a weapon at an enemy, inflicting Physical damage.						
82093	all		Shoot		Shoots at an enemy, inflicting Physical damage.						
82094	all		Rend	Rank 2	Wounds the target causing them to bleed for $o1 damage plus an additional ${0.2*5*(($MWB+$mwb)/2+$AP/14*$MWS)} (based on weapon damage) over $d.	Bleeding for $s1 plus a percentage of weapon damage every $t1 seconds.					
82095	all		Heroic Strike		A strong attack that increases melee damage by $s1 and causes a high amount of threat.						
82096	all		Renew	Rank 2	Heals the target for $<total> over $d.	Healing $s1 damage every $t1 seconds.					
82097	all		Sunder Armor		Hacks at an enemy's armor, reducing it per Sunder Armor. Can be applied up to 5 times. Lasts $d.	Reduced armor.					
82098	all		Throw		Throws a weapon at an enemy, inflicting Physical damage.						
82099	all		Throw		Throws a weapon at an enemy, inflicting Physical damage.						
82100	all		Shadow Bolt		Hurls a bolt of dark magic at an enemy, inflicting Shadow damage.						
82101	all		Curse of Weakness	Rank 4	Target's melee attack power is reduced by $s1 and armor is reduced by $s2% for $d.  Only one Curse per Warlock can be active on any one target.	Melee attack power reduced by $s1, and armor is reduced by $s2%.					
82102	all		Pummel		Pummels an enemy for $s1 damage and interrupts the spell being cast for $d.						
82103	all		Trample		Inflicts normal damage plus additional damage to nearby enemies.						
82104	all		Weak Poison		Inflicts $s1 Nature damage to an enemy every $t1 sec. for $d.	$s1 Nature damage inflicted every $t1 sec.					
82105	all		Weak Poison		Inflicts $s1 Nature damage to an enemy every $t1 sec. for $d.	$s1 Nature damage inflicted every $t1 sec.					
82106	all		Fireball		Inflicts Fire damage to an enemy.						
82107	all		Frost Armor		Encases the caster in a layer of frost that lasts $d. The thick ice increases armor, slows melee attackers' movement, and increases the time between their attacks.	Armor increased by $s1.\nSlowing melee attackers' movement and attacks.					
82108	all		Frostbolt		Inflicts Frost damage to an enemy and reduces its movement speed for $d.	Reduced movement speed.					
82109	all		Shadow Word: Pain	Rank 1	A word of darkness that causes $o1 Shadow damage over $d.	$s1 Shadow damage every $t1 seconds.					
82110	all		Disease Touch		Inflicts Shadow damage to an enemy.						
82111	all		Disease Touch		Inflicts Shadow damage to an enemy.						
82112	all		Disease Touch		Inflicts Shadow damage to an enemy.						
82113	all		Disease Touch		Inflicts Shadow damage to an enemy.						
82114	all		Fireball		Inflicts Fire damage to an enemy.						
82115	all		Power Word: Fortitude	Rank 1	Power infuses the target, increasing their Stamina by $s1 for $d.	Increases Stamina by $s1.					
82116	all		Lesser Heal	Rank 2	Heal your target for $s1.						
82117	all		Frost Armor		Encases the caster in a layer of frost that lasts $d. The thick ice increases armor, slows melee attackers' movement, and increases the time between their attacks.	Armor increased by $s1.\nSlowing melee attackers' movement and attacks.					
82118	all		Frostbolt		Inflicts Frost damage to an enemy and reduces its movement speed for $d.	Reduced movement speed.					
82119	all		Lightning Bolt		Blasts an enemy with lightning, inflicting Nature damage.						
82120	all		Shock	Rank 1	Instantly throws a bolt of lightning at the target for $s1 damage.						
82121	all		Backstab		Inflicts bonus damage to an enemy, but only if attacking from behind.						
82122	all		Ravage		Inflicts normal damage plus $s1 to an enemy, stunning it for $d.	Stunned.					
82123	all		Ravage		Inflicts normal damage plus $s1 to an enemy, stunning it for $d.	Stunned.					
82124	all		Poison		Inflicts Nature damage to an enemy every $t1 sec. for $d.	Nature damage inflicted every $t1 sec.					
82125	all		Trample		Inflicts normal damage plus additional damage to nearby enemies.						
82126	all		Fireball		Inflicts Fire damage to an enemy.						
82127	all		Kick		Kicks an enemy dealing damage, interrupting the spell being cast for $d.						
82128	all		Kick	Rank 3	A quick kick that injures a single foe for $s2 damage.  It also interrupts spellcasting and prevents any spell in that school from being cast for $d.						
82129	all		Shadow Bolt		Hurls a bolt of dark magic at an enemy, inflicting Shadow damage.						
82130	all		Curse of Weakness	Rank 4	Target's melee attack power is reduced by $s1 and armor is reduced by $s2% for $d.  Only one Curse per Warlock can be active on any one target.	Melee attack power reduced by $s1, and armor is reduced by $s2%.					
82131	all		Gouge		Inflicts $s1 damage to an enemy and incapacitates it for up to $d. You will automatically stop attacking. Target must be facing you. Any damage received by the stunned target will revive it.	Incapacitated.					
82132	all		Backstab	Rank 5	Backstab the target, causing $m2% weapon damage plus ${$m1*1.5} to the target.  Must be behind the target.  Requires a dagger in the main hand.  Awards $s3 combo $lpoint:points;.						
82133	all		Gouge	Rank 3	Causes ${$m1+0.2*$AP} damage, incapacitating the opponent for $d, and turns off your attack.  Target must be facing you.  Any damage caused will revive the target.  Awards $s2 combo $lpoint:points;.	Incapacitated.					
82134	all		Fireball		Inflicts Fire damage to an enemy.						
82135	all		Fire Nova		Inflicts Fire damage to nearby enemies.						
82136	all		Flamestrike		Calls down a pillar of flame, burning all enemies in a selected area and inflicting additional damage every $t2 sec. for $d.	Fire damage inflicted every $t2 sec.					
82137	all		Head Crack		Reduces an enemy's Stamina for $d.	Stamina reduced by $s1.					
82138	all		Strike		Strikes at an enemy, inflicting weapon damage plus additional damage.						
82139	all		Curse of Thule		Reduces the Spirit of an enemy by $s1 for $d.	Spirit reduced by $s1.					
82140	all		Curse of Thule		Reduces the Spirit of an enemy by $s1 for $d.	Spirit reduced by $s1.					
82141	all		Holy Light	Rank 4	Heals a friendly target for $s1.						
82142	all		Poison		Inflicts Nature damage to an enemy every $t1 sec. for $d.	Nature damage inflicted every $t1 sec.					
82143	all		Frost Armor		Encases the caster in a layer of frost that lasts $d. The thick ice increases armor, slows melee attackers' movement, and increases the time between their attacks.	Armor increased by $s1.\nSlowing melee attackers' movement and attacks.					
82144	all		Fireball		Inflicts Fire damage to an enemy.						
82145	all		Life Harvest		Drains $s1 health from an enemy, transferring it to the caster.						
82146	all		Curse of Thule		Reduces the Spirit of an enemy by $s1 for $d.	Spirit reduced by $s1.					
82147	all		Shoot		Shoots at an enemy, inflicting Physical damage.						
82148	all		Revenge		Instantly counterattack an enemy for $s1 damage. Revenge must follow a block, dodge, or parry.						
82149	all		Furious Howl	Rank 1	Increases melee and ranged attack power by $s1 for the wolf and its master for $d.	Increased melee and ranged attack power.					
82150	all		Rabies		Reduces the rate of an enemy's health regeneration by $s1%, in addition to lowering its Strength by $s2 and its Agility by $s3, for $d.	Health regeneration rate reduced by $s1%.\nStrength reduced by $s2.\nAgility reduced by $s3.					
82151	all		Shred		Reduces an enemy's armor by $s1 for $d.	Armor reduced by $s1.					
82152	all		Frost Nova		Inflicts Frost damage to nearby enemies, immobilizing them for up to $d.	Immobilized.					
82153	all		Frost Armor		Encases the caster in a layer of frost that lasts $d. The thick ice increases armor, slows melee attackers' movement, and increases the time between their attacks.	Armor increased by $s1.\nSlowing melee attackers' movement and attacks.					
82154	all		Frost Armor		Encases the caster in a layer of frost that lasts $d. The thick ice increases armor, slows melee attackers' movement, and increases the time between their attacks.	Armor increased by $s1.\nSlowing melee attackers' movement and attacks.					
82155	all		Curse of Thule		Reduces the Spirit of an enemy by $s1 for $d.	Spirit reduced by $s1.					
82156	all		Curse of Thule		Reduces the Spirit of an enemy by $s1 for $d.	Spirit reduced by $s1.					
82157	all		Healing Wave	Rank 2	Heals a friendly target for $s1.						
82158	all		Swipe		A ferocious swipe that deals damage to the target and up to three nearby enemies.						
82159	all		Blood Leech		Drains $s1 health from an enemy, transferring it to the caster.						
82160	all		Withering Poison			Nature damage inflicted every $t1 sec.\nReduced Strength and Agility.					
82161	all		Poison		Inflicts Nature damage to an enemy every $t1 sec. for $d.	Nature damage inflicted every $t1 sec.					
82162	all		Frostbolt		Inflicts Frost damage to an enemy and reduces its movement speed for $d.	Reduced movement speed.					
82163	all		Fire Nova		Inflicts Fire damage to nearby enemies.						
82164	all		Strike		Strikes at an enemy, inflicting weapon damage plus $s1.						
82165	all		Rend		Inflicts Physical damage to an enemy every $t1 sec. for $d.	Physical damage inflicted every $t1 sec.					
82166	all		Shadow Bolt		Hurls a bolt of dark magic at an enemy, inflicting Shadow damage.						
82167	all		Shadow Bolt Volley		Hurls missiles of dark magic, inflicting Shadow damage to nearby enemies.						
82168	all		Dark Mending		Heals an ally with dark magic.						
82169	all		Toxic Saliva		Inflicts $s1 Nature damage to an enemy every $t1 sec. Also drains $s2 mana every $t2 sec., transferring it to the caster. Lasts $d.	$s1 Nature damage inflicted every $t1 sec.\n$s2 mana leeched every $t2 sec.					
82170	all		Shadow Bolt Volley		Hurls missiles of dark magic, inflicting Shadow damage to nearby enemies.						
82171	all		Mana Burn		Hits an enemy with an anti-mana bolt. For each point of mana consumed by the bolt, the target takes $e1 damage.						
82172	all		Frailty		Reduces all attributes of nearby enemies by $s1 for $d.	All attributes reduced by $s1.					
82173	all		Flame Shock		Instantly burns an enemy, then inflicts additional Fire damage every $t2 sec. for $d.	Fire damage inflicted every $t2 sec.					
82174	all		Blast Wave		Unleashes a wave of flame, inflicting Fire damage to nearby enemies and reducing their movement speed for $d.	Reduced movement speed.					
82175	all		Flash Freeze		Blasts nearby enemies for Frost damage and freezes them in place for up to $d.	Stunned.					
82176	all		Frost Armor		Encases the caster in a layer of frost that lasts $d. The thick ice increases armor, slows melee attackers' movement, and increases the time between their attacks.	Armor increased by $s1.\nSlowing melee attackers' movement and attacks.					
82177	all		Swipe		A ferocious swipe that deals damage to the target and up to three nearby enemies.						
82178	all		Debilitating Touch		Reduces an enemy's Strength by $s1 and its Stamina by $s2 for $d.	Strength reduced by $s1.\nStamina reduced by $s2.					
82179	all		Knock Away		Inflicts normal damage plus $s1 to an enemy and knocks it back.						
82180	all		Swoop		Inflicts normal damage plus $s1 to enemies in a cone in front of the caster, stunning them for $d.	Stunned.					
82181	all		Plague Cloud		Reduces Strength by $s1, Agility by $s2, and Intellect by $s3 for all enemies in a selected area for $d.	Strength reduced by $s1.\nAgility reduced by $s2.\nIntellect reduced by $s3.					
82182	all		Fireball		Inflicts Fire damage to an enemy.						
82183	all		Frostbolt		Inflicts Frost damage to an enemy and reduces its movement speed for $d.	Reduced movement speed.					
82184	all		Overpower		Instantly overpowers an enemy, causing weapon damage plus $s1. Can only be used after the target dodges. Overpower cannot be blocked, dodged, or parried.						
82185	all		Strike		Strikes at an enemy, inflicting weapon damage plus $s1.						
82186	all		Overpower		Instantly overpowers an enemy, causing weapon damage plus $s1. Can only be used after the target dodges. Overpower cannot be blocked, dodged, or parried.						
82187	all		Shoot		Shoots at an enemy, inflicting Physical damage.						
82188	all		Fireball		Inflicts Fire damage to an enemy.						
82189	all		Blast Wave		Unleashes a wave of flame, inflicting Fire damage to nearby enemies and reducing their movement speed for $d.	Reduced movement speed.					
82190	all		Fireball Volley		Inflicts Fire damage to nearby enemies.						
82191	all		Fire Ward		Surrounds the caster with a shield that lasts $d. and can absorb a fixed amount of Fire damage.	Shielded against Fire damage.					
82192	all		Fireball		Inflicts Fire damage to an enemy.						
82193	all		Shield Slam		Inflicts damage to an enemy, stunning it for $d.	Stunned.					
82194	all		Crusader Strike		Inflicts $s1 damage to an enemy and increases the Holy damage it takes by $s2 per Crusader Strike. Can be applied up to 5 times. Lasts $d.	Holy damage taken is increased.					
82195	all		Holy Strike		Consecrates the caster's weapon, inflicting additional damage on its next attack. All damage inflicted is based on Holy magic.						
82196	all		Holy Light		Calls upon Holy magic to heal an ally.						
82197	all		Crusader Strike		Inflicts $s1 damage to an enemy and increases the Holy damage it takes by $s2 per Crusader Strike. Can be applied up to 5 times. Lasts $d.	Holy damage taken is increased.					
82198	all		Holy Strike		Consecrates the caster's weapon, inflicting additional damage on its next attack. All damage inflicted is based on Holy magic.						
82199	all		Arcane Explosion		Sends out a blast wave of magic, inflicting Arcane damage to nearby enemies.						
82200	all		Crusader Strike		Inflicts $s1 damage to an enemy and increases the Holy damage it takes by $s2 per Crusader Strike. Can be applied up to 5 times. Lasts $d.	Holy damage taken is increased.					
82201	all		Holy Strike		Consecrates the caster's weapon, inflicting additional damage on its next attack. All damage inflicted is based on Holy magic.						
82202	all		Holy Fire		Consumes an enemy in flames, burning it and inflicting additional Fire damage every $t2 sec. over $d.	Fire damage inflicted every $t2 sec.					
82203	all		Power Word: Shield		Wraps an ally in a shield that lasts up to $d, absorbing Physical or magical damage. While the shield holds, spells will not be interrupted by Physical attacks.	Shielded against Physical and magical damage.					
82204	all		Heal		Calls upon Holy magic to heal an ally.						
82205	all		Crusader Strike		Inflicts $s1 damage to an enemy and increases the Holy damage it takes by $s2 per Crusader Strike. Can be applied up to 5 times. Lasts $d.	Holy damage taken is increased.					
82206	all		Holy Strike		Consecrates the caster's weapon, inflicting additional damage on its next attack. All damage inflicted is based on Holy magic.						
82207	all		Holy Cleave		Inflicts weapon damage plus $s1 to an enemy and its nearest allies, affecting up to $x1 targets.						
82208	all		Holy Light		Calls upon Holy magic to heal an ally.						
82209	all		Snap Kick		Inflicts $s2 damage to an enemy, stunning it for $d.	Stunned.					
82210	all		Strike		Strikes at an enemy, inflicting weapon damage plus additional damage.						
82211	all		Shield Slam		Inflicts damage to an enemy, stunning it for $d.	Stunned.					
82212	all		Arcane Blast		Blasts an enemy with Arcane magic, inflicting normal damage plus $s2 and knocking the enemy back.						
82213	all		Holy Strike		Consecrates the caster's weapon, inflicting additional damage on its next attack. All damage inflicted is based on Holy magic.						
82214	all		Shield Slam		Inflicts damage to an enemy, stunning it for $d.	Stunned.					
82215	all		Arcane Blast		Blasts an enemy with Arcane magic, inflicting normal damage plus $s2 and knocking the enemy back.						
82216	all		Holy Light		Calls upon Holy magic to heal an ally.						
82217	all		Holy Strike		Consecrates the caster's weapon, inflicting additional damage on its next attack. All damage inflicted is based on Holy magic.						
82218	all		Crusader Strike		Inflicts $s1 damage to an enemy and increases the Holy damage it takes by $s2 per Crusader Strike. Can be applied up to 5 times. Lasts $d.	Holy damage taken is increased.					
82219	all		Rend		Inflicts Physical damage to an enemy every $t1 sec. for $d.	Physical damage inflicted every $t1 sec.					
82220	all		Drain Life		Drains health from an enemy over $d., transferring it to the caster.	$o1 health leeched over $d.					
82221	all		Shadow Bolt		Hurls a bolt of dark magic at an enemy, inflicting Shadow damage.						
82222	all		Shadow Bolt Volley		Hurls missiles of dark magic, inflicting Shadow damage to nearby enemies.						
82223	all		Knock Away		Inflicts normal damage plus $s1 to an enemy and knocks it back.						
82224	all		Putrid Stench		Reduces nearby enemies' Strength by $s2 and Agility by $s3 for $d., as well as preventing them from casting spells.	Strength reduced by $s2.\nAgility reduced by $s3.\nCannot cast spells.					
82225	all		Uppercut		Inflicts normal damage plus $s1 to an enemy, knocking it back.						
82226	all		Frostbolt		Inflicts Frost damage to an enemy and reduces its movement speed for $d.	Reduced movement speed.					
82227	all		Frost Nova		Inflicts Frost damage to nearby enemies, immobilizing them for up to $d.	Immobilized.					
82228	all		Inner Fire	Rank 5	A burst of Holy energy fills the caster, increasing armor by $s1.  Each melee or ranged damage hit against the priest will remove one charge.  Lasts $d or until $n charges are used.	Increases armor by $s1.					
82229	all		Heal		Calls upon Holy magic to heal an ally.						
82230	all		Holy Smite		Smites an enemy, inflicting Holy damage.						
82231	all		Heal		Calls upon Holy magic to heal an ally.						
82232	all		Frost Armor		Encases the caster in a layer of frost that lasts $d. The thick ice increases armor, slows melee attackers' movement, and increases the time between their attacks.	Armor increased by $s1.\nSlowing melee attackers' movement and attacks.					
82233	all		Frostbolt		Inflicts Frost damage to an enemy and reduces its movement speed for $d.	Reduced movement speed.					
82234	all		Curse of Agony	Rank 1	Curses the target with agony, causing $o1 Shadow damage over $d.  This damage is dealt slowly at first, and builds up as the Curse reaches its full duration.  Only one Curse per Warlock can be active on any one target.	$o1 Shadow damage over $d.					
82235	all		Soul Siphon	Rank 1	Drains $o1 health over $d. from an enemy and its nearest ally, healing the caster for up to twice the amount of health stolen.	$o1 health leeched over $d.					
82236	all		Touch of Ravenclaw		Stuns an enemy and reduces its armor by $s2 for $d.	Stunned.\nArmor reduced by $s2.					
82237	all		Head Crack		Reduces an enemy's Stamina for $d.	Stamina reduced by $s1.					
82238	all		Sunder Armor		Hacks at an enemy's armor, reducing it per Sunder Armor. Can be applied up to 5 times. Lasts $d.	Reduced armor.					
82239	all		Rend		Inflicts Physical damage to an enemy every $t1 sec. for $d.	Physical damage inflicted every $t1 sec.					
82240	all		Strike		Strikes at an enemy, inflicting weapon damage plus $s1.						
82241	all		Knockdown		Inflicts $s2 damage to an enemy, stunning it for $d.	Stunned.					
82242	all		Flamestrike		Calls down a pillar of flame, burning all enemies in a selected area and inflicting additional damage every $t2 sec. for $d.	Fire damage inflicted every $t2 sec.					
82243	all		Flamestrike	Rank 1	Calls down a pillar of fire, burning all enemies within the area for $s1 Fire damage and an additional $o2 Fire damage over $d.	$s2 Fire damage every $t2 seconds.					
82244	all		Frost Armor		Encases the caster in a layer of frost that lasts $d. The thick ice increases armor, slows melee attackers' movement, and increases the time between their attacks.	Armor increased by $s1.\nSlowing melee attackers' movement and attacks.					
82245	all		Frostbolt		Inflicts Frost damage to an enemy and reduces its movement speed for $d.	Reduced movement speed.					
82246	all		Frost Nova		Inflicts Frost damage to nearby enemies, immobilizing them for up to $d.	Immobilized.					
82247	all		Shoot		Shoots at an enemy, inflicting Physical damage.						
82248	all		Demoralizing Shout		Reduces the melee attack power of nearby enemies for $d.	Melee attack power reduced.					
82249	all		Shield Bash		Bashes an enemy with the caster's shield, inflicting Physical damage and interrupting the spell being cast.						
82250	all		Rend	Rank 4	Wounds the target causing them to bleed for $o1 damage plus an additional ${0.2*5*(($MWB+$mwb)/2+$AP/14*$MWS)} (based on weapon damage) over $d.	Bleeding for $s1 plus a percentage of weapon damage every $t1 seconds.					
82251	all		Shock	Rank 2	Instantly throws a bolt of lightning at the target for $s1 damage.						
82252	all		Healing Wave	Rank 4	Heals a friendly target for $s1.						
82253	all		Healing Wave	Rank 2	Heals a friendly target for $s1.						
82254	all		Shock	Rank 1	Instantly throws a bolt of lightning at the target for $s1 damage.						
82255	all		Lightning Bolt		Blasts an enemy with lightning, inflicting Nature damage.						
82256	all		Shock	Rank 1	Instantly throws a bolt of lightning at the target for $s1 damage.						
82257	all		Fireball		Inflicts Fire damage to an enemy.						
82258	all		Demon Skin		Increases the caster's armor by $s1 and speeds its health regeneration for $d.	Armor increased by $s1.\nIncreased health regeneration.					
82259	all		Shadow Bolt		Hurls a bolt of dark magic at an enemy, inflicting Shadow damage.						
82260	all		Frost Armor		Encases the caster in a layer of frost that lasts $d. The thick ice increases armor, slows melee attackers' movement, and increases the time between their attacks.	Armor increased by $s1.\nSlowing melee attackers' movement and attacks.					
82261	all		Frostbolt		Inflicts Frost damage to an enemy and reduces its movement speed for $d.	Reduced movement speed.					
82262	all		Freeze		Inflicts $s1 Frost damage to an enemy every $t1 sec., stunning it for $d.	Stunned.\n$s1 Frost damage inflicted every $t1 sec.					
82263	all		Strike		Strikes at an enemy, inflicting weapon damage plus additional damage.						
82264	all		Curse of Thule		Reduces the Spirit of an enemy by $s1 for $d.	Spirit reduced by $s1.					
82265	all		Sunder Armor		Hacks at an enemy's armor, reducing it per Sunder Armor. Can be applied up to 5 times. Lasts $d.	Reduced armor.					
82266	all		Curse of Thule		Reduces the Spirit of an enemy by $s1 for $d.	Spirit reduced by $s1.					
82267	all		Plague Cloud		Reduces Strength by $s1, Agility by $s2, and Intellect by $s3 for all enemies in a selected area for $d.	Strength reduced by $s1.\nAgility reduced by $s2.\nIntellect reduced by $s3.					
82268	all		Curse of Thule		Reduces the Spirit of an enemy by $s1 for $d.	Spirit reduced by $s1.					
82269	all		Curse of Thule		Reduces the Spirit of an enemy by $s1 for $d.	Spirit reduced by $s1.					
82270	all		Curse of Thule		Reduces the Spirit of an enemy by $s1 for $d.	Spirit reduced by $s1.					
82271	all		Immolate		Burns an enemy, then inflicts additional Fire damage every $t1 sec. for $d.	Fire damage inflicted every $t1 sec.					
82272	all		Demon Armor		Protects the caster, increasing armor, Shadow resistance  and health regeneration for $d.	Armor increased by $s1.\nShadow resistance increased by $s2.\nIncreased health regeneration.					
82273	all		Rage of Thule		Inflicts $s2 Shadow damage to an enemy every $t2 sec., increasing the Physical damage it takes by $s1 for $d.	$s2 Shadow damage inflicted every $t2 sec.\nPhysical damage taken is increased by $s1.					
82274	all		Wild Regeneration		Heals the caster for $s1 damage every $t1 sec. for $d.	$s1 damage healed every $t1 sec.					
82275	all		Entangling Roots		Entangles an enemy in roots, inflicting Nature damage every $t2 sec. and immobilizing it for up to $d.	Immobilized.\nNature damage inflicted every $t2 sec.					
82276	all		Gouge		Causes ${1+0.21*$AP} damage, incapacitating the opponent for $d, and turns off your attack.  Target must be facing you.  Any damage caused will revive the target.  Awards $s2 combo $lpoint:points;.	Incapacitated.					
82277	all		Backstab		Inflicts bonus damage to an enemy, but only if attacking from behind.						
82278	all		Frost Nova		Inflicts Frost damage to nearby enemies, immobilizing them for up to $d.	Immobilized.					
82279	all		Frost Nova		Inflicts Frost damage to nearby enemies, immobilizing them for up to $d.	Immobilized.					
82280	all		Ravage		Inflicts normal damage plus $s1 to an enemy, stunning it for $d.	Stunned.					
82281	all		Shoot		Shoots at an enemy, inflicting Physical damage.						
82282	all		Revenge		Instantly counterattack an enemy for $s1 damage. Revenge must follow a block, dodge, or parry.						
82283	all		Wail of Nightlash		Inflicts $o1 Shadow damage over $d. to nearby enemies.	$o1 Shadow damage inflicted over $d.					
82284	all		Spirit Steal								
82285	all		Weak Poison		Inflicts $s1 Nature damage to an enemy every $t1 sec. for $d.	$s1 Nature damage inflicted every $t1 sec.					
82286	all		Rejuvenation	Rank 1	Heals the target for ${$m1*5*$<mult>} over $d.	Heals $s1 damage every $t1 seconds.					
82287	all		Shock	Rank 2	Instantly throws a bolt of lightning at the target for $s1 damage.						
82288	all		Poison		Inflicts Nature damage to an enemy every $t1 sec. for $d.	Nature damage inflicted every $t1 sec.					
82289	all		Poison		Inflicts Nature damage to an enemy every $t1 sec. for $d.	Nature damage inflicted every $t1 sec.					
82290	all		Poison		Inflicts Nature damage to an enemy every $t1 sec. for $d.	Nature damage inflicted every $t1 sec.					
82291	all		Faerie Fire		Reduces an enemy's armor by $s1 for $d. While affected, the target cannot use stealth or invisibility.	Armor reduced by $s1.\nCannot use stealth or invisibility.					
82292	all		Shadow Bolt		Hurls a bolt of dark magic at an enemy, inflicting Shadow damage.						
82293	all		Strike		Strikes at an enemy, inflicting weapon damage plus additional damage.						
82294	all		Healing Wave	Rank 2	Heals a friendly target for $s1.						
82295	all		Curse of Weakness	Rank 1	Target's melee attack power is reduced by $s1 and armor is reduced by $s2% for $d.  Only one Curse per Warlock can be active on any one target.	Melee attack power reduced by $s1, and armor is reduced by $s2%.					
82296	all		Wrath		Hurls a bolt of lightning at an enemy, inflicting Nature damage.						
82297	all		Blood Leech		Drains $s1 health from an enemy, transferring it to the caster.						
82298	all		Frost Armor		Encases the caster in a layer of frost that lasts $d. The thick ice increases armor, slows melee attackers' movement, and increases the time between their attacks.	Armor increased by $s1.\nSlowing melee attackers' movement and attacks.					
82299	all		Fireball		Inflicts Fire damage to an enemy.						
82300	all		Lightning Bolt		Blasts an enemy with lightning, inflicting Nature damage.						
82301	all		Healing Wave	Rank 2	Heals a friendly target for $s1.						
82302	all		Trample		Inflicts normal damage plus additional damage to nearby enemies.						
82303	all		Healing Wave	Rank 2	Heals a friendly target for $s1.						
82304	all		Muscle Tear		Cripples an enemy, inflicting normal damage plus $s1 and reducing its Strength for $d.	Strength reduced by $s2.					
82305	all		Rake	Rank 1	Rake the target for ${$AP/100+$m1} bleed damage and an additional ${$m2*3+$AP*0.18} damage over $d.  Awards $s3 combo $lpoint:points;.	Bleeding for $s2 damage every $t2 seconds.					
82306	all		Rejuvenation	Rank 1	Heals the target for ${$m1*5*$<mult>} over $d.	Heals $s1 damage every $t1 seconds.					
82307	all		Maul		Adds $s1 damage to the next attack.						
82308	all		Ignite		Inflicts $s1 Fire damage to an enemy every $t1 sec. for $d.	$s1 Fire damage inflicted every $t1 sec.					
82309	all		Gouge		Causes ${1+0.21*$AP} damage, incapacitating the opponent for $d, and turns off your attack.  Target must be facing you.  Any damage caused will revive the target.  Awards $s2 combo $lpoint:points;.	Incapacitated.					
82310	all		Trip	Rank 1	Trips the enemy humanoid, causing $s2 damage and knocking the opponent down for $d.  Awards $s3 combo point.						
82311	all		Drink Potion		Uses a Holy elixir to heal the caster for $s1.						
82312	all		Backstab	Rank 2	Backstab the target, causing $m2% weapon damage plus ${$m1*1.5} to the target.  Must be behind the target.  Requires a dagger in the main hand.  Awards $s3 combo $lpoint:points;.						
82313	all		Battle Shout		Increases the melee attack power of nearby party members for $d.	Melee attack power increased by $s1.					
82314	all		Battle Shout	Rank 3	The warrior shouts, increasing attack power of all raid and party members within $a1 yards by $s1.  Lasts $d.	Increases your attack power by $s1.					
82315	all		Demoralizing Shout		Reduces the melee attack power of nearby enemies for $d.	Melee attack power reduced.					
82316	all		Shield Slam		Inflicts damage to an enemy, stunning it for $d.	Stunned.					
82317	all		Shoot		Shoots at an enemy, inflicting Physical damage.						
82318	all		Flame Shock		Instantly burns an enemy, then inflicts additional Fire damage every $t2 sec. for $d.	Fire damage inflicted every $t2 sec.					
82319	all		Flame Spike		Calls down a pillar of flame, burning all enemies in a selected area for $s1 Fire damage and an additional $s2 damage every $t2 sec. for $d.						
82320	all		Fireball		Inflicts Fire damage to an enemy.						
82321	all		Frostbolt		Inflicts Frost damage to an enemy and reduces its movement speed for $d.	Reduced movement speed.					
82322	all		Shoot		Shoots at an enemy, inflicting Physical damage.						
82323	all		Ravage		Inflicts normal damage plus $s1 to an enemy, stunning it for $d.	Stunned.					
82324	all		Rabies		Reduces the rate of an enemy's health regeneration by $s1%, in addition to lowering its Strength by $s2 and its Agility by $s3, for $d.	Health regeneration rate reduced by $s1%.\nStrength reduced by $s2.\nAgility reduced by $s3.					
82325	all		Ravage		Inflicts normal damage plus $s1 to an enemy, stunning it for $d.	Stunned.					
82326	all		Faerie Fire		Reduces an enemy's armor by $s1 for $d. While affected, the target cannot use stealth or invisibility.	Armor reduced by $s1.\nCannot use stealth or invisibility.					
82327	all		Thunderclap		Inflicts Nature damage to nearby enemies, increasing the time between their attacks by $s3% and slowing their movement speed for $d.	Time between attacks increased by $s3%.\nMovement speed reduced by $s2%.					
82328	all		Rejuvenation	Rank 2	Heals the target for ${$m1*5*$<mult>} over $d.	Heals $s1 damage every $t1 seconds.					
82329	all		Lightning Bolt		Blasts an enemy with lightning, inflicting Nature damage.						
82330	all		Shock	Rank 2	Instantly throws a bolt of lightning at the target for $s1 damage.						
82331	all		Healing Wave	Rank 4	Heals a friendly target for $s1.						
82332	all		Aqua Jet		Sprays water in all directions, inflicting Frost damage to nearby enemies and knocking them back.						
82333	all		Holy Smite		Smites an enemy, inflicting Holy damage.						
82334	all		Heal		Calls upon Holy magic to heal an ally.						
82335	all		Frostbolt		Inflicts Frost damage to an enemy and reduces its movement speed for $d.	Reduced movement speed.					
82336	all		Frost Armor		Encases the caster in a layer of frost that lasts $d. The thick ice increases armor, slows melee attackers' movement, and increases the time between their attacks.	Armor increased by $s1.\nSlowing melee attackers' movement and attacks.					
82337	all		Shoot		Shoots at an enemy, inflicting Physical damage.						
82338	all		Poison		Inflicts Nature damage to an enemy every $t1 sec. for $d.	Nature damage inflicted every $t1 sec.					
82339	all		Fireball		Inflicts Fire damage to an enemy.						
82340	all		Fireball		Inflicts Fire damage to an enemy.						
82341	all		Fire Nova		Inflicts Fire damage to nearby enemies.						
82342	all		Healing Wave	Rank 3	Heals a friendly target for $s1.						
82343	all		Battle Shout	Rank 2	The warrior shouts, increasing attack power of all raid and party members within $a1 yards by $s1.  Lasts $d.	Increases your attack power by $s1.					
82344	all		Throw		Throws a weapon at an enemy, inflicting Physical damage.						
82345	all		Lightning Bolt		Blasts an enemy with lightning, inflicting Nature damage.						
82346	all		Healing Wave	Rank 4	Heals a friendly target for $s1.						
82347	all		Shoot		Shoots at an enemy, inflicting Physical damage.						
82348	all		Demoralizing Shout		Reduces the melee attack power of nearby enemies for $d.	Melee attack power reduced by $s1.					
82349	all		Muscle Tear		Cripples an enemy, inflicting normal damage plus $s1 and reducing its Strength for $d.	Strength reduced by $s2.					
82350	all		Exploit Weakness		Inflicts normal damage plus $s1 on an enemy, but only if attacking from behind.						
82351	all		Backstab		Inflicts bonus damage to an enemy, but only if attacking from behind.						
82352	all		Poison		Inflicts Nature damage to an enemy every $t1 sec. for $d.	Nature damage inflicted every $t1 sec.					
82353	all		Backstab		Inflicts bonus damage to an enemy, but only if attacking from behind.						
82354	all		Backstab		Inflicts bonus damage to an enemy, but only if attacking from behind.						
82355	all		Shield Bash		Bashes an enemy with the caster's shield, inflicting Physical damage and interrupting the spell being cast.						
82356	all		Shadow Bolt		Hurls a bolt of dark magic at an enemy, inflicting Shadow damage.						
82357	all		Shoot		Shoots at an enemy, inflicting Physical damage.						
82358	all		Fire Shot	Rank 3	Fires a flaming shot at the enemy, doing an additional $s1 and making the damage fire based.						
82359	all		Poison		Inflicts Nature damage to an enemy every $t1 sec. for $d.	Nature damage inflicted every $t1 sec.					
82360	all		Frost Breath		Inflicts Frost damage to an enemy.						
82361	all		Frost Breath		Inflicts Frost damage to an enemy.						
82362	all		Strike		Strikes at an enemy, inflicting weapon damage plus additional damage.						
82363	all		Frostbolt		Inflicts Frost damage to an enemy and reduces its movement speed for $d.	Reduced movement speed.					
82364	all		Head Crack		Reduces an enemy's Stamina for $d.	Stamina reduced by $s1.					
82365	all		Strike		Strikes at an enemy, inflicting weapon damage plus additional damage.						
82366	all		Demoralizing Shout		Reduces the melee attack power of nearby enemies for $d.	Melee attack power reduced.					
82367	all		Trample		Inflicts normal damage plus additional damage to nearby enemies.						
82368	all		Backstab	Rank 3	Backstab the target, causing $m2% weapon damage plus ${$m1*1.5} to the target.  Must be behind the target.  Requires a dagger in the main hand.  Awards $s3 combo $lpoint:points;.						
82369	all		Trip	Rank 1	Trips the enemy humanoid, causing $s2 damage and knocking the opponent down for $d.  Awards $s3 combo point.						
82370	all		Head Crack		Reduces an enemy's Stamina for $d.	Stamina reduced by $s1.					
82371	all		Shield Bash	Rank 2	Bashes the target with your shield for $s2 damage.  It also interrupts spellcasting and prevents any spell in that school from being cast for $d.						
82372	all		Violet Shield Effect		Places a violet shield upon melee attackers, stunning them, dealing physical damage and reducing their armor for $3260d.	Armor increased by $s3.\nCannot move or attack.\n$s2 damage inflicted to melee attackers.					
82373	all		Frostbolt		Inflicts Frost damage to an enemy and reduces its movement speed for $d.	Reduced movement speed.					
82374	all		Frost Armor		Encases the caster in a layer of frost that lasts $d. The thick ice increases armor, slows melee attackers' movement, and increases the time between their attacks.	Armor increased by $s1.\nSlowing melee attackers' movement and attacks.					
82375	all		Frostbolt		Inflicts Frost damage to nearby enemies, reducing their movement speed for $d.	Reduced movement speed.					
82376	all		Frost Nova		Inflicts Frost damage to nearby enemies, immobilizing them for up to $d.	Immobilized.					
82377	all		Stoneform		Increases the caster's armor by $s1 for $d.	Armor increased by $s1.					
82378	all		Pummel		Pummels an enemy for $s1 damage and interrupts the spell being cast for $d.						
82379	all		Frostbolt		Inflicts Frost damage to an enemy and reduces its movement speed for $d.	Reduced movement speed.					
82380	all		Frost Nova		Inflicts Frost damage to nearby enemies, immobilizing them for up to $d.	Immobilized.					
82381	all		Shadow Bolt		Hurls a bolt of dark magic at an enemy, inflicting Shadow damage.						
82382	all		Frost Armor		Encases the caster in a layer of frost that lasts $d. The thick ice increases armor, slows melee attackers' movement, and increases the time between their attacks.	Armor increased by $s1.\nSlowing melee attackers' movement and attacks.					
82383	all		Fireball		Inflicts Fire damage to an enemy.						
82384	all		Sinister Strike		Inflicts normal damage plus $s1 to an enemy.						
82385	all		Fireball		Inflicts Fire damage to an enemy.						
82386	all		Fire Nova		Inflicts Fire damage to nearby enemies.						
82387	all		Inferno Shell		Inflicts $s1 Fire damage to nearby enemies, and encases the caster in a shield of flame that lasts $d. and burns melee attackers for an additional $s2 damage.	$s2 Fire damage inflicted to melee attackers.					
82388	all		Shadow Bolt		Hurls a bolt of dark magic at an enemy, inflicting Shadow damage.						
82389	all		Renew	Rank 2	Heals the target for $<total> over $d.	Healing $s1 damage every $t1 seconds.					
82390	all		Heal	Rank 1	Heal your target for $s1.						
82391	all		Battle Shout	Rank 2	The warrior shouts, increasing attack power of all raid and party members within $a1 yards by $s1.  Lasts $d.	Increases your attack power by $s1.					
82392	all		Holy Strike		Consecrates the caster's weapon, inflicting additional damage on its next attack. All damage inflicted is based on Holy magic.						
82393	all		Shoot		Shoots at an enemy, inflicting Physical damage.						
82394	all		Piercing Shot		Shoots at an enemy, inflicting normal damage and reducing the enemy's armor by $s2 for $d.	Armor reduced by $s2.					
82395	all		Holy Smite		Smites an enemy, inflicting Holy damage.						
82396	all		Heal		Calls upon Holy magic to heal an ally.						
82397	all		Corrosive Poison		Reduces an enemy's armor by $s2 and inflicts $s1 Nature damage every $t1 sec. for $d.	$s1 Nature damage inflicted every $t1 sec.\nArmor reduced by $s2.					
82398	all		Corrosive Poison		Reduces an enemy's armor by $s2 and inflicts $s1 Nature damage every $t1 sec. for $d.	$s1 Nature damage inflicted every $t1 sec.\nArmor reduced by $s2.					
82399	all		Corrosive Poison		Reduces an enemy's armor by $s2 and inflicts $s1 Nature damage every $t1 sec. for $d.	$s1 Nature damage inflicted every $t1 sec.\nArmor reduced by $s2.					
82400	all		Fireball		Inflicts Fire damage to an enemy.						
82401	all		Pummel		Pummels an enemy for $s1 damage and interrupts the spell being cast for $d.						
82402	all		Throw		Throws a weapon at an enemy, inflicting Physical damage.						
82403	all		Lightning Bolt		Blasts an enemy with lightning, inflicting Nature damage.						
82404	all		Shadow Word: Pain	Rank 4	A word of darkness that causes $o1 Shadow damage over $d.	$s1 Shadow damage every $t1 seconds.					
82405	all		Lightning Bolt		Blasts an enemy with lightning, inflicting Nature damage.						
82406	all		Flow of the Northspring		Heals an ally for $s1 damage every $t1 sec. for $d.	$s1 damage healed every $t1 sec.					
82407	all		Healing Wave	Rank 5	Heals a friendly target for $s1.						
82408	all		Throw		Throws a weapon at an enemy, inflicting Physical damage.						
82409	all		Lightning Bolt		Blasts an enemy with lightning, inflicting Nature damage.						
82410	all		Healing Wave	Rank 5	Heals a friendly target for $s1.						
82411	all		Frost Nova	Rank 2	Blasts enemies near the caster for ${$m1*$<mult>} to ${$M1*$<mult>} Frost damage and freezes them in place for up to $d.  Damage caused may interrupt the effect.	Frozen in place.					
82412	all		Frost Armor		Encases the caster in a layer of frost that lasts $d. The thick ice increases armor, slows melee attackers' movement, and increases the time between their attacks.	Armor increased by $s1.\nSlowing melee attackers' movement and attacks.					
82413	all		Frostbolt		Inflicts Frost damage to an enemy and reduces its movement speed for $d.	Reduced movement speed.					
82414	all		Frost Nova	Rank 1	Blasts enemies near the caster for ${$m1*$<mult>} to ${$M1*$<mult>} Frost damage and freezes them in place for up to $d.  Damage caused may interrupt the effect.	Frozen in place.					
82415	all		Shoot		Shoots at an enemy, inflicting Physical damage.						
82416	all		Revenge		Instantly counterattack an enemy for $s1 damage. Revenge must follow a block, dodge, or parry.						
82417	all		Fireball		Inflicts Fire damage to an enemy.						
82418	all		Cone of Cold		Inflicts Frost damage to enemies in a cone in front of the caster, reducing their movement speed for $d.	Reduced movement speed.					
82419	all		Rain of Fire		Calls down a molten rain, burning all enemies in a selected area, dealing Fire damage every $t1 sec. for $d.	$s1 Fire damage inflicted every $t1 sec.					
82420	all		Thunderclap	Rank 1	Inflicts Nature damage to nearby enemies, increasing the time between their attacks by $s3% and slowing their movement by $s2% for $d.	Time between attacks increased by $s3%.\nMovement speed reduced by $s2%.					
82421	all		Pummel		Pummels an enemy for $s1 damage and interrupts the spell being cast for $d.						
82422	all		Battle Shout		Increases the melee attack power of nearby party members for $d.	Melee attack power increased by $s1.					
82423	all		Demoralizing Shout		Reduces the melee attack power of nearby enemies for $d.	Melee attack power reduced.					
82424	all		Knockdown		Inflicts $s2 damage to an enemy, stunning it for $d.	Stunned.					
82425	all		Power Word: Shield		Wraps an ally in a shield that lasts up to $d., absorbing damage. While the shield holds, spell channeling will not be affected by damage taken.	Shielded against damage.					
82426	all		Renew		Heals an ally every $t1 sec. for $d.	Damage healed every $t1 sec.					
82427	all		Shoot		Shoots at an enemy, inflicting Physical damage.						
82428	all		Pummel		Pummels an enemy for $s1 damage and interrupts the spell being cast for $d.						
82429	all		Strike		Strikes at an enemy, inflicting normal damage plus a bonus.						
82430	all		Flame Breath		Inflicts $s1 Fire damage to enemies in a cone in front of the caster.						
82431	all		Renew		Heals an ally every $t1 sec. for $d.	Damage healed every $t1 sec.					
82432	all		Demoralizing Roar		Reduces the melee attack power of nearby enemies for $d.	Melee attack power reduced by $s1.					
82433	all		Flame Spike		Calls down a pillar of flame, burning all enemies in a selected area for $s1 Fire damage and an additional $s2 damage every $t2 sec. for $d.						
82434	all		Trample		Inflicts normal damage plus additional damage to nearby enemies.						
82435	all		Lightning Bolt		Blasts an enemy with lightning, inflicting Nature damage.						
82436	all		Deadly Poison		Inflicts Nature damage to an enemy every $t1 seconds for $d.	Poisoned.  You suffer Nature damage every $t1 seconds.					
82437	all		Execute		Attempts to finish off a wounded enemy, inflicting normal damage plus additional damage. Execute can only be used on enemies that have 20% or less health.						
82438	all		Frostbolt		Inflicts Frost damage to an enemy and reduces its movement speed for $d.	Reduced movement speed.					
82439	all		Battle Shout		Increases the melee attack power of nearby friendly targets for $d.	Melee attack power increased by $s1.					
82440	all		Battle Shout	Rank 3	The warrior shouts, increasing attack power of all raid and party members within $a1 yards by $s1.  Lasts $d.	Increases your attack power by $s1.					
82441	all		Shield Bash		Bashes an enemy with the caster's shield, inflicting Physical damage and interrupting the spell being cast.						
82442	all		Shoot		Shoots at an enemy, inflicting Physical damage.						
82443	all		Exploding Shot		Inflicts normal damage plus $s1 to an enemy and any of its nearby allies. All damage inflicted is based on Fire magic.						
82444	all		Demoralizing Shout		Reduces the melee attack power of nearby enemies for $d.	Melee attack power reduced.					
82445	all		Arcane Explosion		Sends out a blast wave of magic, inflicting Arcane damage to nearby enemies.						
82446	all		Arcane Explosion	Rank 4	Causes an explosion of arcane magic around the caster, causing $s1 Arcane damage to all targets within $a1 yards.						
82447	all		Wither Touch		Reduces an enemy's Stamina and Spirit for $d.	Stamina reduced by $s1.\nSpirit reduced by $s2.					
82448	all		Shadow Bolt		Hurls a bolt of dark magic at an enemy, inflicting Shadow damage.						
82449	all		Throw		Throws a weapon at an enemy, inflicting Physical damage.						
82450	all		Wither Touch		Reduces an enemy's Stamina and Spirit for $d.	Stamina reduced by $s1.\nSpirit reduced by $s2.					
82451	all		Wither Touch		Reduces an enemy's Stamina and Spirit for $d.	Stamina reduced by $s1.\nSpirit reduced by $s2.					
82452	all		Execute		Attempts to finish off a wounded enemy, inflicting normal damage plus additional damage. Execute can only be used on enemies that have 20% or less health.						
82453	all		Shadow Word: Pain	Rank 4	A word of darkness that causes $o1 Shadow damage over $d.	$s1 Shadow damage every $t1 seconds.					
82454	all		Curse of Weakness	Rank 4	Target's melee attack power is reduced by $s1 and armor is reduced by $s2% for $d.  Only one Curse per Warlock can be active on any one target.	Melee attack power reduced by $s1, and armor is reduced by $s2%.					
82455	all		Wither Touch		Reduces an enemy's Stamina and Spirit for $d.	Stamina reduced by $s1.\nSpirit reduced by $s2.					
82456	all		Consume Flesh		Drains $s1 health from an enemy, healing the caster for up to 150% of that amount.						
82457	all		Demoralizing Shout		Reduces the melee attack power of nearby enemies for $d.	Melee attack power reduced.					
82458	all		Knockdown		Inflicts $s2 damage to an enemy, stunning it for $d.	Stunned.					
82459	all		Frost Armor		Encases the caster in a layer of frost that lasts $d. The thick ice increases armor, slows melee attackers' movement, and increases the time between their attacks.	Armor increased by $s1.\nSlowing melee attackers' movement and attacks.					
82460	all		Frostbolt		Inflicts Frost damage to an enemy and reduces its movement speed for $d.	Reduced movement speed.					
82461	all		Frost Nova		Inflicts Frost damage to nearby enemies, immobilizing them for up to $d.	Immobilized.					
82462	all		Lightning Bolt		Blasts an enemy with lightning, inflicting Nature damage.						
82463	all		Healing Wave		Calls upon Nature magic to heal an ally.						
82464	all		Healing Wave	Rank 6	Heals a friendly target for $s1.						
82465	all		Frost Armor		Encases the caster in a layer of frost that lasts $d. The thick ice increases armor, slows melee attackers' movement, and increases the time between their attacks.	Armor increased by $s1.\nSlowing melee attackers' movement and attacks.					
82466	all		Frostbolt		Inflicts Frost damage to an enemy and reduces its movement speed for $d.	Reduced movement speed.					
82467	all		Frost Nova	Rank 2	Blasts enemies near the caster for ${$m1*$<mult>} to ${$M1*$<mult>} Frost damage and freezes them in place for up to $d.  Damage caused may interrupt the effect.	Frozen in place.					
82468	all		Poison		Inflicts Nature damage to an enemy every $t1 sec. for $d.	Nature damage inflicted every $t1 sec.					
82469	all		Resupply		Heals an ally for $s1.						
82470	all		Shadow Bolt		Hurls a bolt of dark magic at an enemy, inflicting Shadow damage.						
82471	all		Immolate	Rank 4	Burns the enemy for $s2 Fire damage and then an additional $o1 Fire damage over $d.	$s1 Fire damage every $t1 seconds.					
82472	all		Fevered Fatigue		Reduces an enemy's Intellect by $s1 and its Spirit by $s2 for $d.	Intellect reduced by $s1.\nSpirit reduced by $s2.					
82473	all		Fevered Fatigue		Reduces an enemy's Intellect by $s1 and its Spirit by $s2 for $d.	Intellect reduced by $s1.\nSpirit reduced by $s2.					
82474	all		Shadow Word: Pain	Rank 5	A word of darkness that causes $o1 Shadow damage over $d.	$s1 Shadow damage every $t1 seconds.					
82475	all		Flash Heal		Calls upon Holy magic to heal an ally.						
82476	all		Shield Bash		Bashes an enemy with the caster's shield, inflicting Physical damage and interrupting the spell being cast.						
82477	all		Backstab	Rank 4	Backstab the target, causing $m2% weapon damage plus ${$m1*1.5} to the target.  Must be behind the target.  Requires a dagger in the main hand.  Awards $s3 combo $lpoint:points;.						
82478	all		Shoot		Shoots at an enemy, inflicting Physical damage.						
82479	all		Sinister Strike		Inflicts normal damage plus $s1 to an enemy.						
82480	all		Shadow Bolt		Hurls a bolt of dark magic at an enemy, inflicting Shadow damage.						
82481	all		Frost Armor		Encases the caster in a layer of frost that lasts $d. The thick ice increases armor, slows melee attackers' movement, and increases the time between their attacks.	Armor increased by $s1.\nSlowing melee attackers' movement and attacks.					
82482	all		Frostbolt		Inflicts Frost damage to an enemy and reduces its movement speed for $d.	Reduced movement speed.					
82483	all		Lightning Bolt		Blasts an enemy with lightning, inflicting Nature damage.						
82484	all		Battle Shout		Increases the melee attack power of nearby friendly targets for $d.	Melee attack power increased by $s1.					
82485	all		Battle Shout	Rank 3	The warrior shouts, increasing attack power of all raid and party members within $a1 yards by $s1.  Lasts $d.	Increases your attack power by $s1.					
82486	all		Shadow Bolt		Hurls a bolt of dark magic at an enemy, inflicting Shadow damage.						
82487	all		Pummel		Pummels an enemy for $s1 damage and interrupts the spell being cast for $d.						
82488	all		Demoralizing Shout		Reduces the melee attack power of nearby enemies for $d.	Melee attack power reduced.					
82489	all		Aura of Rot		Inflicts $s1 Nature damage to nearby enemies.						
82490	all		Deadly Poison		Inflicts Nature damage to an enemy every $t1 seconds for $d.	Poisoned.  You suffer Nature damage every $t1 seconds.					
82491	all		Plague Cloud		Reduces Strength by $s1, Agility by $s2, and Intellect by $s3 for all enemies in a selected area for $d.	Strength reduced by $s1.\nAgility reduced by $s2.\nIntellect reduced by $s3.					
82492	all		Lightning Bolt		Blasts an enemy with lightning, inflicting Nature damage.						
82493	all		Shadow Bolt Volley		Hurls missiles of dark magic, inflicting Shadow damage to nearby enemies.						
82494	all		Wither Touch		Reduces an enemy's Stamina and Spirit for $d.	Stamina reduced by $s1.\nSpirit reduced by $s2.					
82495	all		Execute		Attempts to finish off a wounded enemy, inflicting normal damage plus additional damage. Execute can only be used on enemies that have 20% or less health.						
82496	all		Demoralizing Shout		Reduces the melee attack power of nearby enemies for $d.	Melee attack power reduced.					
82497	all		Sunder Armor		Hacks at an enemy's armor, reducing it per Sunder Armor. Can be applied up to 5 times. Lasts $d.	Reduced armor.					
82498	all		Battle Shout		Increases the melee attack power of nearby party members for $d.	Melee attack power increased by $s1.					
82499	all		Fireball		Inflicts Fire damage to an enemy.						
82500	all		Trample		Inflicts normal damage plus additional damage to nearby enemies.						
82501	all		Holy Strike		Consecrates the caster's weapon, inflicting additional damage on its next attack. All damage inflicted is based on Holy magic.						
82502	all		Holy Light	Rank 6	Heals a friendly target for $s1.						
82503	all		Shoot		Shoots at an enemy, inflicting Physical damage.						
82504	all		Revenge		Instantly counterattack an enemy for $s1 damage. Revenge must follow a block, dodge, or parry.						
82505	all		Throw		Throws a weapon at an enemy, inflicting Physical damage.						
82506	all		Shadow Bolt		Hurls a bolt of dark magic at an enemy, inflicting Shadow damage.						
82507	all		Healing Wave	Rank 7	Heals a friendly target for $s1.						
82508	all		Throw		Throws a weapon at an enemy, inflicting Physical damage.						
82509	all		Poisonous Stab		Inflicts Nature damage to an enemy every $t3 sec., increasing the time between its attacks by $s1% and its movement for $d.	Nature damage inflicted every $t3 sec.\nTime between attacks increased by $s1%.\nMovement speed reduced.					
82510	all		Poisonous Stab		Inflicts $s3 Nature damage to an enemy every $t3 sec., increasing the time between its attacks by $s1% and its movement by $s2% for $d.	$s3 Nature damage inflicted every $t3 sec.\nTime between attacks increased by $s1%.\nMovement speed reduced by $s2%.					
82511	all		Throw		Throws a weapon at an enemy, inflicting Physical damage.						
82512	all		Shadow Bolt		Hurls a bolt of dark magic at an enemy, inflicting Shadow damage.						
82513	all		Shrink		Reduces an enemy's Strength and Stamina for $d.	Strength reduced by $s1.\nStamina reduced by $s2.					
82514	all		Shadow Bolt		Hurls a bolt of dark magic at an enemy, inflicting Shadow damage.						
82515	all		Backstab		Inflicts bonus damage to an enemy, but only if attacking from behind.						
82516	all		Shoot		Shoots at an enemy, inflicting Physical damage.						
82517	all		Shadow Word: Pain		Utters a word of darkness, inflicting Shadow damage to an enemy every $t1 sec. for $d.	Shadow damage inflicted every $t1 sec.					
82518	all		Shadow Shell		Increases armor for $d.	Increased armor.					
82519	all		Blood Leech		Drains health from nearby enemies, healing the caster for up to twice the amount stolen.						
82520	all		Soul Bite		Drains health and mana from an enemy, transferring them to the caster.						
82521	all		Dark Offering		Uses dark magic to heal an ally.						
82522	all		Shield Slam		Inflicts damage to an enemy, stunning it for $d.	Stunned.					
82523	all		Throw		Throws a weapon at an enemy, inflicting Physical damage.						
82524	all		Execute		Attempts to finish off a wounded enemy, inflicting normal damage plus additional damage. Execute can only be used on enemies that have 20% or less health.						
82525	all		Backstab	Rank 5	Backstab the target, causing $m2% weapon damage plus ${$m1*1.5} to the target.  Must be behind the target.  Requires a dagger in the main hand.  Awards $s3 combo $lpoint:points;.						
82526	all		Heroic Strike		A strong attack that increases melee damage by $s1 and causes a high amount of threat.						
82527	all		Shadow Bolt		Hurls a bolt of dark magic at an enemy, inflicting Shadow damage.						
82528	all		Rend Flesh		Inflicts damage to an enemy every $t1 sec. for $d.	$s1 damage inflicted every $t1 sec.					
82529	all		Rend Flesh		Inflicts damage to an enemy every $t1 sec. for $d.	$s1 damage inflicted every $t1 sec.					
82530	all		Shoot		Shoots at an enemy, inflicting Physical damage.						
82531	all		Shoot		Shoots at an enemy, inflicting Physical damage.						
82532	all		Multi-Shot		Fires a volley of missiles at an enemy and its nearby allies, striking up to $x1 targets for normal damage plus $s1.						
82533	all		Faerie Fire		Reduces an enemy's armor by $s1 for $d. While affected, the target cannot use stealth or invisibility.	Armor reduced by $s1.\nCannot use stealth or invisibility.					
82534	all		Kinelory's Bear Form		Shapeshifts into a bear for $d., increasing armor and hit points, as well as allowing the use of various bear abilities.	Shapeshifted into bear.\nArmor and hit points increased.					
82535	all		Rejuvenation	Rank 6	Heals the target for ${$m1*5*$<mult>} over $d.	Heals $s1 damage every $t1 seconds.					
82536	all		Boulder		Hurls a boulder at an enemy, inflicting Physical damage.						
82537	all		Lightning Bolt		Blasts an enemy with lightning, inflicting Nature damage.						
82538	all		Healing Wave	Rank 7	Heals a friendly target for $s1.						
82539	all		Battle Shout		Increases the melee attack power of nearby party members for $d.	Melee attack power increased by $s1.					
82540	all		Demoralizing Shout		Reduces the melee attack power of nearby enemies for $d.	Melee attack power reduced.					
82541	all		Frostbolt		Inflicts Frost damage to an enemy and reduces its movement speed for $d.	Reduced movement speed.					
82542	all		Fireball		Inflicts Fire damage to an enemy.						
82543	all		Fireball		Inflicts Fire damage to an enemy.						
82544	all		Flame Breath		Inflicts $s1 Fire damage to enemies in a cone in front of the caster.						
82545	all		Snarl		Deals normal damage + $s1 on the next attack.						
82546	all		Rabies		Reduces the rate of an enemy's health regeneration by $s1%, in addition to lowering its Strength by $s2 and its Agility by $s3, for $d.	Health regeneration rate reduced by $s1%.\nStrength reduced by $s2.\nAgility reduced by $s3.					
82547	all		Shadow Bolt		Hurls a bolt of dark magic at an enemy, inflicting Shadow damage.						
82548	all		Power Word: Shield	Rank 6	Draws on the soul of the friendly target to shield them, absorbing $s1 damage.  Lasts $d.  While the shield holds, spellcasting will not be interrupted by damage.  Once shielded, the target cannot be shielded again for $6788d.	Absorbs damage.					
82549	all		Renew	Rank 5	Heals the target for $<total> over $d.	Healing $s1 damage every $t1 seconds.					
82550	all		Searing Flames		Burns an enemy for $s2 damage, then prevents it from spellcasting for $d. and inflicts an additional $s1 Fire damage every $t1 sec.	$s1 Fire damage inflicted every $t1 sec.\nCannot cast spells.					
82551	all		Fire Nova		Inflicts Fire damage to nearby enemies.						
82552	all		Fireball		Hurls a fiery ball that causes $s1 Fire damage and an additional $o2 damage over $d.	$s2 Fire damage every $t2 sec.					
82553	all		Trample		Inflicts normal damage plus additional damage to nearby enemies.						
82554	all		Frost Armor		Encases the caster in a layer of frost that lasts $d. The thick ice increases armor, slows melee attackers' movement, and increases the time between their attacks.	Armor increased by $s1.\nSlowing melee attackers' movement and attacks.					
82555	all		Frost Nova	Rank 2	Blasts enemies near the caster for ${$m1*$<mult>} to ${$M1*$<mult>} Frost damage and freezes them in place for up to $d.  Damage caused may interrupt the effect.	Frozen in place.					
82556	all		Lightning Bolt		Blasts an enemy with lightning, inflicting Nature damage.						
82557	all		Shock		Instantly throws a bolt of lightning at an enemy, inflicting Nature damage.						
82558	all		Heal		Heal friendly target for $s1.						
82559	all		Cleave	Rank 1	A sweeping attack that does your weapon damage plus $s1 to the target and his $?s58366[two nearest allies][nearest ally].						
82560	all		Knock Away		Inflicts normal damage plus $s1 to nearby enemies and knocks them back.						
82561	all		Storm Bolt		Throws a hammer at an enemy, inflicting $s1 Physical damage and stunning the target for $d.	Stunned.					
82562	all		Frost Nova	Rank 2	Blasts enemies near the caster for ${$m1*$<mult>} to ${$M1*$<mult>} Frost damage and freezes them in place for up to $d.  Damage caused may interrupt the effect.	Frozen in place.					
82563	all		Trelane's Freezing Touch		Silences, inflicts $s2 Frost damage every $t2 sec., and reduces an enemy's attack speed by $s3% for $d.	Silenced.\n$s2 Frost damage inflicted every $t2 sec.\nAttack speed reduced by $s3%.					
82564	all		Lightning Bolt		Blasts an enemy with lightning, inflicting Nature damage.						
82565	all		Healing Wave		Calls upon Nature magic to heal an ally.						
82566	all		Strike		Strikes at an enemy, inflicting weapon damage plus additional damage.						
82567	all		Pummel		Pummels an enemy for $s1 damage and interrupts the spell being cast for $d.						
82568	all		Lightning Bolt		Blasts an enemy with lightning, inflicting Nature damage.						
82569	all		Earth Shock		Shocks an enemy with concussive force, inflicting Nature damage and interrupting the spell being cast for $d.						
82570	all		Arcane Bolt		Hurls a magical bolt at an enemy, inflicting Arcane damage.						
82571	all		Fevered Fatigue		Reduces an enemy's Intellect by $s1 and its Spirit by $s2 for $d.	Intellect reduced by $s1.\nSpirit reduced by $s2.					
82572	all		Snarl		Deals normal damage + $s1 on the next attack.						
82573	all		Furious Howl		Increases the Strength of nearby party members by $s1 for $d.	Strength increased by $s1.					
82574	all		Infected Bite		Inflicts Nature damage to an enemy every $t1 sec. and increases the Physical damage it takes for $d.	$s1 Nature damage inflicted every $t1 sec.\nPhysical damage taken is increased by $s2.					
82575	all		Fatal Bite		Drains health from an enemy, healing the caster for up to twice that amount.						
82576	all		Shred		Reduces an enemy's armor by $s1 for $d.	Armor reduced by $s1.					
82577	all		Fatal Bite		Drains health from an enemy, healing the caster for up to twice that amount.						
82578	all		Shoot		Shoots at an enemy, inflicting Physical damage.						
82579	all		Wrath		Hurls a bolt of lightning at an enemy, inflicting Nature damage.						
82580	all		Rejuvenation	Rank 1	Heals the target for ${$m1*5*$<mult>} over $d.	Heals $s1 damage every $t1 seconds.					
82581	all		Shoot		Shoots at an enemy, inflicting Physical damage.						
82582	all		Quick Shot	Rank 1	Instantly fires your weapon, causing $s1 additional damage.						
82583	all		Lightning Bolt		Blasts an enemy with lightning, inflicting Nature damage.						
82584	all		Threatening Growl		Reduces an enemy's Strength by $s1 and Agility by $s2 for $d.	Strength reduced by $s1.\nAgility reduced by $s2.					
82585	all		Threatening Growl		Reduces an enemy's Strength by $s1 and Agility by $s2 for $d.	Strength reduced by $s1.\nAgility reduced by $s2.					
82586	all		Lightning Bolt		Blasts an enemy with lightning, inflicting Nature damage.						
82587	all		Frostbolt		Inflicts Frost damage to an enemy and reduces its movement speed for $d.	Reduced movement speed.					
82588	all		Lightning Bolt		Blasts an enemy with lightning, inflicting Nature damage.						
82589	all		Healing Wave	Rank 2	Heals a friendly target for $s1.						
82590	all		Shoot		Shoots at an enemy, inflicting Physical damage.						
82591	all		Swoop		Inflicts normal damage plus $s1 to enemies in a cone in front of the caster, stunning them for $d.	Stunned.					
82592	all		Swoop		Inflicts normal damage plus $s1 to enemies in a cone in front of the caster, stunning them for $d.	Stunned.					
82593	all		Swoop		Inflicts normal damage plus $s1 to enemies in a cone in front of the caster, stunning them for $d.	Stunned.					
82594	all		Trample		Inflicts normal damage plus additional damage to nearby enemies.						
82595	all		Trample		Inflicts normal damage plus additional damage to nearby enemies.						
82596	all		Battle Shout	Rank 1	The warrior shouts, increasing attack power of all raid and party members within $a1 yards by $s1.  Lasts $d.	Increases your attack power by $s1.					
82597	all		Lesser Heal	Rank 2	Heal your target for $s1.						
82598	all		War Stomp		Inflicts normal damage plus $s3 to nearby enemies, stunning them for $d.	Stunned.					
82599	all		Charge		Charges an enemy, inflicting normal damage plus $s2 and stuns the opponent for $d.	Stunned.					
82600	all		Uppercut		Inflicts normal damage plus $s1 to an enemy, knocking it back.						
82601	all		Shoot		Shoots at an enemy, inflicting Physical damage.						
82602	all		Deadly Poison		Inflicts Nature damage to an enemy every $t1 seconds for $d.	Poisoned.  You suffer Nature damage every $t1 seconds.					
82603	all		Shoot		Shoots at an enemy, inflicting Physical damage.						
82604	all		Shoot		Shoots at an enemy, inflicting Physical damage.						
82605	all		Fireball		Inflicts Fire damage to an enemy.						
82606	all		Claw Grasp		Immobilizes an enemy and inflicts $o1 damage over $d.	Immobilized.\n$o1 damage inflicted over $d.					
82607	all		Muscle Tear		Cripples an enemy, inflicting normal damage plus $s1 and reducing its Strength for $d.	Strength reduced by $s2.					
82608	all		Razor Mane	Rank 1	Causes thorns to sprout from the caster, inflicting $s1 Nature damage to melee attackers. The thorns last $d.	$s1 Nature damage inflicted to melee attackers.					
82609	all		Shoot		Shoots at an enemy, inflicting Physical damage.						
82610	all		Faerie Fire		Reduces an enemy's armor by $s1 for $d. While affected, the target cannot use stealth or invisibility.	Armor reduced by $s1.\nCannot use stealth or invisibility.					
82611	all		Rejuvenation	Rank 1	Heals the target for ${$m1*5*$<mult>} over $d.	Heals $s1 damage every $t1 seconds.					
82612	all		Rend Flesh		Inflicts damage to an enemy every $t1 sec. for $d.	$s1 damage inflicted every $t1 sec.					
82613	all		Lightning Bolt		Blasts an enemy with lightning, inflicting Nature damage.						
82614	all		Shoot		Shoots at an enemy, inflicting Physical damage.						
82615	all		Weak Poison		Inflicts $s1 Nature damage to an enemy every $t1 sec. for $d.	$s1 Nature damage inflicted every $t1 sec.					
82616	all		Poison		Inflicts Nature damage to an enemy every $t1 sec. for $d.	Nature damage inflicted every $t1 sec.					
82617	all		Venom Sting		Inflicts $s2 Nature damage to an enemy, then an additional $s1 damage every $t1 sec. for $d.	$s1 Nature damage inflicted every $t1 sec.					
82618	all		Shield Bash		Bashes an enemy with the caster's shield, inflicting Physical damage and interrupting the spell being cast.						
82619	all		Lizard Bolt		Inflicts $s1 Nature damage to an enemy.						
82620	all		Lizard Bolt		Inflicts $s1 Nature damage to an enemy.						
82621	all		Claw Grasp		Immobilizes an enemy and inflicts $o1 damage over $d.	Immobilized.\n$o1 damage inflicted over $d.					
82622	all		Corruption	Rank 1	Corrupts the target, causing $o1 Shadow damage over $d.	$s1 Shadow damage every $t1 seconds.					
82623	all		Immolate	Rank 1	Burns the enemy for $s2 Fire damage and then an additional $o1 Fire damage over $d.	$s1 Fire damage every $t1 seconds.					
82624	all		Shield Bash		Bashes an enemy with the caster's shield, inflicting Physical damage and interrupting the spell being cast.						
82625	all		Immolate	Rank 1	Burns the enemy for $s2 Fire damage and then an additional $o1 Fire damage over $d.	$s1 Fire damage every $t1 seconds.					
82626	all		Shadow Bolt		Hurls a bolt of dark magic at an enemy, inflicting Shadow damage.						
82627	all		Immolate		Burns an enemy, then inflicts additional Fire damage every $t1 sec. for $d.	Fire damage inflicted every $t1 sec.					
82628	all		Shadow Bolt		Hurls a bolt of dark magic at an enemy, inflicting Shadow damage.						
82629	all		Soul Siphon	Rank 1	Drains $o1 health over $d. from an enemy and its nearest ally, healing the caster for up to twice the amount of health stolen.	$o1 health leeched over $d.					
82630	all		Demon Skin		Increases the caster's armor by $s1 and speeds its health regeneration for $d.	Armor increased by $s1.\nIncreased health regeneration.					
82631	all		Shadow Bolt		Hurls a bolt of dark magic at an enemy, inflicting Shadow damage.						
82632	all		Corruption	Rank 1	Corrupts the target, causing $o1 Shadow damage over $d.	$s1 Shadow damage every $t1 seconds.					
82633	all		Healing Wave	Rank 2	Heals a friendly target for $s1.						
82634	all		Shrink		Reduces an enemy's Strength and Stamina for $d.	Strength reduced by $s1.\nStamina reduced by $s2.					
82635	all		Healing Wave	Rank 2	Heals a friendly target for $s1.						
82636	all		Immolate		Burns an enemy, then inflicts additional Fire damage every $t1 sec. for $d.	Fire damage inflicted every $t1 sec.					
82637	all		Corrupted Intellect		Reduces the Intellect of nearby enemies by $s1 for $d.	Intellect reduced by $s1.					
82638	all		Noxious Catalyst		Reduces an enemy's Nature resistance by $s1 for $d.	Nature resistance reduced by $s1.					
82639	all		Poison		Inflicts Nature damage to an enemy every $t1 sec. for $d.	Nature damage inflicted every $t1 sec.					
82640	all		Decayed Strength		Reduces an enemy's Strength by $s1 for $d.	Strength reduced.					
82641	all		Decayed Agility		Reduces an enemy's Agility by $s1 for $d.	Agility reduced by $s1.					
82642	all		Muscle Tear		Cripples an enemy, inflicting normal damage plus $s1 and reducing its Strength for $d.	Strength reduced by $s2.					
82643	all		Kodo Stomp		Inflicts normal damage plus $s1 to nearby enemies, stunning them for $d.	Stunned.					
82644	all		Frost Nova		Inflicts Frost damage to nearby enemies, immobilizing them for up to $d.	Immobilized.					
82645	all		Kodo Stomp		Inflicts normal damage plus $s1 to nearby enemies, stunning them for $d.	Stunned.					
82646	all		Lizard Bolt		Inflicts $s1 Nature damage to an enemy.						
82647	all		Lizard Bolt		Inflicts $s1 Nature damage to an enemy.						
82648	all		Lizard Bolt		Inflicts $s1 Nature damage to an enemy.						
82649	all		Lightning Bolt		Blasts an enemy with lightning, inflicting Nature damage.						
82650	all		Thunderclap		Inflicts Nature damage to nearby enemies, increasing the time between their attacks by $s3% and slowing their movement speed for $d.	Time between attacks increased by $s3%.\nMovement speed reduced by $s2%.					
82651	all		Shoot		Shoots at an enemy, inflicting Physical damage.						
82652	all		Poisoned Shot		Inflicts normal damage plus a bonus to an enemy, then additional Nature damage every $t1 sec. for $d.	$s1 Nature damage inflicted every $t1 sec.					
82653	all		Frost Nova		Inflicts Frost damage to nearby enemies, immobilizing them for up to $d.	Immobilized.					
82654	all		Thorns	Rank 2	Thorns sprout from the friendly target causing $s1 Nature damage to attackers when hit.  Lasts $d.	Causes $s1 Nature damage to attackers.					
82655	all		Entangling Roots		Entangles an enemy in roots, inflicting Nature damage every $t2 sec. and immobilizing it for up to $d.	Immobilized.\nNature damage inflicted every $t2 sec.					
82656	all		Fireball		Inflicts Fire damage to an enemy.						
82657	all		Flamestrike		Calls down a pillar of flame, burning all enemies in a selected area and inflicting additional damage every $t2 sec. for $d.	Fire damage inflicted every $t2 sec.					
82658	all		Shoot		Shoots at an enemy, inflicting Physical damage.						
82659	all		Demoralizing Shout		Reduces the melee attack power of nearby enemies for $d.	Melee attack power reduced.					
82660	all		Heroic Strike		A strong attack that increases melee damage by $s1 and causes a high amount of threat.						
82661	all		Creeping Mold		Inflicts Nature damage to an enemy every $t1 sec. for $d.	Nature damage inflicted every $t1 sec.					
82662	all		Faerie Fire		Reduces an enemy's armor by $s1 for $d. While affected, the target cannot use stealth or invisibility.	Armor reduced by $s1.\nCannot use stealth or invisibility.					
82663	all		Thorns	Rank 1	Thorns sprout from the friendly target causing $s1 Nature damage to attackers when hit.  Lasts $d.	Causes $s1 Nature damage to attackers.					
82664	all		Frost Armor		Encases the caster in a layer of frost that lasts $d. The thick ice increases armor, slows melee attackers' movement, and increases the time between their attacks.	Armor increased by $s1.\nSlowing melee attackers' movement and attacks.					
82665	all		Fireball		Inflicts Fire damage to an enemy.						
82666	all		Healing Wave	Rank 3	Heals a friendly target for $s1.						
82667	all		Healing Wave	Rank 3	Heals a friendly target for $s1.						
82668	all		Shoot		Shoots at an enemy, inflicting Physical damage.						
82669	all		Lightning Cloud		Creates a cloud of lightning that lasts $d., blasting all enemies in a selected area for Nature damage every $t2 sec.						
82670	all		Lightning Bolt		Blasts an enemy with lightning, inflicting Nature damage.						
82671	all		Battle Shout		Increases the melee attack power of nearby party members for $d.	Melee attack power increased by $s1.					
82672	all		Strike		Strikes at an enemy, inflicting weapon damage plus additional damage.						
82673	all		Tetanus		Reduces an enemy's Stamina by $s1 for $d.	Stamina reduced by $s1.					
82674	all		Exploit Weakness		Inflicts normal damage plus $s1 on an enemy, but only if attacking from behind.						
82675	all		Demoralizing Shout		Reduces the melee attack power of nearby enemies for $d.	Melee attack power reduced.					
82676	all		Execute		Attempts to finish off a wounded enemy, inflicting normal damage plus additional damage. Execute can only be used on enemies that have 20% or less health.						
82677	all		Poison		Inflicts Nature damage to an enemy every $t1 sec. for $d.	Nature damage inflicted every $t1 sec.					
82678	all		Shoot		Shoots at an enemy, inflicting Physical damage.						
82679	all		Battle Shout		Increases the melee attack power of nearby party members for $d.	Melee attack power increased by $s1.					
82680	all		Overseer's Poison			$s1 Nature damage inflicted every $t1 sec.					
82681	all		Shoot		Shoots at an enemy, inflicting Physical damage.						
82682	all		Torch Toss			$s2 Fire damage inflicted every $t2 sec.					
82683	all		Shoot		Shoots at an enemy, inflicting Physical damage.						
82684	all		Demon Skin	Rank 2	Protects the caster, increasing armor by $s1, and increasing the amount of health generated through spells and effects by $s2%. Only one type of Armor spell can be active on the Warlock at any time.  Lasts $d.	Increases armor by $s1, and amount of health generated through spells and effects by $s2%					
82685	all		Immolate	Rank 2	Burns the enemy for $s2 Fire damage and then an additional $o1 Fire damage over $d.	$s1 Fire damage every $t1 seconds.					
82686	all		Curse of Agony	Rank 1	Curses the target with agony, causing $o1 Shadow damage over $d.  This damage is dealt slowly at first, and builds up as the Curse reaches its full duration.  Only one Curse per Warlock can be active on any one target.	$o1 Shadow damage over $d.					
82687	all		Drain Life	Rank 1	Transfers $s1 health every $t1 sec from the target to the caster.  Lasts $d.	Drains $s1 health every $t1 sec to the caster.					
82688	all		Shoot		Shoots at an enemy, inflicting Physical damage.						
82689	all		Poison		Inflicts Nature damage to an enemy every $t1 sec. for $d.	Nature damage inflicted every $t1 sec.					
82690	all		Shoot		Shoots at an enemy, inflicting Physical damage.						
82691	all		Fire Shot	Rank 1	Fires a flaming shot at the enemy, doing an additional $s1 and making the damage fire based.						
82692	all		Holy Smite		Smites an enemy, inflicting Holy damage.						
82693	all		Heal		Calls upon Holy magic to heal an ally.						
82694	all		Renew		Heals an ally every $t1 sec. for $d.	Damage healed every $t1 sec.					
82695	all		Renew	Rank 2	Heals the target for $<total> over $d.	Healing $s1 damage every $t1 seconds.					
82696	all		Lesser Heal	Rank 2	Heal your target for $s1.						
82697	all		Battle Shout		Increases the melee attack power of nearby party members for $d.	Melee attack power increased by $s1.					
82698	all		Pummel		Pummels an enemy for $s1 damage and interrupts the spell being cast for $d.						
82699	all		Shoot		Shoots at an enemy, inflicting Physical damage.						
82700	all		Blood Leech		Drains $s1 health from an enemy, transferring it to the caster.						
82701	all		Corruption	Rank 1	Corrupts the target, causing $o1 Shadow damage over $d.	$s1 Shadow damage every $t1 seconds.					
82702	all		Deadly Poison		Inflicts Nature damage to an enemy every $t1 seconds for $d.	Poisoned.  You suffer Nature damage every $t1 seconds.					
82703	all		Aura of Rot		Inflicts $s1 Nature damage to nearby enemies.						
82704	all		Thunderclap		Inflicts Nature damage to nearby enemies, increasing the time between their attacks by $s3% and slowing their movement speed for $d.	Time between attacks increased by $s3%.\nMovement speed reduced by $s2%.					
82705	all		Lightning Bolt		Blasts an enemy with lightning, inflicting Nature damage.						
82706	all		Lesser Healing Wave	Rank 1	Heals a friendly target for $s1.						
82707	all		Frostbolt		Inflicts Frost damage to an enemy and reduces its movement speed for $d.	Reduced movement speed.					
82708	all		Fire Blast		Inflicts Fire damage to an enemy.						
82709	all		Frost Nova		Inflicts Frost damage to nearby enemies, immobilizing them for up to $d.	Immobilized.					
82710	all		Shoot		Shoots at an enemy, inflicting Physical damage.						
82711	all		Sinister Strike	Rank 3	An instant strike that causes $m1 damage in addition to $<percent>% of your normal weapon damage.  Awards $s2 combo $lpoint:points;.						
82712	all		Chained Bolt		Strikes an enemy with a lightning bolt that arcs to another nearby enemy. The spell affects up to $x1 targets, causing $s1 Nature damage to each.						
82713	all		Shoot		Shoots at an enemy, inflicting Physical damage.						
82714	all		Wrath		Hurls a bolt of lightning at an enemy, inflicting $s1 Nature damage.						
82715	all		Rejuvenation		Heals an ally every $t1 sec. for $d.	Damage healed every $t1 sec.					
82716	all		Entangling Roots		Entangles nearby enemies in roots, inflicting $s2 Nature damage every $t2 sec. and immobilizing them for up to $d.	Immobilized.\n$s2 Nature damage inflicted every $t2 sec.					
82717	all		Hurricane		Creates a violent storm in the target area causing $s1 Nature damage to enemies every $t1 sec, and increasing the time between the attacks of enemies by $s2%.  Lasts $d.  Druid must channel to maintain the spell.	$s1 damage every $t1 seconds, and time between attacks increased by $s2%.					
82718	all		Backstab		Inflicts normal damage plus $s1 to an enemy, but only if attacking from behind.						
82719	all		Backstab		Inflicts normal damage plus $s1 to an enemy, but only if attacking from behind.						
82720	all		Potion Toss		Heals an ally for $s1 damage after $t1 sec.	$s1 damage healed after $t1 sec.					
82721	all		Fatal Bite		Drains health from an enemy, healing the caster for up to twice that amount.						
82722	all		Throw		Throws a weapon at an enemy, inflicting Physical damage.						
82723	all		Frostbolt		Inflicts Frost damage to an enemy and reduces its movement speed for $d.	Reduced movement speed.					
82724	all		Flame Blast	Rank 3	Inflicts $s1 Fire damage to an enemy.						
82725	all		Shadow Bolt		Hurls a bolt of dark magic at an enemy, inflicting Shadow damage.						
82726	all		Lightning Bolt		Blasts an enemy with lightning, inflicting Nature damage.						
82727	all		Healing Touch	Rank 3	Heals a friendly target for $<min> to $<max>.						
82728	all		Shoot		Shoots at an enemy, inflicting Physical damage.						
82729	all		Multi-Shot		Fires a volley of missiles at an enemy and its nearby allies, striking up to $x1 targets for normal damage plus $s1.						
82730	all		Explosive Shot		Inflicts weapon damage and $s1 additional Fire damage to an enemy and any of its nearby allies.						
82731	all		Volley		Continuously fires a volley of ammo at the target area, causing $s1 Arcane damage to enemy targets within $a1 yards every second for $d.						
82732	all		Shoot		Shoots at an enemy, inflicting Physical damage.						
82733	all		Multi-Shot		Fires a volley of missiles at an enemy and its nearby allies, striking up to $x1 targets for normal damage plus $s1.						
82734	all		Strike		Strikes at an enemy, inflicting weapon damage plus additional damage.						
82735	all		Rend		Inflicts Physical damage to an enemy every $t1 sec. for $d.	Physical damage inflicted every $t1 sec.					
82736	all		Thorns	Rank 2	Thorns sprout from the friendly target causing $s1 Nature damage to attackers when hit.  Lasts $d.	Causes $s1 Nature damage to attackers.					
82737	all		Lightning Blast	Rank 3	Blasts an enemy with lightning for $s1 Nature damage.						
82738	all		Mana Burn		Hits an enemy with an anti-mana bolt that consumes up to $s1 mana. For each point of mana consumed by the bolt, the target takes $e1 damage.						
82739	all		Mana Burn		Hits an enemy with an anti-mana bolt. For each point of mana consumed by the bolt, the target takes $e1 damage.						
82740	all		Frostbolt		Inflicts Frost damage to an enemy and reduces its movement speed for $d.	Reduced movement speed.					
82741	all		Frost Nova		Inflicts Frost damage to nearby enemies, immobilizing them for up to $d.	Immobilized.					
82742	all		Venom Spit		Spits poison at an enemy, inflicting Nature damage, then additional damage every $t2 sec. for $d.	Nature damage inflicted every $t2 sec.					
82743	all		Shadow Bolt		Hurls a bolt of dark magic at an enemy, inflicting Shadow damage.						
82744	all		Corruption	Rank 2	Corrupts the target, causing $o1 Shadow damage over $d.	$s1 Shadow damage every $t1 seconds.					
82745	all		Shadow Bolt		Hurls a bolt of dark magic at an enemy, inflicting Shadow damage.						
82746	all		Holy Smite		Smites an enemy, inflicting Holy damage.						
82747	all		Heal	Rank 1	Heal your target for $s1.						
82748	all		Shadow Bolt		Hurls a bolt of dark magic at an enemy, inflicting Shadow damage.						
82749	all		Throw		Throws a weapon at an enemy, inflicting Physical damage.						
82750	all		Shock	Rank 3	Instantly throws a bolt of lightning at the target for $s1 damage.						
82751	all		Healing Wave	Rank 4	Heals a friendly target for $s1.						
82752	all		Shoot		Shoots at an enemy, inflicting Physical damage.						
82753	all		Exploit Weakness		Inflicts normal damage plus $s1 on an enemy, but only if attacking from behind.						
82754	all		Gift of the Xavian		Heals the caster fully.						
82755	all		Battle Shout	Rank 2	The warrior shouts, increasing attack power of all raid and party members within $a1 yards by $s1.  Lasts $d.	Increases your attack power by $s1.					
82756	all		Gift of the Xavian		Heals the caster fully.						
82757	all		Corruption	Rank 3	Corrupts the target, causing $o1 Shadow damage over $d.	$s1 Shadow damage every $t1 seconds.					
82758	all		Gift of the Xavian		Heals the caster fully.						
82759	all		Fireball		Inflicts Fire damage to an enemy.						
82760	all		Gift of the Xavian		Heals the caster fully.						
82761	all		Exploit Weakness		Inflicts normal damage plus $s1 on an enemy, but only if attacking from behind.						
82762	all		Curse of Weakness	Rank 3	Target's melee attack power is reduced by $s1 and armor is reduced by $s2% for $d.  Only one Curse per Warlock can be active on any one target.	Melee attack power reduced by $s1, and armor is reduced by $s2%.					
82763	all		Scorch		Scorches an enemy for Fire damage.						
82764	all		Knockdown		Inflicts $s2 damage to an enemy, stunning it for $d.	Stunned.					
82765	all		Immolate	Rank 3	Burns the enemy for $s2 Fire damage and then an additional $o1 Fire damage over $d.	$s1 Fire damage every $t1 seconds.					
82766	all		Mana Burn		Hits an enemy with an anti-mana bolt that consumes up to $s1 mana. For each point of mana consumed by the bolt, the target takes $e1 damage.						
82767	all		Entangling Roots		Entangles an enemy in roots, inflicting Nature damage every $t2 sec. and immobilizing it for up to $d.	Immobilized.\nNature damage inflicted every $t2 sec.					
82768	all		Lightning Bolt		Blasts an enemy with lightning, inflicting Nature damage.						
82769	all		Lightning Cloud		Creates a cloud of lightning that lasts $d., blasting all enemies in a selected area for Nature damage every $t2 sec.						
82770	all		Demoralizing Roar		Reduces the melee attack power of nearby enemies by $s1 for $d.	Melee attack power reduced by $s1.					
82771	all		Rejuvenation	Rank 3	Heals the target for ${$m1*5*$<mult>} over $d.	Heals $s1 damage every $t1 seconds.					
82772	all		Wrath		Hurls a bolt of lightning at an enemy, inflicting Nature damage.						
82773	all		Rejuvenation	Rank 3	Heals the target for ${$m1*5*$<mult>} over $d.	Heals $s1 damage every $t1 seconds.					
82774	all		Mana Burn		Hits an enemy with an anti-mana bolt that consumes up to $s1 mana. For each point of mana consumed by the bolt, the target takes $e1 damage.						
82775	all		Backstab		Inflicts bonus damage to an enemy, but only if attacking from behind.						
82776	all		Throw		Throws a weapon at an enemy, inflicting Physical damage.						
82777	all		Venom Spit		Spits poison at an enemy, inflicting Nature damage, then additional damage every $t2 sec. for $d.	Nature damage inflicted every $t2 sec.					
82778	all		Poison		Inflicts Nature damage to an enemy every $t1 sec. for $d.	Nature damage inflicted every $t1 sec.					
82779	all		Moonfire		Burns the enemy for Arcane damage and inflicts additional damage over $d.	Arcane damage inflicted every $t1 sec.					
82780	all		Shoot		Shoots at an enemy, inflicting Physical damage.						
82781	all		Frostbolt		Inflicts Frost damage to an enemy and reduces its movement speed for $d.	Reduced movement speed.					
82782	all		Heroic Strike	Rank 3	A strong attack that deals weapon damage plus 32.						
82783	all		Healing Wave		Calls upon Nature magic to heal an ally.						
82784	all		Shoot		Shoots at an enemy, inflicting Physical damage.						
82785	all		Shadow Word: Pain	Rank 5	A word of darkness that causes $o1 Shadow damage over $d.	$s1 Shadow damage every $t1 seconds.					
82786	all		Renew	Rank 5	Heals the target for $<total> over $d.	Healing $s1 damage every $t1 seconds.					
82787	all		Heal	Rank 3	Heal your target for $s1.						
82788	all		Maul		Adds damage to the next attack.						
82789	all		Moonfire	Rank 5	Burns the enemy for $s2 Arcane damage and then an additional ${$m1*4*$<mult>} Arcane damage over $d.	$s1 Arcane damage every $t1 seconds.					
82790	all		Rejuvenation	Rank 5	Heals the target for ${$m1*5*$<mult>} over $d.	Heals $s1 damage every $t1 seconds.					
82791	all		Lightning Cloud		Creates a cloud of lightning that lasts $d., blasting all enemies in a selected area for Nature damage every $t2 sec.						
82792	all		Chain Lightning	Rank 1	Hurls a lightning bolt at the enemy, dealing $s1 Nature damage and then jumping to additional nearby enemies.  Each jump reduces the damage by 30%.  Affects $x1 total targets.						
82793	all		Heroic Strike	Rank 3	A strong attack that deals weapon damage plus 32.						
82794	all		Heal		Calls upon Holy magic to heal an ally.						
82795	all		Frostbolt		Inflicts Frost damage to an enemy and reduces its movement speed for $d.	Reduced movement speed.					
82796	all		Coat of Thistlefur		Adorned with thistles, the caster's fur deals $s1 damage to attackers.	$s1 damage inflicted to melee attackers.					
82797	all		Revenge		Instantly counterattack an enemy for $s1 damage. Revenge must follow a block, dodge, or parry.						
82798	all		Throw		Throws a weapon at an enemy, inflicting Physical damage.						
82799	all		Fireball		Inflicts Fire damage to an enemy.						
82800	all		Throw Dynamite		Inflicts Fire damage to all enemies in a selected area.						
82801	all		Frostbolt		Inflicts Frost damage to an enemy and reduces its movement speed for $d.	Reduced movement speed.					
82802	all		Fevered Fatigue		Reduces an enemy's Intellect by $s1 and its Spirit by $s2 for $d.	Intellect reduced by $s1.\nSpirit reduced by $s2.					
82803	all		Fevered Fatigue		Reduces an enemy's Intellect by $s1 and its Spirit by $s2 for $d.	Intellect reduced by $s1.\nSpirit reduced by $s2.					
82804	all		Poison		Inflicts Nature damage to an enemy every $t1 sec. for $d.	Nature damage inflicted every $t1 sec.					
82805	all		Toxic Spit		Inflicts Nature damage to an enemy.						
82806	all		Lizard Bolt		Inflicts $s1 Nature damage to an enemy.						
82807	all		Thunderclap		Inflicts Nature damage to nearby enemies, increasing the time between their attacks by $s3% and slowing their movement speed for $d.	Time between attacks increased by $s3%.\nMovement speed reduced by $s2%.					
82808	all		Poison		Inflicts Nature damage to an enemy every $t1 sec. for $d.	Nature damage inflicted every $t1 sec.					
82809	all		Poison		Inflicts Nature damage to an enemy every $t1 sec. for $d.	Nature damage inflicted every $t1 sec.					
82810	all		Poison		Inflicts Nature damage to an enemy every $t1 sec. for $d.	Nature damage inflicted every $t1 sec.					
82811	all		Swoop		Inflicts normal damage plus $s1 to enemies in a cone in front of the caster, stunning them for $d.	Stunned.					
82812	all		Poison		Inflicts Nature damage to an enemy every $t1 sec. for $d.	Nature damage inflicted every $t1 sec.					
82813	all		Mana Burn		Hits an enemy with an anti-mana bolt. For each point of mana consumed by the bolt, the target takes $e1 damage.						
82814	all		Sap Might		Reduces an enemy's Strength by $s1, Agility by $s2, and Stamina by $s3 for $d.	Strength reduced by $s1.\nAgility reduced by $s2.\nStamina reduced by $s3.					
82815	all		Corrosive Poison		Reduces an enemy's armor by $s2 and inflicts $s1 Nature damage every $t1 sec. for $d.	$s1 Nature damage inflicted every $t1 sec.\nArmor reduced by $s2.					
82816	all		Curse of Recklessness		Increases an enemy's attack power by $s1, but reduces its armor by $s2 for $d. Cursed enemies will ignore fear effects and refuse to flee from combat. Only one curse per warlock can be active on any one target.	Melee attack power increased by $s1.\nArmor reduced by $s2.\nIgnoring fear effects.					
82817	all		Shock	Rank 3	Instantly throws a bolt of lightning at the target for $s1 damage.						
82818	all		Lightning Bolt		Blasts an enemy with lightning, inflicting Nature damage.						
82819	all		Lightning Cloud		Creates a cloud of lightning that lasts $d., blasting all enemies in a selected area for Nature damage every $t2 sec.						
82820	all		Entangling Roots		Entangles an enemy in roots, inflicting Nature damage every $t2 sec. and immobilizing it for up to $d.	Immobilized.\nNature damage inflicted every $t2 sec.					
82821	all		Corrosive Poison		Reduces an enemy's armor by $s2 and inflicts $s1 Nature damage every $t1 sec. for $d.	$s1 Nature damage inflicted every $t1 sec.\nArmor reduced by $s2.					
82822	all		Lightning Bolt		Blasts an enemy with lightning, inflicting Nature damage.						
82823	all		Curse of Weakness	Rank 3	Target's melee attack power is reduced by $s1 and armor is reduced by $s2% for $d.  Only one Curse per Warlock can be active on any one target.	Melee attack power reduced by $s1, and armor is reduced by $s2%.					
82824	all		Immolate	Rank 3	Burns the enemy for $s2 Fire damage and then an additional $o1 Fire damage over $d.	$s1 Fire damage every $t1 seconds.					
82825	all		Fireball		Inflicts Fire damage to an enemy.						
82826	all		Area Burn	Rank 1	Calls down a pillar of flame, burning all enemies in a selected area for $s1 Fire damage and an additional $s2 damage every $t2 sec. for $d.	$s2 Fire damage inflicted every $t2 sec.					
82827	all		Leech Poison		Drains $s1 health from an enemy every $t1 sec. over $d., transferring it to the caster.	$s1 health leeched every $t1 sec.					
82828	all		Thorns	Rank 2	Thorns sprout from the friendly target causing $s1 Nature damage to attackers when hit.  Lasts $d.	Causes $s1 Nature damage to attackers.					
82829	all		Maul		Adds damage to the next attack.						
82830	all		Wrath		Hurls a bolt of lightning at an enemy, inflicting Nature damage.						
82831	all		Rejuvenation	Rank 3	Heals the target for ${$m1*5*$<mult>} over $d.	Heals $s1 damage every $t1 seconds.					
82832	all		Wrath		Hurls a bolt of lightning at an enemy, inflicting Nature damage.						
82833	all		Throw		Throws a weapon at an enemy, inflicting Physical damage.						
82834	all		Mirkfallon Fungus		Reduces an enemy's Stamina by $s1 for $d.	Stamina reduced by $s1.					
82835	all		Throw		Throws a weapon at an enemy, inflicting Physical damage.						
82836	all		Bomb		Bombs all enemies in a selected area, inflicting Fire damage.						
82837	all		Fireball		Inflicts Fire damage to an enemy.						
82838	all		Fireball		Inflicts Fire damage to an enemy.						
82839	all		Shoot		Shoots at an enemy, inflicting Physical damage.						
82840	all		Chain Burn	Rank 1	Hits an enemy with an anti-mana bolt that arcs to another nearby enemy. For each point of mana consumed by the bolt, the target takes $e1 damage. The spell affects up to $x1 targets.						
82841	all		Chain Lightning		Strikes an enemy with a lightning bolt that arcs to another nearby enemy. The spell affects up to $x1 targets, inflicting greater Nature damage to each successive target.						
82842	all		Shoot		Shoots at an enemy, inflicting Physical damage.						
82843	all		Shoot		Shoots at an enemy, inflicting Physical damage.						
82844	all		Shoot		Shoots at an enemy, inflicting Physical damage.						
82845	all		Demoralizing Shout		Reduces the melee attack power of nearby enemies for $d.	Melee attack power reduced.					
82846	all		Healing Wave	Rank 5	Heals a friendly target for $s1.						
82847	all		Lightning Bolt		Blasts an enemy with lightning, inflicting Nature damage.						
82848	all		Exploit Weakness		Inflicts normal damage plus $s1 on an enemy, but only if attacking from behind.						
82849	all		Strike		Strikes at an enemy, inflicting weapon damage plus additional damage.						
82850	all		Skull Crack		Delivers a sharp blow to the head of an enemy, inflicting weapon damage plus additional damage, stunning it for $d.	Stunned.					
82851	all		Corrosive Acid		Reduces the armor of nearby enemies by $s1 for $d.	Armor reduced by $s1.					
82852	all		Frostbolt		Inflicts Frost damage to an enemy and reduces its movement speed for $d.	Reduced movement speed.					
82853	all		Lightning Bolt	Rank 4	Blasts an enemy with lightning for $s1 Nature damage.						
82854	all		Lightning Bolt	Rank 4	Blasts an enemy with lightning for $s1 Nature damage.						
82855	all		Chain Lightning	Rank 1	Hurls a lightning bolt at the enemy, dealing $s1 Nature damage and then jumping to additional nearby enemies.  Each jump reduces the damage by 30%.  Affects $x1 total targets.						
82856	all		Surprise Attack	Rank 1	Inflicts normal damage plus $s1 to an enemy when attacking from stealth, stunning the target for $d.	Stunned.					
82857	all		Strong Cleave		Inflicts normal damage plus $s1 to an enemy and its nearest allies, affecting up to $x1 targets and increasing the time between their attacks by $s2% for $d.	Time between attacks increased by $s2%.					
82858	all		Lightning Hide	Rank 1							
82859	all		Lightning Hide	Rank 1							
82860	all		Lightning Hide	Rank 1							
82861	all		Mana Burn		Destroy $m1% of the target's mana (up to a maximum of ${$m1*2}% of your own maximum mana). For each mana destroyed in this way, the target takes 0.5 Shadow damage.						
82862	all		Execute		Attempts to finish off a wounded enemy, inflicting normal damage plus additional damage. Execute can only be used on enemies that have 20% or less health.						
82863	all		Execute		Attempts to finish off a wounded enemy, inflicting normal damage plus additional damage. Execute can only be used on enemies that have 20% or less health.						
82864	all		Throw		Throws a weapon at an enemy, inflicting Physical damage.						
82865	all		Fireball		Inflicts Fire damage to an enemy.						
82866	all		Lightning Bolt		Blasts an enemy with lightning, inflicting Nature damage.						
82867	all		Entangling Roots		Entangles an enemy in roots, inflicting Nature damage every $t2 sec. and immobilizing it for up to $d.	Immobilized.\nNature damage inflicted every $t2 sec.					
82868	all		Holy Strike		Consecrates the caster's weapon, inflicting additional damage on its next attack. All damage inflicted is based on Holy magic.						
82869	all		Holy Light		Calls upon Holy magic to heal an ally.						
82870	all		Shoot		Shoots at an enemy, inflicting Physical damage.						
82871	all		Fire Shot	Rank 2	Fires a flaming shot at the enemy, doing an additional $s1 and making the damage fire based.						
82872	all		Fireball		Inflicts Fire damage to an enemy.						
82873	all		Fire Ward	Rank 2	Absorbs $s1 Fire damage.  Lasts $d.	Absorbs Fire damage.					
82874	all		Shadow Bolt		Hurls a bolt of dark magic at an enemy, inflicting Shadow damage.						
82875	all		Holy Smite		Smites an enemy, inflicting Holy damage.						
82876	all		Heal		Calls upon Holy magic to heal an ally.						
82877	all		Renew		Heals an ally every $t1 sec. for $d.	Damage healed every $t1 sec.					
82878	all		Heal	Rank 3	Heal your target for $s1.						
82879	all		Renew		Heals an ally every $t1 sec. for $d.	Damage healed every $t1 sec.					
82880	all		Fireball		Inflicts Fire damage to an enemy.						
82881	all		Flamespit		Inflicts Fire damage to an enemy.						
82882	all		Shield Bash		Bashes an enemy with the caster's shield, inflicting Physical damage and interrupting the spell being cast.						
82883	all		Sunder Armor		Hacks at an enemy's armor, reducing it per Sunder Armor. Can be applied up to 5 times. Lasts $d.	Reduced armor.					
