spell_id	priority	skill_line_ids	name_en	rank_en	description_en	tooltip_en	name_zh	rank_zh	description_zh	tooltip_zh	notes
84885	all		Virtuous Smite			Your next attack does $s1 less damage.					
84886	all		Virtuous 4pc		Smite now also decreases the damage of the target's next attack by $84885s1.						
84887	all		Virtuous 6pc		Heal, Lesser Heal, Greater Heal, and Flash Heal have a $s1% increased chance to critically heal.						
84888	all		Virutous Shield								
84889	all		Virtuous 8pc		Casting Power Word: Shield when you are not in combat makes the absorption effect 40% stronger.						
84890	all		Forge Searing Armament		Shape the material into a Searing Armament.						
84891	all		Searing Armament		Inflicts $s1 Fire damage to an enemy.						
84892	all		Increase Spell Dam Fire 10		Increases damage done by Fire spells and effects by up to $s1.						
84893	all		4pc Darkmantle		Reduces the damage you take from area of effect attacks by an additional $s1%.						
84894	all		Darkmantle 6pc		Increases the attack speed gained from Slice and Dice by an additional $s1%.						
84895	all		Darkmantle 8pc		Reduces the Energy cost of your Sinister Strike, Backstab, and Mutilate abilities by $s1.						
84896	all		Increase Healing 50		Increases healing done by up to $s1 and damage done by up to $s2 for all magical spells and effects.						
84897	all		Increased Frost and Fire Resist 10		+$s1 Frost and Fire Resistance.						
84898	all		Healing Wave crit 2%		Your Healing Wave and Lesser Healing Wave spells have a $s1% additional chance to critically heal.						
84899	all		Earth Shield bonus charges		Increases the amount of charges for your Earth Shield by $s1.						
84900	all		Improved Water Shield		Your Water Shield ability grants an additional $s1 mana each time it triggers and an additional $s2 mana per 5 sec.						
84901	all		Increase Spell Dam 17		Increases damage and healing done by magical spells and effects by up to $s1.						
84902	all		Increase Spell Dam 36		Increases damage and healing done by magical spells and effects by up to $s1.						
84903	all		Increase Spell Dam 23		Increases damage and healing done by magical spells and effects by up to $s1.						
84904	all		Increase Spell Dam Nature 10		Increases damage done by Nature spells and effects by up to $s1.						
84905	all		Increase Spell Dam Fire 6		Increases damage done by Fire spells and effects by up to $s1.						
84906	all		Increased Frost and Fire Resist 10		+$s1 Frost and Fire Resistance.						
84907	all		Five Thunders 4pc		Reduces the mana cost of Fire totems by $s1%						
84908	all		Totem of Wrath			Chance to critically strike with spells increased by $s1% and chance to hit with spells increased by $s2%.					
84909	all		Five Thunders 8pc		Totem of Wrath's effect now lasts an additional 15 seconds after it is removed.						
84910	all		Increased Frost and Fire Resist 10		+$s1 Frost and Fire Resistance.						
84911	all		Aftershocks 4pc		Reduces the cooldown of Earth Elemental Totem by $/60000;s1 minutes.						
84912	all		Aftershocks 6pc		Increases the critical strike chance of your Shock spells by 3%.						
84913	all		Storm Shock		When Earth Shock damages a target afflicted by Stormstrike it causes a bolt of lightning to strike down, damaging enemies around the target for $s1 Nature damage.						
84914	all		Aftershocks 8pc		When Earth Shock damages a target afflicted by Stormstrike it causes a bolt of lightning to strike down, damaging enemies around the target for $84913s1 Nature damage.						
84915	all		Increase Spell Dam 24		Increases damage and healing done by magical spells and effects by up to $s1.						
84916	all		Increase Spell Dam 34		Increases damage and healing done by magical spells and effects by up to $s1.						
84917	all		Deathly Coil			Your next Death Coil deals $s1% increased damage, but cannot critically hit and will not horrify.					
84918	all		Dreadmist 8pc		Casting Death Coil within 3 seconds after casting Life Tap will cause your Death Coil to deal $84917s1% increased damage, but cannot critically hit and will not horrify.						
84919	all		Dreadmist 4pc		Increases the damage done by your Shadow Bolt and Drain Soul by $s1%.						
84920	all		Rain of Chaos		Casting Shadowfury now causes decreases the mana cost of Rain of Fire by $s1% and causes it to deal $s2% more damage for $d.	Your Rain of Fire is enhanced, increasing its damage by $s2% and reducing its mana cost by $s1%.					
84921	all		Dreadmist 6pc		Increases the radius of Seed of Corruption's detonation by $s1 yards. Casting Shadowfury now decreases the mana cost of Rain of Fire by $84920s1% and causes it to deal $84920s2% more damage for $84920d.						
84922	all		Triumph 6pc		Increases the duration of Retaliation and Recklessness by $/1000;s1 seconds.						
84923	all		Triumph 8pc		Hitting an enemy with Mortal Strike reduces the cooldown of Bladestorm by 4 seconds.\nReduces the Rage cost of Whirlwind by $/10;s2.						
84924	all		Heroism 6pc		Increases the critical strike chance of Shield Slam by $s1%.						
84925	all		Heroism 8pc		Thunder Clap generates $s1% more threat.						
84926	all		Aqueous Attunement		Increases your Intellect by $s1 and grants you the ability to walk on water for $d.	Intellect increased by $s1. Allows walking over water.					
84927	all		Chromatic Wand Transform		Change the school of magic that this wand fires.						
84928	all		Chromatic Wand Transform		Change the school of magic that this wand fires.						
84929	all		Chromatic Wand Transform		Change the school of magic that this wand fires.						
84930	all		Chromatic Wand Transform		Change the school of magic that this wand fires.						
84931	all		Chromatic Wand Transform		Change the school of magic that this wand fires.						
84932	all		Chromatic Wand Transform		Change the school of magic that this wand fires.						
84933	all		Deepsea Coral		Increases attack power by $s1 for $d. If you are swimming when you activate this item it will instead last ${$d*2} sec.	Attack Power increased by $s1.					
84934	all		Truestrike		Your failed attacks or spells have a chance to improve your chance to hit with melee and ranged attacks by $s1% and spells by $s2%, and decrease the chance that your attacks will be dodged or parried by ${$m3/4}%. Lasts $d.	Chance to hit with melee and ranged attacks increased by $s1% and spells by $s2%. \n\nDecreased chance that your attacks will be dodged or parried by ${$m3/4}%.					
84935	all		Faded Ring of Truestrike		Your failed attacks or spells have a chance to improve your chance to hit with melee and ranged attacks by $84934s1% and spells by $84934s2%, and decrease the chance that your attacks will be dodged or parried by ${$84934m3/4}%. Lasts $84934d.						
84936	all		Increase Defense 6		Increased Defense +$s1.						
84937	all		Swimming Speed		Increases swim speed by $s1%.	Increases swim speed by $s1%.					
84938	all		Increase Spell Dam Shadow 13		Increases damage done by Shadow spells and effects by up to $s1.						
84939	all		Motivation		Your friendly healing spells have a chance to deal $s1 damage to the target and increase their attack power by $s2 for $d.	Motivated to deal more damage, attack power increased by $s2.					
84940	all		Staff of Motivation Equip		Your friendly healing spells have a chance to deal $84939s1 damage to the target and increase their attack power by $84939s2 for $84939d.						
84941	all		Mining		Mining +2						
84942	all		Nazjatar's Might		Conjures a sudden burst of water, dealing $s1 Frost damage to your target and protecting yourself with a bubble that absorbs $s2 damage for $d.	Absorbs damage.					
84943	all		Chomped		The chomper chomps the target, chomping their movement speed by $s1% for $d.	Movement speed chomped by $s1%.					
84944	all		Enraged		When you get back up you'll be enraged, increasing your physical damage dealt by $s1 for $d seconds.	Physical damage dealt increased by $s1.					
84945	all		Slipped!		Occasionally during combat you will slip and fall, stunning you for $s1 seconds.	Slipped and fell, oopsie!					
84946	all		Slippery		Occasionally during combat you will slip and fall, stunning you for 2 seconds. When you get back up you'll be enraged, increasing your physical damage dealt by 23 for 6 seconds.						
84947	all		Baby Spider Summon		Summon three baby Spiderlings to protect you for $d.						
84948	all		Electrified Dragon Scale		Chance to gain additional Dragon Scales when skinning Dragons.						
84949	all		Increase Healing 36		Increases healing done by up to $s1 and damage done by up to $s2 for all magical spells and effects.						
84950	all		Increase Parry 1		Increases your chance to parry an attack by $s1%.						
84951	all		Increase Healing 18		Increases healing done by up to $s1 and damage done by up to $s2 for all magical spells and effects.						
84952	all		Armor Penetration 35		Your attacks ignore $s1 of your opponent's armor.	Increases armor penetration rating by $s1.					
84953	all		Flamestrike		Calls down a pillar of flame, burning all enemies in a selected area and inflicting additional damage every $t2 sec. for $d.	Fire damage inflicted every $t2 sec.					
84954	all		Dummy Trigger		Dummy Trigger						
84955	all		Dummy Trigger		Dummy Trigger						
84956	all		Flask of Overwhelming Might		Increases melee and ranged attack power by $s1 for $d.  Counts as both a Battle and Guardian elixir.  This effect persists through death.	Attack power increased by $s1.					
84957	spellbook	171	Flask of Overwhelming Might								
84958	all		Frostbolt Volley		Unleash a volley of frostbolts at targets within 25 yards in front of you, dealing $s2 damage and slowing them by $s1% for $d.	Slowed by $s2%.					
84959	all		Coldbringer Aura		Your attacks and spells deal an additional $s1 damage as Frost damage.						
84960	all		Scarlet Bane		Sends a shadowy bolt at the enemy causing $s1 Shadow damage. Deals 400% increased damage to members of the Scarlet Crusade.						
84961	all		Interrogated		Your attacks have a chance to interrogate the target, stunning them for $d.	Stunned.					
84962	all		Torturing Poker		Your attacks have a chance to interrogate the target, stunning them for $84961d.						
84963	all		Increase Spell Dam Frost 20		Increases damage done by Frost spells and effects by up to $s1.						
84964	all		Charge of the Headmaster		Party and raid members within 25 yards gain $s1 additional intellect.	Intellect increased by $s1.					
84965	all		Charge of the Headmaster		Party and raid members within 25 yards gain $s1 additional intellect.	Intellect increased by $s1.					
84966	all		Charge of the Headmaster		Party and raid members within 25 yards gain $84964s1 additional intellect. If you are in a raid group this effect is reduced to $84965s1 additional intellect.						
84967	all		Increase Spell Dam Arcane 8		Increases damage done by Arcane spells and effects by up to $s1.						
84968	all		Haunt		Chance on hit or spellcast to haunt the target, increasing spell damage taken by $s1 for $d.')\n    .AuraDescription.enGB.set('Spell Damage taken increased by $s1.	Spell Damage taken increased by $s1.					
84969	all				Chance on hit or spellcast to haunt the target, increasing spell damage taken by $84968s1 for $84968d.						
84970	all		Increase Spell Dam Nature 9		Increases damage done by Nature spells and effects by up to $s1.						
84971	all		Increase Spell Dam 32		Increases damage and healing done by magical spells and effects by up to $s1.						
84972	all		Minor Pack Transformation			By the temporary power of the Orb of Arugal, the target has become a Worgen, increasing stats by $s1.					
84973	all		Orb of Arugal		Your attacks and spells have a chance to transform you into a Worgen, increasing your stats by $84972s1 for $84972d. This effect can only occur during Night.						
84974	all		Blessing of Fashalar			Increases ranged attack speed by $s1%.					
84975	all		Enchanted Fashalari Arrows			Building up the Blessing of Fashalar.					
84976	all		Enchanted Fashalari Arrow		Deals 100% ranged weapon damage as Arcane damage and ignores armor.	Firing $s1% Weapon Damage to the target.					
84977	all		Ethereal Fashalari Arrow								
84978	all		Enchanted Fashalari Arrow		Deals 100% ranged weapon damage as Arcane damage and ignores armor.						
84979	all		Fashalari Arrows		On firing an arrow you have a chance for the arrow to be enchanted, causing it to deal Arcane damage and ignore armor. After firing $84975u of these arrows you gain Blessing of Fashalar, which increases your Ranged Attack Speed by $84974s% for $84974d.						
84980	spellbook	778	Stone Talone		Right Click to summon and dismiss your earth elemental.						
84981	all				Teaches you how to summon this companion.						
84982	all		Bloodied		Your attacks leave a bleed effect on the target, dealing $s1 damage and stacking up to 5 times.	Bleeding for $s1 every $t.					
84983	all		Hamhock's Cleaver		Your attacks leave a bleed effect on the target, dealing $84982o1 damage over $d and stacking up to 5 times.						
84984	all		Increase Spell Dam Nature 14		Increases damage done by Nature spells and effects by up to $s1.						
84985	all		Increase Spell Dam Arcane 19		Increases damage done by Arcane spells and effects by up to $s1.						
84986	all		Increase Spell Dam Shadow 18		Increases damage done by Shadow spells and effects by up to $s1.						
84987	all		Increase Spell Dam Holy 18		Increases damage done by Holy spells and effects by up to $s1.						
84988	all		Increase Spell Dam 26		Increases damage and healing done by magical spells and effects by up to $s1.						
84989	all		Dragon's Call		Calls forth an Emerald Dragon Whelp to protect you in battle for a short period of time.						
84991	all		Increase Healing 44		Increases healing done by up to $s1 and damage done by up to $s2 for all magical spells and effects.						
84992	all		Increase Defense 12		Increased Defense +$s1.						
84993	all		Reduced Nature Resist 10		Decreases Nature resistance by $s1.						
84994	all		Blackstone's Authority		Your attacks against pirates have a chance to demoralize them, decreasing their attack power by $s1 for $d.	Reduces melee attack power by $s1.					
84995	all		Blackstone's Authority		Your attacks against most pirates have a chance to demoralize them, decreasing their attack power by $84994s1 for $84994d.						
84996	all		Attack Power VS Humanoids 27		Attack Power increased by $s1 when fighting Humanoids.						
84997	all		Invoke the Cursed Compass		Invoke the Cursed Compass and see where it leads you.						
84998	all		Invoke the Cursed Compass		Invoke the Cursed Compass and see where it leads you.						
84999	all		Invoke the Cursed Compass		Invoke the Cursed Compass and see where it leads you.						
85000	all		Invoke the Cursed Compass		Invoke the Cursed Compass and see where it leads you.						
85001	all		Invoke the Cursed Compass		Invoke the Cursed Compass and see where it leads you.						
85002	all		Invoke the Cursed Compass		Invoke the Cursed Compass and see where it leads you.						
85003	all		Invoke the Cursed Compass		Invoke the Cursed Compass and see where it leads you.						
85004	all		Invoke the Cursed Compass		Invoke the Cursed Compass and see where it leads you.						
85005	all		Invoke the Cursed Compass		Invoke the Cursed Compass and see where it leads you.						
85006	all		Invoke the Cursed Compass		Invoke the Cursed Compass and see where it leads you.						
85007	all		Invoke the Cursed Compass		Invoke the Cursed Compass and see where it leads you.						
85008	all		Invoke the Cursed Compass		Invoke the Cursed Compass and see where it leads you.						
85009	all		Invoke the Cursed Compass		Invoke the Cursed Compass and see where it leads you.						
85010	all		Invoke the Cursed Compass		Invoke the Cursed Compass and see where it leads you.						
85011	all		Invoke the Cursed Compass		Invoke the Cursed Compass and see where it leads you.						
85012	all		Invoke the Cursed Compass		Invoke the Cursed Compass and see where it leads you.						
85013	all		Invoke the Cursed Compass		Invoke the Cursed Compass and see where it leads you.						
85014	all		Invoke the Cursed Compass		Invoke the Cursed Compass and see where it leads you.						
85015	all		Invoke the Cursed Compass		Invoke the Cursed Compass and see where it leads you.						
85016	all		Invoke the Cursed Compass		Invoke the Cursed Compass and see where it leads you.						
85017	all		Invoke the Cursed Compass		Invoke the Cursed Compass and see where it leads you.						
85018	all		Invoke the Cursed Compass		Invoke the Cursed Compass and see where it leads you.						
85019	all		Invoke the Cursed Compass		Invoke the Cursed Compass and see where it leads you.						
85020	all		Invoke the Cursed Compass		Invoke the Cursed Compass and see where it leads you.						
85021	all		Invoke the Cursed Compass		Invoke the Cursed Compass and see where it leads you.						
85022	all		Curse of Weakness	Rank 6	Target's melee attack power is reduced by $s1 for $d.	Melee attack power reduced by $s1.					
85023	all		Increase Defense 14		Increased Defense +$s1.						
85024	spellbook	164	Captain's Cutlass								
85025	all		Increase Healing 21		Increases healing done by up to $s1 and damage done by up to $s2 for all magical spells and effects.						
85026	all		Curse of Negativity		This item appears to be cursed.	Wearer of a Cursed Talisman.					
85027	all		Decurse Talisman								
85028	all		Shackle Demon		Shackles the target demon enemy for up to $d.  The shackled unit is unable to move, attack or cast spells.  Any damage caused will release the target.  Only one target can be shackled at a time.	Shackled.					
85029	all		Increase Healing 48		Increases healing done by up to $s1 and damage done by up to $s2 for all magical spells and effects.						
85030	all		Increase Spell Dam Frost 25		Increases damage done by Frost spells and effects by up to $s1.						
85031	all		Increase Spell Dam Shadow 25		Increases damage done by Shadow spells and effects by up to $s1.						
85032	all		Attack Power VS Humanoids 33		Increases damage done to Humanoids by magical spells and effects by up to $s1.						
85033	spellbook	165	Dread Pirate's Bicorne								
85034	all		Increase Spell Dam Frost 16		Increases damage done by Frost spells and effects by up to $s1.						
85035	all		Attack Power VS Demons 62		Attack Power increased by $s1 when fighting Demons.						
85036	all		Increase Healing 14		Increases healing done by up to $s1 and damage done by up to $s2 for all magical spells and effects.						
85037	all		Arcane Resistance Aura		Moonkin Form now also increases the Arcane Resistance of all party and raid members by $s1.	Arcane Resistance increased by $s1.					
85038	all		Arcane Resistance Aura		Moonkin Form now also increases the Arcane Resistance of all party and raid members by $s1.						
85039	all		Increase Spell Dam Fire 26		Increases damage done by Fire spells and effects by up to $s1.						
85040	all		Water Walking	Rank 1	Allows the wearer to walk across water for $d.  Any damage or shapeshift will cancel the effect.	Allows walking over water.  Damage or shapeshifts will cancel this effect.					
85041	spellbook	197	Impermeable Boots								
85042	all		Libram of Judgment		Reduces the cooldown of Hammer of Justice by 15 secs.						
85043	all		Create Refined Deeprock Salt		Transforms 4 Deeprock Salt into 2 Refined Deeprock Salt.						
85044	all		Mixologist's Band		Increases the effect that healing and mana potions have on the wearer by $s1%.						
85045	all		Increase Spell Dam Fire 27		Increases damage done by Fire spells and effects by up to $s1.						
85046	all		Increase Spell Dam Frost 27		Increases damage done by Frost spells and effects by up to $s1.						
85047	all		Increase Spell Dam Shadow 11		Increases damage done by Shadow spells and effects by up to $s1.						
85048	all		Increase Healing 70		Increases healing done by up to $s1 and damage done by up to $s2 for all magical spells and effects.						
85049	all		Increase Spell Dam Arcane 22		Increases damage done by Arcane spells and effects by up to $s1.						
85050	spellbook	778	Pristine Cockatoo		Teaches you how to summon this companion.						
85051	all				Teaches you how to summon this companion.						
85052	all		Unlock Bonds		Unlock the bonds of the Blackstone Quartermaster.						
85053	all		Increase Spell Dam Shadow 15		Increases damage done by Shadow spells and effects by up to $s1.						
85054	all		+15 Arcane & Shadow Resist		+$s1 Arcane and Shadow Resistance						
85055	all		Runic Armor Toughness		Increases your armor value from items by $s1%.						
85056	all		Increased Spell Hit Chance 2		Improves your chance to hit with spells by $s1%.						
85057	all		Increase Spell Dam 23		Increases damage and healing done by magical spells and effects by up to $s1.						
85058	all		Rune of The First Hundred		Your damaging spells have a chance to draw a rune at your location for $d, standing in this rune increases the effectiveness of your other Rune Warder set effects by $s1%.	Rune Warder set effects increased by 100%.					
85059	all		Rune Warder's Rune		Your damaging spells have a chance to draw a rune at your location for $85058d, standing in this rune increases the effectiveness of your other Rune Warder set effects by $85058s1%.						
85060	all		Increase Spell Dam 31		Increases damage and healing done by magical spells and effects by up to $s1.						
85061	all		Increase Spell Dam Arcane 12		Increases damage done by Arcane spells and effects by up to $s1.						
85062	all		Sailor's Last Resort		Whenever you block an attack with your shield you have a chance to conjure a protective bubble around you, absorbing some damage. When the bubble pops you restore $s1 mana.						
85063	all		Sailor's Last Resort		Whenever you block an attack with your shield you have a chance to conjure a protective bubble around you, absorbing $s1 damage. When the bubble pops you restore $85062s1 mana.	Absorbs damage. Restores mana upon being popped.					
85064	all		Sailor's Last Resort		Whenever you block an attack with your shield you have a chance to conjure a protective bubble around you, absorbing $85063s1 damage. When the bubble pops you restore $85062s1 mana.						
85065	spellbook	202	Salt-Scoured Blunderbuss								
85066	all		Increase Spell Dam Frost 18		Increases damage done by Frost spells and effects by up to $s1.						
85067	all		Increase Spell Dam Shadow 28		Increases damage done by Shadow spells and effects by up to $s1.						
85068	all		Increase Spell Dam Frost 28		Increases damage done by Frost spells and effects by up to $s1.						
85069	all		Shadowheart		Shadow damage has a chance to inflict you with Shadowheart, increasing your damage and healing done by magical spells and effects by $s1 and reducing your resistances by $s3 for $d.	Spell damage and healing increased by $s1.\nAll Resistances reduced by $s3.					
85070	all		Shadowheart		Dealing shadow damage has a chance to inflict you with Shadowheart, increasing your damage and healing done by magical spells and effects by $85069s1 but reducing your resistances by $85069s3 for $85069d.						
85071	all		Create Mooncloth		Transforms 4 Felcloth into 2 Mooncloth without the aid of a moonwell.						
85072	all		Increase Spell Dam Fire 12		Increases damage done by Fire spells and effects by up to $s1.						
85073	spellbook	197	South Seas Rug								
85074	all		Sextant Aligned to Strength			Strength increased by $s1.					
85075	all		Sextant Aligned to Agility			Agility increased by $s1.					
85076	all		Sextant Aligned to Intellect			Intellect increased by $s1.					
85077	all		Sextant Aligned to Spirit			Spirit increased by $s1.					
85078	all		Strange Sextant		Your damaging attacks and spells and your healing spells have a chance to increase your Strength, Agility, Intellect, or Spirit by $85074s1 for $85074d.						
85079	all		Armor Penetration 60		Your attacks ignore $s1 of your opponent's armor.	Increases armor penetration rating by $s1.					
85080	all		Talon Rip		Causes the target to bleed for $s1 damage every $t sec for $d. Stacks up to $u times.	Bleeding for $s1 damage every $t sec.					
85081	all		Healing Stream Buff		Increases healing done by Healing Stream Totem by $s1.						
85082	all		Shadow Bolt		Hurls a bolt of dark magic at an enemy, inflicting Shadow damage.						
85083	all		Pain Spike		Deals Shadow damage.						
85084	all		Pain Spike		Deals $s1 Shadow damage, then additional Shadow damage over $d, increasing in damage the longer the curse lasts.	Deals $s1 Shadow damage, then additional Shadow damage over $d, increasing in damage the longer the curse lasts.					
85085	all		Siphon Life		Heals Dak'mal.	Heals Dak'mal.					
85086	all		Siphon Life		Deal $s1 Shadow damage over $d seconds, healing Dak'mal for 1.5 times the damage inflicted.	Taking $s1 Shadow damage over $d seconds, healing Dak'mal for 1.5 times the damage inflicted.					
85087	all		Stolen Soul		Soul has been stolen, for each individual afflicted Dak'mal's next Black Harvest will do increased damage.	Soul has been stolen, for each individual afflicted Dak'mal's next Black Harvest will do increased damage.					
85088	all		Soul Grip		Steals the soul of up to 3 targets.						
85089	all		Soul Grip		Summons a portal that after $d steals the soul of up to 3 targets.						
85090	all		Soul Grip		Soul Grip						
85091	all		Black Harvest		Consume the Souls of up to 3 targets nearby converting them to Shadow damage.	$s1 Shadow damage inflicted to enemies.					
85092	all		Black Harvest		Black Harvest						
85093	all		Summon Scarlet Hound		Summons $s1 $lScarlet Hound:Scarlet Hounds; to accompany the caster until dismissed.						
85094	all		Tenderize		Hacks at an enemy's armor, reducing it by $s1 per Sunder Armor. Can be applied up to 5 times. Lasts $d.	Reduced armor.					
85095	all		Cleaver	Rank 5	A sweeping attack that does your weapon damage plus $s1 to the target and his $?s58366[two nearest allies][nearest ally].						
85096	all		Mortal Cleaver		Inflicts $s1% weapon damage and leaves the target wounded, reducing the effectiveness of any healing by $s2% for $d.	Healing effects reduced by $s2%.					
85097	all		Turn Up The Heat		Glagut requests more fire beneath the cooking pot.						
85098	all		Turn Up The Heat		Glagut requests more fire beneath the cooking pot.						
85099	all		Turn Up The Heat		Glagut requests more fire beneath the cooking pot.						
85100	all		Turn Down The Heat		Glagut requests less fire beneath the cooking pot.						
85101	all		Turn Down The Heat		Glagut requests less fire beneath the cooking pot.						
85102	all		Turn Down The Heat		Glagut requests less fire beneath the cooking pot.						
85103	all		Spice It Up		Glagut requests more peppers in the cooking pot.	$s1 Fire damage inflicted every $t1 sec.					
85104	all		Spice It Up		Glagut requests more peppers in the cooking pot.						
85105	all		Spice It Up		Glagut requests more peppers in the cooking pot.						
85106	all		Spice It Up		Glagut requests more peppers in the cooking pot.						
85107	all		Stir!		In a whirlwind of steel you attack all enemies within $a1 yards, causing weapon damage from both melee weapons to each enemy.						
85108	all		Stir!		Instantly Whirlwind up to $50622i nearby targets and for the next $d you will perform a whirlwind attack every $t1 sec.  While under the effects of Bladestorm, you can move but cannot perform any other abilities but you do not feel pity or remorse or fear and you cannot be stopped unless killed.	You cannot be stopped and perform a Whirlwind every $t1 sec.  No other abilities can be used.					
85109	all		Stir!								
85110	all		Stir!		Glagut insists the pot is given a hearty stir.						
85111	all		More Veggies!		Glagut insists the pot is loaded with vegetables.						
85112	all		More Veggies!		Glagut insists the pot is loaded with vegetables.						
85113	all		More Veggies!		Glagut insists the pot is loaded with vegetables.						
85114	all		Seasoned Eyes		Glagut insists the pot is given a healthy dose of seasoning.						
85115	all		More Seasoning!		Glagut insists the pot is given a healthy dose of seasoning.						
85116	all		More Seasoning!		Glagut insists the pot is given a healthy dose of seasoning.						
85117	all		Dummy Trigger		Dummy Trigger						
85118	all		Coffee		Sobers you up a little.						
85119	spellbook	185	Black Coffee								
85120	all		Crestfall Crab Taco		Taking damage has a chance to reduce the attack power of enemies behind you by $s1 for $d.	Attack power reduced by $s1... did that really just happen?					
85121	all		Well Fed		Taking damage has a chance to reduce the attack power of enemies behind you by $85120s1 for $85120d. Lasts $d.	Taking damage has a chance to reduce the attack power of enemies behind you by $85120s1 for $85120d.					
85122	all		Food		Restores $o1 health over $d.  Must remain seated while eating.  If you spend at least 10 seconds eating you will become well fed and gain a chance upon taking damage to reduce the attack power of enemies behind you by $85120s1 for $85120d. Lasts $85121d.	Restores $/5;s1 health per second.					
85123	spellbook	185	Crestfall Crab Taco								
85124	all		Well Fed		Healing done increased by up to $s1. Lasts $d.	Healing done increased by up to $s1.					
85125	all		Food		Restores $o1 health over $d.  Must remain seated while eating.  If you spend at least 10 seconds eating you will become well fed and increase your healing done by spells and abilities by $85124s1 for $85124d.	Restores $/5;s1 health per second.					
85126	spellbook	185	Lobster Roll								
85127	spellbook	185	Seafarer's Swig								
85128	all		Prison Break								
85129	all		Polymorph		Transforms you into a sheep, forcing you to wander around for up to $d.  While wandering, you cannot attack or cast spells and any damage will transform you back into your normal form.	Cannot attack or cast spells.					
85130	all		Mass Polymorph								
85131	all		Mass Polymorph								
85132	all		Conjure Water		Millhouse Manastorm creates a batch of extra potent beverages.						
85133	all		Evocation		Millhouse Manastorm amplifies his mana.	Millhouse Manastorm amplifies his mana.					
85134	all		Chilled	Rank 1	Slows an attacker's movement by $s1% and reduces their attack speed by $s2%.	Movement slowed by $s1% and time between attacks increased by $s2%.					
85135	all		Ice Armor		Increases armor by $s1 and Frost resistance by $s3.   If an enemy strikes the caster, they may have their movement slowed to $7321s2% and attacks slowed by $7321s1% for $7321d.  Only one type of Armor spell can be active on the Mage at any time.  Lasts $d.	Increases armor by $s1, Frost resistance by $s3 and may slow attackers.					
85136	all		Manastorm's Hubris		Protects the caster from all attacks and spells.	Immune to all attacks and spells.					
85137	all		Teleport								
85138	all		Frostbolt Volley		Inflicts Frost damage to nearby enemies, reducing their movement speed for $d.	Reduced movement speed.					
85139	all		Blizzard		Calls down a blizzard that lasts $d., inflicting $s1 Frost damage every $t1 sec. to all enemies in a selected area.						
85140	all		Cone of Cold		Inflicts Frost damage to enemies in a cone in front of the caster, reducing their movement speed for $d.	Reduced movement speed.					
85141	all		Fire Blast		Inflicts Fire damage to an enemy.						
85142	all		Pyroblast		Inflicts Fire damage to an enemy, then additional damage every $t2 sec. for $d.	Fire damage inflicted every $t2 sec.					
85143	all		Frost Nova		Inflicts Frost damage to nearby enemies, immobilizing them for up to $d.	Immobilized.					
85144	all		Arcane Missiles		Launches magical missiles at an enemy, inflicting Arcane damage.						
85145	all		Chomp		Bites the target with dark jaws inflicting $s1 Shadow damage.						
85146	all		Void Slobber		Invokes the malignant power of death and decay, inflicting Shadow damage to all enemies in a selected area for $d.						
85147	all		Shadow Crash		Fires a missile towards a random target. When this missile lands, it deals $60849s1 Shadow damage to all enemies within $60489a1 yards of that location.						
85148	all		Void Slobber		Fires a missile towards a random target. When this missile lands, it deals $60849s1 Shadow damage to all enemies within $60489a1 yards of that location.						
85149	all		Terrifying Howl		Frightens all nearby enemies with psychic panic, causing them to flee for $d.	Running in Fear.\nMovement speed increased by $s2%.					
85150	all		Shadow Breath		Inflicts $s1 Fire damage to enemies in a cone in front of the caster.						
85151	all		Void Eruption		Wails with anguish, inflicting Shadow damage to an enemy.						
85152	all		Water Bubble		You are engulfed in a Bubble of Water which inflicts $s1 Frost damage every $t1 sec and slows movement speed by $s2% for $d.	Inflicts $s1 Frost damage every $t1 sec and slows movement speed by $s2%.					
85153	all		Water Bolt		Hurls a watery bolt at an enemy, inflicting $s1 Frost damage.						
85154	all		Water Bolt Volley		Hurls a watery bolt at all nearby enemies within $a1 yards, inflicting Frost damage.						
85155	all		Watery Grave Explosion		Summons a water bubble around an enemy. After $t1 sec., the bubble explodes, inflicting $20476s1 Frost damage to the target and its nearby allies.						
85156	all		Watery Grave		Summons a water bubble around an enemy. After $t1 sec., the bubble explodes, inflicting $20476s1 Frost damage to the target and its nearby allies.	Frost damage inflicted to nearby allies after $d					
85157	all		Wrath of Nazjatar		A spout of water spews forth, dealing $s2 Frost damage and knocking back any enemies in a cone in front of the caster.						
85158	all		Dummy Trigger		Dummy Trigger						
85159	all		Wrath of Nazjatar								
85160	all		Tidal Wave		A frozen crest of water splashes over targets in front of the caster, dealing $s1 Frost damage and increasing the time between attacks by $s2%.	Increases the time between attacks by $s2%.					
85161	spellbook	171	Greater Catseye Elixir								
85162	all		Increase Spell Dam Arcane 20		Increases damage done by Arcane spells and effects by up to $s1.						
85163	spellbook	197	Gloves of Dazzling Light								
85164	all		Increase Healing 34		Increases healing done by up to $s1 and damage done by up to $s2 for all magical spells and effects.						
85165	spellbook	171	Elixir of Whirling Wind								
85166	all		Increase Spell Dam Nature 32		Increases damage done by Nature spells and effects by up to $s1.						
85167	all		Increase Spell Dam Arcane 15		Increases damage done by Arcane spells and effects by up to $s1.						
85168	spellbook	197	Shoulderpads of Dazzling Light								
85169	spellbook	171	Elixir of Valorous Diplomacy								
85170	all		Increase Spell Dam Holy 22		Increases damage done by Holy spells and effects by up to $s1.						
85171	spellbook	197	Leggings of Dazzling Light								
85172	all		Increase Spell Dam Nature 18		Increases damage done by Nature spells and effects by up to $s1.						
85173	all		Increase Healing 47		Increases healing done by up to $s1 and damage done by up to $s2 for all magical spells and effects.						
85174	all		Increase Spell Dam Holy 25		Increases damage done by Holy spells and effects by up to $s1.						
85175	all		Increase Spell Dam Arcane 25		Increases damage done by Arcane spells and effects by up to $s1.						
85176	spellbook	197	Robe of Dazzling Light		This item binds to you upon being crafted.						
85177	spellbook	778	Sandworm Hatchling		Teaches you how to summon this companion.						
85178	all				Teaches you how to summon this companion.						
85179	all		Archaedic Stoneform		Your melee attacks and abilities have a chance to turn you to stone, increasing your armor by $s1 and granting you immunity to Bleed, Poison, and Disease effects for $d.	Immune to Bleed, Poison, and Disease. Armor increased by $s1.					
85180	all		Archaedic Stoneform		Your melee attacks and abilities have a chance to turn you to stone, increasing your armor by $85179s1 and granting you immunity to Bleed, Poison, and Disease effects for $d.	Immune to Bleed, Poison, and Disease. Armor increased by $85179s1.					
85181	all		Stone		Your melee attacks and abilities have a chance to turn you to stone, increasing your armor by $85179s1 and granting you immunity to Bleed, Poison, and Disease effects for $85180d.						
85182	all		Sight of the Watcher		Your attacks and spells have a chance to grant you greater sight, increasing your chance to hit with attacks and spells by $s1% for $d.	Hit and Spell Hit increased by $s1%.					
85183	all		Watcher		Your attacks and spells have a chance to grant you greater sight, increasing your chance to hit with attacks and spells by $85182s1% for $85182d.						
85184	all		Archaedic Empowerment								
85185	all		Archaedic Empowerment		While within Uldaman, increase Armor by $s1, Spell Damage and Healing by $s2, and Attack Power by $s3.	Armor increased by $s1.\nSpell Damage and Healing increased by $s2.\nAttack Power increased by $85184s1.					
85186	all		Uldaman		While within Uldaman, increase Armor by $s1, Spell Power by $s2, and Attack Power by $s3.						
85187	all		Protocol Cooldown		When you are brought below 20% health you heal for $s1. 15 min cooldown.	Archaedic Stone of Protocol cannot activate.					
85188	all		Protocol Activated		When you are brought below 20% health you heal for $s1. 15 min cooldown.						
85189	all		Protocol		When you are brought below 20% health you heal for $85188s1. 15 min cooldown.						
85190	all		Increase Spell Dam 13		Increases damage and healing done by magical spells and effects by up to $s1.						
85191	all		Spell Damage from Armor		Increases your spell damage by $s1 for every $q1 armor you have.						
85192	all		Attack Power from Armor		Increases your Attack Power by $q1 for every $s1 armor you have.						
85193	all		Earthen Shockwave		On dodge, block, or parry you sometimes release a shockwave slowing enemies in front of you.	Slowed by $s1%.					
85194	all		Earthen Shockwave		On dodge, block, or parry you sometimes release a shockwave slowing enemies in front of you.						
85195	all		Stone Healing		Receiving damage has a chance to summon a stone golem to heal you for a short time.	Gaining $s1 health per second.					
85196	all		Stone Protector		Place a heavy stone statue on the ground where it will heal you for a short time before its power fades.						
85197	all		Stone Protector		Receiving damage has a chance to summon a stone golem to heal you for a short time.						
85199	all		Harnessed Wisdom		Increases damage and healing done by magical spells and effects by up to $s1 and increases your Intellect by $s3 for $d.	Magical damage and healing dealt is increased by $s1. Intellect increased by $s2.					
85200	all		Beastblooder		Afflicts the target with a terrible wound, dealing $s1 Fire Bleed damage every $t sec for $d. Deals double damage against Beasts.	Bleeding from a burning wound, taking $s1 Fire Bleed damage every $t. Deals double damage if you are a Beast.					
85201	all		Increase Critical 3		Improves your chance to get a critical strike with melee and ranged attacks by $s1%.						
85202	all		Create Arcanite Bar		Transforms 5 Thorium Bars and an Arcane Crystal into 2 Arcanite Bars.						
85203	all		Increase Spell Dam Fire 14		Increases damage done by Fire spells and effects by up to $s1.						
85204	all		Deviate Poison		Increases Spell damage taken by up to $s1.	Increases Spell damage taken by up to $s1.					
85205	all		Deviate Poison		Your attacks have a chance to apply Deviate Poison, which causes the target to take up to $85204s1 additional damage from spells.						
85206	all		Sul Heal		Healed by a broken barrier of Sul granted by Sul'thraze.						
85207	all		Sul		Unleash Sul on yourself. Sul absorbs $s1 damage, when the shield breaks it releases a burst of healing on your party. Lasts $d.	Absorbing damage. If this effect is broken the unit's party will be healed for $85206s1.					
85208	all		Sul'thraze		Strikes an enemy with the rage of Sul'thraze. Lowers target's strength by $s2 and deals $s1 Shadow damage with an additional $o3 damage over $d.	Decreased Strength by $s2 and $s3 Shadow damage inflicted every $t3 sec.					
85209	all		Sul'thraze		Unleash Sul on yourself and Thraze on your enemy.\n\nSul absorbs $85207s1 damage, when the shield breaks it releases a burst of healing on your party, lasts $85207d.\n\nThraze lowers your target's Strength by $85208s2 and deals $85208s1 Shadow damage with an additional $85208o3 Shadow damage over $85208d.						
85210	all		Fear		Strikes fear in an enemy, causing it to flee in terror for $d.	Feared.					
85211	all		Jack in the Box		Place a chest at the target area. When the chest is opened, players in a 5 yard radius will be feared for 3 seconds. Lasts 10 minutes. Not useable in instances and battlegrounds.						
85212	spellbook	185	Dolanaar Tea								
85213	all		Vanishing Dust	Rank 4	Stealth into the shadows, concealing you from enemies for 15 seconds.	Hidden from enemies.					
85214	all		Increase Spell Dam 4		Increases damage and healing done by magical spells and effects by up to $s1.						
85215	all		Increase Healing 8		Increases healing done by up to $s1 and damage done by up to $s2 for all magical spells and effects.						
85216	all		Talisman of the Protector		Increase your maximum health by 100 for 20 sec.	Health increased by 100.					
85217	all		Talisman of the Sorcerer		Restores 30 mana every 1 sec for 10 sec.	Regenerating 30 mana every 1 sec.					
85218	all		Talisman of the Warrior		Increases attack power by 3 per stack for 20 sec.	Your attack power is increased by 3 per stack. Every second a stack is removed. Lasts 20 seconds.					
85219	all		Talisman of the Warrior		Your attack power is increased by 60. Every second this bonus is reduced by 3. Lasts 20 seconds.						
85220	all		Increase Spell Dam 3		Increases damage and healing done by magical spells and effects by up to $s1.						
85221	all		Stone of Elune		Applies a blessing of Elune to the target weapon, increasing attack power by 15 and spell power by 10. Lasts for 30 Minutes.						
85222	all		Indestructible		This weapon will never lose durability.						
85223	all		Stealthy	Racial Passive	Increases your stealth by $s1.						
85224	all		Greater Mana Shield		Enfolds the caster in a protective shield that absorbs all damage taken, draining mana for every point of damage absorbed.	Absorbing damage, losing mana instead of health.					
85225	all		Summon Pocket Guardian		Summon a miniature mana elemental to aid you in combat for 10 minutes.						
85226	all		Balefire Draught		Deal shadowflame damage for every stack of Balefire on you and your target.						
85227	all		Balefire Draught - Dummy Trigger								
85228	all		Balefire Draught		Afflicts you with Balefire, burning you for each stack you have. Melee damage taken has a chance to burn attackers, causing damage for every stack of Balefire you both have. Lasts 15 min.	Chance to burn melee attackers, causing Shadowflame damage for every stack of Balefire on both targets.					
85229	all		Balefire Draught - NPC Trigger Aura								
85230	spellbook	171	Balefire Draught		Requires: Balefire Curse  This item binds to you upon being crafted.						
85231	all		Felstone Grog		Increases shadow and fire resistances by $s1.	Shadow and fire resistances increased by $s1.					
85232	all		Strong Alcohol		Increases fire and shadow resistance by 5. An incredibly strong alcoholic beverage.	Drunk.					
85233	spellbook	185	Felstone Grog								
85234	all		Balefire		Afflicts the target enemy with a potent and lasting curse, increasing shadow and fire damage taken by $s1%.	Increases shadow and fire damage taken by $s1%.					
85235	all		Waning Balefire		Afflicts the target enemy with a potent and lasting curse, increasing shadow and fire damage taken by $s1%.	Increases shadow and fire damage taken by $s1%.					
85236	all		Expel Balefire		Transfers the Balefire curse from you to an enemy target. Only usable in the Blasted Lands.						
85237	all		Expel Balefire		Transfers the Balefire curse from you to an enemy target. Only usable in the Blasted Lands.						
85238	all		Extinguish Balefire		Dispels the Balefire curse from a friendly target.						
85239	all		Extinguish Balefire - Trigger		Dispels the Balefire curse from a friendly target.						
85240	all		Extinguish Balefire - Izalnir Cooldown								
85241	all		Chaotic Energies		Dark energies flare out of the sky, hitting the ground around the caster to deal damage and knock enemies back.						
85242	all		Disrupt Altar		Disrupt the high altar of Felstone Fortress.						
85243	all		Fel Mark			Tethered to a location somewhere in the world. Lost upon dying or logging out.					
85244	all		Felstone - Recall Visual								
85245	all		Felstone		Mark your current overworld location for the next 4 hours using a Grombolar Soulstone. Use again to destroy the mark and recall yourself to its location.						
85246	spellbook	333	Felstone		This item binds to you upon being crafted.						
85247	all		Soul Mirror		Shatter a Grombolar Soulstone, taking on the shape of a soul inside for 1 hour.	Embodying the image of a formerly trapped soul.					
85248	spellbook	202	Soul Mirror								
85249	all		Rumbling Tummy		Sampling a questionable food item.	Just keep eating...					
85250	all		Food		Restores $o1 health over $d.  Must remain seated while eating.  If you spend at least 10 seconds eating you will become well fed and gain $19710s1 Stamina and Spirit for $19710d.	Restores $/5;s1 health per second.					
85251	spellbook	185	Suspicious Stew								
85252	all		Prospecting Emote - Visual								
85253	all		Starlight Gem		Increases the player's maximum health by $s1 for $d.  Counts as a Guardian Elixir.	Health increased by $s1.  Counts as a Guardian Elixir.					
85254	all		Font of Starlight		Wards against foulness and increases Spirit by $s1 while in Winterspring.	Wards against foulness and increases Spirit by $s1 while in Winterspring.					
85255	all		Teleport: Teles'aran		Teleports the user to the Arcanaeum at Teles'aran in Winterspring.						
85256	spellbook	333	Scroll of Recall: Teles'aran		This item binds to you upon being crafted.						
85257	all		Siphon Health		The Ethereal Siphon strikes, draining $s1 health from the target.						
85258	all		Siphon Mana		The Ethereal Siphon strikes, draining $s1 mana from the target.						
85259	all		Ethereal Siphon		Drain either health or mana from your target. If the target has no mana, only health is drained.						
85260	spellbook	164	Ethereal Siphon								
85261	all		Entropic Exchange	Rank 1	Burns away $s1 health and restores $s2 mana every $t1 second for $d.	Burning for $s1 and restoring $s2 mana every $t1 sec.					
85262	all		Consume Nightmare		Restores the caster's health by 3% of a slain target's maximum health.						
85263	all		Nightmare Catcher - Trigger Spell								
85264	all		Nightmare Catcher		Killing a non-mechanical enemy restores your health, equivalent to 3% of that enemy's maximum health.  Lasts $d.	Killing a non-mechanical enemy restores health, equivalent to 3% of that enemy's maximum health.					
85265	spellbook	197	Nightmare Catcher								
85266	all		Ghostly Visual - Persists Death								
85267	all		Falling Star	Rank 1	Deals $s1 arcane damage.	You summon a flurry of stars from the sky on all targets within 30 yards of the caster, each dealing $50288s1 Arcane damage. Also causes $50294s1 Arcane damage to all other enemies within $50294a1 yards of the enemy target. Maximum 20 stars. Lasts $48505d.					
85268	all		Falling Star		Chance on landing a direct damage spell to hit an enemy target with a falling star, dealing arcane damage.						
85269	all		Increased Spell Penetration 15		Decreases the magical resistances of your spell targets by $s1.						
85270	all		Cosmetic - Periodic Cry - Effect								
85271	all		Cosmetic - Periodic Cry								
85272	spellbook	164	Quel'dorei Glaive								
85273	all		Increase Spell Dam Frost 14		Increases damage done by Frost spells and effects by up to $s1.						
85274	all		Increase Spell Dam Shadow 14		Increases damage done by Shadow spells and effects by up to $s1.						
85275	all		Power of the Winds		Chance on hit to increase attack power by $s1 for $d.	Attack power increased by 50.					
85276	all				Chance on hit to increase attack power by $85275s1 for $85275d.						
85277	all				Chance on damage or healing spell cast to restore $436s1 mana.						
85278	all		Increase Healing 12		Increases healing done by up to $s1 and damage done by up to $s2 for all magical spells and effects.						
85279	all		Increase Spell Dam Nature 13		Increases damage done by Nature spells and effects by up to $s1.						
85280	all		Attack Power VS Undead 30		Attack Power increased by $s1 when fighting Undead.						
85281	all		Increase Spell Dam Fire 24		Increases damage done by Fire spells and effects by up to $s1.						
85282	all		Increase Spell Dam Arcane 24		Increases damage done by Arcane spells and effects by up to $s1.						
85283	all		Increase Spell Dam Arcane 10		Increases damage done by Arcane spells and effects by up to $s1.						
85284	all		Speed of the Raptor		Your attacks have a chance to increase your attack speed by $s1 for $d.	Attack speed increased by 15%.					
85285	all		Devilsaur Set Haste		Your attacks have a $h% chance to increase your attack speed by $85284s1% for $85284d.						
85286	all		Increase Spell Dam Shadow 10		Increases damage done by Shadow spells and effects by up to $s1.						
85287	all		Curse of Negativity		This item appears to be cursed.	Wearer of Cursed Shoulders.					
85288	all		Decurse Spaulders								
85289	all		Decrease Player Damage Taken 2		Decreases your damage taken from other players by $s1%.						
85290	all		Fervor of Battle		$s1 health restored.	$s1 health restored.					
85291	all		Fervor of Battle		Restores $85290s1 health when you kill a target that gives experience or honor. This effect cannot occur more than once every 10 seconds.						
85292	all		Decrease Player Damage Taken 2		Decreases your damage taken from other players by $s1%.						
85293	all		Decrease Player Damage Taken 1		Decreases your damage taken from other players by $s1%.						
85294	all		Rookie Fighter		Increases your Primary Stats by $s1 and Stamina by an additional $s2 when in Arenas, Battlegrounds, and PvP Objectives.						
85295	all		Rookie Fighter		Increases your Primary Stats by $85294s1 and Stamina by an additional $85294s2 when in Arenas, Battlegrounds, and PvP Objectives.						
85296	all		Tremendous Fortitude		Increases maximum health by $s1 for $d. Shares cooldown with other Battlemaster's trinkets.	Health increased by $s1.					
85297	all		Fervor of Battle		$s1 health restored.	$s1 health restored.					
85298	all		Fervor of Battle		Restores $85297s1 health when you kill a target that gives experience or honor. This effect cannot occur more than once every 10 seconds.						
85299	all		Fervor of Battle		$s1 health restored.	$s1 health restored.					
85300	all		Fervor of Battle		Restores $85299s1 mana when you kill a target that gives experience or honor. This effect cannot occur more than once every 10 seconds.						
85301	all		Increase Healing 9		Increases healing done by up to $s1 and damage done by up to $s2 for all magical spells and effects.						
85302	all		Increase Healing 5		Increases healing done by up to $s1 and damage done by up to $s2 for all magical spells and effects.						
85303	all		Fervor of Battle		$s1 health restored.	$s1 health restored.					
85304	all		Fervor of Battle		Restores $85303s1 mana when you kill a target that gives experience or honor. This effect cannot occur more than once every 10 seconds.						
85305	all		Fervor of Battle		$s1 health restored.	$s1 health restored.					
85306	all		Fervor of Battle		Restores $85305s1 mana when you kill a target that gives experience or honor. This effect cannot occur more than once every 10 seconds.						
85307	all		Increase Spell Dam 7		Increases damage and healing done by magical spells and effects by up to $s1.						
85308	all		Skirmishing Fighter		Increases your Primary Stats by $s1 and Stamina by an additional $s2 when in Arenas, Battlegrounds, and PvP Objectives.						
85309	all		Skirmishing Fighter		Increases your Primary Stats by $85308s1 and Stamina by an additional $85308s2 when in Arenas, Battlegrounds, and PvP Objectives.						
85310	all		Tremendous Fortitude		Increases maximum health by $s1 for $d. Shares cooldown with other Battlemaster's trinkets.	Health increased by $s1.					
85311	all		Fervor of Battle		$s1 health restored.	$s1 health restored.					
85312	all		Fervor of Battle		Restores $85311s1 health when you kill a target that gives experience or honor. This effect cannot occur more than once every 10 seconds.						
85313	all		Fervor of Battle		$s1 health restored.	$s1 health restored.					
85314	all		Fervor of Battle		Restores $85313s1 mana when you kill a target that gives experience or honor. This effect cannot occur more than once every 10 seconds.						
85315	all		Fervor of Battle		$s1 health restored.	$s1 health restored.					
85316	all		Fervor of Battle		Restores $85315s1 mana when you kill a target that gives experience or honor. This effect cannot occur more than once every 10 seconds.						
85317	all		Fervor of Battle		$s1 health restored.	$s1 health restored.					
85318	all		Fervor of Battle		Restores $85317s1 mana when you kill a target that gives experience or honor. This effect cannot occur more than once every 10 seconds.						
85319	all		Combatant Fighter		Increases your Primary Stats by $s1 and Stamina by an additional $s2 when in Arenas, Battlegrounds, and PvP Objectives.						
85320	all		Combatant Fighter		Increases your Primary Stats by $85319s1 and Stamina by an additional $85319s2 when in Arenas, Battlegrounds, and PvP Objectives.						
85321	all		Tremendous Fortitude		Increases maximum health by $s1 for $d. Shares cooldown with other Battlemaster's trinkets.	Health increased by $s1.					
85322	all		Honorable Fighter		Increases your Primary Stats by $s1 and Stamina by an additional $s2 when in Arenas, Battlegrounds, and PvP Objectives.						
85323	all		Early Fighter		Increases your Primary Stats by $85322s1 and Stamina by an additional $85322s2 when in Arenas, Battlegrounds, and PvP Objectives.						
85324	all		Adaptation		Removes any loss of control effect with a duration of $s1 seconds or more. This effect can only occur once every 1 min.						
85325	all		Relentless		Duration of incoming crowd control effects reduced by $s1%. Does not stack with similar effects.						
85326	all		Relentless		Duration of incoming crowd control effects reduced by $s1%. Does not stack with similar effects.						
85327	all		Relentless		Duration of incoming crowd control effects reduced by $s1%. Does not stack with similar effects.						
85328	all		Relentless		Duration of incoming crowd control effects reduced by $s1%. Does not stack with similar effects.						
85329	all		Relentless		Duration of incoming crowd control effects reduced by $s1%. Does not stack with similar effects.						
85330	all		Relentless		Duration of incoming crowd control effects reduced by $s1%. Does not stack with similar effects.						
85331	all		Fervor of Battle		$s1 health restored.	$s1 health restored.					
85332	all		Fervor of Battle		Restores $85331s1 health when you kill a target that gives experience or honor. This effect cannot occur more than once every 10 seconds.						
85333	all		Fervor of Battle		$s1 health restored.	$s1 health restored.					
85334	all		Fervor of Battle		Restores $85333s1 mana when you kill a target that gives experience or honor. This effect cannot occur more than once every 10 seconds.						
85335	all		Fervor of Battle		$s1 health restored.	$s1 health restored.					
85336	all		Fervor of Battle		Restores $85335s1 mana when you kill a target that gives experience or honor. This effect cannot occur more than once every 10 seconds.						
85337	all		Fervor of Battle		$s1 health restored.	$s1 health restored.					
85338	all		Fervor of Battle		Restores $85337s1 mana when you kill a target that gives experience or honor. This effect cannot occur more than once every 10 seconds.						
85339	all		Increase Healing 11		Increases healing done by up to $s1 and damage done by up to $s2 for all magical spells and effects.						
85340	all		Fervor of Battle		$s1 health restored.	$s1 health restored.					
85341	all		Fervor of Battle		Restores $85340s1 mana when you kill a target that gives experience or honor. This effect cannot occur more than once every 10 seconds.						
85342	all		Aspirant Fighter		Increases your Primary Stats by $s1 and Stamina by an additional $s2 when in Arenas, Battlegrounds, and PvP Objectives.						
85343	all		Aspirant Fighter		Increases your Primary Stats by $85342s1 and Stamina by an additional $85342s2 when in Arenas, Battlegrounds, and PvP Objectives.						
85344	all		Tremendous Fortitude		Increases maximum health by $s1 for $d. Shares cooldown with other Battlemaster's trinkets.	Health increased by $s1.					
85345	all		Vigor		Increases Strength by $s1 for $d.	Strength increased by $s1.					
85346	all		Ferocity		Increases Agility by $s1 for $d.	Agility increased by $s1.					
85347	all		Magick		Increases Spell Damage by $s1 for $d.	Spell Damage increased by $s1.					
85348	all		Cogitation		Increases Spirit by $s1 and restores $s2 Mana per 5 sec for $d.	Spirit increased by $s1 and regenerating $s2 Mana per 5 sec.					
85349	all		Betterment		Increases Spell Healing by $s1 for $d.	Spell Healing increased by $s1.					
85350	all		Dominance		Your spells and abilities have a chance to grant $s1 Strength for $d.	Strength increased by $s1.					
85351	all		Emblem Proc		Your spells and abilities have a chance to grant $85350s1 Strength for $85350d.						
85352	all		Alacrity		Your spells and abilities have a chance to grant $s1 Agility for $d.	Agility increased by $s1.					
85353	all		Emblem Proc		Your spells and abilities have a chance to grant $85352s1 Agility for $85352d.						
85354	all		Power		Your spells and abilities have a chance to grant $s1 Spell Damage for $d.	Spell Damage increased by $s1.					
85355	all		Emblem Proc		Your spells and abilities have a chance to grant $85354s1 Spell Damage for $85354d.						
85356	all		Upturn		Your spells and abilities have a chance to grant $s1 Spirit and $s2 Mana per 5 sec for $d.	Spirit increased by $s1 and regenerating $s2 Mana per 5 sec.					
85357	all		Emblem Proc		Your spells and abilities have a chance to grant $85356s1 Spirit and $85356s2 Mana per 5 sec for $85356d.						
85358	all		Renewal		Your spells and abilities have a chance to grant $s1 Spell Healing for $d.	Spell Healing increased by $s1.					
85359	all		Emblem Proc		Your spells and abilities have a chance to grant $85358s1 Spell Healing for $85358d.						
85360	all		Fade dodge chance		Fade now also grants you a $s1% chance to dodge attacks.						
85361	all		Increase Healing 27		Increases healing done by up to $s1 and damage done by up to $s2 for all magical spells and effects.						
85362	all		Increase Healing 13		Increases healing done by up to $s1 and damage done by up to $s2 for all magical spells and effects.						
85363	all		Hand of Freedom cd reduc		Hand of Freedom's cooldown is reduced by $/1000;s1 seconds.						
85364	all		Avenging Wrath dispel protection		Reduces your chance that Avenging Wrath will be dispelled by $s1%.						
85365	all		Passive Speed		Increases your movement speed by 3%.						
85366	all		Tremendous Fortitude		Increases maximum health by $s1 for $d. Shares cooldown with other Battlemaster's trinkets.	Health increased by $s1.					
85367	all		Vigor		Increases Strength by $s1 for $d.	Strength increased by $s1.					
85368	all		Ferocity		Increases Agility by $s1 for $d.	Agility increased by $s1.					
85369	all		Magick		Increases Spell Damage by $s1 for $d.	Spell Damage increased by $s1.					
85370	all		Cogitation		Increases Spirit by $s1 and restores $s2 Mana per 5 sec for $d.	Spirit increased by $s1 and regenerating $s2 Mana per 5 sec.					
85371	all		Betterment		Increases Spell Healing by $s1 for $d.	Spell Healing increased by $s1.					
85372	all		Dominance		Your spells and abilities have a chance to grant $s1 Strength for $d.	Strength increased by $s1.					
85373	all		Emblem Proc		Your spells and abilities have a chance to grant $85372s1 Strength for $85372d.						
85374	all		Alacrity		Your spells and abilities have a chance to grant $s1 Agility for $d.	Agility increased by $s1.					
85375	all		Emblem Proc		Your spells and abilities have a chance to grant $85374s1 Agility for $85374d.						
85376	all		Power		Your spells and abilities have a chance to grant $s1 Spell Damage for $d.	Spell Damage increased by $s1.					
85377	all		Emblem Proc		Your spells and abilities have a chance to grant $85376s1 Spell Damage for $85376d.						
85378	all		Upturn		Your spells and abilities have a chance to grant $s1 Spirit and $s2 Mana per 5 sec for $d.	Spirit increased by $s1 and regenerating $s2 Mana per 5 sec.					
85379	all		Emblem Proc		Your spells and abilities have a chance to grant $85378s1 Spirit and $85378s2 Mana per 5 sec for $85378d.						
85380	all		Renewal		Your spells and abilities have a chance to grant $s1 Spell Healing for $d.	Spell Healing increased by $s1.					
85381	all		Emblem Proc		Your spells and abilities have a chance to grant $85380s1 Spell Healing for $85380d.						
85382	all		Honorable Fighter		Increases your Primary Stats by $s1 and Stamina by an additional $s2 when in Arenas, Battlegrounds, and PvP Objectives.						
85383	all		Honorable Fighter		Increases your Primary Stats by $85382s1 and Stamina by an additional $85382s2 when in Arenas, Battlegrounds, and PvP Objectives.						
85384	all		Tremendous Fortitude		Increases maximum health by $s1 for $d. Shares cooldown with other Battlemaster's trinkets.	Health increased by $s1.					
85385	all		Soldier's Idol		Increases the damage reduction granted by Barkskin by an additional $s1%.						
85386	all		Soldier's Libram		Increases the range of Hammer of Justice by $s1 yards.						
85387	all		Adapted			Recently adapted to control.					
85388	all		First Aid		Heals $o1 damage over $d.  Usable only in PvP Battlegrounds.	Healing $s1 damage every $t1 seconds.					
85389	all		Teleport: Silverwing Grove		Teleports the caster to Silverwing Grove in Ashenvale.						
85390	all		Teleport: Mor'shan Base Camp		Teleports the caster to Mor'shan Base Camp in the Barrens.						
85391	all		Increase Reputation Silverwing Sentinels 100		Increase your reputation permanently with the Silverwing Sentinels by $s1.						
85392	all		Increase Reputation Warsong Outriders 100		Increase your reputation permanently with the Warsong Outriders by $s1.						
85393	all		Increased Spell Penetration 12		Decreases the magical resistances of your spell targets by $s1.						
85394	all		Increase Spell Dam Shadow 56		Increases damage done by Shadow spells and effects by up to $s1.						
85395	all		Increase Spell Dam Shadow 69		Increases damage done by Shadow spells and effects by up to $s1.						
85396	all		Call Benediction		Calls forth Benediction.						
85397	all		Increase Healing 109		Increases healing done by up to $s1 and damage done by up to $s2 for all magical spells and effects.						
85398	all		Call Anathema		Calls forth Anathema.						
85399	all		Reduces Parry & Dodge 3		Reduces your chance to be dodged or parried by ${$m1/4}%.						
85400	all		Increase Spell Dam Fire 30		Increases damage done by Fire spells and effects by up to $s1.						
85401	all		Increase Spell Dam 62		Increases damage and healing done by magical spells and effects by up to $s1.						
85402	all		Increase Healing 63		Increases healing done by up to $s1 and damage done by up to $s2 for all magical spells and effects.						
85403	all		Increase Spell Dam Fire 16		Increases damage done by Fire spells and effects by up to $s1.						
85404	spellbook	185	Coal-Roasted Potatoes								
85405	spellbook	185	Malistar's Revenge								
85406	all		Increase Spell Dam Shadow 38		Increases damage done by Shadow spells and effects by up to $s1.						
85407	spellbook	202	Purple Smoke Flare								
85408	all		Increase Spell Dam Arcane 16		Increases damage done by Arcane spells and effects by up to $s1.						
85409	all		Increase Spell Dam 40		Increases damage and healing done by magical spells and effects by up to $s1.						
85410	all		Increase Spell Dam Holy 40		Increases damage done by Holy spells and effects by up to $s1.						
85411	all		Increase Healing 52		Increases healing done by up to $s1 and damage done by up to $s2 for all magical spells and effects.						
85412	all		Reforge: Nightslayer Cover		Reforge Nightslayer Cover from Helm of the Glorious Champion						
85416	all		Reforge: Lawbringer Diadem		Reforge Lawbringer Diadem from Helm of the Glorious Champion						
85417	all		Reforge: Lawbringer Faceguard		Reforge Lawbringer Faceguard from Helm of the Glorious Champion						
85418	all		Reforge: Lawbringer Crown		Reforge Lawbringer Crown from Helm of the Glorious Champion						
85419	all		Reforge: Nightslayer Shoulder Pads		Reforge Nightslayer Shoulder Pads from Pauldrons of the Glorious Champion						
85423	all		Reforge: Lawbringer Pauldrons		Reforge Lawbringer Pauldrons from Pauldrons of the Glorious Champion						
85424	all		Reforge: Lawbringer Shoulderguards		Reforge Lawbringer Shoulderguards from Pauldrons of the Glorious Champion						
85425	all		Reforge: Lawbringer Shoulderplates		Reforge Lawbringer Shoulderplates from Pauldrons of the Glorious Champion						
85426	all		Reforge: Nightslayer Chestpiece		Reforge Nightslayer Chestpiece from Chestguard of the Glorious Champion						
85430	all		Reforge: Lawbringer Chestpiece		Reforge Lawbringer Chestpiece from Chestguard of the Glorious Champion						
85431	all		Reforge: Lawbringer Chestguard		Reforge Lawbringer Chestguard from Chestguard of the Glorious Champion						
85432	all		Reforge: Lawbringer Breastplate		Reforge Lawbringer Breastplate from Chestguard of the Glorious Champion						
85433	all		Reforge: Nightslayer Pants		Reforge Nightslayer Pants from Leggings of the Glorious Champion						
85437	all		Reforge: Lawbringer Leggings		Reforge Lawbringer Leggings from Leggings of the Glorious Champion						
85438	all		Reforge: Lawbringer Legguards		Reforge Lawbringer Legguards from Leggings of the Glorious Champion						
85439	all		Reforge: Lawbringer Greaves		Reforge Lawbringer Greaves from Leggings of the Glorious Champion						
85440	all		Reforge: Nightslayer Gloves		Reforge Nightslayer Gloves from Gloves of the Glorious Champion						
85444	all		Reforge: Lawbringer Gloves		Reforge Lawbringer Gloves from Gloves of the Glorious Champion						
85445	all		Reforge: Lawbringer Handguards		Reforge Lawbringer Handguards from Gloves of the Glorious Champion						
85446	all		Reforge: Lawbringer Gauntlets		Reforge Lawbringer Gauntlets from Gloves of the Glorious Champion						
85447	all		Reforge: Nightslayer Boots		Reforge Nightslayer Boots from Sabatons of the Glorious Champion						
85451	all		Reforge: Lawbringer Boots		Reforge Lawbringer Boots from Sabatons of the Glorious Champion						
85452	all		Reforge: Lawbringer Sabatons		Reforge Lawbringer Sabatons from Sabatons of the Glorious Champion						
85453	all		Reforge: Lawbringer Pads		Reforge Lawbringer Pads from Sabatons of the Glorious Champion						
85454	all		Reforge: Antlers of Cenarius		Reforge Antlers of Cenarius from Helm of the Glorious Defender						
85455	all		Reforge: Crown of Cenarius		Reforge Crown of Cenarius from Helm of the Glorious Defender						
85456	all		Reforge: Stag-Helm of Cenarius		Reforge Stag-Helm of Cenarius from Helm of the Glorious Defender						
85459	all		Reforge: Greathelm of Might		Reforge Greathelm of Might from Helm of the Glorious Defender						
85460	all		Reforge: Battle-Helm of Might		Reforge Battle-Helm of Might from Helm of the Glorious Defender						
85461	all		Reforge: Pauldrons of Cenarius		Reforge Pauldrons of Cenarius from Pauldrons of the Glorious Defender						
85462	all		Reforge: Mantle of Cenarius		Reforge Mantle of Cenarius from Pauldrons of the Glorious Defender						
85463	all		Reforge: Shoulderguards of Cenarius		Reforge Shoulderguards of Cenarius from Pauldrons of the Glorious Defender						
85466	all		Reforge: Shoulderguards of Might		Reforge Shoulderguards of Might from Pauldrons of the Glorious Defender						
85467	all		Reforge: Shoulderplates of Might		Reforge Shoulderplates of Might from Pauldrons of the Glorious Defender						
85468	all		Reforge: Chestpiece of Cenarius		Reforge Chestpiece of Cenarius from Chestguard of the Glorious Defender						
85469	all		Reforge: Breastplate of Cenarius		Reforge Breastplate of Cenarius from Chestguard of the Glorious Defender						
85470	all		Reforge: Chestguard of Cenarius		Reforge Chestguard of Cenarius from Chestguard of the Glorious Defender						
85473	all		Reforge: Chestguard of Might		Reforge Chestguard of Might from Chestguard of the Glorious Defender						
85474	all		Reforge: Breastplate of Might		Reforge Breastplate of Might from Chestguard of the Glorious Defender						
85475	all		Reforge: Britches of Cenarius		Reforge Britches of Cenarius from Leggings of the Glorious Defender						
85476	all		Reforge: Greaves of Cenarius		Reforge Greaves of Cenarius from Leggings of the Glorious Defender						
85477	all		Reforge: Legguards of Cenarius		Reforge Legguards of Cenarius from Leggings of the Glorious Defender						
85480	all		Reforge: Greaves of Might		Reforge Greaves of Might from Leggings of the Glorious Defender						
85481	all		Reforge: Legguards of Might		Reforge Legguards of Might from Leggings of the Glorious Defender						
85482	all		Reforge: Gloves of Cenarius		Reforge Gloves of Cenarius from Gloves of the Glorious Defender						
85483	all		Reforge: Gauntlets of Cenarius		Reforge Gauntlets of Cenarius from Gloves of the Glorious Defender						
85484	all		Reforge: Handguards of Cenarius		Reforge Handguards of Cenarius from Gloves of the Glorious Defender						
85487	all		Reforge: Gauntlets of Might		Reforge Gauntlets of Might from Gloves of the Glorious Defender						
85488	all		Reforge: Handguards of Might		Reforge Handguards of Might from Gloves of the Glorious Defender						
85489	all		Reforge: Striders of Cenarius		Reforge Striders of Cenarius from Sabatons of the Glorious Defender						
85490	all		Reforge: Boots of Cenarius		Reforge Boots of Cenarius from Sabatons of the Glorious Defender						
85491	all		Reforge: Treads of Cenarius		Reforge Treads of Cenarius from Sabatons of the Glorious Defender						
85494	all		Reforge: Sabatons of Might		Reforge Sabatons of Might from Sabatons of the Glorious Defender						
85495	all		Reforge: Sollerets of Might		Reforge Sollerets of Might from Sabatons of the Glorious Defender						
85497	all		Reforge: Arcanist Crown		Reforge Arcanist Crown from Helm of the Glorious Hero						
85500	all		Reforge: Arcanist Mantle		Reforge Arcanist Mantle from Pauldrons of the Glorious Hero						
85503	all		Reforge: Arcanist Robes		Reforge Arcanist Robes from Chestguard of the Glorious Hero						
85506	all		Reforge: Arcanist Leggings		Reforge Arcanist Leggings from Leggings of the Glorious Hero						
85509	all		Reforge: Arcanist Gloves		Reforge Arcanist Gloves from Gloves of the Glorious Hero						
85512	all		Reforge: Arcanist Boots		Reforge Arcanist Boots from Sabatons of the Glorious Hero						
85520	all		Thrash		Gives the caster $s1 extra attacks.						
85521	all		Burning Cleave		Inflicts weapon damage plus $s1 to an enemy and its nearest allies, affecting up to $x1 targets and increasing damage taken by subsequent Burning Cleave by $s2% per application.	Damage taken by Burning Cleave increased by $s2%.					
85522	all		Rune Shield		Gives the caster $s1% chance to reflect harmful spells for $d.	$s1% chance to reflect spells.					
85523	all		Dominate Mind		Takes control of a humanoid enemy up to level $s1 for $d.	Charmed.					
85524	all		Crippling Blow		Reduces an enemy's movement speed by $s1% for $d.	Movement speed reduced by $s1%.					
85525	all		Dummy Trigger		Dummy Trigger						
85526	all		Lingering Doom		Increases the target's vulnerability to Shadow damage.	Shadow damage taken increased.					
85527	all		Impending Doom		Inflicts $s1 Shadow damage to nearby enemies after $t1 sec.	$s1 Shadow damage inflicted after $t1 sec.					
85528	all		Lucifron's Curse		Curses nearby enemies, increasing the costs of their spells and abilities by $s1% for $d. This cost increase applies to all spells and abilities, whether they cost mana, rage, or energy.	Spell and ability costs are increased by $s1%.					
85529	all		Shadow Residue		$m1 Shadow damage inflicted every $t1 sec to all targets in the affected area for $d.	$s1 Shadow damage inflicted every $t1 sec.					
85530	all		Shadow Shock		Instantly lashes an enemy with dark magic, inflicting Shadow damage.						
85531	all		Lava Breath		Inflicts $s1 Fire damage to enemies in front of the caster.						
85532	all		Vicious Bite		Bites an enemy, inflicting Physical damage.						
85533	all		Cauterizing Flames		Reduces the Fire resistance of nearby enemies by $s1 for $d.	Fire resistance reduced by $s1.					
85534	all		Withering Heat		Reduces an enemy's maximum health by $s1% for $d.	Maximum health reduced by $s1%.					
85535	all		Despair		Disorients nearby enemies, causing them to stop attacking their targets and wander around for $d.	Disoriented.					
85536	all		Hysteria		Reduces nearby enemies' Spirit by $s1% and their Intellect by $s2% for $d.	Spirit reduced by $s1%.\nIntellect reduced by $s2%.					
85537	all		Dread		Reduces an enemy's casting speed by $s1% and increases the time between its attacks by $s2% for $d.	Casting speed reduced by $s1%.\nTime between attacks increased by $s2%.					
85538	all		Dummy Trigger		Dummy Trigger						
85539	all		Lava Breath		Inflicts $s1 Fire damage to enemies in front of the caster.						
85540	all		Vicious Bite		Bites an enemy, inflicting Physical damage.						
85541	all		Cauterizing Flames		Reduces the Fire resistance of nearby enemies by $s1 for $d.	Fire resistance reduced by $s1.					
85542	all		Withering Heat		Reduces an enemy's maximum health by $s1% for $d.	Maximum health reduced by $s1%.					
85543	all		Ancient Despair		Disorients nearby enemies, causing them to stop attacking their targets and wander around for $d.	Disoriented.					
85544	all		Ancient Hysteria		Reduces nearby enemies' Spirit by $s1% and their Intellect by $s2% for $d.	Spirit reduced by $s1%.\nIntellect reduced by $s2%.					
85545	all		Ancient Dread		Reduces an enemy's casting speed by $s1% and increases the time between its attacks by $s2% for $d.	Casting speed reduced by $s1%.\nTime between attacks increased by $s2%.					
85546	all		Ancient Fury		Throws fireballs at any enemies within 150 yards.						
85547	all		Dummy Trigger		Dummy Trigger						
85548	all		Magma Spit		The patch of fire inflicts $s1 Fire damage every $t1 sec. for $d.	Inflicts $s1 Fire damage every $t1 sec.					
85549	all		Frenzy		Throws fireballs at any enemies within 150 yards.						
85550	all		Core Breath		Inflicts $s1 Fire damage to enemies in front of the caster.						
85551	all		Dummy Trigger		Dummy Trigger						
85552	all		Adoptive Whelp Summon		Summon an Onyxian Whelp to protect you for $d.						
85553	all		Increased Spell Penetration 20		Decreases the magical resistances of your spell targets by $s1.						
85554	all		Increase Spell Dam Arcane 18		Increases damage done by Arcane spells and effects by up to $s1.						
85555	all		Attack Power VS Dragonkin 50		Attack Power increased by $s1 when fighting Dragonkin.						
85556	all		Consecrated Ground		Increases the damage done by your Consecration by $s1.						
85557	spellbook	165	Onyxia Scale Breastplate								
85558	spellbook	165	Onyxia Scale Mask								
85559	spellbook	165	Onyxia Scale Leggings								
85560	spellbook	164	Onyxia Scale Shield								
85561	spellbook	165	Red Dragonscale Shoulders								
85562	spellbook	165	Red Dragonscale Leggings								
85563	spellbook	165	Red Dragonscale Boots								
85564	all		Increase Spell Dam 44		Increases damage and healing done by magical spells and effects by up to $s1.						
85565	all		Fire Channeling								
85566	all		Dummy Trigger		Dummy Trigger						
85567	all		Dummy Trigger		Dummy Trigger						
85568	all		Enrage		Increases the caster's attack speed by $s2% and the Physical damage it deals by $s1% for $d.	Physical damage dealt is increased by $s1%.\nAttack speed increased by $s2%.					
85569	all		Strength of the Brood		Empowered by the strength of a nearby ally, immune to all damaging effects.	Empowered by the strength of a nearby ally, immune to all damaging effects.					
85570	all		Tail Sweep		Inflicts $s1 damage on enemies in a cone behind the caster, knocking them back.						
85571	all		Chain Fireball		Hurls a fireball at the enemy, dealing $s1 Fire damage and then jumping to additional nearby enemies.  Affects $x1 total targets.  Lasts $d.						
85572	all		Dummy Trigger		Dummy Trigger						
85573	all		Strength of the Brood		Empowered by the strength of her brood Onyxia is immune to all damaging effects.	Empowered by the strength of her brood Onyxia is immune to all damaging effects.					
85574	all		Strength Wane		Dummy Trigger						
85575	all		Dummy Trigger		Dummy Trigger						
85576	all		Tail Sweep		Inflicts $s1 damage on enemies in a cone behind the caster, knocking them back.						
85577	all		Dummy Trigger		Dummy Trigger						
85578	all		Fly Location: North East		Dummy Trigger						
85579	all		Fly Location: East		Dummy Trigger						
85580	all		Fly Location: South East		Dummy Trigger						
85581	all		Fly Location: South		Dummy Trigger						
85582	all		Fly Location: South West		Dummy Trigger						
85583	all		Fly Location: West		Dummy Trigger						
85584	all		Fly Location: North West		Dummy Trigger						
85585	all		Fly Location: North		Dummy Trigger						
85586	all		Dummy Trigger		Dummy Trigger						
85587	all		Dummy Trigger		Dummy Trigger						
85588	all		Dummy Trigger		Dummy Trigger						
85589	all		Begin Takeoff		Dummy Trigger						
85590	all		Begin Landing		Dummy Trigger						
85591	all		Brood's Fury		Damage increased by $s2%.	Damage increased by $s2%.					
85592	all		Crumbling Lair		Cause a shower of rocks and debris to pelt the targetted area.	$s1 damage every $t1 $lsecond:seconds;.					
85593	all		Crumbling Lair		Cause a shower of rocks and debris to pelt the targetted area.	$s1 damage every $85592t1 $85592lsecond:seconds;.					
85594	all		Broken Bonds		Causes the target to explode, dealing $s1 Fire damage to all nearby allies.						
85595	all		Crippling Bonds		Ember Bonds reaches peak heat and cripples the enemies movement.	The Ember Bonds constrict your movement entirely for $d as a wave of heat grows within you.					
85596	all		Ember Bonds		Ortorg shackles up to 6 enemies nearby with Ember Bonds, reducing their movement speed by $s2%. Effect gradually increases over time with a cataclysmic outcome.	Movement speed reduced by $s2% gradually increasing in strength.					
85597	all		Ember Bonds		Ortorg shackles up to 6 enemies nearby with Ember Bonds, reducing their movement speed by $85596s2%. Effect gradually increases over time with a cataclysmic outcome.						
85598	all		Guttural Shout	Rank 1	Silences nearby enemies, preventing them from casting spells for $d.	Silenced.					
85599	all		Lava Slice		Inflict $s1 Fire damage split evenly amongst enemies in a $a1 yard cone in front of the caster, burning them for $s2 Fire damage every $t2 seconds for $d.	Burning for $s2 Fire damage every $t2 seconds.					
85600	all		Lava Slash		Ortorg slashes at his primary target, inflicting $s1 Physical damage and increasing damage taken by subsequent Lava Slash by $s2% per application. This burning slash will also inflict $85599s1 Fire damage split evenly amongst additional enemies in a $85599a1 yard cone in front of the caster, burning them for $85599s2 Fire damage every $85599t2 seconds for $d.	Damage taken by Lava Slash increased by $s2%.					
85601	all		Molten Upheaval								
85602	all		Molten Upheaval		Slams the ground inflicting $s1 Fire damage to all enemies in a line in front of the caster.						
85603	all		Molten Upheaval		Slams the ground inflicting $s1 Fire damage to all enemies in a line in front of the caster.						
85604	all		Molten Upheaval		Slams the ground inflicting $85602s1 Fire damage to all enemies in a line in front of the caster.						
85605	all		Molten Upheaval		Slams the ground inflicting $85602s1 Fire damage to all enemies in a line in front of the caster.	$s1 Fire damage every $t1 sec.					
85606	all		Molten Upheaval		Slams the ground inflicting $85602s1 Fire damage to all enemies in a line in front of the caster.	$s1 Fire damage every $t1 sec.					
85607	all		Molten Upheaval		Slams the ground inflicting $85602s1 Fire damage to all enemies in a line in front of the caster.						
85608	all		Brutal Strike		Sends a wave of force in front of the caster, causing $s1 damage in a frontal cone. Also increases damage taken from Brutal Strike by $s2% per application.	Damage taken from Brutal Strike increased by $s2%.					
85609	all		Overwhelming Upheaval		Ortorg, blinded with rage, repeatedly slams the ground in fury.	Ortorg, blinded with rage, repeatedly slams the ground in fury.					
85610	all		Dummy Trigger		Dummy Trigger						
85611	spellbook	778	Child of Arugal		Teaches you how to summon this companion.						
85612	all				Teaches you how to summon this companion.						
85613	spellbook	171	Elixir of Woodland Diplomacy								
85614	all		Increase Spell Dam 1000		Increases damage and healing done by magical spells and effects by up to $s1.						
85615	all		Increase Healing 1000		Increases healing done by up to $s1 and damage done by up to $s2 for all magical spells and effects.						
85616	spellbook	791	Shath'Yar								
85617	all		Battle Shout		Increases melee, ranged, and spell casting speed by $s1% for all nearby allies.  Lasts $d.	Melee, ranged, and spell casting speed increased by $s1%.					
85618	all		Snap		Stuns the target for $d.	Stunned.					
85619	all		Shell Shield		Reflects $s1% of magic damage taken, and reduces melee and ranged damage taken by $s2%. Lasts $d.	Reflecting $s1% of magic damage taken. Melee and ranged damage taken reduced by $s2%.					
85620	all		Lightning Shock		Shock an enemy, dealing $s1 and stunning the target for $d.	Stunned.					
85621	all		Fire Blast		Inflicts Fire damage to an enemy.						
85622	all		Rain of Fire		Calls down a molten rain, burning all enemies in a selected area for $s1 Fire damage every $t1 sec. for $d.	$s1 Fire damage inflicted every $t1 sec.					
85623	all		Energize		Increases the attack and casting speed of caster by $s1%.	Attack speed increased by $s1%.\nCasting speed increased by $s1%.\nMovement speed increased by $s3%.					
85624	all		Flame Lash		Inflicts weapon damage plus $s1 to an enemy and its nearest ally.						
85625	all		Fire Bloom		Inflicts $s1 Fire damage to nearby enemies and reduces their movement speed by $s2% for $d.	Movement speed reduced by $s2%.					
85626	all		Reverberation		Inflicts Fire damage to nearby enemies, knocking them back.						
85627	all		Reverberation		Inflicts Fire damage to nearby enemies, knocking them back.	Inflicts Fire damage to nearby enemies, knocking them back.					
85628	all		Fire Shield		Surrounds the target in a shield of fire, increasing Fire resistance by $s2 and making every strike against the target cause $s1 Fire damage to the attacker.  Lasts $d.  The caster cannot cast Fire Shield on himself.	Increases Fire resistance by $s2 and causes $s1 Fire damage to attacker when struck.					
85629	all		Molten Essence								
85630	all		Dummy Trigger		Dummy Trigger						
85631	all		Destruction		Inflicts $s1 Fire damage to nearby enemies.	Movement speed reduced by $s2%.					
85632	all		Destruction		Absorbing the essence of nearby Burning Elemental's to channel a destructive explosion causing $85631s1 Fire Damage every 2 seconds.	Absorbing the essence of nearby Burning Elemental's to channel a destructive explosion causing $85631s1 Fire Damage every 2 seconds.					
85633	all		Fiery Shell		Surrounds the target in a shield of fire, increasing armor by $s2 and making every strike against the target cause $s1 Fire damage to the attacker.  Lasts $d.	Increases armor by $s2 and causes $s1 Fire damage to attacker when struck.					
85634	all		Demoralizing Shout		Reduces the melee attack power of nearby enemies for $d.	Melee attack power reduced.					
85635	all		Crush		Inflicts $s1% weapon damage.						
85636	all		Stomp		Inflicts normal damage plus $s3 to nearby enemies, knocking them back and stunning them for $d.	Stunned.					
85637	all		Flash Heal	Rank 7	Heals a friendly target for $s1.						
85638	all		Renew	Rank 9	Heals the target for $o1 over $d.	Healing $s1 damage every $t1 seconds.					
85639	all		Power Word: Shield	Rank 10	Draws on the soul of the party member to shield them, absorbing $s1 damage.  Lasts $d.  While the shield holds, spellcasting will not be interrupted by damage.  Once shielded, the target cannot be shielded again for $6788d.	Absorbs damage.					
85640	all		Mind Blast	Rank 9	Blasts the target for $s1 Shadow damage.						
85641	all		Shadow Word: Pain	Rank 8	A word of darkness that causes $o1 Shadow damage over $d.	$s1 Shadow damage every $t1 seconds.					
85642	all		Smite	Rank 8	Smite an enemy for $s1 Holy damage.						
85643	all		Hand of Thaurissan		Inflicts Fire damage to an enemy, stunning it for $d.	Stunned.					
85644	all		Flames		Deals Fire damage to the current target.						
85645	all		Devotion Aura		Gives additional armor to nearby party members for $d.	Armor increased by $s1.					
85646	all		Seal of Reckoning Effect		Heals the caster for a small amount.						
85647	all		Seal of Reckoning		Surrounds an ally with a seal that lasts $d. Every time the sealed character strikes an enemy, the sealed character gains health.	Gaining health every time an enemy is struck.					
85648	all		Holy Light		Calls upon Holy magic to heal an ally.						
85649	all		Divine Shield		Protects the caster from all attacks and spells for $d., but also increases the time between attacks by $s2% during that time.	Immune to all attacks and spells.\nTime between attacks increased by $s2%.					
85650	all		Holy Strike		Consecrates the caster's weapon, inflicting additional damage on its next attack. All damage inflicted is based on Holy magic.						
85651	all		Kick		Kicks an enemy dealing damage, interrupting the spell being cast for $d.						
85652	all		Dummy Trigger		Dummy Trigger						
85653	all		Sunder Armor		Hacks at an enemy's armor, reducing it by $s1 per Sunder Armor. Can be applied up to 5 times. Lasts $d.	Reduced armor.					
85654	all		Cleave		Inflicts normal damage to an enemy and its nearest allies, affecting up to $x1 targets.						
85655	all		Enrage		Increases the caster's attack speed by $s2% and the Physical damage it deals by $s1% for $d.	Physical damage dealt is increased by $s1%.\nAttack speed increased by $s2%.					
85656	all		Intimidating Shout		Strikes fear into all nearby enemies, causing them to flee in terror for $d.	Fleeing in fear.					
85657	all		Whirlwind		Attacks nearby enemies in a whirlwind of steel that inflicts normal damage plus $s1.						
85658	all		Whirlwind								
85659	all		Mighty Blow		Inflicts normal damage plus a bonus to an enemy, knocking it back.						
85660	all		Shock		Instantly throws a bolt of lightning at an enemy, inflicting Nature damage.						
85661	all		Chain Lightning		Strikes an enemy with a lightning bolt that arcs to another nearby enemy. The spell affects up to $x1 targets, inflicting greater Nature damage to each successive target.						
85662	all		Lightning Shield		Surrounds the caster with $n balls of lightning that have a $h% chance of striking melee or ranged attackers for Nature damage. Each time the lightning shield strikes, a ball of lightning dissipates. Thus, the shield expires after $d. or after it has struck $n times.	$h% chance of inflicting $s1 Nature damage on hit.					
85663	all		Throw Wrench		Throws a wrench at an enemy, inflicting Physical damage.	Stunned for $d.					
85664	all		Repair		Regenerating health over time.	Regenerating health over time.					
85665	all		Shadow Shield		Surrounds the caster with a shield woven of Shadow magic. The shield lasts $d., absorbs Physical or magical damage, and inflicts Shadow damage to melee attackers.	Shielded against Physical and magical damage.\nShadow damage inflicted to melee attackers.					
85666	all		Mind Blast		Inflicts Shadow damage to an enemy.						
85667	all		Shadow Word: Pain	Rank 8	A word of darkness that causes $o1 Shadow damage over $d.	$s1 Shadow damage every $t1 seconds.					
85668	all		Psychic Scream	Rank 1	The caster lets out a psychic scream, causing $i enemies within $a1 yards to flee for $d.  Damage caused may interrupt the effect.	Running in Fear.					
85669	all		Mana Bomb		Hits nearby enemies with anti-mana bolts. For each point of mana consumed from a target, that target takes $e1 damage.						
85670	all		Dire Growl		Reduces an enemy's Strength and its Agility for $d.	Strength reduced by $s1.\nAgility reduced by $s2.					
85671	all		Rend		Inflicts Physical damage to an enemy every $t1 sec. for $d.	Physical damage inflicted every $t1 sec.					
85672	all		Summon Scarlet Hound		Summons $s1 $lScarlet Hound:Scarlet Hounds; to accompany the caster until dismissed.						
85673	all		Dummy Trigger		Dummy Trigger						
85674	all		Bloodlust		Increases an ally's attack speed by $s1% for $d.	Attack speed increased by $s1%.					
85675	all		Kill Command		Inflicts $s1 Physical damage to an enemy.						
85676	all		Kill Command		Give the command to kill, causing your pet to instantly attack for an additional damage.						
85677	all		Brutal Strike		Inflicts $s1% weapon damage.						
85678	all		Demoralizing Shout		Reduces the melee attack power of nearby enemies for $d.	Melee attack power reduced.					
85679	all		Curse of the Elemental Lord		Reduces the Fire Resistance of all enemies within range for $d.	Fire Resistance reduced by $s1.					
85680	all		Fire Storm		Calls down a pillar of flame, burning all enemies in a selected area for $s1 Fire damage and an additional $s2 damage every $t2 sec. for $d.						
85681	all		Mighty Blow		Inflicts normal damage plus a bonus to an enemy, knocking it back.						
85682	all		Fiery Burst		Inflicts Fire damage to all enemies in a selected area.						
85683	all		Living Bomb		Inflicts Fire damage to nearby enemies, knocking them back.						
85684	all		Living Bomb		Inflicts Fire damage to nearby enemies, knocking them back.						
85685	all		Living Bomb		Causing $85684s1 Fire damage to all enemies within $85684a1 yards every $t1 seconds. After $t2 seconds, a fiery explosion occurs causing an additional $85683s1 damage to all enemies within $85683a1 yards.	Causing $85684s1 Fire damage to all enemies within $85684a1 yards every $t1 seconds. After $t2 seconds, a fiery explosion occurs causing an additional $85683s1 damage to all enemies within $85683a1 yards.					
85686	all		Living Bomb		Inflicts Fire damage to nearby enemies, knocking them back.						
85687	all		Living Bomb		Inflicts Fire damage to nearby enemies, knocking them back.						
85688	all		Living Bomb		Causing $85687s1 Fire damage to all enemies within $85687a1 yards every $t1 seconds. After $t2 seconds, a fiery explosion occurs causing an additional $85686s1 damage to all enemies within $85686a1 yards.	Causing $85687s1 Fire damage to all enemies within $85687a1 yards every $t1 seconds. After $t2 seconds, a fiery explosion occurs causing an additional $85686s1 damage to all enemies within $85686a1 yards.					
85689	all		Earth Shield		Heals the caster for $s1.						
85690	all		Earth Shield		Protects the target with an earthen shield, causing melee attacks to heal the shielded target.  This effect can only occur once every few seconds.  $n charges.  Lasts $d.	Melee attacks heal the shielded target.					
85691	all		Earth Shock	Rank 10	Instantly shocks the target with concussive force, causing $s2 Nature damage.  It also interrupts spellcasting and prevents any spell in that school from being cast for $d.						
85692	all		Flame Shock		Instantly burns an enemy, then inflicts additional Fire damage every $t2 sec. for $d.	Fire damage inflicted every $t2 sec.					
85693	all		Pound		Slams the ground, inflicting normal damage to nearby enemies and knocking them back.						
85694	all		Pound		Slams the ground, inflicting normal damage to nearby enemies and knocking them back.						
85695	all		Pound		Slams the ground, inflicting normal damage to nearby enemies and knocking them back.						
85696	all		Pound		Pounds the floor causing increased damage with each hit and knocking targets in the area to a random direction.						
85697	all		Ground Tremor		Stuns nearby enemies, rendering them unable to move or attack for $d.	Stunned.					
85698	all		Thunderclap		Damages all nearby enemies for $s1 nature damage						
85699	all		Fireball Volley		Inflicts Fire damage to nearby enemies.						
85700	all		Mighty Blow		Inflicts normal damage plus a bonus to an enemy, knocking it back.						
85701	all		Flame Shock		Instantly burns an enemy, then inflicts additional Fire damage every $t2 sec. for $d.	Fire damage inflicted every $t2 sec.					
85702	all		Molten Blast		Hurls a ball of molten lava at the target for $s1 Fire damage and resetting the duration of your active Flame Shock effect.						
85703	all		Scorching Totem		Summons a Scorching Totem at the caster's feet. Totem lasts $d. and attacks a nearby enemy every 2 sec.						
85704	all		Fire Ward		Surrounds the caster with a shield that lasts $d. and can absorb a fixed amount of Fire damage.	Shielded against Fire damage.					
85705	all		Summon Fire Elemental		Summons 1 Fire Elemental to accompany the caster until dismissed.						
85706	all		Lizard Bolt		Inflicts Nature damage to an enemy.						
85707	all		Thunderclap		Inflicts Nature damage to nearby enemies, increasing the time between their attacks and slowing their movement for $d.	Time between attacks increased by $s3%.\nMovement speed reduced by $s2%.					
85708	all		Poisonous Stab		Inflicts $s3 Nature damage to an enemy every $t3 sec., increasing the time between its attacks by $s1% and its movement by $s2% for $d.	$s3 Nature damage inflicted every $t3 sec.\nTime between attacks increased by $s1%.\nMovement speed reduced by $s2%.					
85709	all		Sonic Burst		Inflicts normal damage plus $s1 on nearby enemies, preventing them from spellcasting for $d.	Cannot cast spells.					
85710	all		Poison		Inflicts Nature damage to an enemy every $t1 sec. for $d.	Nature damage inflicted every $t1 sec.					
85711	all		Venom Spit		Spits poison at an enemy, inflicting Nature damage, then additional damage every $t2 sec. for $d.	Nature damage inflicted every $t2 sec.					
85712	all		Shadow Bolt Volley		Hurls missiles of dark magic, inflicting Shadow damage to nearby enemies.						
85713	all		Curse of Tongues		Forces nearby enemies to speak in Demonic, reducing their casting speed by $s1% for $d. Only one curse per warlock can be active on any one target.	Casting speed reduced by $s1%.					
85714	all		Web Explosion		Immobilizes nearby enemies for $d.	Immobilized.					
85715	all		Banish		Banishes an enemy, preventing all action but making it invulnerable for up to $d. Only one target can be banished at a time.	Immune to all attacks and spells, but unable to act.					
85716	all		Demon Armor		Protects the caster, increasing armor, Shadow resistance  and health regeneration for $d.	Armor increased by $s1.\nShadow resistance increased by $s2.\nIncreased health regeneration.					
85717	all		Shadow Bolt		Hurls a bolt of dark magic at an enemy, inflicting Shadow damage.						
85718	all		Cleave		Inflicts normal damage plus $s1 to an enemy and its nearest allies, affecting up to $x1 targets.						
85719	all		Blade Dance Targeting		Allows the caster to move at extremely high speeds and perform devastating weapon attacks for a short time.						
85720	all		Blade Dance Charge		Charges a Blade Dance target.						
85721	all		Blade Dance		Deals weapon damage to all enemy targets within $a1 yards.						
85722	all		Shadow Shock		Instantly lashes an enemy with dark magic, inflicting Shadow damage.						
85723	all		Berserking		Increases casting and attack speed by 10% to 30%.	Increases your casting and attack speed by 10% to 30%.					
85724	all		Berserking	Racial	Increases your attack and casting speed by $s1% for $d.	Attack and casting speed increased.					
85725	all		Tusk Gore		Inflicts Physical damage to an enemy every $t1 sec. for $d.	Physical damage inflicted every $t1 sec.					
85726	all		Tusk Gore		Reduces armor by $s1%. Stacks up to 5 times.	Armor reduced by $s1%. Stacks up to 5 times.					
85727	all		Tusk Gore		Headbutt the target, causing a bleed that deals damage over $85726d and reduces armor by $85726s1% for $85726d.						
85728	all		Ferocious Enrage		Increases the caster's attack speed by $s2% and the Physical damage it deals by $s1 for $d.	Physical damage dealt is increased by $s1.\nAttack speed increased by $s2%.					
85729	all		Berserk		Attacks up to 6 times on random targets in melee range, dealing $s1 damage.						
85730	all		Berserk		Attacks up to 6 times on random targets in melee range, dealing $85729s1 additional damage.						
85731	all		Anti-Magic Shield		Creates an anti-magic shell around the caster, giving it magic immunity for $d.	Immune to magic.					
85732	all		Vicious Rend		Inflicts Physical damage to an enemy every $t1 sec. for $d.	Physical damage inflicted every $t1 sec.					
85733	all		Arcane Explosion		Sends out a blast wave of magic, inflicting Arcane damage to nearby enemies.						
85734	all		Polymorph		Transforms an enemy into a sheep, forcing it to wander around for up to $d. While wandering, the sheep cannot attack or cast spells. Any damage will transform the target back into its normal form. Only one target can be polymorphed at a time. Only works on beasts, dragons, giants, humanoids, and critters.	Cannot attack or cast spells.					
85735	all		Dummy Trigger		Dummy Trigger						
85736	all		Dummy Trigger		Dummy Trigger						
85737	all		Dummy Trigger		Dummy Trigger						
85738	all		Dummy Trigger		Dummy Trigger						
85739	all		Dummy Trigger		Dummy Trigger						
85740	all		Dummy Trigger		Dummy Trigger						
85741	all		Dummy Trigger		Dummy Trigger						
85742	all		Dummy Trigger		Dummy Trigger						
85743	all		Dummy Trigger		Dummy Trigger						
85744	all		Dummy Trigger		Dummy Trigger						
85745	all		Arcane Bolt		Hurls a magical bolt at an enemy, inflicting Arcane damage.						
85746	all		Slow		Increases the time between nearby enemies' attacks and casting time by $s1% and slows their movement by $s2% for $d.	Movement speed reduced by $s2%.  Time between melee and ranged attacks increased by $s1%.  Casting time increased by $s1%.					
85747	all		Baneful Poison		Inflicts $s2 Nature damage and additional Nature damage every $t1 sec. to nearby enemies for $d.	Nature damage inflicted every $t1 sec.					
85748	all		Enveloping Webs		Immobilizes an enemy, increases the time between its attacks by $s2%, and prevents it from casting spells for $d.	Unable to move or cast spells.\nTime between attacks increased by $s2%.					
85749	all		Ambush		Ambush the target, causing $m2% weapon damage plus ${$m1*2.75} to the target.						
85750	all		Ring of Law: Theldren		Dummy Trigger						
85751	all		Ring of Law: Gorosh the Dervish		Dummy Trigger						
85752	all		Ring of Law: Grizzle		Dummy Trigger						
85753	all		Ring of Law: Eviscerator		Dummy Trigger						
85754	all		Ring of Law: Ok'thor the Breaker		Dummy Trigger						
85755	all		Ring of Law: Anub'shiah		Dummy Trigger						
85756	all		Ring of Law: Hedrum the Creeper		Dummy Trigger						
85757	all		Ring of Law: Twitches		Dummy Trigger						
85758	all		Ring of Law: Mecha-Chicken 3000		Dummy Trigger						
85759	all		Ring of Law: Zuul		Dummy Trigger						
85760	all		Dummy Trigger		Dummy Trigger						
85761	all		Strike		Strikes at an enemy, inflicting increased melee damage.						
85762	all		Sunder Armor		Hacks at an enemy's armor, reducing it per Sunder Armor. Can be applied up to 5 times. Lasts $d.	Reduced armor.					
85763	all		Shadow Bolt Volley		Hurls missiles of dark magic, inflicting Shadow damage to nearby enemies.						
85764	all		Immolate		Burns an enemy, then inflicts additional Fire damage every $t1 sec. for $d.	Fire damage inflicted every $t1 sec.					
85765	all		Demon Armor		Protects the caster, increasing armor, Shadow resistance  and health regeneration for $d.	Armor increased by $s1.\nShadow resistance increased by $s2.\nIncreased health regeneration.					
85766	all		Sinister Strike		Inflicts normal damage plus a bonus to an enemy.						
85767	all		Rupture		Inflicts Physical damage to an enemy every $t1 sec. for $d.	Physical damage inflicted every $t1 sec.					
85768	all		Gouge		Inflicts $s1 damage to an enemy and incapacitates it for up to $d. You will automatically stop attacking. Target must be facing you. Any damage received by the stunned target will revive it.	Incapacitated.					
85769	all		Backstab		Inflicts normal damage plus $s1 to an enemy, but only if attacking from behind.						
85770	all		Cleave		Inflicts weapon damage plus $s1 to an enemy and its nearest allies, affecting up to $x1 targets.						
85771	all		Strike		Strikes at an enemy, inflicting increased melee damage.						
85772	all		Shadow Shield		Surrounds the caster with a shield woven of Shadow magic. The shield lasts $d., absorbs Physical or magical damage, and inflicts Shadow damage to melee attackers.	Shielded against Physical and magical damage.\nShadow damage inflicted to melee attackers.					
85773	all		Mana Burn		Hits an enemy with an anti-mana bolt. For each point of mana consumed by the bolt, the target takes $e1 damage.						
85774	all		Shadow Bolt		Hurls a bolt of dark magic at an enemy, inflicting Shadow damage.						
85775	all		Frost Ward		Surrounds the caster with a shield that lasts $d. and can absorb a fixed amount of Frost damage.	Shielded against Frost damage.					
85776	all		Frost Nova		Inflicts Frost damage to nearby enemies, immobilizing them for up to $d.	Immobilized.					
85777	all		Cone of Cold		Inflicts Frost damage to enemies in a cone in front of the caster, reducing their movement speed for $d.	Reduced movement speed.					
85778	all		Frostbolt		Inflicts Frost damage to an enemy and reduces its movement speed for $d.	Reduced movement speed.					
85779	all		Heal		Calls upon Holy magic to heal an ally.						
85780	all		Prayer of Healing		Invokes Holy magic to heal nearby party members.						
85781	all		Power Word: Shield		Wraps an ally in a shield that lasts up to $d., absorbing damage. While the shield holds, spell channeling will not be affected by damage taken.	Shielded against damage.					
85782	all		Mind Blast		Inflicts Shadow damage to an enemy.						
85783	all		Chilled	Rank 1	Increases Armor.  If an enemy strikes the caster, they may have their movement slowed by $6136s1% and the time between their attacks increased by $6136s2% for $6136d.  Only one type of Armor spell can be active on the Mage at any time.	Movement slowed by $s1% and time between attacks increased by $s2%.					
85784	all		Frost Armor		Encases the caster in a layer of frost that lasts $d. The thick ice increases armor, slows melee attackers' movement, and increases the time between their attacks.	Armor increased by $s1.\nSlowing melee attackers' movement and attacks.					
85785	all		Frostbolt		Inflicts Frost damage to an enemy and reduces its movement speed for $d.	Reduced movement speed.					
85786	all		Frost Nova		Inflicts Frost damage to nearby enemies, immobilizing them for up to $d.	Immobilized.					
85787	all		Frost Ward		Surrounds the caster with a shield that lasts $d. and can absorb a fixed amount of Frost damage.	Shielded against Frost damage.					
85788	all		Frostbomb		Launches a Frostbomb that deals Frost damage and freezes the ground, dealing periodic damage and slowing the movement speed of enemies in an area.	$s2 Frost damage inflicted every $t2 sec.\nMovement speed reduced by $s3%.					
85789	all		Frosty Bite		Bites an enemy, inflicting Physical damage.						
85790	all		Mind Freeze		Strike the target's mind with cold, dealing $m2 Frost Damage modified by attack power and interrupting spellcasting while also preventing any spell in that school from being cast for $d.						
85791	all		Lava Fishing		Allows you to fish in lava and magma.						
85792	spellbook	202	Dark Iron Fishing Pole								
85794	all		Food		Restores $o1 health over $d.  Must remain seated while eating.	Restores $/5;s1 health per second.					
85795	all		Food		Restores $o1 health over $d.  Must remain seated while eating.  If you spend at least 10 seconds eating you will become well fed and gain $87562s1 Stamina and Spirit for $87562d.	Restores $/5;s1 health per second.					
85796	spellbook	185	Molten Skullfish								
85797	all		Learn Schematic								
85798	all		Flame Breath		Inflicts $s1 Fire damage to enemies in a cone in front of the caster.						
85799	all		Hamstring		Inflicts weapon damage plus $s1 to an enemy, reducing its movement speed by $s2% for $d.	Movement speed reduced by $s2%.					
85800	all		Begin Scene: nagmara-love-potion-start		Dummy Trigger						
85801	all		Begin Scene: nagmara-love-potion-end		Dummy Trigger						
85802	all		Dummy Trigger		Dummy Trigger						
85803	all		Dummy Trigger		Dummy Trigger						
85804	all		Immolate		Burns an enemy, then inflicts additional Fire damage every $t1 sec. for $d.	Fire damage inflicted every $t1 sec.					
85805	all		Shadow Bolt		Hurls a bolt of dark magic at an enemy, inflicting Shadow damage.						
85806	all		Demon Armor		Protects the caster, increasing armor, Shadow resistance  and health regeneration for $d.	Armor increased by $s1.\nShadow resistance increased by $s2.\nIncreased health regeneration.					
85807	all		Demoralizing Shout		Reduces the melee attack power of nearby enemies for $d.	Melee attack power reduced by $s1.					
85808	all		Rushing Charge	Rank 1	Increases the caster's movement speed by $s1% for $d. and causes it to inflict an additional $s2 damage on its first attack.	Movement speed increased by $s1%.\nInflicts an additional $s2 damage on first attack.					
85809	all		Anvilrage Mole Machine								
85810	all		Using Direbrew's Remote		Give your party a ride to the Grim Guzzler.						
85811	all		Dummy Trigger		Dummy Trigger						
85812	all		Dummy Trigger		Dummy Trigger						
85813	all		Dummy Trigger		Dummy Trigger						
85814	all		Dummy Trigger		Dummy Trigger						
85815	all		Dummy Trigger		Dummy Trigger						
85816	all		Dummy Trigger		Dummy Trigger						
85817	all		Fatal Bite		Drains $s1 health from an enemy, healing the caster for up to twice that amount.						
85818	all		Infected Bite		Inflicts Nature damage to an enemy every $t1 seconds and increases the Physical damage it takes for $d.	Nature damage inflicted every $t1 sec.\nIncreased Physical damage taken.					
85819	all		Rend		Inflicts Physical damage to an enemy every $t1 sec. for $d.	Physical damage inflicted every $t1 sec.					
85820	all		Anguished Howl		Halycon begins to unlease an anguished howl...						
85821	all		Frenzy		Increases the caster's attack speed and the Physical damage it deals for $d.	Attack speed increased by $s2%.\nPhysical damage dealt is increased by $s1%.					
85822	all		Rend		Inflicts Physical damage to an enemy every $t1 sec. for $d.	Physical damage inflicted every $t1 sec.					
85823	all		Strike		Strikes at an enemy, inflicting increased melee damage.						
85824	all		Pointy Spike		Throw a pointy spike.						
85825	all		Wrath		Causes $s1 Nature damage to the target.						
85826	all		Moonfire		Burns the enemy for Arcane damage and inflicts additional damage over $d.	Arcane damage inflicted every $t1 sec.					
85827	all		Hurricane		Creates a violent storm in the target area causing $s1 Nature damage to enemies every $t1 sec, and increasing the time between the attacks of enemies by $s2%.  Lasts $d.  Druid must channel to maintain the spell.	$s1 damage every $t1 seconds, and time between attacks increased by $s2%.					
85828	all		Hibernate		Forces the enemy target to sleep for up to $d.  Any damage will awaken the target.  Only one target can be forced to hibernate at a time.  Only works on Beasts and Dragonkin.	Asleep.					
85829	all		Mark of the Wild	Rank 7	Increases the friendly target's armor by $s1 and all resistances by $s3 for $d.	Increases armor by $s1 and all resistances by $s3.					
85830	all		Shadowed Touch		Deals $s1 Shadow damage to an enemy target.  Also slows movement speed by $s3% and attack and casting speeds by $s2%.	Movement speed slowed by $s3%.\nTime between attacks increased by $s2%.\nCasting speed slowed by $s2%.					
85831	all		Shadow Mend		Heals friendly target for $s1.						
85832	all		Dark Volley		Hurls missiles of dark magic, inflicting Shadow damage and wounding nearby enemies, reducing the effectiveness of any healing by $s2% for $d.	Healing effects reduced by $s2%.					
85833	all		Dummy Trigger		Dummy Trigger						
85834	all		Gyth Move		Dummy Trigger						
85835	all		Gyth Move		Dummy Trigger						
85836	all		Gyth Move		Dummy Trigger						
85837	all		Gyth Move		Dummy Trigger						
85838	all		Gyth Move		Dummy Trigger						
85839	all		Gyth Move		Dummy Trigger						
85840	all		Dummy Trigger		Dummy Trigger						
85841	all		Flaming Strafe		Onyxia's flaming breath hits all enemies on the ground for $s1 Fire damage.						
85842	all		Flaming Strafe		Onyxia's flaming breath hits all enemies on the ground for $s1 Fire damage.						
85843	all		Flaming Strafe		Onyxia's flaming breath hits all enemies on the ground for $s1 Fire damage.						
85844	all		Flaming Strafe		Onyxia's flaming breath hits all enemies on the ground for $s1 Fire damage.						
85845	all		Flaming Strafe		Onyxia's flaming breath hits all enemies on the ground for $s1 Fire damage.						
85846	all		Flaming Strafe		Onyxia's flaming breath hits all enemies on the ground for $s1 Fire damage.						
85847	all		Flaming Strafe		Onyxia's flaming breath hits all enemies on the ground for $s1 Fire damage.						
85848	all		Flaming Strafe		Onyxia's flaming breath hits all enemies on the ground for $s1 Fire damage.						
85849	all		Flaming Strafe		Onyxia's flaming breath hits all enemies on the ground for $s1 Fire damage.						
85850	all		Flaming Strafe		Onyxia's flaming breath hits all enemies on the ground for $s1 Fire damage.						
85851	all		Flaming Strafe		Onyxia's flaming breath hits all enemies on the ground for $s1 Fire damage.						
85852	all		Flaming Strafe		Onyxia's flaming breath hits all enemies on the ground for $s1 Fire damage.						
85853	all		Flaming Strafe		Onyxia's flaming breath hits all enemies on the ground for $s1 Fire damage.						
85854	all		Flaming Strafe		Onyxia's flaming breath hits all enemies on the ground for $s1 Fire damage.						
85855	all		Flaming Strafe		Onyxia's flaming breath hits all enemies on the ground for $s1 Fire damage.						
85856	all		Flaming Strafe		Onyxia's flaming breath hits all enemies on the ground for $s1 Fire damage.						
85857	all		Flaming Strafe		Onyxia's flaming breath hits all enemies on the ground for $s1 Fire damage.						
85858	all		Flaming Strafe		Onyxia's flaming breath hits all enemies on the ground for $s1 Fire damage.						
85859	all		Flaming Strafe		Onyxia's flaming breath hits all enemies on the ground for $s1 Fire damage.						
85860	all		Flaming Strafe		Onyxia's flaming breath hits all enemies on the ground for $s1 Fire damage.						
85861	all		Flaming Strafe		Onyxia's flaming breath hits all enemies on the ground for $s1 Fire damage.						
85862	all		Flaming Strafe		Onyxia's flaming breath hits all enemies on the ground for $s1 Fire damage.						
85863	all		Flaming Strafe		Onyxia's flaming breath hits all enemies on the ground for $s1 Fire damage.						
85864	all		Flaming Strafe		Onyxia's flaming breath hits all enemies on the ground for $s1 Fire damage.						
85865	all		Flaming Strafe		Onyxia's flaming breath hits all enemies on the ground for $s1 Fire damage.						
85866	all		Flaming Strafe		Onyxia's flaming breath hits all enemies on the ground for $s1 Fire damage.						
85867	all		Flaming Strafe		Onyxia's flaming breath hits all enemies on the ground for $s1 Fire damage.						
85868	all		Flaming Strafe		Onyxia's flaming breath hits all enemies on the ground for $s1 Fire damage.						
85869	all		Flaming Strafe		Onyxia's flaming breath hits all enemies on the ground for $s1 Fire damage.						
85870	all		Flaming Strafe		Onyxia's flaming breath hits all enemies on the ground for $s1 Fire damage.						
85871	all		Flaming Strafe		Onyxia's flaming breath hits all enemies on the ground for $s1 Fire damage.						
85872	all		Flaming Strafe		Onyxia's flaming breath hits all enemies on the ground for $s1 Fire damage.						
85873	all		Flaming Strafe		Onyxia's flaming breath hits all enemies on the ground for $s1 Fire damage.						
85874	all		Flaming Strafe		Onyxia's flaming breath hits all enemies on the ground for $s1 Fire damage.						
85875	all		Flaming Strafe		Onyxia's flaming breath hits all enemies on the ground for $s1 Fire damage.						
85876	all		Flaming Strafe		Onyxia's flaming breath hits all enemies on the ground for $s1 Fire damage.						
85877	all		Flaming Strafe		Onyxia's flaming breath hits all enemies on the ground for $s1 Fire damage.						
85878	all		Flaming Strafe		Onyxia's flaming breath hits all enemies on the ground for $s1 Fire damage.						
85879	all		Flaming Strafe		Onyxia's flaming breath hits all enemies on the ground for $s1 Fire damage.						
85880	all		Flaming Strafe		Onyxia's flaming breath hits all enemies on the ground for $s1 Fire damage.						
85881	all		Flaming Strafe		Onyxia's flaming breath hits all enemies on the ground for $s1 Fire damage.						
85882	all		Flaming Strafe		Onyxia's flaming breath hits all enemies on the ground for $s1 Fire damage.						
85883	all		Flaming Strafe		Onyxia's flaming breath hits all enemies on the ground for $s1 Fire damage.						
85884	all		Flaming Strafe		Onyxia's flaming breath hits all enemies on the ground for $s1 Fire damage.						
85885	all		Flaming Strafe		Onyxia's flaming breath hits all enemies on the ground for $s1 Fire damage.						
85886	all		Flaming Strafe		Onyxia's flaming breath hits all enemies on the ground for $s1 Fire damage.						
85887	all		Flaming Strafe		Onyxia's flaming breath hits all enemies on the ground for $s1 Fire damage.						
85888	all		Flaming Strafe		Onyxia's flaming breath hits all enemies on the ground for $s1 Fire damage.						
85889	all		Flaming Strafe		Onyxia's flaming breath hits all enemies on the ground for $s1 Fire damage.						
85890	all		Flaming Strafe		Onyxia's flaming breath hits all enemies on the ground for $s1 Fire damage.						
85891	all		Flaming Strafe		Onyxia's flaming breath hits all enemies on the ground for $s1 Fire damage.						
85892	all		Flaming Strafe		Onyxia's flaming breath hits all enemies on the ground for $s1 Fire damage.						
85893	all		Flaming Strafe		Onyxia's flaming breath hits all enemies on the ground for $s1 Fire damage.						
85894	all		Flaming Strafe		Onyxia's flaming breath hits all enemies on the ground for $s1 Fire damage.						
85895	all		Flaming Strafe		Onyxia's flaming breath hits all enemies on the ground for $s1 Fire damage.						
85896	all		Flaming Strafe		Onyxia's flaming breath hits all enemies on the ground for $s1 Fire damage.						
85897	all		Flaming Strafe		Onyxia's flaming breath hits all enemies on the ground for $s1 Fire damage.						
85898	all		Flaming Strafe		Onyxia's flaming breath hits all enemies on the ground for $s1 Fire damage.						
85899	all		Flaming Strafe		Onyxia's flaming breath hits all enemies on the ground for $s1 Fire damage.						
85900	all		Flaming Strafe		Onyxia's flaming breath hits all enemies on the ground for $s1 Fire damage.						
85901	all		Flaming Strafe		Onyxia's flaming breath hits all enemies on the ground for $s1 Fire damage.						
85902	all		Flaming Strafe		Onyxia's flaming breath hits all enemies on the ground for $s1 Fire damage.						
85903	all		Flaming Strafe		Onyxia's flaming breath hits all enemies on the ground for $s1 Fire damage.						
85904	all		Flaming Strafe		Onyxia's flaming breath hits all enemies on the ground for $s1 Fire damage.						
85905	all		Flaming Strafe		Onyxia's flaming breath hits all enemies on the ground for $s1 Fire damage.						
85906	all		Flaming Strafe		Onyxia's flaming breath hits all enemies on the ground for $s1 Fire damage.						
85907	all		Flaming Strafe		Onyxia's flaming breath hits all enemies on the ground for $s1 Fire damage.						
85908	all		Flaming Strafe		Onyxia's flaming breath hits all enemies on the ground for $s1 Fire damage.						
85909	all		Flaming Strafe		Onyxia's flaming breath hits all enemies on the ground for $s1 Fire damage.						
85910	all		Flaming Strafe		Onyxia's flaming breath hits all enemies on the ground for $s1 Fire damage.						
85911	all		Flaming Strafe		Onyxia's flaming breath hits all enemies on the ground for $s1 Fire damage.						
85912	all		Flaming Strafe		Onyxia's flaming breath hits all enemies on the ground for $s1 Fire damage.						
85913	all		Flaming Strafe		Onyxia's flaming breath hits all enemies on the ground for $s1 Fire damage.						
85914	all		Flaming Strafe		Onyxia's flaming breath hits all enemies on the ground for $s1 Fire damage.						
85915	all		Flaming Strafe		Onyxia's flaming breath hits all enemies on the ground for $s1 Fire damage.						
85916	all		Flaming Strafe		Onyxia's flaming breath hits all enemies on the ground for $s1 Fire damage.						
85917	all		Flaming Strafe		Onyxia's flaming breath hits all enemies on the ground for $s1 Fire damage.						
85918	all		Flaming Strafe		Onyxia's flaming breath hits all enemies on the ground for $s1 Fire damage.						
85919	all		Flaming Strafe		Onyxia's flaming breath hits all enemies on the ground for $s1 Fire damage.						
85920	all		Flaming Strafe		Onyxia's flaming breath hits all enemies on the ground for $s1 Fire damage.						
85921	all		Flaming Strafe		Onyxia's flaming breath hits all enemies on the ground for $s1 Fire damage.						
85922	all		Flaming Strafe		Onyxia's flaming breath hits all enemies on the ground for $s1 Fire damage.						
85923	all		Flaming Strafe		Onyxia's flaming breath hits all enemies on the ground for $s1 Fire damage.						
85924	all		Flaming Strafe		Onyxia's flaming breath hits all enemies on the ground for $s1 Fire damage.						
85925	all		Flaming Strafe		Onyxia's flaming breath hits all enemies on the ground for $s1 Fire damage.						
85926	all		Flaming Strafe		Onyxia's flaming breath hits all enemies on the ground for $s1 Fire damage.						
85927	all		Flaming Strafe		Onyxia's flaming breath hits all enemies on the ground for $s1 Fire damage.						
85928	all		Flaming Strafe		Onyxia's flaming breath hits all enemies on the ground for $s1 Fire damage.						
85929	all		Flaming Strafe		Onyxia's flaming breath hits all enemies on the ground for $s1 Fire damage.						
85930	all		Flaming Strafe		Onyxia's flaming breath hits all enemies on the ground for $s1 Fire damage.						
85931	all		Flaming Strafe		Onyxia's flaming breath hits all enemies on the ground for $s1 Fire damage.						
85932	all		Flaming Strafe		Onyxia's flaming breath hits all enemies on the ground for $s1 Fire damage.						
85933	all		Flaming Strafe		Onyxia's flaming breath hits all enemies on the ground for $s1 Fire damage.						
85934	all		Flaming Strafe		Onyxia's flaming breath hits all enemies on the ground for $s1 Fire damage.						
85935	all		Flaming Strafe		Onyxia's flaming breath hits all enemies on the ground for $s1 Fire damage.						
