description_en	description_zh
Instantly Kills the target.  I hope you feel good about yourself now.....	立即杀死目标。希望你现在感觉良好……
Kills all enemies in a 30 yard radius.  Cheater.	杀死30码范围内的所有敌人。作弊者。
Places a Blessing on the friendly target, reducing damage dealt from all sources by up to $s1 for $d.  In addition, when the target blocks a melee attack the attacker will take $s2 Holy damage.  Players may only have one Blessing on them per Paladin at any one time.	对友方目标施放一个祝福，使其受到的所有来源伤害最多降低$s1，持续$d。此外，当目标格挡一次近战攻击时，攻击者将受到$s2点神圣伤害。每个圣骑士同一时间只能对一名玩家施放一个祝福。
Gives the Paladin a chance to deal additional Holy damage equal to $20424s1% of normal weapon damage.  Persists for 0.5 seconds when swapping to any other Seal.  Lasts $d.\n\nUnleashing this Seal's energy will judge an enemy, instantly causing $/2;20963s1 Holy damage, $20963s1 if the target is stunned or incapacitated.	使圣骑士有几率造成等同于普通武器伤害$20424s1%的额外神圣伤害。切换到其他圣印时保持0.5秒。持续$d。\n\n释放此圣印的能量将审判敌人，立即造成$/2;20963s1点神圣伤害，若目标被击晕或丧失行动能力则造成$20963s1点。
Gives the Paladin a chance to deal additional Holy damage equal to $20424s1% of normal weapon damage.  Persists for 0.5 seconds when swapping to any other Seal.  Lasts $d.\n\nUnleashing this Seal's energy will judge an enemy, instantly causing $/2;20964s1 Holy damage, $20964s1 if the target is stunned or incapacitated.	使圣骑士有几率造成等同于普通武器伤害$20424s1%的额外神圣伤害。切换到其他圣印时保持0.5秒。持续$d。\n\n释放此圣印的能量将审判敌人，立即造成$/2;20964s1点神圣伤害，若目标被击晕或丧失行动能力则造成$20964s1点。
Gives the Paladin a chance to deal additional Holy damage equal to $20424s1% of normal weapon damage.  Persists for 0.5 seconds when swapping to any other Seal.  Lasts $d.\n\nUnleashing this Seal's energy will judge an enemy, instantly causing $/2;20965s1 Holy damage, $20965s1 if the target is stunned or incapacitated.	使圣骑士有几率造成等同于普通武器伤害$20424s1%的额外神圣伤害。切换到其他圣印时保持0.5秒。持续$d。\n\n释放此圣印的能量将审判敌人，立即造成$/2;20965s1点神圣伤害，若目标被击晕或丧失行动能力则造成$20965s1点。
Gives the Paladin a chance to deal additional Holy damage equal to $20424s1% of normal weapon damage.  Persists for 0.5 seconds when swapping to any other Seal.  Lasts $d.\n\nUnleashing this Seal's energy will judge an enemy, instantly causing $/2;20966s1 Holy damage, $20966s1 if the target is stunned or incapacitated.	使圣骑士有几率造成等同于普通武器伤害$20424s1%的额外神圣伤害。切换到其他圣印时保持0.5秒。持续$d。\n\n释放此圣印的能量将审判敌人，立即造成$/2;20966s1点神圣伤害，若目标被击晕或丧失行动能力则造成$20966s1点。
Increases chance to block by $s1% for $d and deals $s2 Holy damage for each attack blocked while active.  Damage caused by Holy Shield causes 35% additional threat.  Each block expends a charge.  $n charges.	格挡几率提高$s1%，持续$d，激活期间每次格挡攻击造成$s2点神圣伤害。神圣之盾造成的伤害产生额外35%的威胁值。每次格挡消耗一次充能。$n次充能。
Blasts the target with Holy energy, causing $25911s1 Holy damage to an enemy, or $25913s1 healing to an ally.	用神圣能量冲击目标，对敌人造成$25911s1点神圣伤害，或治疗盟友$25913s1点生命值。
Blasts the target with Holy energy, causing $25902s1 Holy damage to an enemy, or $25903s1 healing to an ally.	用神圣能量冲击目标，对敌人造成$25902s1点神圣伤害，或治疗盟友$25903s1点生命值。
Reduces the chance enemies have to detect you while Shadowmelded or Stealthed.	降低敌人在你影遁或潜行时发现你的几率。
Fills the Paladin with the spirit of a crusader for $d, granting $s1 melee attack power.  The Paladin also attacks $s2% faster, but deals less damage with each attack.  Only one Seal can be active on the Paladin at any one time.\n\nUnleashing this Seal's energy will judge an enemy for $21183d, increasing Holy damage taken by up to $21183s1.  Your melee strikes will refresh the spell's duration.  Only one Judgement per Paladin can be active at any one time.	使圣骑士充满十字军精神，持续$d，获得$s1点近战攻击强度。圣骑士的攻击速度提高$s2%，但每次攻击造成的伤害降低。同一时间只能激活一个圣印。\n\n释放此圣印的能量将审判敌人，持续$21183d，使其受到的神圣伤害最多提高$21183s1。你的近战攻击将刷新法术持续时间。同一时间每个圣骑士只能激活一个审判。
Decreases threat generated by $s1%.	造成的威胁值降低$s1%。
Power infuses your raid or party members, increasing their Stamina by $s1 for $d.	力量注入你的团队或队伍成员，使其耐力提高$s1，持续$d。
Gives the Gift of the Wild to all party and raid members, increasing armor by $s1, all attributes by $s2 and all resistances by $s3 for $d.	赋予所有队伍和团队成员野性赐福，护甲提高$s1，所有属性提高$s2，所有抗性提高$s3，持续$d。
Finishing move that causes damage per combo point and converts each extra point of energy into $f1 additional damage.  Damage is increased by your attack power.\n   1 point  : 50-66 damage\n   2 points: 86-102 damage\n   3 points: 122-138 damage\n   4 points: 158-174 damage\n   5 points: 194-210 damage	终结技，根据连击点造成伤害，并将每点额外能量转化为$f1点额外伤害。伤害受攻击强度加成。\n   1连击点：50-66伤害\n   2连击点：86-102伤害\n   3连击点：122-138伤害\n   4连击点：158-174伤害\n   5连击点：194-210伤害
Finishing move that causes damage and incapacitates the target.  Any directly damaging attack will revive the target.  Causes more damage and lasts longer per combo point:\n   1 point  : ${$b1*1+$m1+$mw}-${$b1*1+$M1+$MW} damage, 2 sec\n   2 points: ${$b1*2+$m1+$mw}-${$b1*2+$M1+$MW} damage, 3 sec\n   3 points: ${$b1*3+$m1+$mw}-${$b1*3+$M1+$MW} damage, 4 sec\n   4 points: ${$b1*4+$m1+$mw}-${$b1*4+$M1+$MW} damage, 5 sec\n   5 points: ${$b1*5+$m1+$mw}-${$b1*5+$M1+$MW} damage, 6 sec	终结技，造成伤害并使目标丧失行动能力。任何直接伤害攻击都会使目标苏醒。每个连击点造成更多伤害并持续更长时间：\n   1连击点：${$b1*1+$m1+$mw}-${$b1*1+$M1+$MW}伤害，2秒\n   2连击点：${$b1*2+$m1+$mw}-${$b1*2+$M1+$MW}伤害，3秒\n   3连击点：${$b1*3+$m1+$mw}-${$b1*3+$M1+$MW}伤害，4秒\n   4连击点：${$b1*4+$m1+$mw}-${$b1*4+$M1+$MW}伤害，5秒\n   5连击点：${$b1*5+$m1+$mw}-${$b1*5+$M1+$MW}伤害，6秒
The druid's skin becomes as tough as bark.  All damage taken is reduced by $s2%.  While protected, damaging attacks will not cause spellcasting delays.  This spell is usable while stunned, frozen, incapacitated, feared or asleep.  Lasts $d.	德鲁伊的皮肤变得如树皮般坚韧。受到的所有伤害降低$s2%。在保护期间，受到伤害不会导致施法延迟。此法术可在被击晕、冰冻、丧失行动能力、恐惧或睡眠时使用。持续$d。
Finishing move that causes damage per combo point and converts each extra point of energy into $f1 additional damage.  Damage is increased by your attack power.\n   1 point  : 79-103 damage\n   2 points: 138-162 damage\n   3 points: 197-221 damage\n   4 points: 256-280 damage\n   5 points: 315-339 damage	终结技，根据连击点造成伤害，并将每点额外能量转化为$f1点额外伤害。伤害受攻击强度加成。\n   1连击点：79-103伤害\n   2连击点：138-162伤害\n   3连击点：197-221伤害\n   4连击点：256-280伤害\n   5连击点：315-339伤害
Finishing move that causes damage per combo point and converts each extra point of energy into $f1 additional damage.  Damage is increased by your attack power.\n   1 point  : 122-162 damage\n   2 points: 214-254 damage\n   3 points: 306-346 damage\n   4 points: 398-438 damage\n   5 points: 490-530 damage	终结技，根据连击点造成伤害，并将每点额外能量转化为$f1点额外伤害。伤害受攻击强度加成。\n   1连击点：122-162伤害\n   2连击点：214-254伤害\n   3连击点：306-346伤害\n   4连击点：398-438伤害\n   5连击点：490-530伤害
Finishing move that causes damage per combo point and converts each extra point of energy into $f1 additional damage.  Damage is increased by your attack power.\n   1 point  : 173-223 damage\n   2 points: 301-351 damage\n   3 points: 429-479 damage\n   4 points: 557-607 damage\n   5 points: 685-735 damage	终结技，根据连击点造成伤害，并将每点额外能量转化为$f1点额外伤害。伤害受攻击强度加成。\n   1连击点：173-223伤害\n   2连击点：301-351伤害\n   3连击点：429-479伤害\n   4连击点：557-607伤害\n   5连击点：685-735伤害
Converts up to 10 rage per second into health for $d.  Each point of rage is converted into $s1 health.	在$d内每秒将最多10点怒气转化为生命值。每点怒气转化为$s1点生命值。
Infuses all party and raid members with brilliance, increasing their Intellect by $s1 for $d.	为所有队伍和团队成员注入智慧光辉，使其智力提高$s1，持续$d。
Increases movement speed by $s1% for $d.	移动速度提高$s1%，持续$d。
Causes an explosion of holy light around the caster, causing $15237s1 Holy damage to all enemy targets within $15237a1 yards and healing all party members within $23455a1 yards for $23455s1.  These effects cause no threat.	在施法者周围引发神圣之光爆炸，对$15237a1码范围内的所有敌方目标造成$15237s1点神圣伤害，并治疗$23455a1码范围内的所有队伍成员$23455s1点生命值。这些效果不产生威胁值。
Causes an explosion of holy light around the caster, causing $15430s1 Holy damage to all enemy targets within $15430a1 yards and healing all party members within $23458a1 yards for $23458s1.  These effects cause no threat.	在施法者周围引发神圣之光爆炸，对$15430a1码范围内的所有敌方目标造成$15430s1点神圣伤害，并治疗$23458a1码范围内的所有队伍成员$23458s1点生命值。这些效果不产生威胁值。
Causes an explosion of holy light around the caster, causing $15431s1 Holy damage to all enemy targets within $15431a1 yards and healing all party members within $23459a1 yards for $23459s1.  These effects cause no threat.	在施法者周围引发神圣之光爆炸，对$15431a1码范围内的所有敌方目标造成$15431s1点神圣伤害，并治疗$23459a1码范围内的所有队伍成员$23459s1点生命值。这些效果不产生威胁值。
Grants both the Warlock and the summoned demon an effect as long as that demon is active.\n\nImp - Reduces threat caused by $23759s1%.\n\nVoidwalker - Reduces physical damage taken by $23760s1%.\n\nSuccubus - Increases all damage caused by $23761s1%.\n\nFelhunter - Increases all resistances by .2 per level.\n\nFelguard - Increases all damage caused by $35702s1% and all resistances by .1 per level.	当召唤的恶魔处于激活状态时，同时赋予术士和恶魔一个效果。\n\n小鬼 - 造成的威胁值降低$23759s1%。\n\n虚空行者 - 受到的物理伤害降低$23760s1%。\n\n魅魔 - 造成的所有伤害提高$23761s1%。\n\n地狱猎犬 - 每级所有抗性提高0.2。\n\n恶魔卫士 - 造成的所有伤害提高$35702s1%，每级所有抗性提高0.1。
Creates 1-3 Vials of Powerful Anti-Venom.	制造1-3瓶强效解毒药水。
Summons a Stoneclaw Totem TEST.	召唤石爪图腾（测试）。
Grants both the Warlock and the summoned demon an effect as long as that demon is active.\n\nImp - Reduces threat caused by $23826s1%.\n\nVoidwalker - Reduces physical damage taken by $23841s1%.\n\nSuccubus - Increases all damage caused by $23833s1%.\n\nFelhunter - Increases all resistances by .4 per level.\n\nFelguard - Increases all damage caused by $35703s1% and all resistances by .2 per level.	当召唤的恶魔处于激活状态时，同时赋予术士和恶魔一个效果。\n\n小鬼 - 造成的威胁值降低$23826s1%。\n\n虚空行者 - 受到的物理伤害降低$23841s1%。\n\n魅魔 - 造成的所有伤害提高$23833s1%。\n\n地狱猎犬 - 每级所有抗性提高0.4。\n\n恶魔卫士 - 造成的所有伤害提高$35703s1%，每级所有抗性提高0.2。
Grants both the Warlock and the summoned demon an effect as long as that demon is active.\n\nImp - Reduces threat caused by $23827s1%.\n\nVoidwalker - Reduces physical damage taken by $23842s1%.\n\nSuccubus - Increases all damage caused by $23834s1%.\n\nFelhunter - Increases all resistances by .6 per level.\n\nFelguard - Increases all damage caused by $35704s1% and all resistances by .3 per level.	当召唤的恶魔处于激活状态时，同时赋予术士和恶魔一个效果。\n\n小鬼 - 造成的威胁值降低$23827s1%。\n\n虚空行者 - 受到的物理伤害降低$23842s1%。\n\n魅魔 - 造成的所有伤害提高$23834s1%。\n\n地狱猎犬 - 每级所有抗性提高0.6。\n\n恶魔卫士 - 造成的所有伤害提高$35704s1%，每级所有抗性提高0.3。
Grants both the Warlock and the summoned demon an effect as long as that demon is active.\n\nImp - Reduces threat caused by $23828s1%.\n\nVoidwalker - Reduces physical damage taken by $23843s1%.\n\nSuccubus - Increases all damage caused by $23835s1%.\n\nFelhunter - Increases all resistances by .8 per level.\n\nFelguard - Increases all damage caused by $35705s1% and all resistances by .4 per level.	当召唤的恶魔处于激活状态时，同时赋予术士和恶魔一个效果。\n\n小鬼 - 造成的威胁值降低$23828s1%。\n\n虚空行者 - 受到的物理伤害降低$23843s1%。\n\n魅魔 - 造成的所有伤害提高$23835s1%。\n\n地狱猎犬 - 每级所有抗性提高0.8。\n\n恶魔卫士 - 造成的所有伤害提高$35705s1%，每级所有抗性提高0.4。
Grants both the Warlock and the summoned demon an effect as long as that demon is active.\n\nImp - Reduces threat caused by $23829s1%.\n\nVoidwalker - Reduces physical damage taken by $23844s1%.\n\nSuccubus - Increases all damage caused by $23836s1%.\n\nFelhunter - Increases all resistances by 1 per level.\n\nFelguard - Increases all damage caused by $35706s1% and all resistances by .5 per level.	当召唤的恶魔处于激活状态时，同时赋予术士和恶魔一个效果。\n\n小鬼 - 造成的威胁值降低$23829s1%。\n\n虚空行者 - 受到的物理伤害降低$23844s1%。\n\n魅魔 - 造成的所有伤害提高$23836s1%。\n\n地狱猎犬 - 每级所有抗性提高1。\n\n恶魔卫士 - 造成的所有伤害提高$35706s1%，每级所有抗性提高0.5。
Instantly attack the target causing ${$AP*$m1/100} damage.  In addition, the next $23885n successful melee attacks will restore $23880s1 health.  This effect lasts $23885d.  Damage is based on your attack power.	立即攻击目标造成${$AP*$m1/100}点伤害。此外，接下来$23885n次成功的近战攻击将恢复$23880s1点生命值。此效果持续$23885d。伤害基于你的攻击强度。
Instantly attack the target causing ${$AP*$m1/100} damage.  In addition, the next $23886n successful melee attacks will restore $23889s1 health.  This effect lasts $23886d.  Damage is based on your attack power.	立即攻击目标造成${$AP*$m1/100}点伤害。此外，接下来$23886n次成功的近战攻击将恢复$23889s1点生命值。此效果持续$23886d。伤害基于你的攻击强度。
Instantly attack the target causing ${$AP*$m1/100} damage.  In addition, the next $23887n successful melee attacks will restore $23890s1 health.  This effect lasts $23887d.  Damage is based on your attack power.	立即攻击目标造成${$AP*$m1/100}点伤害。此外，接下来$23887n次成功的近战攻击将恢复$23890s1点生命值。此效果持续$23887d。伤害基于你的攻击强度。
Instantly attack the target causing ${$AP*$m1/100} damage.  In addition, the next $23888n successful melee attacks will restore $23891s1 health.  This effect lasts $23888d.  Damage is based on your attack power.	立即攻击目标造成${$AP*$m1/100}点伤害。此外，接下来$23888n次成功的近战攻击将恢复$23891s1点生命值。此效果持续$23888d。伤害基于你的攻击强度。
Raise your shield, reflecting the next spell cast on you.  Lasts $d.	举起你的盾牌，反射下一个对你施放的法术。持续$d。
Slam the target with your shield, causing $s2 damage, modified by your shield block value, and dispels $s1 magic effect on the target.  Also causes a high amount of threat to the target and threat based on your shield block value to enemies within $150086a1 yards.	用盾牌猛击目标，造成$s2点伤害（受盾牌格挡值加成），并驱散目标身上$s1个魔法效果。同时对目标产生大量威胁值，并对$150086a1码范围内的敌人产生基于盾牌格挡值的威胁值。
When activated, this ability immediately finishes the cooldown on your other Hunter abilities.	激活后，此技能立即重置你其他猎人技能的冷却时间。
A stinging shot that puts the target to sleep for $d.  Any damage will cancel the effect.  When the target wakes up, the Sting causes $24134o1 Nature damage over $24134d.  Only one Sting per Hunter can be active on the target at a time.	一记毒刺射击使目标昏睡$d。任何伤害都会取消此效果。当目标醒来时，毒刺在$24134d内造成$24134o1点自然伤害。每个猎人同一时间只能对目标施加一个毒刺。
A stinging shot that puts the target to sleep for $d.  Any damage will cancel the effect.  When the target wakes up, the Sting causes $24135o1 Nature damage over $24135d.  Only one Sting per Hunter can be active on the target at a time.	一记毒刺射击使目标昏睡$d。任何伤害都会取消此效果。当目标醒来时，毒刺在$24135d内造成$24135o1点自然伤害。每个猎人同一时间只能对目标施加一个毒刺。
Increases the damage from your Ambush and Garrote abilities by $s1% and gives you a $s2% chance to notice when players see through your Stealth.	你的伏击和绞喉技能伤害提高$s1%，并使你有$s2%的几率察觉到玩家看穿了你的潜行。
Hurls a hammer that strikes an enemy for $s1 Holy damage.  Only usable on enemies that have 20% or less health.	投掷一把锤子打击敌人，造成$s1点神圣伤害。只能对生命值低于20%的敌人使用。
Finishing move that causes damage per combo point and converts each extra point of energy into $f1 additional damage.  Damage is increased by your attack power.\n   1 point  : 259-292 damage\n   2 points: 428-461 damage\n   3 points: 597-630 damage\n   4 points: 766-799 damage\n   5 points: 935-968 damage	终结技，根据连击点造成伤害，并将每点额外能量转化为$f1点额外伤害。伤害受攻击强度加成。\n   1连击点：259-292伤害\n   2连击点：428-461伤害\n   3连击点：597-630伤害\n   4连击点：766-799伤害\n   5连击点：935-968伤害
Increases all damage caused against Beasts, Giants and Dragonkin targets by $s1% and increases critical damage caused against Beasts, Giants and Dragonkin targets by an additional $s2%.	对野兽、巨人和龙类目标造成的所有伤害提高$s1%，对野兽、巨人和龙类目标造成的暴击伤害额外提高$s2%。
Command your pet to intimidate the target, causing a high amount of threat and stunning the target for $24394d. Lasts $19577d.	命令你的宠物威慑目标，产生大量威胁值并使目标昏迷$24394d。持续$19577d。
The caster is surrounded by $n globes of water, granting $s2 mana per 5 sec.  When a spell, melee or ranged attack hits the caster, $23575s1 mana is restored to the caster. This expends one water globe.  Only one globe will activate every few seconds.  Lasts $d.  Only one Elemental Shield can be active on the Shaman at any one time.	施法者被$n个水球环绕，每5秒恢复$s2点法力值。当法术、近战或远程攻击命中施法者时，为施法者恢复$23575s1点法力值。这会消耗一个水球。每隔几秒只能激活一个水球。持续$d。同一时间萨满只能激活一个元素护盾。
Reduces the mana cost of your Mend Pet spell and gives the Mend Pet spell a chance of cleansing $24406s1 Curse, Disease, Magic or Poison effect from the pet each tick.	降低你的治疗宠物法术的法力消耗，并使治疗宠物每次跳动时有几率清除宠物身上$24406s1个诅咒、疾病、魔法或中毒效果。
Blasts a single enemy for $s1 damage and lowers the melee attack power of all enemies in melee range by $s2.  Effect lasts $d.	冲击单个敌人造成$s1点伤害，并使近战范围内所有敌人的近战攻击强度降低$s2。效果持续$d。
Puts your pet in stealth mode, but slows its movement speed by $s2%. The first attack from stealth receives a $s3% bonus to damage.  Lasts until cancelled.	使你的宠物进入潜行模式，但移动速度降低$s2%。从潜行中发起的第一次攻击获得$s3%的伤害加成。持续到取消为止。
Inflicts $o2 Nature damage over $d. Effect can stack up to 5 times on a single target.	在$d内造成$o2点自然伤害。效果可在单个目标上叠加最多5次。
Party members within $a1 yards of the wolf receive an extra $s1 damage to their next Physical attack.  Lasts $d.	狼$a1码范围内的队伍成员的下一次物理攻击获得额外$s1点伤害。持续$d。
Right Click to summon and dismiss Murky the baby murloc.	右键点击召唤或解散小鱼人莫奇。
Breathes lightning, instantly dealing $s1 Nature damage to a single target.	吐息闪电，立即对单个目标造成$s1点自然伤害。
Shapeshift into Moonkin Form.  While in this form the armor contribution from items is increased by $24905s1%, attack power is increased by 150% of your level, all party and raid members within $24907a1 yards have their spell critical chance increased by $24907s1%, and your spell critical strike chance is increased by an additional 3%.  Melee attacks in this form have a chance on hit to regenerate mana based on attack power, and receiving damage has a chance to enrage you.  The Moonkin can only cast Balance and non-healing Restoration spells.\n\nThe act of shapeshifting frees the caster of Polymorph and Movement Impairing effects.	变形为枭兽形态。在此形态下，来自物品的护甲值提高$24905s1%，攻击强度提高等同于你等级150%的数值，$24907a1码范围内的所有队伍和团队成员法术暴击几率提高$24907s1%，你的法术暴击几率额外提高3%。此形态下的近战攻击命中时有几率根据攻击强度恢复法力值，受到伤害时有几率激怒。枭兽只能施放平衡和非治疗类恢复法术。\n\n变形会解除施法者身上的变形和移动限制效果。
Increases your movement speed by $24864s1% while outdoors in Cat Form and increases your chance to dodge while in Cat Form, Bear Form and Dire Bear Form by $s2%.	在户外猎豹形态下移动速度提高$24864s1%，在猎豹形态、熊形态和巨熊形态下躲闪几率提高$s2%。
Increases spell critical chance by $s1%.	法术暴击几率提高$s1%。
Reduces the mana cost of your Healing Touch and Tranquility spells by $s1%.	你的治疗之触和宁静法术的法力消耗降低$s1%。
Right Click to summon and dismiss Lurky the baby murloc.	右键点击召唤或解散小鱼人拉奇。
10 mana per second.\nAutomatically fires a shot at the nearest enemy tonk within $25032a1 yards every $t1 sec, dealing $25032s1 damage per shot.	每秒消耗10点法力值。\n每$t1秒自动向$25032a1码范围内最近的敌方坦克发射一枪，每枪造成$25032s1点伤害。
10 mana per second.\nDeals $25029s1 damage every $t1 sec to all tonks in front of you within $25029a1 yards. Also slows movement to $25029s2% and deals $25029s3 damage per second for $25029d.	每秒消耗10点法力值。\n每$t1秒对你前方$25029a1码范围内的所有坦克造成$25029s1点伤害。同时将移动速度降低至$25029s2%，并在$25029d内每秒造成$25029s3点伤害。
Silence all enemies within $a1 yards for $d and restores $s2 of your Energy.  Non-player victim spellcasting is also interrupted for $32747d.	沉默$a1码范围内的所有敌人，持续$d，并恢复你$s2点能量。非玩家受害者的施法也会被打断$32747d。
Creates Minor Wizard Oil.	制造初级巫师油。
Creates Minor Mana Oil.	制造初级法力油。
Creates Lesser Wizard Oil.	制造次级巫师油。
Creates Lesser Mana Oil.	制造次级法力油。
Creates Wizard Oil.	制造巫师油。
Creates Brilliant Wizard Oil.	制造卓越巫师油。
Creates Brilliant Mana Oil.	制造卓越法力油。
Transmutes a Heart of Fire into three Elemental Fires.	将一颗火之心转化为三个元素之火。
Maims the enemy, causing $s1 damage and slowing the enemy's movement to $s2% of normal speed for $d.	残害敌人，造成$s1点伤害并使敌人的移动速度降低至正常速度的$s2%，持续$d。
Allows a jewelcrafter to make jewelry, up to to a maximum potential skill of 75.  Requires precious gems and metals gathered with the Mining skill.	允许珠宝匠制作珠宝，最高可达技能75。需要通过采矿技能采集的宝石和金属。
Allows a jewelcrafter to make fantastic jewelry, up to a maximum potential skill of 150.	允许珠宝匠制作精美珠宝，最高可达技能150。
Instantly attack the target causing ${$AP*$m1/100} damage.  In addition, the next $25252n successful melee attacks will restore $25253s1 health.  This effect lasts $25252d.  Damage is based on your attack power.	立即攻击目标造成${$AP*$m1/100}点伤害。此外，接下来$25252n次成功的近战攻击将恢复$25253s1点生命值。此效果持续$25252d。伤害基于你的攻击强度。
Charge an enemy, causing $25273s2 damage and stunning it for $25273d.	冲锋向敌人，造成$25273s2点伤害并使其昏迷$25273d。
Charge an enemy, causing $25274s2 damage and stunning it for $25274d.	冲锋向敌人，造成$25274s2点伤害并使其昏迷$25274d。
Backstab the target, causing $s2% weapon damage plus 225 to the target.  Must be behind the target.  Requires a dagger in the main hand.  Awards $s3 combo $lpoint:points;.	背刺目标，造成$s2%的武器伤害加225点伤害。必须在目标背后。需要主手装备匕首。获得$s3个连击$l点:点;。
Holy power infuses the target, increasing their Spirit by $M1 for $d.	神圣之力注入目标，使其精神提高$M1，持续$d。
Causes an explosion of holy light around the caster, causing $25331s1 Holy damage to all enemy targets within $25331a1 yards and healing all party members within $25329a1 yards for $25329s1.  These effects cause no threat.	在施法者周围引发神圣之光爆炸，对$25331a1码范围内的所有敌方目标造成$25331s1点神圣伤害，并治疗$25329a1码范围内的所有队伍成员$25329s1点生命值。这些效果不产生威胁值。
Causes an explosion of holy light around the caster, causing $s1 Holy damage to all enemy targets within $a1 yards and healing all party members within $25329a1 yards for $25329s1.  These effects cause no threat.	在施法者周围引发神圣之光爆炸，对$a1码范围内的所有敌方目标造成$s1点神圣伤害，并治疗$25329a1码范围内的所有队伍成员$25329s1点生命值。这些效果不产生威胁值。
Launches Arcane Missiles at the enemy, causing $25346s1 Arcane damage every $t2 sec for $d.	向敌人发射奥术飞弹，每$t2秒造成$25346s1点奥术伤害，持续$d。
Launches Arcane Missiles at the enemy, causing $25346s1 Arcane damage every $25345t2 sec for $25345d.	向敌人发射奥术飞弹，每$25345t2秒造成$25346s1点奥术伤害，持续$25345d。
Coats a weapon with poison that lasts for 1 hour.\nEach strike has a 30% chance of poisoning the enemy for ${$25349m1*4+0.12*$AP} Nature damage over $25349d.  Stacks up to 5 times on a single target.	在武器上涂抹持续1小时的毒药。\n每次攻击有30%的几率使敌人在$25349d内中毒，造成${$25349m1*4+0.12*$AP}点自然伤害。可在单个目标上叠加最多5次。
Summons a Grace of Air Totem with $s1 health at the feet of the caster.  The totem increases the agility of party and raid members within $25360a1 yards by $25360s1.  Lasts $d.	在施法者脚下召唤一个拥有$s1点生命值的风之优雅图腾。图腾使$25360a1码范围内的队伍和团队成员敏捷提高$25360s1。持续$d。
Summons a Strength of Earth Totem with $s1 health at the feet of the caster.  The totem increases the strength of party and raid members within $25362a1 yards by $25362s1.  Lasts $d.	在施法者脚下召唤一个拥有$s1点生命值的大地之力图腾。图腾使$25362a1码范围内的队伍和团队成员力量提高$25362s1。持续$d。
Assault the target's mind with Shadow energy, causing $o1 Shadow damage over $d and slowing the target to $s2% of their movement speed.	用暗影能量攻击目标的心灵，在$d内造成$o1点暗影伤害，并使目标的移动速度降低至$s2%。
Power infuses the target increasing their Stamina by $s1 for $d.	力量注入目标，使其耐力提高$s1，持续$d。
Power infuses the target's party, increasing their Stamina by $s1 for $d.	力量注入目标的队伍，使其耐力提高$s1，持续$d。
The priest becomes surrounded with anti-magic energy.  Any successful spell cast against the priest will burn $25440s1 of the attacker's Mana, causing 1 Shadow damage for each point of Mana burned.  Lasts $d.	牧师被反魔法能量环绕。任何成功对牧师施放的法术将燃烧攻击者$25440s1点法力值，每燃烧1点法力值造成1点暗影伤害。持续$d。
Instantly shocks the target with frost, causing $s2 Frost damage and slowing movement speed to $s1% of normal.  Lasts $d.  Causes a high amount of threat.	立即用冰霜冲击目标，造成$s2点冰霜伤害并使移动速度降低至正常的$s1%。持续$d。产生大量威胁值。
The caster is surrounded by $n balls of lightning.  When a spell, melee or ranged attack hits the caster, the attacker will be struck for $26371s1 Nature damage.  This expends one lightning ball.  Only one ball will fire every few seconds.  Lasts $d.  Only one Elemental Shield can be active on the Shaman at any one time.	施法者被$n个闪电球环绕。当法术、近战或远程攻击命中施法者时，攻击者将受到$26371s1点自然伤害。这会消耗一个闪电球。每隔几秒只能发射一个闪电球。持续$d。同一时间萨满只能激活一个元素护盾。
The caster is surrounded by $n balls of lightning.  When a spell, melee or ranged attack hits the caster, the attacker will be struck for $26372s1 Nature damage.  This expends one lightning ball.  Only one ball will fire every few seconds.  Lasts $d.  Only one Elemental Shield can be active on the Shaman at any one time.	施法者被$n个闪电球环绕。当法术、近战或远程攻击命中施法者时，攻击者将受到$26372s1点自然伤害。这会消耗一个闪电球。每隔几秒只能发射一个闪电球。持续$d。同一时间萨满只能激活一个元素护盾。
Imbue the Shaman's weapon with fire.  Each hit causes $/77;25488m1 to $/25;25488M1 additional Fire damage, based on the speed of the weapon.  Slower weapons cause more fire damage per swing.  Lasts 30 minutes.	为萨满的武器注入火焰。每次命中根据武器速度造成$/77;25488m1到$/25;25488M1点额外火焰伤害。较慢的武器每次挥击造成更多火焰伤害。持续30分钟。
Imbue the Shaman's weapon with frost.  Each hit has a chance of causing $25501s2 additional Frost damage and slowing the target's movement speed by $25501s1% for $25501d.  Lasts 30 minutes.	为萨满的武器注入冰霜。每次命中有几率造成$25501s2点额外冰霜伤害，并使目标的移动速度降低$25501s1%，持续$25501d。持续30分钟。
Imbue the Shaman's weapon with wind.  Each hit has a 36% chance of dealing additional damage equal to two extra attacks with $33727s1 extra attack power.  Lasts 30 minutes.	为萨满的武器注入风之力。每次命中有36%的几率造成等同于两次额外攻击的伤害，附带$33727s1点额外攻击强度。持续30分钟。
Summons a Stoneskin Totem with $s1 health at the feet of the caster.  The totem protects party members within $25506a1 yards, reducing melee damage taken by $25506s1.  Lasts $d.	在施法者脚下召唤一个拥有$s1点生命值的石肤图腾。图腾保护$25506a1码范围内的队伍成员，使其受到的近战伤害降低$25506s1。持续$d。
Summons a Stoneskin Totem with $s1 health at the feet of the caster.  The totem protects party members within $25507a1 yards, reducing melee damage taken by $25507s1.  Lasts $d.	在施法者脚下召唤一个拥有$s1点生命值的石肤图腾。图腾保护$25507a1码范围内的队伍成员，使其受到的近战伤害降低$25507s1。持续$d。
Summons a Stoneclaw Totem with $s1 health at the feet of the caster for $d that taunts creatures within $25512a1 yards to attack it.  Enemies attacking the Stoneclaw Totem have a $25513h% chance to be stunned for $39796d.	在施法者脚下召唤一个拥有$s1点生命值的石爪图腾，持续$d，嘲讽$25512a1码范围内的生物攻击它。攻击石爪图腾的敌人有$25513h%的几率被击晕$39796d。
Summons a Strength of Earth Totem with $s1 health at the feet of the caster.  The totem increases the strength of party members within $25527a1 yards by $25527s1.  Lasts $d.	在施法者脚下召唤一个拥有$s1点生命值的大地之力图腾。图腾使$25527a1码范围内的队伍成员力量提高$25527s1。持续$d。
Summons a Searing Totem with $s1 health at your feet for $d that repeatedly attacks an enemy within $25530r yards for $25530s1 Fire damage.	在你脚下召唤一个拥有$s1点生命值的灼热图腾，持续$d，反复攻击$25530r码范围内的一个敌人，造成$25530s1点火焰伤害。
Summons a Fire Nova Totem that has $s1 health and lasts $d.  Unless it is destroyed within $25538t1 sec., the totem inflicts $25535s1 fire damage to enemies within $25535a1 yd.	召唤一个拥有$s1点生命值的火焰新星图腾，持续$d。除非在$25538t1秒内被摧毁，否则图腾将对$25535a1码范围内的敌人造成$25535s1点火焰伤害。
Summons a Fire Nova Totem that has $s1 health and lasts $d.  Unless it is destroyed within $25539t1 sec., the totem inflicts $25537s1 fire damage to enemies within $25537a1 yd.	召唤一个拥有$s1点生命值的火焰新星图腾，持续$d。除非在$25539t1秒内被摧毁，否则图腾将对$25537a1码范围内的敌人造成$25537s1点火焰伤害。
Summons a Magma Totem with $s1 health at the feet of the caster for ${$d-1} sec that causes $25550s1 Fire damage to creatures within $25550a1 yards every $25551t1 seconds.	在施法者脚下召唤一个拥有$s1点生命值的熔岩图腾，持续${$d-1}秒，每$25551t1秒对$25550a1码范围内的生物造成$25550s1点火焰伤害。
Summons a Flametongue Totem that enchants all party members' main-hand weapons with fire if they are within $25554a1 yards.  Each hit causes $/77;25555m1 to $/25;25555M1 additional Fire damage.  Lasts $d.	召唤一个火舌图腾，为$25554a1码范围内所有队伍成员的主手武器附魔火焰。每次命中造成$/77;25555m1到$/25;25555M1点额外火焰伤害。持续$d。
Summons a Frost Resistance Totem with $s1 health at the feet of the caster for $d.  The totem increases party members' frost resistance by $25559s1, if within $25559a1 yards.	在施法者脚下召唤一个拥有$s1点生命值的抗冰冻图腾，持续$d。图腾使$25559a1码范围内的队伍成员冰霜抗性提高$25559s1。
Summons a Fire Resistance Totem with $s1 health at the feet of the caster for $d that increases the fire resistance of party members within $25562a1 yards by $25562s1.	在施法者脚下召唤一个拥有$s1点生命值的抗火焰图腾，持续$d，使$25562a1码范围内的队伍成员火焰抗性提高$25562s1。
Summons a Healing Stream Totem with $s1 health at the feet of the caster for $d that heals group members within $25566a1 yards for $25566s1 every $25566t1 seconds.	在施法者脚下召唤一个拥有$s1点生命值的治疗之泉图腾，持续$d，每$25566t1秒治疗$25566a1码范围内的小队成员$25566s1点生命值。
Summons a Mana Spring Totem with $s1 health at the feet of the caster for $d that restores $25569s1 mana every $25569t1 seconds to group members within $25569a1 yards.	在施法者脚下召唤一个拥有$s1点生命值的法力之泉图腾，持续$d，每$25569t1秒为$25569a1码范围内的小队成员恢复$25569s1点法力值。
Summons a Nature Resistance Totem with $s1 health at the feet of the caster for $d that increases the nature resistance of party members within $25573a1 yards by $25573s1.	在施法者脚下召唤一个拥有$s1点生命值的抗自然图腾，持续$d，使$25573a1码范围内的队伍成员自然抗性提高$25573s1。
Summons a Windwall Totem with $s1 health at the feet of the caster.  The totem protects party members within $25576a1 yards, reducing ranged damage taken by $25576s1.  Lasts $d.	在施法者脚下召唤一个拥有$s1点生命值的风墙图腾。图腾保护$25576a1码范围内的队伍成员，使其受到的远程伤害降低$25576s1。持续$d。
Summons a Windfury Totem with $s1 health at the feet of the caster.  The totem enchants all party members main-hand weapons with wind, if they are within $25579a1 yards.  Each hit has a 20% chance of granting the attacker $25583s2 extra $lattack:attacks; with $25583s1 extra attack power.  Lasts $d.	在施法者脚下召唤一个拥有$s1点生命值的风怒图腾。图腾为$25579a1码范围内所有队伍成员的主手武器附魔风之力。每次命中有20%的几率赋予攻击者$25583s2次额外$l攻击:攻击;，附带$25583s1点额外攻击强度。持续$d。
Summons a Windfury Totem with $s1 health at the feet of the caster.  The totem enchants all party members main-hand weapons with wind, if they are within $25580a1 yards.  Each hit has a 20% chance of granting the attacker $25584s2 extra $lattack:attacks; with $25584s1 extra attack power.  Lasts $d.	在施法者脚下召唤一个拥有$s1点生命值的风怒图腾。图腾为$25580a1码范围内所有队伍成员的主手武器附魔风之力。每次命中有20%的几率赋予攻击者$25584s2次额外$l攻击:攻击;，附带$25584s1点额外攻击强度。持续$d。
Increases the threat generated by your Holy spells by $s1%.  Lasts $d.	你的神圣法术产生的威胁值提高$s1%。持续$d。
Gives all members of the raid or group that share the same class with the target the Greater Blessing of Might, increasing attack power by $s1 for $d.  Players may only have one Blessing on them per Paladin at any one time.	赋予团队或队伍中与目标相同职业的所有成员强效力量祝福，攻击强度提高$s1，持续$d。每个圣骑士同一时间只能对一名玩家施放一个祝福。
Gives all members of the raid or group that share the same class with the target the Greater Blessing of Light, increasing the effects of Holy Light spells used on the target by up to $s1 and the effects of Flash of Light spells used on the target by up to $s2.  Lasts $d.  Players may only have one Blessing on them per Paladin at any one time.	赋予团队或队伍中与目标相同职业的所有成员强效光明祝福，使对目标使用的圣光术效果最多提高$s1，圣光闪现效果最多提高$s2。持续$d。每个圣骑士同一时间只能对一名玩家施放一个祝福。
Gives all members of the raid or group that share the same class with the target the Greater Blessing of Wisdom, restoring $s1 mana every 5 seconds for $d.  Players may only have one Blessing on them per Paladin at any one time.	赋予团队或队伍中与目标相同职业的所有成员强效智慧祝福，每5秒恢复$s1点法力值，持续$d。每个圣骑士同一时间只能对一名玩家施放一个祝福。
Gives all members of the raid or group that share the same class with the target the Greater Blessing of Salvation, reducing the amount of all threat generated by $s1% for $d.  Players may only have one Blessing on them per Paladin at any one time.	赋予团队或队伍中与目标相同职业的所有成员强效拯救祝福，所有威胁值降低$s1%，持续$d。每个圣骑士同一时间只能对一名玩家施放一个祝福。
Gives all members of the raid or group that share the same class with the target the Greater Blessing of Kings, increasing total stats by $s1% for $d.  Players may only have one Blessing on them per Paladin at any one time.	赋予团队或队伍中与目标相同职业的所有成员强效王者祝福，所有属性总计提高$s1%，持续$d。每个圣骑士同一时间只能对一名玩家施放一个祝福。
Gives all members of the raid or group that share the same class with the target the Greater Blessing of Sanctuary, reducing damage dealt from all sources by up to $s1 for $d.  In addition, when the target blocks a melee attack the attacker will take $s2 Holy damage.  Players may only have one Blessing on them per Paladin at any one time.	赋予团队或队伍中与目标相同职业的所有成员强效庇护祝福，受到的所有来源伤害最多降低$s1，持续$d。此外，当目标格挡一次近战攻击时，攻击者将受到$s2点神圣伤害。每个圣骑士同一时间只能对一名玩家施放一个祝福。
Summons a Tranquil Air Totem with $s1 health at the feet of the caster.  The totem reduces the threat caused by all party members within $25909a1 yards by $25909s1%.  Lasts $d.	在施法者脚下召唤一个拥有$s1点生命值的宁静之风图腾。图腾使$25909a1码范围内所有队伍成员造成的威胁值降低$25909s1%。持续$d。
Emits a high frequency sound, forcing a silithid tank to burrow out from its home beneath the Temple of Ahn'Qiraj. The silithid is obedient to the summoner and can be used as a mount within the Temple of Ahn'Qiraj. Any hostile action towards the rider forces the tank underground. This mount increases speed depending on your Riding Skill.	发出高频声波，迫使一只异种虫坦克从安其拉神殿地下的巢穴中钻出。异种虫服从召唤者，可在安其拉神殿内作为坐骑使用。对骑乘者的任何敌对行为都会迫使坦克钻入地下。根据你的骑术技能提高速度。
Decreases the cooldown of your Judgement spell by $/1000;s1 sec.	你的审判法术冷却时间缩短$/1000;s1秒。
All criticals against you cause a percentage of the damage taken to the attacker as well.  The damage caused by Eye for an Eye will not exceed 50% of the Paladin's total health.	所有对你的暴击也会将受到伤害的一定百分比反弹给攻击者。以眼还眼造成的伤害不会超过圣骑士最大生命值的50%。
Gives the Paladin's damaging melee attacks a chance to reduce the target's attributes by $26017s1% for $26017d.	使圣骑士的近战伤害攻击有几率使目标的属性降低$26017s1%，持续$26017d。
Gives the Paladin's damaging melee attacks a chance to reduce the target's attributes by $26018s1% for $26018d.	使圣骑士的近战伤害攻击有几率使目标的属性降低$26018s1%，持续$26018d。
Reduces the chance you'll be hit by spells by $s3% and increases movement and mounted movement speed by $s1%.  This does not stack with other movement speed increasing effects.	被法术命中的几率降低$s3%，移动和骑乘移动速度提高$s1%。此效果不与其他移动速度提升效果叠加。
Reduces all damage your pet takes by $s1%, but increases the time between your pet's attacks by $s2%.  Lasts $d.	你的宠物受到的所有伤害降低$s1%，但攻击间隔延长$s2%。持续$d。
Summons a mechanical Greench that will protect you for $d.	召唤一个机械格林奇保护你，持续$d。
Shakes the ground with thundering force, doing $s1 Nature damage to all enemies within $a1 yards.  This ability causes a moderate amount of additional threat.	以雷霆之力震动大地，对$a1码范围内的所有敌人造成$s1点自然伤害。此技能产生中等额外威胁值。
Clears all debuffs\n\n----- \n\nHow is this spell different from 25565?\nThis one is not self-only. How are you btw?	清除所有减益效果\n\n----- \n\n此法术与25565有何不同？\n此法术不限于自身。
Summons a Vanquished Tentacle to your aid for $d.	召唤一根被征服的触手来援助你，持续$d。
Increases the rogue's dodge chance by $s1% and reduces the chance ranged attacks hit the rogue by $s2%.  Lasts $d.	盗贼的躲闪几率提高$s1%，远程攻击命中盗贼的几率降低$s2%。持续$d。
Finishing move that reduces the movement of the target by $s2% for $d and causes increased thrown weapon damage:\n   1 point  : ${$m1+($b1*1)+$rwb} - ${$M1+($b1*1)+$RWB} damage\n   2 points: ${$m1+($b1*2)+$rwb} - ${$M1+($b1*2)+$RWB} damage\n   3 points: ${$m1+($b1*3)+$rwb} - ${$M1+($b1*3)+$RWB} damage\n   4 points: ${$m1+($b1*4)+$rwb} - ${$M1+($b1*4)+$RWB} damage\n   5 points: ${$m1+($b1*5)+$rwb} - ${$M1+($b1*5)+$RWB} damage	终结技，使目标的移动速度降低$s2%，持续$d，并造成增强的投掷武器伤害：\n   1连击点：${$m1+($b1*1)+$rwb} - ${$M1+($b1*1)+$RWB}伤害\n   2连击点：${$m1+($b1*2)+$rwb} - ${$M1+($b1*2)+$RWB}伤害\n   3连击点：${$m1+($b1*3)+$rwb} - ${$M1+($b1*3)+$RWB}伤害\n   4连击点：${$m1+($b1*4)+$rwb} - ${$M1+($b1*4)+$RWB}伤害\n   5连击点：${$m1+($b1*5)+$rwb} - ${$M1+($b1*5)+$RWB}伤害
Conversion of these items into Primal Mooncloth can only be done at a moonwell.	将这些物品转化为原始月布只能在月亮井处完成。
Coats a weapon with poison that lasts for 1 hour.  Each strike has a $26785h% chance of poisoning the enemy which instantly inflicts $26688s1 Nature damage, but causes no additional threat.	在武器上涂抹持续1小时的毒药。每次攻击有$26785h%的几率使敌人中毒，立即造成$26688s1点自然伤害，但不产生额外威胁值。
Allows a tailor to make incomparable shirts and armors up to a maximum potential skill of 375.	允许裁缝制作无与伦比的衬衫和护甲，最高可达技能375。
Allows the tailor to create an additional spellcloth or spellweave when that cloth is created.	允许裁缝在制作魔布或魔纹布时额外制作一块。
Allows the tailor to create an additional mooncloth or moonshroud when that cloth is created.	允许裁缝在制作月布或月纱布时额外制作一块。
Allows the tailor to create an additional shadowcloth or ebonweave when that cloth is created.	允许裁缝在制作暗影布或乌纹布时额外制作一块。
Garrote the enemy, silencing them for $1330d and causing $o1 damage over $d, increased by attack power.  Must be stealthed and behind the target.  Awards $s2 combo $lpoint:points;.	绞喉敌人，使其沉默$1330d，并在$d内造成$o1点伤害，受攻击强度加成。必须处于潜行状态且在目标背后。获得$s2个连击$l点:点;。
Backstab the target, causing $s2% weapon damage plus 255 to the target.  Must be behind the target.  Requires a dagger in the main hand.  Awards $s3 combo $lpoint:points;.	背刺目标，造成$s2%的武器伤害加255点伤害。必须在目标背后。需要主手装备匕首。获得$s3个连击$l点:点;。
Finishing move that causes damage over time, increased by your attack power.  Lasts longer per combo point:\n   1 point  : 324 damage over 8 secs\n   2 points: 460 damage over 10 secs\n   3 points: 618 damage over 12 secs\n   4 points: 798 damage over 14 secs\n   5 points: 1000 damage over 16 secs	终结技，造成持续伤害，受攻击强度加成。每个连击点持续更长时间：\n   1连击点：8秒内324伤害\n   2连击点：10秒内460伤害\n   3连击点：12秒内618伤害\n   4连击点：14秒内798伤害\n   5连击点：16秒内1000伤害
Allows the rogue to vanish from sight, entering an improved stealth mode for $11329d.  Also breaks movement impairing effects.  More effective than Vanish (Rank 2).	使盗贼从视野中消失，进入强化潜行模式，持续$11329d。同时解除移动限制效果。比消失（等级2）更有效。
Gives the Gift of the Wild to the target's party, increasing armor by $s1, all attributes by $s2 and all resistances by $s3 for $d.	赋予目标队伍野性赐福，护甲提高$s1，所有属性提高$s2，所有抗性提高$s3，持续$d。
Soothes the target beast, reducing the range at which it will attack you by $s1 yards.  Only affects Beast targets level 85 or lower.  Lasts $d.	安抚目标野兽，使其攻击你的范围缩小$s1码。只对85级或更低等级的野兽目标有效。持续$d。
Shred the target, causing $s3% damage plus 236 to the target.  Must be behind the target.  Awards $s2 combo $lpoint:points;.	撕碎目标，造成$s3%的伤害加236点伤害。必须在目标背后。获得$s2个连击$l点:点;。
Shred the target, causing $s3% damage plus 405 to the target.  Must be behind the target.  Awards $s2 combo $lpoint:points;.	撕碎目标，造成$s3%的伤害加405点伤害。必须在目标背后。获得$s2个连击$l点:点;。
Rake the target for ${$AP/100+$m1} bleed damage and an additional ${$m2*3+$AP*0.06} damage over $d.  Awards $s3 combo $lpoint:points;.	对目标使用扫击，造成${$AP/100+$m1}点流血伤害，并在$d内造成额外${$m2*3+$AP*0.06}点伤害。获得$s3个连击$l点:点;。
Ravage the target, causing $s2% damage plus 514 to the target.  Must be prowling and behind the target.  Awards $s3 combo $lpoint:points;.	突袭目标，造成$s2%的伤害加514点伤害。必须处于潜行状态且在目标背后。获得$s3个连击$l点:点;。
Pounce, stunning the target for $d and causing $27007o1 damage over $27007d.  Must be prowling.  Awards $s3 combo $lpoint:points;.	猛扑，使目标昏迷$d，并在$27007d内造成$27007o1点伤害。必须处于潜行状态。获得$s3个连击$l点:点;。
Pounce, stunning the target for $27006d and causing $27007o1 damage over $27007d.  Must be prowling.  Awards $27006s3 combo $lpoint:points;.	猛扑，使目标昏迷$27006d，并在$27007d内造成$27007o1点伤害。必须处于潜行状态。获得$27006s3个连击$l点:点;。
Finishing move that causes damage over time.  Damage increases per combo point and by your attack power:\n   1 point : 300 damage over $d.\n   2 points: 498 damage over $d.\n   3 points: 696 damage over $d.\n   4 points: 894 damage over $d.\n   5 points: 1092 damage over $d.	终结技，造成持续伤害。伤害随连击点和攻击强度增加：\n   1连击点：$d内300伤害。\n   2连击点：$d内498伤害。\n   3连击点：$d内696伤害。\n   4连击点：$d内894伤害。\n   5连击点：$d内1092伤害。
While active, any time an enemy strikes the caster they have a $h% chance to become afflicted by Entangling Roots (Rank 7).  Only useable outdoors.  $n charge.  Lasts $d.	激活期间，每当敌人攻击施法者时，有$h%的几率被纠缠根须（等级7）缠绕。只能在户外使用。$n次充能。持续$d。
Creates a violent storm in the target area causing $42230s1 Nature damage to enemies every $t3 sec, and increasing the time between attacks by $s2%.  Lasts $d.  Druid must channel to maintain the spell.	在目标区域制造猛烈风暴，每$t3秒对敌人造成$42230s1点自然伤害，并使攻击间隔延长$s2%。持续$d。德鲁伊必须引导以维持法术。
Attempts to disengage from the target, reducing threat.  More effective than Disengage (Rank 3).  Character exits combat mode.	尝试脱离目标，降低威胁值。比脱离战斗（等级3）更有效。角色退出战斗模式。
Distract the target, causing threat.  More effective than Distracting Shot (Rank 6).	分散目标注意力，产生威胁值。比扰乱射击（等级6）更有效。
Continuously fires a volley of ammo at the target area, causing $42234s1 Arcane damage to enemy targets within $a1 yards every second for $d.	持续向目标区域发射弹幕，每秒对$a1码范围内的敌方目标造成$42234s1点奥术伤害，持续$d。
Allows a physician to make and use bandages up to a potential skill of 375.   The cloth used to make those bandages are found on humanoids in the world.	允许医生制作并使用绷带，最高可达技能375。制作绷带所需的布料可以从世界各地的人型生物身上获得。
Your pet growls at the target, generating threat and increasing the likelihood the target will attack it.	你的宠物向目标发出低吼，产生威胁值，增加目标攻击它的可能性。
A stinging shot that puts the target to sleep for $d.  Any damage will cancel the effect.  When the target wakes up, the Sting causes $27069o1 Nature damage over $27069d.  Only one Sting per Hunter can be active on the target at a time.	一记毒刺射击使目标昏睡$d。任何伤害都会取消该效果。当目标醒来时，毒刺在$27069d内造成$27069o1点自然伤害。每个猎人同一时间只能对目标施加一个毒刺。
Launches Arcane Missiles at the enemy, causing $27076s1 Arcane damage every $t2 sec for $d.	向敌人发射奥术飞弹，每$t2秒造成$27076s1点奥术伤害，持续$d。
Launches Arcane Missiles at the enemy, causing $27076s1 Arcane damage every $27075t2 sec for $27075d.	向敌人发射奥术飞弹，每$27075t2秒造成$27076s1点奥术伤害，持续$27075d。
Ice shards pelt the target area doing ${$42198m1*8} Frost damage over $d.	冰雹从天而降，击中目标区域，在$d内造成${$42198m1*8}点冰霜伤害。
Conjures $s1 $lskin:skin; of glacier water, providing the mage and $ghis:her; allies with something to drink.\n\nConjured items disappear if logged out for more than 15 minutes.	制造$s1瓶冰川之水，为法师和$g他:她;的盟友提供饮品。\n\n制造出的物品如果在离线状态下超过15分钟就会消失。
Conjured items disappear if logged out for more than 15 minutes.	制造出的物品如果在离线状态下超过15分钟就会消失。
Conjures a mana emerald that can be used to instantly restore $27103s1 mana.  3 charges.\n\nConjured items disappear if logged out for more than 15 minutes.	制造一颗法力翡翠，可用于立即恢复$27103s1点法力值。3次充能。\n\n制造出的物品如果在离线状态下超过15分钟就会消失。
Infuses the target's party with brilliance, increasing their Intellect by $s1 for $d.	为目标的队伍注入智慧光辉，使其智力提高$s1，持续$d。
Fills the Paladin with the spirit of a crusader for $d, granting $s1 melee attack power.  The Paladin also attacks $s2% faster, but deals less damage with each attack.  Only one Seal can be active on the Paladin at any one time.	使圣骑士充满十字军精神，持续$d，获得$s1点近战攻击强度。圣骑士的攻击速度提高$s2%，但每次攻击造成的伤害降低。同一时间只能激活一个圣印。
Unleashing this Seal's energy will judge an enemy for $27159d, increasing Holy damage taken by up to $27159s1.  Your melee strikes will refresh the spell's duration.  Only one Judgement per Paladin can be active at any one time.	释放此圣印的能量将审判敌人，持续$27159d，使其受到的神圣伤害最多提高$27159s1。你的近战攻击将刷新法术持续时间。同一时间每个圣骑士只能激活一个审判。
Blasts the target with Holy energy, causing $27176s1 Holy damage to an enemy, or $27175s1 healing to an ally.	用神圣能量冲击目标，对敌人造成$27176s1点神圣伤害，或治疗盟友$27175s1点生命值。
Calls down a fiery rain to burn enemies in the area of effect for ${$42218m1*4} Fire damage over $d.	召唤火焰之雨焚烧区域内的敌人，在$d内造成${$42218m1*4}点火焰伤害。
Ignites the area surrounding the caster, causing $s2 Fire damage to $ghimself:herself; and $27214s1 Fire damage to all nearby enemies every $t2 sec.  Lasts $d.	点燃施法者周围的区域，每$t2秒对$g他自己:她自己;造成$s2点火焰伤害，并对附近所有敌人造成$27214s1点火焰伤害。持续$d。
Drains the soul of the target, causing $o2 Shadow damage over $d.  If the target dies while being drained, and yields experience or honor, the caster gains a Soul Shard.  Soul Shards are required for other spells.	抽取目标的灵魂，在$d内造成$o2点暗影伤害。如果目标在被抽取期间死亡且能提供经验或荣誉值，则施法者获得一个灵魂碎片。灵魂碎片是施放其他法术所需的。
Curses the target with agony, causing $o1 Shadow damage over $d.  This damage is dealt slowly at first, and builds up as the Curse reaches its full duration.  Only one Curse per Warlock can be active on any one target.	使目标陷入痛苦诅咒，在$d内造成$o1点暗影伤害。伤害开始时较低，随着咒语持续时间的延长而增加。每个术士同一时间只能对同一个目标施加一个诅咒。
Curses the target for $d, reducing Arcane, Fire, Frost, and Shadow resistances by $s1 and increasing Arcane, Fire,  Frost, and Shadow damage taken by $s2%.  Only one Curse per Warlock can be active on any one target.	诅咒目标，持续$d，使其奥术、火焰、冰霜和暗影抗性降低$s1，并使其受到的奥术、火焰、冰霜和暗影伤害提高$s2%。每个术士同一时间只能对同一个目标施加一个诅咒。
Creates a Master Healthstone that can be used to instantly restore $27235s1 health.\n\nConjured items disappear if logged out for more than 15 minutes.	制造一颗大师级治疗石，可用于立即恢复$27235s1点生命值。\n\n制造出的物品如果在离线状态下超过15分钟就会消失。
Creates a Master Soulstone.  The Soulstone can be used to store one target's soul.  If the target dies while their soul is stored, they will be able to resurrect with $27240s1 health and $27240q1 mana.\n\nConjured items disappear if logged out for more than 15 minutes.	制造一个大师级灵魂石。灵魂石可用于储存一个目标的灵魂。如果目标在灵魂被储存期间死亡，他们将能够以$27240s1点生命值和$27240q1点法力值复活。\n\n制造出的物品如果在离线状态下超过15分钟就会消失。
Imbeds a demon seed in the enemy target, causing $o1 Shadow damage over $d.  When the target takes $s2 total damage or dies, the seed will inflict $27285s1 Shadow damage to all other enemies within $27285a1 yards of the target.  Only one Corruption spell per Warlock can be active on any one target.	在敌方目标体内植入一颗恶魔之种，在$d内造成$o1点暗影伤害。当目标受到总计$s2点伤害或死亡时，种子会对目标周围$27285a1码范围内的所有其他敌人造成$27285s1点暗影伤害。每个术士同一时间只能对同一个目标施加一个腐蚀术效果。
Creates a Master Firestone which can be equipped.  When equipped, enchants the main hand weapon with fire, granting each attack a chance to deal $27253s1 additional Fire damage.  In addition, equipping the Master Firestone increases the damage done by fire spells by $27256s1.\n\nConjured items disappear if logged out for more than 15 minutes.	制造一块可以装备的大师火焰石。装备后，为你的主手武器附魔火焰，使每次攻击都有一定几率造成$27253s1点额外的火焰伤害。此外，装备大师火焰石还能使你的火焰法术造成的伤害提高$27256s1点。\n\n制造出的物品如果在离线状态下超过15分钟就会消失。
Transfers $s1 health from the target to the caster every $t1 sec.  Lasts $d.	每$t1秒将目标的$s1点生命值转移给施法者。持续$d。
Surrounds the target in a shield of fire, increasing Fire resistance by $s2 and making every strike against the target cause $s1 Fire damage to the attacker.  Lasts $d.  The caster cannot cast Fire Shield on himself.	在目标周围形成一道火焰护盾，使其火焰抗性提高$s2，并使对目标的每次攻击对攻击者造成$s1点火焰伤害。持续$d。施法者无法对自己施放火焰护盾。
Taunts the creature, increasing the chance that it will attack the Voidwalker.  More effective than Torment (Rank 6).	嘲讽生物，增加其攻击虚空行者的几率。比受难（等级6）更有效。
Taunts all enemies within $a1 yards, increasing the chance that they will attack the Voidwalker and reducing chance to hit by $s2% for $d.  More effective than Suffering (Rank 4).	嘲讽$a1码范围内的所有敌人，增加其攻击虚空行者的几率，并使其命中几率降低$s2%，持续$d。比折磨（等级4）更有效。
The Voidwalker consumes nearby shadows to bolster its form, recovering $o1 health over $d and greatly increasing stealth detection to all nearby friendly targets within $54501a yards. Cannot be used while in combat.	虚空行者吞噬周围的阴影以增强体质，在$d内恢复$o1点生命值，并大幅提高$54501a码范围内附近所有友方目标的潜行侦测能力。无法在战斗中使用。
An instant attack that lashes the target, causing $s1 Shadow damage.	一记瞬间发动的鞭笞攻击，对目标造成$s1点暗影伤害。
Soothes the target, increasing the chance that it will attack something else and decreases melee attack speed by $s2% for $d.  More effective than Soothing Kiss (Rank 4).	安抚目标，增加其攻击其他目标的几率，并使其近战攻击速度降低$s2%，持续$d。比安抚之吻（等级4）更有效。
Purges $s1 harmful magic $leffect:effects; from a friend or $s1 beneficial magic $leffect:effects; from an enemy.  If an effect is devoured, the Felhunter will be healed for $27278s1.	从友方目标身上驱散$s1个有害魔法效果，或从敌方目标身上驱散$s1个有利魔法效果。如果吞噬了一个效果，地狱猎犬将获得$27278s1点治疗。
Purges $27277s1 harmful magic $leffect:effects; from a friend or $27277s1 beneficial magic $leffect:effects; from an enemy.  If an effect is devoured, the Felhunter will be healed for $s2.	从友方目标身上驱散$27277s1个有害魔法效果，或从敌方目标身上驱散$27277s1个有利魔法效果。如果吞噬了一个效果，地狱猎犬将获得$s2点治疗。
Imbeds a demon seed in the enemy target, causing $27243o1 Shadow damage over $27243d.  When the target takes $27243s2 total damage or dies, the seed will inflict $27285s1 Shadow damage to all enemies within $27285a1 yards of the target.  Only one Corruption spell per Warlock can be active on any one target.	在敌方目标体内植入一颗恶魔之种，在$27243d内造成$27243o1点暗影伤害。当目标受到总计$27243s2点伤害或死亡时，种子会对目标周围$27285a1码范围内的所有敌人造成$27285s1点暗影伤害。每个术士同一时间只能对同一个目标施加一个腐蚀术效果。
Ambush the target, causing $s2% weapon damage plus 335 to the target.  Must be stealthed and behind the target.  Requires a dagger in the main hand.  Awards $s3 combo $lpoint:points;.	伏击目标，造成$s2%的武器伤害加335点额外伤害。必须处于潜行状态且在目标背后。需要主手装备匕首。获得$s3个连击点数。
Right Click to summon and dismiss Kwee Q. Peddlefeet.	右键点击召唤或解散奎伊·Q·培德菲特。
An aimed shot that increases ranged damage by $s1.	瞄准射击，使远程伤害提高$s1。
Power infuses your raid or party members, increasing their Spirit by $s1 for $d.	力量注入你的团队或队伍成员，使其精神提高$s1，持续$d。
Power infuses your raid or party members, increasing their Shadow resistance by $s1 for $d.	力量注入你的团队或队伍成员，使其暗影抗性提高$s1，持续$d。
Increases the range of your Smite and Holy Fire spells and the radius of your Prayer of Healing, Holy Nova and Circle of Healing spells by $s1%.	使你的惩击和神圣之火法术的射程，以及治疗祷言、神圣新星和治疗环法术的半径提高$s1%。
Causes an explosion of holy light around the caster, causing $s1 Holy damage to all enemy targets within $a1 yards and healing all party members within $27803a1 yards for $27803s1.  These effects cause no threat.	在施法者周围引发神圣之光爆炸，对$a1码范围内的所有敌方目标造成$s1点神圣伤害，并治疗$27803a1码范围内的所有队伍成员$27803s1点生命值。这些效果不产生威胁值。
Causes an explosion of holy light around the caster, causing $s1 Holy damage to all enemy targets within $a1 yards and healing all party members within $27804a1 yards for $27804s1.  These effects cause no threat.	在施法者周围引发神圣之光爆炸，对$a1码范围内的所有敌方目标造成$s1点神圣伤害，并治疗$27804a1码范围内的所有队伍成员$27804s1点生命值。这些效果不产生威胁值。
Place a fire trap that will burn the first enemy to approach for ${$RAP*0.1+$27024m1*5} Fire damage over $27024d.  Trap will exist for $d.  Only one trap can be active at a time.	放置一个火焰陷阱，它会灼烧第一个接近的敌人，在$27024d内造成${$RAP*0.1+$27024m1*5}点火焰伤害。陷阱可持续$d。同一时间只能激活一个陷阱。
Place a fire trap that will burn the first enemy to approach for ${($RAP*($<mult>/100)+$27024m1)*$<duration>} Fire damage over $27024d.  Trap will exist for $27023d.  Only one trap can be active at a time.	放置一个火焰陷阱，它会灼烧第一个接近的敌人，在$27024d内造成${($RAP*($<mult>/100)+$27024m1)*$<duration>}点火焰伤害。陷阱可持续$27023d。同一时间只能激活一个陷阱。
Place a fire trap that explodes when an enemy approaches, causing ${$RAP*0.1+$27026m1} to ${$RAP*0.1+$27026M1} Fire damage and burning all enemies for $27026o2 additional Fire damage over $27026d to all within $27026a1 yards.  Trap will exist for $d.  Only one trap can be active at a time.	放置一个火焰陷阱，当敌人接近时会爆炸，对$27026a1码范围内的所有敌人造成${$RAP*0.1+$27026m1}到${$RAP*0.1+$27026M1}点火焰伤害，并使其在$27026d内受到$27026o2点额外火焰伤害。陷阱可持续$d。同一时间只能激活一个陷阱。
Place a fire trap that explodes when an enemy approaches, causing ${$RAP*0.1+$27026m1} to ${$RAP*0.1+$27026M1} Fire damage and burning all enemies for $27026o2 additional Fire damage over $27026d to all within $27026a1 yards.  Trap will exist for $27025d.  Only one trap can be active at a time.	放置一个火焰陷阱，当敌人接近时会爆炸，对$27026a1码范围内的所有敌人造成${$RAP*0.1+$27026m1}到${$RAP*0.1+$27026M1}点火焰伤害，并使其在$27026d内受到$27026o2点额外火焰伤害。陷阱可持续$27025d。同一时间只能激活一个陷阱。
Fills the Paladin with the spirit of a crusader for $d, granting $s1 melee attack power.  The Paladin also attacks $s2% faster, but deals less damage with each attack.  Only one Seal can be active on the Paladin at any one time.\n\nUnleashing this Seal's energy will judge an enemy for $27159d, increasing Holy damage taken by up to $27159s1.  Your melee strikes will refresh the spell's duration.  Only one Judgement per Paladin can be active at any one time.	使圣骑士充满十字军精神，持续$d，获得$s1点近战攻击强度。圣骑士的攻击速度提高$s2%，但每次攻击造成的伤害降低。同一时间只能激活一个圣印。\n\n释放此圣印的能量将审判敌人，持续$27159d，使其受到的神圣伤害最多提高$27159s1。你的近战攻击将刷新法术持续时间。同一时间每个圣骑士只能激活一个审判。
Right Click to summon and dismiss Gurky the baby murloc.	右键点击召唤或解散小鱼人格奇。
Causes an explosion of holy light around the caster, causing $s1 Holy damage to all enemy targets within $a1 yards and healing all party members within $27805a1 yards for $27805s1.  These effects cause no threat.	在施法者周围引发神圣之光爆炸，对$a1码范围内的所有敌方目标造成$s1点神圣伤害，并治疗$27805a1码范围内的所有队伍成员$27805s1点生命值。这些效果不产生威胁值。
Causes an explosion of holy light around the caster, causing $27799s1 Holy damage to all enemy targets within $27799a1 yards and healing all party members within $27803a1 yards for $27803s1.  These effects cause no threat.	在施法者周围引发神圣之光爆炸，对$27799a1码范围内的所有敌方目标造成$27799s1点神圣伤害，并治疗$27803a1码范围内的所有队伍成员$27803s1点生命值。这些效果不产生威胁值。
Causes an explosion of holy light around the caster, causing $27800s1 Holy damage to all enemy targets within $27800a1 yards and healing all party members within $27804a1 yards for $27804s1.  These effects cause no threat.	在施法者周围引发神圣之光爆炸，对$27800a1码范围内的所有敌方目标造成$27800s1点神圣伤害，并治疗$27804a1码范围内的所有队伍成员$27804s1点生命值。这些效果不产生威胁值。
Causes an explosion of holy light around the caster, causing $27801s1 Holy damage to all enemy targets within $27801a1 yards and healing all party members within $27805a1 yards for $27805s1.  These effects cause no threat.	在施法者周围引发神圣之光爆炸，对$27801a1码范围内的所有敌方目标造成$27801s1点神圣伤害，并治疗$27805a1码范围内的所有队伍成员$27805s1点生命值。这些效果不产生威胁值。
After being struck by a melee or ranged critical hit, heal $s1% of the damage taken over $27813d.	在受到近战或远程暴击后，在$27813d内恢复相当于所受伤害$s1%的生命值。
After being struck by a melee or ranged critical hit, heal $s1% of the damage taken over $27817d.	在受到近战或远程暴击后，在$27817d内恢复相当于所受伤害$s1%的生命值。
After being struck by a melee or ranged critical hit, heal $s1% of the damage taken over $27818d.	在受到近战或远程暴击后，在$27818d内恢复相当于所受伤害$s1%的生命值。
Creates a Holy Lightwell.  Members of your raid or party can click the Lightwell to restore $27873o1 health over $27873d.  Any direct damage taken will cancel the effect.  Each member can only use this Lightwell once.  Lightwell lasts for $d or 15 charges.	制造一个神圣光明之泉。你的团队或队伍成员可以点击光明之泉，在$27873d内恢复$27873o1点生命值。任何受到的直接伤害都会取消该效果。每个成员只能使用一次该光明之泉。光明之泉可持续$d或15次充能。
Creates a Holy Lightwell.  Members of your raid or party can click the Lightwell to restore $27874o1 health over $27874d.  Any direct damage taken will cancel the effect.  Each member can only use this Lightwell once.  Lightwell lasts for $d or 15 charges.	制造一个神圣光明之泉。你的团队或队伍成员可以点击光明之泉，在$27874d内恢复$27874o1点生命值。任何受到的直接伤害都会取消该效果。每个成员只能使用一次该光明之泉。光明之泉可持续$d或15次充能。
Creates Superior Mana Oil.	制造卓越法力油。
Creates Superior Wizard Oil.	制造卓越巫师油。
Transforms an Arcane Crystal into Arcane Dust.	将一颗奥术水晶转化为奥术尘埃。
Transforms three Small Prismatic Shard into a Large Prismatic Shard.	将三个小块棱彩碎片转化为一个大块棱彩碎片。
Creates a Prismatic Sphere out of four Large Prismatic Shards.	用四个大块棱彩碎片制造一个棱彩球。
Creates a Void Sphere out of two Void Crystals.	用两个虚空水晶制造一个虚空球。
Allows an enchanter to put masterful enchantments on weapons and armor up to a maximum potential skill of 375.	允许附魔师为武器和护甲进行大师级附魔，最高可达技能375。
Creates a Master Spellstone for the caster.  When equipped and used, the Master Spellstone dispels all harmful magic effects from the caster.  In addition, equipping the Spellstone improves your spell critical strike rating by $32789s1.\n\nConjured items disappear if logged out for more than 15 minutes.	为施法者制造一块大师法术石。装备并使用时，大师法术石会驱散施法者身上的所有有害魔法效果。此外，装备法术石还能提高你的法术暴击等级$32789s1点。\n\n制造出的物品如果在离线状态下超过15分钟就会消失。
Transforms the enemy into a turtle, forcing it to wander around for up to $d.  While wandering, the turtle cannot attack or cast spells but will regenerate very quickly.  Any damage will transform the target back into its normal form.  Only one target can be polymorphed at a time.  Only works on Beasts, Humanoids and Critters.	将敌人变成一只乌龟，使其到处游荡，最多持续$d。在游荡期间，乌龟无法攻击或施法，但生命值恢复速度非常快。任何伤害都会使目标恢复原状。一次只能对一个目标使用变形术。只对野兽、人型生物和小动物有效。
Transforms the enemy into a pig, forcing it to wander around for up to $d.  While wandering, the pig cannot attack or cast spells but will regenerate very quickly.  Any damage will transform the target back into its normal form.  Only one target can be polymorphed at a time.  Only works on Beasts, Humanoids and Critters.	将敌人变成一只猪，使其到处游荡，最多持续$d。在游荡期间，猪无法攻击或施法，但生命值恢复速度非常快。任何伤害都会使目标恢复原状。一次只能对一个目标使用变形术。只对野兽、人型生物和小动物有效。
Creates a Holy Lightwell.  Members of your raid or party can click the Lightwell to restore $28276o1 health over $28276d.  Any damage taken will cancel the effect.  Lightwell lasts for $d or 5 charges.	制造一个神圣光明之泉。你的团队或队伍成员可以点击光明之泉，在$28276d内恢复$28276o1点生命值。任何受到的伤害都会取消该效果。光明之泉可持续$d或5次充能。
Right Click to summon and dismiss Terky the baby murloc.	右键点击召唤或解散小鱼人泰奇。
Right Click to summon and dismiss Poley.	右键点击召唤或解散波利。
Transmutes Primal Air into Primal Fire.	将源生之气转化为源生之火。
Transmutes Primal Earth into Primal Water.	将源生之土转化为源生之水。
Transmutes Primal Fire into Primal Earth.	将源生之火转化为源生之土。
Transmutes Primal Water into Primal Air.	将源生之水转化为源生之气。
Transmutes Primal Shadow into Primal Water.	将源生暗影转化为源生之水。
Transmutes Primal Water into Primal Shadow.	将源生之水转化为源生暗影。
Transmutes Primal Mana into Primal Fire.	将源生法力转化为源生之火。
Transmutes Primal Fire into Primal Mana.	将源生之火转化为源生法力。
Transmutes Primal Life into Primal Earth.	将源生生命转化为源生之土。
Transmutes Primal Earth into Primal Life.	将源生之土转化为源生生命。
Allows an alchemist to brew extraordinary potions up to a maximum potential skill of 375.	允许炼金术士酿造卓越药水，最高可达技能375。
Conjures $s1 $lcinnamon roll:cinnamon rolls;, providing the mage and $ghis:her; allies with something to eat.\n\nConjured items disappear if logged out for more than 15 minutes.	制造$s1个肉桂卷，为法师和$g他:她;的盟友提供食物。\n\n制造出的物品如果在离线状态下超过15分钟就会消失。
Allows an Alchemist to sometimes get greater results when transmuting materials.	允许炼金术士在转化材料时有时获得更好的结果。
Allows an alchemist to sometimes create an additional potion when brewing high level potions.	允许炼金术士在酿造高级药水时有时额外制造一瓶药水。
Allows an alchemist to sometimes create an additional elixir when brewing high level elixirs.	允许炼金术士在酿造高级药剂时有时额外制造一瓶药剂。
How to find and gather Outland herbs.   Gives a potential herbalism skill of 375.	如何寻找并采集外域草药。使采药技能最高可达375。
Silence all enemies within $a1 yards for $d and restores $s2% of your Mana.  Non-player victim spellcasting is also interrupted for $32747d.	沉默$a1码范围内的所有敌人，持续$d，并恢复你$s2%的法力值。非玩家受害者的施法也会被打断$32747d。
Right Click to summon and dismiss Speedy the turtle.	右键点击召唤或解散小龟斯皮迪。
Right Click to summon and dismiss Mr. Wiggles the pig.	右键点击召唤或解散小猪威格斯先生。
Right Click to summon and dismiss Whiskers the Rat.	右键点击召唤或解散老鼠威斯克。
Summons or dismisses a Spirit of Summer.	召唤或解散仲夏之魂。
Jewelcrafting skill increased by $s1.	珠宝加工技能提高$s1。
Enchanting skill increased by $s1.	附魔技能提高$s1。
Allows a jewelcrafter to make fantastic jewelry, up to a maximum potential skill of 225.	允许珠宝匠制作精美珠宝，最高可达技能225。
Allows a jewelcrafter to make fantastic jewelry, up to a maximum potential skill of 300.	允许珠宝匠制作精美珠宝，最高可达技能300。
Allows a jewelcrafter to make fantastic jewelry, up to a maximum potential skill of 375.	允许珠宝匠制作精美珠宝，最高可达技能375。
Your spell criticals will refund a percentage of the base mana cost.	你的法术暴击将返还一定百分比的基础法力消耗。
Increases the target's Spirit based mana regeneration by $s2% and allows full mana regeneration while casting.  Lasts $d.	使目标的基于精神的法力回复速度提高$s2%，并允许在施法时保持全额法力回复。持续$d。
You are a Master Miner.  Gives a potential mining skill of 375.	你是一名大师级采矿者。使采矿技能最高可达375。
Allows the miner to smelt fel iron ore into a fel iron bar.  Smelting fel iron requires a forge.	允许采矿者将魔铁矿石熔炼成魔铁锭。熔炼魔铁需要熔炉。
Allows the miner to smelt adamantite ore into an adamantite bar.  Smelting adamantite requires a forge.	允许采矿者将精金矿石熔炼成精金锭。熔炼精金需要熔炉。
Allows the miner to smelt eternium ore into an eternium bar.  Smelting eternium requires a forge.	允许采矿者将恒金矿石熔炼成恒金锭。熔炼恒金需要熔炉。
Allows the miner to smelt eternium and fel iron bars into a felsteel bar.  Smelting felsteel requires a forge.	允许采矿者将恒金锭和魔铁锭熔炼成魔钢锭。熔炼魔钢需要熔炉。
Allows the miner to smelt khorium ore into a khorium bar.  Smelting khorium requires a forge.	允许采矿者将氪金矿石熔炼成氪金锭。熔炼氪金需要熔炉。
Restores mana when a spell is fully resisted.	当法术被完全抵抗时恢复法力值。
You generate $s1% more rage from damage dealt.	你从造成的伤害中获得的怒气提高$s1%。
Allows the miner to smelt adamantite bars into a hardened adamantite bar.  Smelting hardened adamantite requires a forge.	允许采矿者将精金锭熔炼成强化精金锭。熔炼强化精金需要熔炉。
Transmutes Primal Might.	转化源生之能。
Transmutes Primal Earth, Water, Air, Fire and Mana into Primal Might.	将源生之土、源生之水、源生之气、源生之火和源生法力转化为源生之能。
Warrior goes on a rampage, increasing attack power by $30029s1 and causing most successful melee attacks to increase attack power by an additional $30029s1.  This effect will stack up to $30029u times.  Lasts $d.  This ability can only be used after scoring a critical hit.	战士进入乱舞状态，攻击强度提高$30029s1，且大多数成功的近战攻击会使攻击强度额外提高$30029s1。此效果最多可叠加$30029u次。持续$d。此技能只能在造成暴击后使用。
Your Rend and Deep Wounds abilities also increase all physical damage caused to that target by $30069s1%.	你的撕裂和重伤技能还会使该目标受到的所有物理伤害提高$30069s1%。
Allows a Blacksmith to make weapons and armor up to a maximum potential skill of 375.	允许锻造师制作武器和护甲，最高可达技能375。
Reduces threat by $s1% for all enemies within $a1 yards.	使$a1码范围内所有敌人产生的威胁值降低$s1%。
Your Rend and Deep Wounds abilities also increase all physical damage caused to that target by $30070s1%.	你的撕裂和重伤技能还会使该目标受到的所有物理伤害提高$30070s1%。
Begins a ritual that creates a Soulwell.  Raid members can click the Soulwell to acquire a Major Healthstone.  The Soulwell lasts for $29886d or 10 charges.  Requires the caster and 2 additional party members to complete the ritual.  In order to participate, all players must right-click the soul portal and not move until the ritual is complete.	开始一个制造灵魂之井的仪式。团队成员可以点击灵魂之井获得一颗强效治疗石。灵魂之井持续$29886d或10次充能。需要施法者和额外2名小队成员来完成仪式。为了参与仪式，所有玩家必须右键点击灵魂传送门并在仪式完成前保持不动。
Sunder the target's armor causing the Sunder Armor effect.  In addition, causes $s1% of weapon damage plus $s2 for each application of Sunder Armor on the target.  The Sunder Armor effect can stack up to $u times.	破开目标的护甲，产生破甲效果。此外，造成$s1%的武器伤害，目标身上每层破甲效果额外增加$s2点伤害。破甲效果最多可叠加$u次。
Warrior goes on a rampage, increasing attack power by $30031s1 and causing most successful melee attacks to increase attack power by an additional $30031s1.  This effect will stack up to $30031u times.  Lasts $d.  This ability can only be used after scoring a critical hit.	战士进入乱舞状态，攻击强度提高$30031s1，且大多数成功的近战攻击会使攻击强度额外提高$30031s1。此效果最多可叠加$30031u次。持续$d。此技能只能在造成暴击后使用。
Warrior goes on a rampage, increasing attack power by $30032s1 and causing most successful melee attacks to increase attack power by an additional $30032s1.  This effect will stack up to $30032u times.  Lasts $d.  This ability can only be used after scoring a critical hit.	战士进入乱舞状态，攻击强度提高$30032s1，且大多数成功的近战攻击会使攻击强度额外提高$30032s1。此效果最多可叠加$30032u次。持续$d。此技能只能在造成暴击后使用。
Summons a Felguard under the command of the Warlock.	召唤一个服从术士指挥的恶魔卫士。
Charge an enemy, causing $30153s2 damage and stunning it for $30153d.	向敌人冲锋，造成$30153s2点伤害并使其昏迷$30153d。
Summons and dismisses a rideable turtle. It may be slow, but it gets you off your feet!	召唤并解散一只可骑乘的乌龟。虽然速度慢，但它能让你不用走路！
Charge an enemy, causing $30195s2 damage and stunning it for $30195d.	向敌人冲锋，造成$30195s2点伤害并使其昏迷$30195d。
Charge an enemy, causing $30197s2 damage and stunning it for $30197d.	向敌人冲锋，造成$30197s2点伤害并使其昏迷$30197d。
Instantly attack the target causing ${$AP*$m1/100} damage.  In addition, the next $30339n successful melee attacks will restore $30340s1 health.  This effect lasts $30339d.  Damage is based on your attack power.	立即攻击目标造成${$AP*$m1/100}点伤害。此外，接下来$30339n次成功的近战攻击将恢复$30340s1点生命值。此效果持续$30339d。伤害基于你的攻击强度。
Allows an engineer to make bombs and gizmos that very often work as intended up to a maximum potential skill of 375.	允许工程师制造炸弹和小玩意，且通常都能按预期工作，最高可达技能375。
Steals a beneficial magic effect from the target.  This effect lasts a maximum of 2 min.	从目标身上偷取一个有利魔法效果。此效果最多持续2分钟。
Deals $s1 Frost damage to an enemy target.  Causes triple damage against Frozen targets.	对敌方目标造成$s1点冰霜伤害。对被冻结的目标造成三倍伤害。
Causes $34913s1 Fire damage when hit, increases your chance to critically hit with spells by $s3%, and reduces the chance you are critically hit by $s2%.  Only one type of Armor spell can be active on the Mage at any time.  Lasts $d.	被击中时造成$34913s1点火焰伤害，使你的法术暴击几率提高$s3%，并降低你被暴击的几率$s2%。同一时间法师只能激活一种护甲法术。持续$d。
Summons a Totem of Wrath with $s1 health at the feet of the caster.  The totem increases the chance to hit and critically strike with spells by $30708s1% for all party and raid members within $30708a1 yards.  Lasts $d.  \n\nLearning this talent also causes your Fire Elemental Totem to gain the Totem of Wrath effect.	在施法者脚下召唤一个拥有$s1点生命值的愤怒图腾。该图腾使$30708a1码范围内所有小队和团队成员的法术命中几率和法术暴击几率提高$30708s1%。持续$d。\n\n学会该天赋还会使你的火元素图腾获得愤怒图腾的效果。
Allows one-hand and off-hand weapons to be equipped in the off-hand.\n\nAdditionally, your Lightning Bolt and Molten Blast spells no longer delay your next melee swing, but deal $84647s1% less damage if cast within $84647d after a melee attack.	允许在副手装备单手和副手武器。\n\n此外，你的闪电箭和熔岩爆裂法术不再延迟下一次近战攻击，但如果在近战攻击后的$84647d内施放，造成的伤害会降低$84647s1%。
Causes your critical hits with melee attacks to increase all party and raid members' melee attack power by $30803s1 if within $30803a1 yards of the Shaman.  Lasts $30803d.	使你的近战暴击提高$30803a1码范围内所有队伍和团队成员的近战攻击强度$30803s1。持续$30803d。
Causes your critical hits with melee attacks to increase all party and raid members' melee attack power by $30804s1 if within $30804a1 yards of the Shaman.  Lasts $30804d.	使你的近战暴击提高$30804a1码范围内所有队伍和团队成员的近战攻击强度$30804s1。持续$30804d。
Causes your critical hits with melee attacks to increase all party and raid members' melee attack power by $30805s1 if within $30805a1 yards of the Shaman.  Lasts $30805d.	使你的近战暴击提高$30805a1码范围内所有队伍和团队成员的近战攻击强度$30805s1。持续$30805d。
Causes your critical hits with melee attacks to increase all party and raid members' melee attack power by $30806s1 if within $30806a1 yards of the Shaman.  Lasts $30806d.	使你的近战暴击提高$30806a1码范围内所有队伍和团队成员的近战攻击强度$30806s1。持续$30806d。
Causes your critical hits with melee attacks to increase all party and raid members' melee attack power by $30807s1 if within $30807a1 yards of the Shaman.  Lasts $30807d.	使你的近战暴击提高$30807a1码范围内所有队伍和团队成员的近战攻击强度$30807s1。持续$30807d。
Reduces all damage taken by $s2% and causes your successful melee attacks to regenerate ${($AP/12)*$COND($GT($HND,1),$MWS,(($MWS+$OWS)/2)/1.4)} mana (based on weapon speed and attack power).  Lasts $d.	受到的所有伤害降低$s2%，且你成功的近战攻击会恢复${($AP/12)*$COND($GT($HND,1),$MWS,(($MWS+$OWS)/2)/1.4)}点法力值（基于武器速度和攻击强度）。持续$d。
Reduces all damage taken by $30823s2% and gives your successful melee attacks a chance to regenerate mana equal to $30823s1% of your attack power. This spell is usable while stunned. Lasts $30823d.	受到的所有伤害降低$30823s2%，且你成功的近战攻击有几率恢复等同于攻击强度$30823s1%的法力值。此法术可在被击晕时使用。持续$30823d。
Regenerates $o1% of your total health and mana over $d.	在$d内恢复你$o1%的总生命值和法力值。
Increases your Stealth detection and reduces the chance you are hit by spells and ranged attacks by $s2%.	提高你的潜行侦测能力，并使你被法术和远程攻击击中的几率降低$s2%。
Increases your Stealth detection and reduces the chance you are hit by spells and ranged attacks by $s2%.  More effective than Heightened Senses (Rank 1).	提高你的潜行侦测能力，并使你被法术和远程攻击击中的几率降低$s2%。比高度觉察（等级1）更有效。
Finishing move that causes damage per combo point and converts each extra point of energy into $f1 additional damage.  Damage is increased by your attack power.\n   1 point  : 199-259 damage\n   2 points: 346-406 damage\n   3 points: 493-553 damage\n   4 points: 640-700 damage\n   5 points: 787-847 damage	终结技，根据连击点造成伤害，并将每点额外能量转化为$f1点额外伤害。伤害受攻击强度加成。\n   1连击点：199-259伤害\n   2连击点：346-406伤害\n   3连击点：493-553伤害\n   4连击点：640-700伤害\n   5连击点：787-847伤害
A concussive strike that reduces movement speed by $s1%.	一次震荡打击，使移动速度降低$s1%。
Instantly removes all existing harmful spell effects and increases your chance to resist all spells by $s1% for $d.  Does not remove effects that prevent you from using Cloak of Shadows.	立即移除所有现有的有害法术效果，并使你抵抗所有法术的几率提高$s1%，持续$d。无法移除阻止你使用暗影斗篷的效果。
Your finishing moves increase the damage of all your offensive abilities by $31234s1% for $31234d.	你的终结技使你所有进攻技能的伤害提高$31234s1%，持续$31234d。
Your finishing moves increase the damage of all your offensive abilities by $31235s1% for $31235d.	你的终结技使你所有进攻技能的伤害提高$31235s1%，持续$31235d。
Your finishing moves increase the damage of all your offensive abilities by $31236s1% for $31236d.	你的终结技使你所有进攻技能的伤害提高$31236s1%，持续$31236d。
Your finishing moves increase the damage of all your offensive abilities by $31237s1% for $31237d.	你的终结技使你所有进攻技能的伤害提高$31237s1%，持续$31237d。
Your finishing moves increase the damage of all your offensive abilities by $31238s1% for $31238d.	你的终结技使你所有进攻技能的伤害提高$31238s1%，持续$31238d。
Search 5 ore of a base metal for precious gems.  This will destroy the ore in the process.	在5份基底金属矿石中搜索宝石。此过程会消耗矿石。
Conversion of these items into spellcloth can only be done inside of Netherstorm and only once in a while can the energies of netherstorm be used in this way.   Draining power to create the spellcloth will bring the wrath of netherstorm on you.	将这些物品转化为法术布只能在虚空风暴进行，且只能偶尔利用虚空风暴的能量。抽取能量制造法术布会招致虚空风暴的愤怒。
Reduces target's movement speed by $s1%, increases the time between ranged attacks by $s2% and increases casting time by $s3%. If the target is immune to movement speed reductions this spell enters a 2 minute cooldown and still applies the other effects.  Lasts $d.  Slow can only affect one target at a time.	使目标的移动速度降低$s1%，远程攻击间隔延长$s2%，施法时间延长$s3%。如果目标免疫移动速度降低效果，则此法术进入2分钟冷却时间，但仍会应用其他效果。持续$d。减速效果同一时间只能影响一个目标。
Gives you a chance when hit by a melee or ranged attack to increase your movement speed by $31643s1% and dispel all movement impairing effects.  This effect lasts $31643d.	使你在受到近战或远程攻击时有几率使移动速度提高$31643s1%，并驱散所有移动限制效果。此效果持续$31643d。
Summon a Water Elemental to fight for the caster for $d.	召唤一个水元素为施法者作战，持续$d。
Come to the defense of a friendly target, commanding up to 3 enemies attacking the target to attack the Paladin instead.	保护一个友方目标，命令最多3个正在攻击该目标的敌人转而攻击圣骑士。
Increases the radius of your Auras to 40 yards.	使你的光环半径提高至40码。
Reduces the mana cost of your Cleanse, Purify and Consecration spells by $s1% and increases the critical strike chance of your ToG and Holy Wrath spells by $s2%. Additionally, hitting an enemy with ToG or Holy Wrath increases the critical effect chance of your next healing spell by $84530s1%.	使你的清洁术、纯净术和奉献法术的法力消耗降低$s1%，并使你的驱邪术和神圣愤怒法术的暴击几率提高$s2%。此外，用驱邪术或神圣愤怒击中敌人会使你下一个治疗法术的暴击几率提高$84530s1%。
Reduces the mana cost of your Cleanse, Purify and Consecration spells by $s1% and increases the critical strike chance of your ToG and Holy Wrath spells by $s2%. Additionally, hitting an enemy with ToG or Holy Wrath increases the critical effect chance of your next healing spell by $84531s1%.	使你的清洁术、纯净术和奉献法术的法力消耗降低$s1%，并使你的驱邪术和神圣愤怒法术的暴击几率提高$s2%。此外，用驱邪术或神圣愤怒击中敌人会使你下一个治疗法术的暴击几率提高$84531s1%。
Gives your Holy Light spell a chance to reduce the cast time of your next Holy Light spell by $/1000;S1 sec.  This effect lasts $31834d.	使你的神圣之光法术有几率缩短下一个神圣之光法术的施法时间$/1000;S1秒。此效果持续$31834d。
Increases the casting speed of all Paladin spells by $s1% for $d.  Causes Forebearance, preventing the use of Divine Shield, Divine Protection, Hand of Protection again for $25771d.	使所有圣骑士法术的施法速度提高$s1%，持续$d。产生自律效果，使你在$25771d内无法再次使用圣佑术、圣盾术或保护之手。
Increases all damage caused by $s1% for $d.  Causes Forebearance, preventing the use of Divine Shield, Divine Protection, Hand of Protection again for $25771d.	使造成的所有伤害提高$s1%，持续$d。产生自律效果，使你在$25771d内无法再次使用圣佑术、圣盾术或保护之手。
All melee attacks deal additional Holy damage equal to $31893s1% of normal weapon damage, but the Paladin loses health equal to $s2% of the total damage inflicted.\n\nUnleashing this Seal's energy will judge an enemy, instantly causing $31898s1 Holy damage at the cost of health equal to 33% of the damage caused.	所有的近战攻击都会造成额外的神圣伤害，数值相当于普通武器伤害的$31893s1%，但圣骑士也会损失生命值，数值相当于造成的总伤害的$s2%。\n\n释放这种圣印的能量将审判敌人，立即造成$31898s1点神圣伤害，代价是损失生命值，数值相当于造成的伤害的33%。
Fills the Paladin with the spirit of justice for $d, giving each melee attack a chance to stun for $20170d.  Only one Seal can be active on the Paladin at any one time.\n\nUnleashing this Seal's energy will judge an enemy for $20184d, preventing them from fleeing and limiting their movement speed.  Your melee strikes will refresh the spell's duration.  Only one Judgement per Paladin can be active at any one time.	使圣骑士获得公正之心的加持，持续$d，使每次近战攻击都有一定几率使其昏迷$20170d。圣骑士在同一时间内只能激活一种圣印。\n\n释放这种圣印的能量将审判敌人，持续$20184d，使其无法逃跑并限制其移动速度。你的近战攻击会刷新该法术的持续时间。每个圣骑士在同一时间内只能激活一个审判效果。
Unleashing this Seal's energy will judge an enemy, instantly causing $31898s1 Holy damage at the cost of health equal to 33% of the damage caused.	释放此圣印的能量将审判一个敌人，立即造成$31898s1点神圣伤害，代价是损失相当于伤害量33%的生命值。
Increases melee, ranged, and spell casting speed by $s1% for all party and raid members.  Lasts $d.\n\nAllies receiving this effect will become Exhausted and unable to benefit from Heroism or Bloodlust again for 10 min.	使所有队伍和团队成员的近战、远程和施法速度提高$s1%。持续$d。\n\n获得此效果的盟友将进入力竭状态，在10分钟内无法再次受益于英雄气概或嗜血。
Increases the mounted speed by $s1% for all party and raid members within $a1 yards.  Players may only have one Aura on them per Paladin at any one time.  This does not stack with other movement speed increasing effects.	使$a1码范围内所有队伍和团队成员的骑乘速度提高$s1%。每名圣骑士同一时间只能对玩家施加一种光环。此效果不与其他移动速度提高效果叠加。
Reduces the damage your summoned demon takes from creature area of effect attacks by an additional $s1%.	使你的召唤恶魔受到的生物范围效果攻击伤害额外降低$s1%。
Creates a portal, teleporting group members that use it to Exodar.	制造一个传送门，将使用它的队员传送到埃索达。
Creates a portal, teleporting group members that use it to Silvermoon.	制造一个传送门，将使用它的队员传送到银月城。
Teleports the caster to Exodar.	将施法者传送到埃索达。
Teleports the caster to Silvermoon.	将施法者传送到银月城。
Dispels magic in a $a1 yard radius, removing $s1 harmful $lspell:spells; from each friendly target and $s1 beneficial $lspell:spells; from each enemy target.  Affects a maximum of $i friendly targets and $i enemy targets.  This dispel is potent enough to remove Magic effects that are normally undispellable.	驱散$a1码范围内的魔法，从每个友方目标身上移除$s1个有害法术，并从每个敌方目标身上移除$s1个有利法术。最多影响$i个友方目标和$i个敌方目标。此驱散效果强大到足以移除通常无法驱散的魔法效果。
Your Corruption, Bane of Agony, Siphon Life and Seed of Corruption spells also cause the Shadow Embrace effect, which reduces physical damage caused by $32386s1%.	你的腐蚀术、痛苦灾祸、生命虹吸和腐蚀之种法术还会产生暗影之拥效果，使造成的物理伤害降低$32386s1%。
Your Corruption, Bane of Agony, Siphon Life and Seed of Corruption spells also cause the Shadow Embrace effect, which reduces physical damage caused by $32389s1%.	你的腐蚀术、痛苦灾祸、生命虹吸和腐蚀之种法术还会产生暗影之拥效果，使造成的物理伤害降低$32389s1%。
Your Corruption, Bane of Agony, Siphon Life and Seed of Corruption spells also cause the Shadow Embrace effect, which reduces physical damage caused by $32391s1%.	你的腐蚀术、痛苦灾祸、生命虹吸和腐蚀之种法术还会产生暗影之拥效果，使造成的物理伤害降低$32391s1%。
Your Corruption, Curse of Agony, Siphon Life and Seed of Corruption spells also cause the Shadow Embrace effect, which reduces physical damage caused by $32390s1%.	你的腐蚀术、痛苦诅咒、生命虹吸和腐蚀之种法术还会产生暗影之拥效果，使造成的物理伤害降低$32390s1%。
Your Corruption, Curse of Agony, Siphon Life and Seed of Corruption spells also cause the Shadow Embrace effect, which reduces physical damage caused by $32391s1%.	你的腐蚀术、痛苦诅咒、生命虹吸和腐蚀之种法术还会产生暗影之拥效果，使造成的物理伤害降低$32391s1%。
Greatly increases the morale of party members, giving them $s1 mana every 5 sec.  Effect lasts $d.	极大提高小队成员的士气，每5秒恢复$s1点法力值。效果持续$d。
Allows a leatherworker to make master quality leather armors, up to a maximum potential skill of 375.	允许制皮师制作大师品质的皮甲，最高可达技能375。
Your finishing moves can no longer be dodged, and the damage dealt by your Sinister Strike, Backstab, Shiv and Gouge abilities is increased by $s2%.	你的终结技不再能被躲闪，且你的邪恶攻击、背刺、毒刃和凿击技能造成的伤害提高$s2%。
Finishing move that consumes your Deadly Poison doses on the target and deals instant poison damage. One dose is consumed for each combo point.  Following the attack you have an additional $s3% chance to apply poisons for 1 sec per dose:\n  1 dose:  ${$m2*1+$AP*0.03} damage\n  2 doses: ${$m2*2+$AP*0.06} damage\n  3 doses: ${$m2*3+$AP*0.09} damage\n  4 doses: ${$m2*4+$AP*0.12} damage\n  5 doses: ${$m2*5+$AP*0.15} damage	终结技，消耗目标身上的致命药膏层数并造成瞬间毒素伤害。每个连击点数消耗一层药膏。攻击后，每层药膏使你在1秒内施加药膏的几率额外提高$s3%：\n  1层：${$m2*1+$AP*0.03}点伤害\n  2层：${$m2*2+$AP*0.06}点伤害\n  3层：${$m2*3+$AP*0.09}点伤害\n  4层：${$m2*4+$AP*0.12}点伤害\n  5层：${$m2*5+$AP*0.15}点伤害
Master skill in skinning the hides from beasts for use in Leatherworking.  Gives a potential skinning skill of 375.  Requires a Skinning Knife.	剥取野兽皮毛用于制皮的大师级技能。使剥皮技能最高可达375。需要剥皮刀。
Finishing move that consumes your Deadly Poison doses on the target and deals instant poison damage.  One dose is consumed for each combo point:\n  1 dose:  ${$m2*1+$AP*0.03} damage\n  2 doses: ${$m2*2+$AP*0.06} damage\n  3 doses: ${$m2*3+$AP*0.09} damage\n  4 doses: ${$m2*4+$AP*0.12} damage\n  5 doses: ${$m2*5+$AP*0.15} damage	终结技，消耗目标身上的致命药膏层数并造成瞬间毒素伤害。每个连击点数消耗一层药膏：\n  1层：${$m2*1+$AP*0.03}点伤害\n  2层：${$m2*2+$AP*0.06}点伤害\n  3层：${$m2*3+$AP*0.09}点伤害\n  4层：${$m2*4+$AP*0.12}点伤害\n  5层：${$m2*5+$AP*0.15}点伤害
Transmutes gems and elemental forces into an Earthstorm Diamond.	将宝石和元素力量转化为一颗大地风暴钻石。
Transmutes gems and elemental forces into a Skyfire Diamond.	将宝石和元素力量转化为一颗天火钻石。
Brings party members within $a1 yards back to life with $s1 health and $q1 mana.  Cannot be cast when in combat.	使$a1码范围内的所有小队成员复活，恢复$s1点生命值和$q1点法力值。无法在战斗中施放。
Power infuses the target's party, increasing their Spirit by $s1 for $d.	力量注入目标的队伍，使其精神提高$s1，持续$d。
Right Click to summon and dismiss a Magical Crawdad.	右键点击召唤或解散魔法龙虾。
Summons the Mighty Mr. Pinchy.	召唤强大的钳子先生。
Critical hits made against you have a chance to prevent you from being critically hit again for $33143d.	对你造成的暴击有一定几率使你在$33143d内免疫暴击。
Your spell criticals have a chance to cause your next Smite or Flash Heal spell to be instant cast, cost no mana but be incapable of a critical hit.  This effect lasts $33151d.	你的法术暴击有一定几率使你的下一个惩击或闪联治疗法术变为瞬发，不消耗法力值，但无法造成暴击。此效果持续$33151d。
Allows your mount to fly in Northrend.	允许你的坐骑在诺森德飞行。
Your Shadow Word: Pain, Mind Flay and Vampiric Touch spells also cause the target to take an additional $33196s1% spell damage.	你的暗影字：痛、精神鞭笞和吸血鬼之触法术还会使目标额外受到$33196s1%的法术伤害。
Your Shadow Word: Pain, Mind Flay and Vampiric Touch spells also cause the target to take an additional $33197s1% spell damage.	你的暗影字：痛、精神鞭笞和吸血鬼之触法术还会使目标额外受到$33197s1%的法术伤害。
Your Shadow Word: Pain, Mind Flay and Vampiric Touch spells also cause the target to take an additional $33198s1% spell damage.	你的暗影字：痛、精神鞭笞和吸血鬼之触法术还会使目标额外受到$33198s1%的法术伤害。
Your Shadow Word: Pain, Mind Flay and Vampiric Touch spells also cause the target to take an additional $33199s1% spell damage.	你的暗影字：痛、精神鞭笞和吸血鬼之触法术还会使目标额外受到$33199s1%的法术伤害。
Your Shadow Word: Pain, Mind Flay and Vampiric Touch spells also cause the target to take an additional $33200s1% spell damage.	你的暗影字：痛、精神鞭笞和吸血鬼之触法术还会使目标额外受到$33200s1%的法术伤害。
Instantly reduces a friendly target's threat by $44416s1%, reduces all damage taken by $s1% and increases resistance to Dispel mechanics by $s2% for $d.	立即降低一个友方目标的威胁值$44416s1%，使其受到的所有伤害降低$s1%，并使其对驱散机制的抵抗力提高$s2%，持续$d。
Allows a cook to make amazing recipes up to a maximum potential skill of 375.	允许厨师烹饪神奇料理，最高可达技能375。
Causes a percentage of the damage absorbed by your Power Word: Shield to reflect back at the attacker. This damage causes no threat.	使你的真言术：盾所吸收伤害的一定百分比反弹给攻击者。此伤害不产生威胁值。
Increases melee attack power by $s1 and your damage and healing from spells and effects by up to $s2, but reduces healing effects on you by $23230s1%.  Lasts $d.	使近战攻击强度提高$s1，使法术和效果造成的伤害和治疗效果最多提高$s2，但使你受到的治疗效果降低$23230s1%。持续$d。
Taunts all enemies within $a1 yards, increasing the chance that they will attack the Voidwalker and reducing chance to hit by $s2% for $d.  More effective than Suffering (Rank 5).	嘲讽$a1码范围内的所有敌人，增加其攻击虚空行者的几率，并使其命中几率降低$s2%，持续$d。比折磨（等级5）更有效。
Increases your damage and healing from spells and effects by up to $s2, but reduces healing effects on you by $23230s1%.  Lasts $d.	使法术和效果造成的伤害和治疗效果最多提高$s2，但使你受到的治疗效果降低$23230s1%。持续$d。
Conjures $s1 $lcroissant:croissants;, providing the mage and $ghis:her; allies with something to eat.\n\nConjured items disappear if logged out for more than 15 minutes.	制造$s1个羊角面包，为法师和$g他:她;的盟友提供食物。\n\n制造出的物品如果在离线状态下超过15分钟就会消失。
The caster is surrounded by $n globes of water, granting $s2 mana per 5 sec.  When a spell, melee or ranged attack hits the caster, $33737s1 mana is restored to the caster. This expends one water globe.  Only one globe will activate every few seconds.  Lasts $d.  Only one Elemental Shield can be active on the Shaman at any one time.	施法者被$n个水球环绕，每5秒恢复$s2点法力值。当法术、近战或远程攻击击中施法者时，施法者恢复$33737s1点法力值。这会消耗一个水球。每隔几秒只能激活一个水球。持续$d。萨满同一时间只能激活一种元素护盾。
Lacerates the enemy target, dealing $s2 bleed damage and making them bleed for $o damage over $d and causing a high amount of threat.  Damage increased by attack power.  This effect stacks up to $u times on the same target.	割裂敌方目标，造成$s2点流血伤害，并使其在$d内流血造成$o点伤害，同时产生大量威胁值。伤害受攻击强度加成。此效果在同一个目标身上最多可叠加$u次。
Heals the target for $o1 over $d.  When Lifebloom completes its duration or is dispelled, the target instantly heals themself for $s2.  This effect can stack up to $u times on the same target.	在$d内为目标恢复$o1点生命值。当生命绽放结束或被驱散时，目标会立即恢复$s2点生命值。此效果在同一个目标身上最多可叠加$u次。
Tosses the enemy target into the air, preventing all action but making them invulnerable for up to $d.  Only one target can be affected by your Cyclone at a time.	将敌方目标抛向空中，使其无法进行任何动作，但也使其处于无敌状态，最多持续$d。同一时间只能有一个目标受你的飓风影响。
Summons $s1 treants to attack enemy targets for $d.	召唤$s1个树人攻击敌方目标，持续$d。
Increases your healing spells by up to $s1% of your Agility, and increases healing done to you by $47179s1% while in Cat form.	使你的治疗法术效果最多提高敏捷值的$s1%，且在豹形态下受到的治疗效果提高$47179s1%。
Increases your healing spells by up to $s1% of your Agility, and increases healing done to you by $47180s1% while in Cat form.	使你的治疗法术效果最多提高敏捷值的$s1%，且在豹形态下受到的治疗效果提高$47180s1%。
Your critical strike chance with all spells is increased by $s2% and critical strikes against you give you the Natural Perfection effect reducing all damage taken by $45281s1%.  Stacks up to $45281u times.  Lasts $45281d.	你所有法术的暴击几率提高$s2%，且对你造成的暴击会使你获得天然完美效果，受到的所有伤害降低$45281s1%。最多可叠加$45281u次。持续$45281d。
Your critical strike chance with all spells is increased by $s2% and critical strikes against you give you the Natural Perfection effect reducing all damage taken by $45282s1%.  Stacks up to $45282u times.  Lasts $45282d.	你所有法术的暴击几率提高$s2%，且对你造成的暴击会使你获得天然完美效果，受到的所有伤害降低$45282s1%。最多可叠加$45282u次。持续$45282d。
Your critical strike chance with all spells is increased by $s2% and critical strikes against you give you the Natural Perfection effect reducing all damage taken by $45283s1%.  Stacks up to $45283u times.  Lasts $45283d.	你所有法术的暴击几率提高$s2%，且对你造成的暴击会使你获得天然完美效果，受到的所有伤害降低$45283s1%。最多可叠加$45283u次。持续$45283d。
Shapeshift into the Tree of Life.  While in this form you increase healing received by $5420s1% of your total Spirit for all party members within 45 yards, your movement speed is reduced by $5420s2%, and you can only cast Swiftmend, Innervate, Nature's Swiftness, Barkskin, non-healing Restoration spells, and healing over time spells, but the mana cost of these spells is reduced by $5420s3%.\n\nThe act of shapeshifting frees the caster of Polymorph and Movement Impairing effects.	变身为生命之树。在此形态下，你使45码范围内所有小队成员受到的治疗效果提高，数值相当于你精神总值的$5420s1%；你的移动速度降低$5420s2%，且只能施放迅捷治愈、激活、自然迅捷、树皮术、非治疗类恢复系法术和周期性治疗法术，但这些法术的法力消耗降低$5420s3%。\n\n变形可以解除施法者身上的变形和移动限制效果。
Mangle the target, inflicting damage and causing the target to take additional damage from bleed effects for $33878d.  This ability can be used in Cat Form or Dire Bear Form.	裂伤目标，造成伤害并使目标从流血效果中受到的额外伤害提高，持续$33878d。此技能可在豹形态或巨熊形态下使用。
Shapeshift into flight form, increasing movement speed by $33948s2% and allowing you to fly.  Cannot use in combat.  Can only use this form in Outland.\n\nThe act of shapeshifting frees the caster of Polymorph and Movement Impairing effects.	变身为飞行形态，移动速度提高$33948s2%并允许你飞行。无法在战斗中使用。只能在外域使用此形态。\n\n变形可以解除施法者身上的变形和移动限制效果。
Give the command to kill, causing your pet to instantly attack for an additional $34027s1 damage.  Can only be used after the Hunter lands a critical strike on the target.	下达杀戮命令，使你的宠物立即攻击并造成$34027s1点额外伤害。只能在猎人对目标造成暴击后使用。
The hunter takes on the aspects of a viper, regenerating mana equal to up to $s1% of $ghis:her; Intellect plus $s2% of $ghis:her; level every 5 sec.  The lower the hunter's current mana, the more mana will be regenerated.  Only one Aspect can be active at a time.	猎人采取蝰蛇守护，每5秒恢复法力值，数值最多相当于$g他:她;智力值的$s1%加上等级的$s2%。猎人的当前法力值越低，恢复的法力值就越多。同一时间只能激活一种守护。
A steady shot that causes base weapon damage plus ${$RAP*0.2+$m1}.  Causes an additional $s2 against Dazed targets.	一记稳固射击，造成基础武器伤害加上${$RAP*0.2+$m1}。对受到眩晕影响的目标额外造成$s2点伤害。
Your Leader of the Pack ability also causes affected targets to have a 100% chance to heal themselves for a percentage of their total health when they critically hit with a melee or ranged attack.  The healing effect cannot occur more than once every 6 sec.	你的兽群领袖技能还会使受影响的目标在近战或远程攻击造成暴击时，有100%的几率恢复相当于其总生命值一定百分比的生命值。此治疗效果每6秒只能触发一次。
Instantly attacks with both weapons for an additional $34414s1 with each weapon.  Damage is increased by 50% against Poisoned targets.  Awards 2 combo points.	立即用两把武器攻击，每把武器额外造成$34414s1点伤害。对中毒目标的伤害提高50%。获得2个连击点数。
Instantly attacks with both weapons for an additional $34416s1 with each weapon.  Damage is increased by 50% against Poisoned targets.  Awards 2 combo points.	立即用两把武器攻击，每把武器额外造成$34416s1点伤害。对中毒目标的伤害提高50%。获得2个连击点数。
Instantly attacks with both weapons for an additional $34419s1 with each weapon.  Damage is increased by 50% against Poisoned targets.  Awards 2 combo points.	立即用两把武器攻击，每把武器额外造成$34419s1点伤害。对中毒目标的伤害提高50%。获得2个连击点数。
Instantly attack the target causing ${$AP*$m1/100} damage.  Can only be used within $32216d after you kill an enemy that yields experience or honor.  Damage is based on your attack power.	立即攻击目标造成${$AP*$m1/100}点伤害。只能在杀死一个能提供经验或荣誉值的敌人后的$32216d内使用。伤害基于你的攻击强度。
Creates a shadowy fiend to attack the target.  Caster receives mana when the Shadowfiend deals damage.  Lasts $d.	制造一个暗影魔攻击目标。当暗影魔造成伤害时，施法者会获得法力值。持续$d。
Threat caused by your next 3 attacks is redirected to the target raid member.  Caster and target can only be affected by one Misdirection spell at a time.  Effect lasts $d.	你接下来3次攻击产生的威胁值将转移给目标团队成员。施法者和目标同一时间只能受一个误导法术影响。效果持续$d。
A shot that deals $s1% weapon damage and Silences the target for $d.	一记射击，造成$s1%的武器伤害并使目标沉默$d。
Your successful ranged attacks have a $h% chance to increase your critical strike chance with all attacks by $34833s1% for $34833d.	你成功的远程攻击有$h%的几率使你所有攻击的暴击几率提高$34833s1%，持续$34833d。
Your successful ranged attacks have a $h% chance to increase your critical strike chance with all attacks by $34834s1% for $34834d.	你成功的远程攻击有$h%的几率使你所有攻击的暴击几率提高$34834s1%，持续$34834d。
Your successful ranged attacks have a $h% chance to increase your critical strike chance with all attacks by $34835s1% for $34835d.	你成功的远程攻击有$h%的几率使你所有攻击的暴击几率提高$34835s1%，持续$34835d。
Place a trap that will release several venomous snakes to attack the first enemy to approach.  The snakes will die after $45145d.  Trap will exist for $d.  Only one trap can be active at a time.	放置一个陷阱，当第一个敌人接近时，它会释放出几条毒蛇。这些蛇将在$45145d后死亡。陷阱可持续$d。同一时间只能激活一个陷阱。
Your successful ranged attacks have a $h% chance to increase your critical strike chance with all attacks by $34836s1% for $34836d.	你成功的远程攻击有$h%的几率使你所有攻击的暴击几率提高$34836s1%，持续$34836d。
Your successful ranged attacks have a $h% chance to increase your critical strike chance with all attacks by $34837s1% for $34837d.	你成功的远程攻击有$h%的几率使你所有攻击的暴击几率提高$34837s1%，持续$34837d。
Heals friendly target and that target's party members within $84587a1 yards of the target for $84587s1.	治疗友方目标及其目标周围$84587a1码范围内的队伍成员，恢复$84587s1点生命值。
Heals friendly target and that target's party members within $84588a1 yards of the target for $84588s1.	治疗友方目标及其目标周围$84588a1码范围内的队伍成员，恢复$84588s1点生命值。
Heals friendly target and that target's party members within $84589a1 yards of the target for $84589s1.	治疗友方目标及其目标周围$84589a1码范围内的队伍成员，恢复$84589s1点生命值。
Heals friendly target and that target's party members within $84590a1 yards of the target for $84590s1.	治疗友方目标及其目标周围$84590a1码范围内的队伍成员，恢复$84590s1点生命值。
Right Click to summon and dismiss your Netherwing Drake.  This is a very fast mount.	右键点击召唤或解散你的虚空翼龙。这是一种非常快速的坐骑。
Heals friendly target and that target's party members within $84591a1 yards of the target for $84591s1.	治疗友方目标及其目标周围$84591a1码范围内的队伍成员，恢复$84591s1点生命值。
Causes $34913s1 Fire damage when hit, increases your chance to critically hit with spells by $30482s3% of your Spirit, and reduces the chance you are critically hit by $30482s2%.  Only one type of Armor spell can be active on the Mage at any time.  Lasts $30482d.	被击中时造成$34913s1点火焰伤害，使你的法术暴击几率提高，数值相当于精神值的$30482s3%，并降低你被暴击的几率$30482s2%。同一时间法师只能激活一种护甲法术。持续$30482d。
Causes Shadow damage to your target and causes all party members to gain mana equal to a percentage of any Shadow spell damage you deal.	对你的目标造成暗影伤害，并使所有小队成员获得法力值，数值相当于你所造成的任何暗影法术伤害的一定百分比。
Reduces the cooldown of your Rapid Fire ability by $/60000;s2 min.  In addition, after killing an opponent that yields experience or honor, your next Aimed Shot, Arcane Shot or Auto Shot causes $35098s1% additional damage.  Lasts $35098d.	使你的急速射击技能的冷却时间缩短$/60000;s2分钟。此外，在杀死一个能提供经验或荣誉值的敌人后，你的下一次瞄准射击、奥术射击或自动射击造成的伤害提高$35098s1%。持续$35098d。
Reduces the cooldown of your Rapid Fire ability by $/60000;s2 min.  In addition, after killing an opponent that yields experience or honor, your next Aimed Shot, Arcane Shot or Auto Shot causes $35099s1% additional damage.  Lasts $35099d.	使你的急速射击技能的冷却时间缩短$/60000;s2分钟。此外，在杀死一个能提供经验或荣誉值的敌人后，你的下一次瞄准射击、奥术射击或自动射击造成的伤害提高$35099s1%。持续$35099d。
Your ranged critical hits cause your pet to generate $34952s1 Focus.	你的远程攻击暴击使你的宠物产生$34952s1点集中值。
Your ranged critical hits cause your pet to generate $34953s1 Focus.	你的远程攻击暴击使你的宠物产生$34953s1点集中值。
Reduces the cooldown of your Rapid Fire ability by $/60000;34948s2 min.  In addition, after killing an opponent that yields experience or honor, your next Aimed Shot, Arcane Shot or Chimera Shot causes $35098s1% additional damage.  Lasts $35098d.	使你的急速射击技能的冷却时间缩短$/60000;34948s2分钟。此外，在杀死一个能提供经验或荣誉值的敌人后，你的下一次瞄准射击、奥术射击或奇美拉射击造成的伤害提高$35098s1%。持续$35098d。
Reduces the cooldown of your Rapid Fire ability by $/60000;34949s2 min.  In addition, after killing an opponent that yields experience or honor, your next Aimed Shot, Arcane Shot or Chimera Shot causes $35099s1% additional damage.  Lasts $35099d.	使你的急速射击技能的冷却时间缩短$/60000;34949s2分钟。此外，在杀死一个能提供经验或荣誉值的敌人后，你的下一次瞄准射击、奥术射击或奇美拉射击造成的伤害提高$35099s1%。持续$35099d。
Your successful Chimera Shot and Multi-Shot attacks have a chance to Daze the target for $35101d.	你成功的奇美拉射击和多重射击有一定几率使目标眩晕$35101d。
Banishes the target.	放逐目标。
Teleports to an enemy up to 30 yards away and gives the pet a $s3% chance to avoid the next melee attack.  Lasts $d.	传送到30码内的一个敌人身边，并使宠物有$s3%的几率躲避下一次近战攻击。持续$d。
An instant strike that causes $s2% weapon damage as Holy and refreshes all Judgements on the target.	一次瞬发打击，造成相当于武器伤害$s2%的神圣伤害，并刷新目标身上的所有审判效果。
Gives your successful off-hand melee attacks a $h% chance to generate $35542s1 Energy.	使你成功的副手近战攻击有$h%的几率产生$35542s1点能量值。
Gives your successful off-hand melee attacks a $h% chance to generate $35545s1 Energy.	使你成功的副手近战攻击有$h%的几率产生$35545s1点能量值。
Gives your successful off-hand melee attacks a $h% chance to generate $35546s1 Energy.	使你成功的副手近战攻击有$h%的几率产生$35546s1点能量值。
Gives your successful off-hand melee attacks a $h% chance to generate $35547s1 Energy.	使你成功的副手近战攻击有$h%的几率产生$35547s1点能量值。
Gives your successful off-hand melee attacks a $h% chance to generate $35548s1 Energy.	使你成功的副手近战攻击有$h%的几率产生$35548s1点能量值。
Allows the miner to reduce a primal earth into its component motes.  Shattering primal earth requires a forge.	允许采矿者将一个源生之土粉碎成其组成微粒。粉碎源生之土需要熔炉。
Allows the miner to sunder primal fire into its component motes.  Sundering primal fire requires a forge.	允许采矿者将一个源生之火粉碎成其组成微粒。粉碎源生之火需要熔炉。
Imbue the Player's weapon with wind.  Each hit has a 20% chance of dealing additional damage equal to one extra attack with  $25584s1 extra attack power.  Lasts 30 minutes.	使玩家的武器带有风的力量。每次命中都有20%的几率获得一次额外攻击机会，且该次攻击具有$25584s1点额外攻击强度。持续30分钟。
Increases a friendly target's Intellect by $s1, restores $s2 mana every $t2 seconds, and totals stats increased by $s3%.	使一个友方目标的智力提高$s1，每$t2秒恢复$s2点法力值，且所有属性提高$s3%。
Allows you to harness the power of the World... of Warcraft.	允许你掌控《魔兽世界》的力量。
Attempts to step through the shadows and reappear behind your enemy and increases movement speed by $s3% for $d.  The damage of your next ability is increased by $36563s2% and the threat caused is reduced by $44373s1%.  Lasts $36563d.	尝试步入阴影并重新出现在敌人背后，使移动速度提高$s3%，持续$d。你下一个技能造成的伤害提高$36563s2%，产生的威胁值降低$44373s1%。持续$36563d。
Conversion of these items into Shadowcloth can only be done at the Altar of Shadows in Shadowmoon, and only ocassionally can it's power be used in such a way.	将这些物品转化为暗影布只能在影月谷的暗影祭坛进行，且只能偶尔利用其力量。
Returns your totems to the earth, giving you $s1% of the mana required to cast each totem destroyed by Totemic Call.	将你的图腾回收至大地，使你获得相当于每个被图腾召回摧毁的图腾法力消耗$s1%的法力值。
Gives you a $16958h% chance to gain an additional $/10;16959s1 Rage anytime you get a critical strike while in Bear and Dire Bear Form and your critical strikes from Cat Form abilities that add combo points  have a $16952h% chance to add an additional combo point.	使你在熊形态或巨熊形态下造成暴击时有$16958h%的几率获得额外的$/10;16959s1点怒气，且你的豹形态技能在造成暴击并增加连击点数时有$16952h%的几率额外增加一个连击点数。
Gives you a $16961h% chance to gain an additional $/10;16959s1 Rage anytime you get a critical strike while in Bear and Dire Bear Form and your critical strikes from Cat Form abilities that add combo points  have a $16954h% chance to add an additional combo point.	使你在熊形态或巨熊形态下造成暴击时有$16961h%的几率获得额外的$/10;16959s1点怒气，且你的豹形态技能在造成暴击并增加连击点数时有$16954h%的几率额外增加一个连击点数。
Conjures $s1 $lbottle:bottles; of mountain spring water, providing the mage and $ghis:her; allies with something to drink.\n\nConjured items disappear if logged out for more than 15 minutes.	制造$s1瓶山泉水，为法师和$g他:她;的盟友提供饮品。\n\n制造出的物品如果在离线状态下超过15分钟就会消失。
Roots the target in place.	将目标束缚在原地。
Launches Arcane Missiles at the enemy, causing $38700s1 Arcane damage every $t2 sec for $d.	向敌人发射奥术飞弹，每$t2秒造成$38700s1点奥术伤害，持续$d。
Launches Arcane Missiles at the enemy, causing $38700s1 Arcane damage every $38699t2 sec for $38699d.	向敌人发射奥术飞弹，每$38699t2秒造成$38700s1点奥术伤害，持续$38699d。
Launches Arcane Missiles at the enemy, causing $38703s1 Arcane damage every $38704t2 sec for $38704d.	向敌人发射奥术飞弹，每$38704t2秒造成$38703s1点奥术伤害，持续$38704d。
Launches Arcane Missiles at the enemy, causing $38703s1 Arcane damage every $t2 sec for $d.	向敌人发射奥术飞弹，每$t2秒造成$38703s1点奥术伤害，持续$d。
Increases your ranged attack power by $s1, all stats by $s2, and total stats by $s3%.	使你的远程攻击强度提高$s1，所有属性提高$s2，且总属性提高$s3%。
Right Click to summon and dismiss Miniwing.	右键点击召唤或解散米尼温。
Roots the target until the debuff is cleared.  Used in Automation scripts to temporarily halt pathing NPCs.	将目标束缚在原地，直到负面效果消失。用于自动化脚本暂时停止NPC移动。
Power infuses the target's party, increasing their Shadow resistance by $s1 for $d.	力量注入目标的队伍，使其暗影抗性提高$s1，持续$d。
Shapeshift into swift flight form, increasing movement speed by $40121s2% and allowing you to fly.  Cannot use in combat.  Can only use this form in Outland.\n\nThe act of shapeshifting frees the caster of Polymorph and Movement Impairing effects.	变身为迅捷飞行形态，移动速度提高$40121s2%并允许你飞行。无法在战斗中使用。只能在外域使用此形态。\n\n变形可以解除施法者身上的变形和移动限制效果。
Right Click to summon and dismiss Lucky the Golden Pig: Oink-oink! May fortune shine upon you this year!	右键点击召唤或解散金猪拉克：呼噜-呼噜！愿好运今年照耀着你！
Right Click to summon and dismiss Lucky the Golden Pig. Oink-oink! May fortune smile upon you this year!	右键点击召唤或解散金猪拉克。呼噜-呼噜！愿今年好运对你微笑！
Right Click to summon and dismiss Bananas. Ook-ook!	右键点击召唤或解散巴纳纳斯。喔-喔！
Right Click to summon and dismiss Willy. Wake up, little guy!	右键点击召唤或解散小威利。醒醒，小家伙！
Right Click to summon and dismiss Egbert the hawkstrider hatchling.	右键点击召唤或解散埃格伯特。
Right Click to summon and dismiss Peanut the baby elekk.	右键点击召唤或解散花生。
Ice shards pelt the target area doing ${$42198m1*8*$<mult>} Frost damage over $27085d.	冰雹从天而降，击中目标区域，在$27085d内造成${$42198m1*8*$<mult>}点冰霜伤害。
Calls down a fiery rain to burn enemies in the area of effect for ${$42218m1*4} Fire damage over $27212d.	召唤火焰之雨焚烧区域内的敌人，在$27212d内造成${$42218m1*4}点火焰伤害。
Creates a violent storm in the target area causing $42230s1 Nature damage to enemies every $27012t3 sec, and increasing the time between attacks by $27012s2%.  Lasts $27012d.  Druid must channel to maintain the spell.	在目标区域制造一场猛烈的风暴，每$27012t3秒对敌人造成$42230s1点自然伤害，并使攻击间隔延长$27012s2%。持续$27012d。德鲁伊必须引导此法术。
Continuously fires a volley of ammo at the target area, causing ${$RAP*0.083700+$42234m1} Arcane damage to enemy targets within $a1 yards every ${$1510d/6}.2 $Lsecond:seconds; for $1510d.	持续向目标区域发射弹幕，每${$1510d/6}.2秒对$a1码范围内的敌方目标造成${$RAP*0.083700+$42234m1}点奥术伤害，持续$1510d。
Transforms a Nexus Crystal into a Small Prismatic Shard.	将一个连接水晶转化为一个小块棱彩碎片。
Creates 3 Small Prismatic Shards out of a Large Prismatic Shard.	将一个大块棱彩碎片分解为3个小块棱彩碎片。
Summons an entire legion of Ghouls to fight for the Death Knight.  The Ghouls will swarm the area, taunting and fighting anything they can.  While channelling Army of the Dead, the Death Knight takes less damage equal to $Ghis:her; Dodge plus Parry chance.	召唤一支食尸鬼大军为死亡骑士作战。食尸鬼会成群结队地出现，嘲讽并攻击任何目标。在引导亡者大军时，死亡骑士受到的伤害降低，数值相当于其躲闪几率与招架几率之和。
Summons an entire legion of Ghouls to fight for the Death Knight.  The Ghouls will swarm the area, taunting and fighting anything they can.	召唤一支食尸鬼大军为死亡骑士作战。食尸鬼会成群结队地出现，嘲讽并攻击任何目标。
Launches Arcane Missiles at the enemy, causing $42844s1 Arcane damage every $t2 sec for $d.	向敌人发射奥术飞弹，每$t2秒造成$42844s1点奥术伤害，持续$d。
Launches Arcane Missiles at the enemy, causing $42844s1 Arcane damage every $42843t2 sec for $42843d.	向敌人发射奥术飞弹，每$42843t2秒造成$42844s1点奥术伤害，持续$42843d。
Launches Arcane Missiles at the enemy, causing $42845s1 Arcane damage every $42846t2 sec for $42846d.	向敌人发射奥术飞弹，每$42846t2秒造成$42845s1点奥术伤害，持续$42846d。
Launches Arcane Missiles at the enemy, causing $42845s1 Arcane damage every $t2 sec for $d.	向敌人发射奥术飞弹，每$t2秒造成$42845s1点奥术伤害，持续$d。
Blasts enemies near the caster for ${$m1*$<mult>} to ${$M1*$<mult>} Frost damage and freezes them in place for up to $d.  Damage caused may interrupt the effect.	对施法者附近的敌人造成${$m1*$<mult>}到${$M1*$<mult>}点冰霜伤害，并将其冻结在原地，最多持续$d。受到的伤害可能会打断冻结效果。
Conjures $s1 Mana Pies providing the mage and $ghis:her; allies with something to eat.\n\nConjured items disappear if logged out for more than 15 minutes.	制造$s1个法力馅饼，为法师和$g他:她;的盟友提供食物。\n\n制造出的物品如果在离线状态下超过15分钟就会消失。
Conjures $s1 Mana Strudels providing the mage and $ghis:her; allies with something to eat.\n\nConjured items disappear if logged out for more than 15 minutes.	制造$s1个法力果馅卷，为法师和$g他:她;的盟友提供食物。\n\n制造出的物品如果在离线状态下超过15分钟就会消失。
Conjures a mana sapphire that can be used to instantly restore $42987s1 mana.  3 charges.	制造一颗法力蓝宝石，可以立即恢复$42987s1点法力值。共有3次充能。
Increases Armor by $s1 and Frost resistance by $s3.   If an enemy strikes the caster, they may have their movement slowed by $7321s1% and the time between their attacks increased by $7321s2% for $7321d.  Only one type of Armor spell can be active on the Mage at any time.  Lasts $d.	使护甲提高$s1，冰霜抗性提高$s3。如果敌人击中施法者，其移动速度可能会降低$7321s1%，攻击间隔延长$7321s2%，持续$7321d。同一时间法师只能激活一种护甲法术。持续$d。
Causes $43043s1 Fire damage when hit, increases your chance to critically hit with spells by $43045s3%of your Spirit, and reduces the chance you are critically hit by $43045s2%.  Only one type of Armor spell can be active on the Mage at any time.  Lasts $43045d.	被击中时造成$43043s1点火焰伤害，使你的法术暴击几率提高，数值相当于精神值的$43045s3%，并降低你被暴击的几率$43045s2%。同一时间法师只能激活一种护甲法术。持续$43045d。
Causes $43044s1 Fire damage when hit, increases your chance to critically hit with spells by $43046s3%of your Spirit, and reduces the chance you are critically hit by $43046s2%.  Only one type of Armor spell can be active on the Mage at any time.  Lasts $43046d.	被击中时造成$43044s1点火焰伤害，使你的法术暴击几率提高，数值相当于精神值的$43046s3%，并降低你被暴击的几率$43046s2%。同一时间法师只能激活一种护甲法术。持续$43046d。
Causes $43043s1 Fire damage when hit, increases your critical strike rating by $43045s3% of your Spirit, and reduces the chance you are critically hit by $43045s2%.  Only one type of Armor spell can be active on the Mage at any time.  Lasts $43045d.	被击中时造成$43043s1点火焰伤害，使你的暴击等级提高，数值相当于精神值的$43045s3%，并降低你被暴击的几率$43045s2%。同一时间法师只能激活一种护甲法术。持续$43045d。
Causes $43044s1 Fire damage when hit, increases your critical strike rating by $m3% of your Spirit, and reduces the chance you are critically hit by $43046s2%.  Only one type of Armor spell can be active on the Mage at any time.  Lasts $43046d.	被击中时造成$43044s1点火焰伤害，使你的暴击等级提高，数值相当于精神值的$m3%，并降低你被暴击的几率$43046s2%。同一时间法师只能激活一种护甲法术。持续$43046d。
Nearby fishing nodes appear on the minimap. Only one form of tracking can be active at a time.	在小地图上显示附近的鱼群。同一时间只能激活一种追踪方式。
Right Click to summon and dismiss Toothy the baby crocolisk.	右键点击召唤或解散幼型鳄鱼牙牙。
Right Click to summon and dismiss Muckbreath the baby crocolisk.	右键点击召唤或解散幼型鳄鱼泥泥。
Right Click to summon and dismiss Mojo!	右键点击召唤或解散莫佐！
Begins a ritual that creates a refreshment table.  Raid members can click the table to acquire Conjured Mana Bread.  The tables lasts for $43985d or 50 charges.  Requires the caster and 2 additional party members to complete the ritual.  In order to participate, all players must right-click the refreshment portal and not move until the ritual is complete.	开始一个制造餐桌的仪式。团队成员可以点击餐桌获得制造出的法力面包。餐桌持续$43985d或50次充能。需要施法者和额外2名小队成员来完成仪式。为了参与仪式，所有玩家必须右键点击餐桌传送门并在仪式完成前保持不动。
An amazing machine that allows the Engineer to fly in Outland and Northrend.	一台神奇的机器，允许工程师在外域和诺森德飞行。
An amazing machine that allows the Engineer to fly in Outland and Northrend.  This one is turbo charged.	一台神奇的机器，允许工程师在外域和诺森德飞行。这台是涡轮增压型的。
Heals all nearby group members for $26983s1 every $26983t2 seconds for $26983d.  Druid must channel to maintain the spell.	每$26983t2秒为附近所有小队成员恢复$26983s1点生命值，持续$26983d。德鲁伊必须引导此法术。
Right Click to summon and dismiss a pint-sized pink pachyderm.	右键点击召唤或解散一头粉红色小象。
Gives your Arcane Blast, Arcane Barrage, Fireball, Frostbolt and Frostfire Bolt spells a chance to reduce the channeled duration of the next Arcane Missiles spell by $/1000;44401S1 secs, reduce the mana cost by $s3%, and missiles will fire every .5 secs.	使你的奥术冲击、奥术弹幕、火球术、寒冰箭和霜火之箭法术有一定几率使下一个奥术飞弹法术的引导时间缩短$/1000;44401S1秒，法力消耗降低$s3%，且每0.5秒发射一枚飞弹。
When you absorb damage your spell damage is increased by a percentage of the amount absorbed for $44413d.	当你吸收伤害时，你的法术伤害会提高，数值相当于所吸收伤害的一定百分比，持续$44413d。
When below 35% health all damage taken is reduced by $s1% and your Pyroblast spell's cast time is reduced by ${$44440m2/-1000}.2 secs while the cooldown is increased by ${$44440m3/-1000}.1 secs.	当生命值低于35%时，受到的所有伤害降低$s1%，且炎爆术的施法时间缩短${$44440m2/-1000}.2秒，但冷却时间延长${$44440m3/-1000}.1秒。
Increases your spell critical damage bonus with all spells but your spell criticals cost additional mana.	提高你所有法术的暴击伤害加成，但你的法术暴击会消耗额外的法力值。
The target becomes a Living Bomb, taking $o1 Fire damage over $d.  After $d or when the spell is dispelled, the target explodes dealing $44461s1 Fire damage to all enemies within $44461a1 yards.	目标变成一颗活体炸弹，在$d内受到$o1点火焰伤害。$d后或当法术被驱散时，目标会爆炸，对$44461a1码范围内的所有敌人造成$44461s1点火焰伤害。
The target becomes a Living Bomb, taking $44457o1 Fire damage over $44457d.  After $44457d or when the spell is dispelled, the target explodes dealing $44461s1 Fire damage to all enemies within $44461a1 yards.	目标变成一颗活体炸弹，在$44457d内受到$44457o1点火焰伤害。$44457d后或当法术被驱散时，目标会爆炸，对$44461a1码范围内的所有敌人造成$44461s1点火焰伤害。
Gives your Chill effects a chance to grant you the Fingers of Frost effect, which treats your next spells cast as if the target were Frozen.  Lasts $44544d.	使你的冰冷效果有一定几率让你获得寒冰指效果，使你施放的下几个法术将目标视为已被冻结。持续$44544d。
Stuns the target for $d.  Only usable on Frozen targets.  Deals ${$71757m1*$<mult>} to ${$71757M1*$<mult>} damage to targets permanently immune to stuns.	使目标昏迷$d。只能对被冻结的目标使用。对永久免疫昏迷的目标造成${$71757m1*$<mult>}到${$71757M1*$<mult>}点伤害。
After taking a critical hit you gain the Focused Will effect, reducing all damage taken by $45237s1% and increasing healing effects on you by $45237s2%.  Stacks up to $45237u times.  Lasts $45237d.	在受到暴击后，你获得意志专注效果，受到的所有伤害降低$45237s1%，且受到的治疗效果提高$45237s2%。最多可叠加$45237u次。持续$45237d。
After taking a critical hit you gain the Focused Will effect, reducing all damage taken by $45241s1% and increasing healing effects on you by $45241s2%.  Stacks up to $45241u times.  Lasts $45241d.	在受到暴击后，你获得意志专注效果，受到的所有伤害降低$45241s1%，且受到的治疗效果提高$45241s2%。最多可叠加$45241u次。持续$45241d。
After taking a critical hit you gain the Focused Will effect, reducing all damage taken by $45242s1% and increasing healing effects on you by $45242s2%.  Stacks up to $45242u times.  Lasts $45242d.	在受到暴击后，你获得意志专注效果，受到的所有伤害降低$45242s1%，且受到的治疗效果提高$45242s2%。最多可叠加$45242u次。持续$45242d。
Allows a scribe to create magical writings, up to a maximum potential skill of 75.	允许铭文师制作魔法卷轴，最高可达技能75。
Allows a scribe to create magical writings, up to a maximum potential skill of 150.	允许铭文师制作魔法卷轴，最高可达技能150。
Allows a scribe to create magical writings, up to a maximum potential skill of 225.	允许铭文师制作魔法卷轴，最高可达技能225。
Allows a scribe to create magical writings, up to a maximum potential skill of 300.	允许铭文师制作魔法卷轴，最高可达技能300。
Allows a scribe to create magical writings, up to a maximum potential skill of 375.	允许铭文师制作魔法卷轴，最高可达技能375。
Allows a scribe to create magical writings, up to a maximum potential skill of 450.	允许铭文师制作魔法卷轴，最高可达技能450。
You become encased in a block of ice, protecting you from all physical attacks and spells for $d, but during that time you cannot attack, move or cast spells.  Also causes Hypothermia, preventing you from recasting Ice Block for $41425d.	你被包裹在一块寒冰中，使你免疫所有物理攻击和法术，持续$d，但在此期间你无法攻击、移动或施法。产生低温效果，使你在$41425d内无法再次施放寒冰屏障。
A deadly attack that deals damage plus and heals the Death Knight for a percent of damage done per disease on the target.	一次致命的攻击，造成伤害并为死亡骑士恢复生命值，数值相当于目标身上每个疾病效果所造成伤害的一定百分比。
Shackles the target with frozen chains, reducing their movement by $s1%, and infects them with Frost Fever.  The target regains $s2% of their movement each second for $d.	用冰冷的锁链束缚目标，使其移动速度降低$s1%，并使其感染冰打热。目标每秒恢复$s2%的移动速度，持续$d。
Immediately activates a Blood Rune and converts it into a Death Rune for the next $d.  Death Runes count as a Blood, Frost or Unholy Rune.	立即激活一个鲜血符文并将其转化为死亡符文，持续$d。死亡符文可视为鲜血、冰霜或邪恶符文。
Allows a physician to make and use bandages up to a potential skill of 450.   Cloth used to make bandages is found on humanoids.	允许医生制作并使用绷带，最高可达技能450。制作绷带所需的布料可以从人型生物身上获得。
Grants 190 mana every 5 seconds.	每5秒恢复190点法力值。
Shatters a Void Crystal into two Large Prismatic Shards.	将一个虚空水晶分解为两个大块棱彩碎片。
When activated, all of your spells become instant cast.	激活后，你所有的法术都变为瞬发。
Your melee critical hits Enrage you, increasing all damage caused by $57518s1% for $57518d.  This effect does not stack with Enrage.	你的近战暴击使你进入激怒状态，造成的所有伤害提高$57518s1%，持续$57518d。此效果不与激怒效果叠加。
Your normal melee attacks have a chance to reduce all healing done to the target by $56112s1% for $56112d.  This can stack up to $56112u times.  This occurs more often than Furious Attacks (Rank 1).	你的普通近战攻击有一定几率使目标受到的所有治疗效果降低$56112s1%，持续$56112d。此效果最多可叠加$56112u次。触发几率比狂怒打击（等级1）更高。
Your Heroic Strike, Bloodthirst, and Whirlwind hits have a chance of making your next Slam instant for $46916d.	你的英勇打击、嗜血和旋风斩击中目标后，有一定几率使你的下一次猛击变为瞬发，持续$46916d。
Allows you to equip two-handed axes, maces and swords in one hand.  While you have a two-handed weapon equipped in one hand, your physical damage done is reduced by $49152s1%.	允许你单手装备双手斧、双手锤和双手剑。当你单手装备双手武器时，造成的物理伤害降低$49152s1%。
Instantly Whirlwind up to $50622i nearby targets and for the next $d you will perform a whirlwind attack every $t1 sec.  While under the effects of Bladestorm, you can move but cannot perform any other abilities but you do not feel pity or remorse or fear, you cannot be stopped unless killed, and your movement speed cannot be reduced below $84502s1%.	立即对附近最多$50622i个目标发动旋风斩，在接下来的$d内，你每$t1秒会发动一次旋风斩攻击。在利刃风暴期间，你可以移动但无法使用其他技能，且你免疫恐惧，无法被阻止（除非被杀死），移动速度不会被降低到$84502s1%以下。
Sends a wave of force in front of the warrior, causing ${$m3/100*$AP} damage (based on attack power) and stunning all enemy targets within $a1 yards in a frontal cone for $d.	向战士前方发出一道力量波，造成${$m3/100*$AP}点伤害（基于攻击强度），并使前方锥形区域内$a1码范围内的所有敌人昏迷$d。
Grants the Warlock's summoned demon Empowerment.\n\nImp - Increases the Imp's spell critical strike chance by $54444s1% for $54444d.\n\nVoidwalker - Increases the Voidwalker's health by $54443s2%, and its threat generated from spells and attacks by $54443s2% for $54443d.\n\nSuccubus - Instantly vanishes, causing the Succubus to go into an improved Invisibility state. The vanish effect removes all stuns, snares and movement impairing effects from the Succubus.\n\nFelhunter - Dispels all magical effects from the Felhunter.\n\nFelguard - Increases the Felguard's attack speed by $54508s1% and breaks all stun, snare and movement impairing effects and makes your Felguard immune to them for $54508d.	赋予术士召唤的恶魔能量。\n\n小鬼 - 使小鬼的法术暴击几率提高$54444s1%，持续$54444d。\n\n虚空行者 - 使虚空行者的总生命值提高$54443s2%，且法术和攻击产生的威胁值提高$54443s2%，持续$54443d。\n\n魅魔 - 立即消失，进入强化隐形状态。消失效果会移除魅魔身上的所有昏迷、减速和移动限制效果。\n\n地狱猎犬 - 驱散地狱猎犬身上的所有魔法效果。\n\n恶魔卫士 - 使恶魔卫士的攻击速度提高$54508s1%，并解除所有昏迷、减速和移动限制效果，且使其在$54508d内免疫这些效果。
When you deal damage with Corruption, you have $h% chance to increase your spell casting speed by $64368s1% for $64368d.	当你的腐蚀术造成伤害时，你有$h%的几率使法术施放速度提高$64368s1%，持续$64368d。
When you deal damage with Corruption, you have $h% chance to increase your spell casting speed by $64370s1% for $64370d.	当你的腐蚀术造成伤害时，你有$h%的几率使法术施放速度提高$64370s1%，持续$64370d。
When you deal damage with Corruption, you have $h% chance to increase your spell casting speed by $64371s1% for $64371d.	当你的腐蚀术造成伤害时，你有$h%的几率使法术施放速度提高$64371s1%，持续$64371d。
You devastate the area, causing Corruption (Rank 8) to all targets within 15 yards. In addition, your Corruption spell will do 434 Shadow damage to the target when it finishes its duration.	你蹂躏该区域，对15码范围内的所有目标施加腐蚀术（等级8）。此外，当你的腐蚀术结束时，会向目标造成434点暗影伤害。
You transform into a Demon for $47241d.  This form increases your armor contribution from items by $47241s2%, damage by $47241s3%, reduces the chance you'll be critically hit by melee attacks by $54879s1% and reduces the duration of stun and snare effects by $54817s1%.  You gain some unique demon abilities in addition to your normal abilities.	变身为恶魔，持续$47241d。此形态下你的护甲值从装备中获得的收益提高$47241s2%，伤害提高$47241s3%，被近战攻击暴击的几率降低$54879s1%，且昏迷和减速效果的持续时间缩短$54817s1%。除了普通技能外，你还会获得一些独特的恶魔技能。
Increases the duration of your Immolate by $/1000;47245s2 sec, and you have a $47245h% chance to gain the Molten Core effect when your Corruption deals damage. The Molten Core effect empowers your next 3 Incinerate or Soul Fire spells cast within $47383d.\n\nIncinerate - Increases damage done by $47383s1% and reduces cast time by $47383s3%.\n\nSoul Fire - Increases damage done by $47383s1% and increases critical strike chance by $47383s2%.	使你的献祭持续时间延长$/1000;47245s2秒。当你的腐蚀术造成伤害时，有$47245h%的几率获得熔火之心效果，强化你接下来在$47383d内施放的3个烧尽或灵魂之火法术。\n\n烧尽 - 造成的伤害提高$47383s1%，且施法时间缩短$47383s3%。\n\n灵魂之火 - 造成的伤害提高$47383s1%，且暴击几率提高$47383s2%。
Increases the duration of your Immolate by $/1000;47246s2 sec, and you have a $47246h% chance to gain the Molten Core effect when your Corruption deals damage. The Molten Core effect empowers your next 3 Incinerate or Soul Fire spells cast within $71162d.\n\nIncinerate - Increases damage done by $71162s1% and reduces cast time by $71162s3%.\n\nSoul Fire - Increases damage done by $71162s1% and increases critical strike chance by $71162s2%.	使你的献祭持续时间延长$/1000;47246s2秒。当你的腐蚀术造成伤害时，有$47246h%的几率获得熔火之心效果，强化你接下来在$71162d内施放的3个烧尽或灵魂之火法术。\n\n烧尽 - 造成的伤害提高$71162s1%，且施法时间缩短$71162s3%。\n\n灵魂之火 - 造成的伤害提高$71162s1%，且暴击几率提高$71162s2%。
Increases the duration of your Immolate by $/1000;47247s2 sec, and you have a $47247h% chance to gain the Molten Core effect when your Corruption deals damage. The Molten Core effect empowers your next 3 Incinerate or Soul Fire spells cast within $71165d.\n\nIncinerate - Increases damage done by $71165s1% and reduces cast time by $71165s3%.\n\nSoul Fire - Increases damage done by $71165s1% and increases critical strike chance by $71165s2%.	使你的献祭持续时间延长$/1000;47247s2秒。当你的腐蚀术造成伤害时，有$47247h%的几率获得熔火之心效果，强化你接下来在$71165d内施放的3个烧尽或灵魂之火法术。\n\n烧尽 - 造成的伤害提高$71165s1%，且施法时间缩短$71165s3%。\n\n灵魂之火 - 造成的伤害提高$71165s1%，且暴击几率提高$71165s2%。
When you cast Conflagrate, the cast time and global cooldown of your next three Destruction spells is reduced by $54274s1%. Lasts $54274d.	当你施放燃烧时，你接下来的三个毁灭系法术的施法时间和公共冷却时间缩短$54274s1%。持续$54274d。
When you cast Conflagrate, the cast time and global cooldown of your next three Destruction spells is reduced by $54276s1%. Lasts $54276d.	当你施放燃烧时，你接下来的三个毁灭系法术的施法时间和公共冷却时间缩短$54276s1%。持续$54276d。
When you cast Conflagrate, the cast time and global cooldown of your next three Destruction spells is reduced by $54277s1%. Lasts $54277d.	当你施放燃烧时，你接下来的三个毁灭系法术的施法时间和公共冷却时间缩短$54277s1%。持续$54277d。
Your spell damage is increased by $s2% of your Spirit, and your spell criticals increase your Spirit by $47426s1% for 10 sec.	你的法术伤害提高，数值相当于你精神值的$s2%，且你的法术暴击会使你的精神提高$47426s1%，持续10秒。
Your spell damage is increased by $s2% of your Spirit, and your spell criticals increase your Spirit by $47427s1% for 10 sec.	你的法术伤害提高，数值相当于你精神值的$s2%，且你的法术暴击会使你的精神提高$47427s1%，持续10秒。
Claw the enemy, causing damage.	爪击敌人，造成伤害。
Strangulates an enemy, silencing them for $d.  Non-player victim spellcasting is also interrupted for $32747d.	绞杀敌人，使其沉默$d。非玩家目标的施法也会被打断$32747d。
Chew a limb off the target, stunning for $d and dealing damage.	啃食目标的一肢，使其昏迷$d并造成伤害。
Leap behind the targeted friend or enemy.	跳向友方或敌方目标背后。
Go into a defensive crouch, reducing the damage taken from melee attacks, ranged attacks and spells by $s1% for $d.	进入防御性蜷缩状态，使受到的近战、远程攻击和法术伤害降低$s1%，持续$d。
Smash the target's mind with cold, interrupting spellcasting and preventing any spell in that school from being cast for $d.	用严寒冲击目标的意志，打断其施法，并使其在$d内无法施放该系的法术。
When your Power Word: Shield is completely absorbed or dispelled you are instantly energized with 1.5% of your total mana, and you have a $s2% chance to energize your shielded target with $s1% total mana, $/10;63653s1 rage, $63655s1 energy or $/10;63652s1 runic power. This effect can only occur once every $63853d.	当你的真言术：盾被完全吸收或驱散时，你立即恢复1.5%的总法力值，且你有$s2%的几率使受护盾保护的目标恢复$s1%的总法力值、$/10;63653s1点怒气、$63655s1点能量或$/10;63652s1点符文能量。此效果每$63853d只能触发一次。
When your Power Word: Shield is completely absorbed or dispelled you are instantly energized with 2% of your total mana, and you have a $s2% chance to energize your shielded target with $s1% total mana, $/10;63653s1 rage, $63655s1 energy or $/10;63652s1 runic power. This effect can only occur once every $63853d.	当你的真言术：盾被完全吸收或驱散时，你立即恢复2%的总法力值，且你有$s2%的几率使受护盾保护的目标恢复$s1%的总法力值、$/10;63653s1点怒气、$63655s1点能量或$/10;63652s1点符文能量。此效果每$63853d只能触发一次。
When your Power Word: Shield is completely absorbed or dispelled you are instantly energized with 2.5% of your total mana, and you have a $s2% chance to energize your shielded target with $s1% total mana, $/10;63653s1 rage, $63655s1 energy or $/10;63652s1 runic power. This effect can only occur once every $63853d.	当你的真言术：盾被完全吸收或驱散时，你立即恢复2.5%的总法力值，且你有$s2%的几率使受护盾保护的目标恢复$s1%的总法力值、$/10;63653s1点怒气、$63655s1点能量或$/10;63652s1点符文能量。此效果每$63853d只能触发一次。
Empower your rune weapon, immediately activating all your runes and generating 25 runic power.	符文武器增效，立即激活所有符文并产生25点符文能量。
You disperse into pure Shadow energy, reducing all damage taken by $47585s1%.  You are unable to attack or cast spells, but you regenerate $49766s1% mana every $60069t1 sec for $d. Dispersion can be cast while stunned, feared or silenced and clears all snare and movement impairing effects when cast, and makes you immune to them while dispersed.	你化为纯粹的暗影能量，受到的所有伤害降低$47585s1%。你无法攻击或施法，但每$60069t1秒恢复$49766s1%的法力值，持续$d。消散可以在昏迷、恐惧或沉默状态下施放，施放时会清除所有减速和移动限制效果，并在消散期间免疫这些效果。
Calls upon a guardian spirit to watch over the friendly target. The spirit increases the healing received by the target by $s1%, and also prevents the target from dying by sacrificing itself.  This sacrifice terminates the effect but heals the target of $s2% of their maximum health. Lasts $d.	召唤一个守护之魂监护友方目标。守护之魂使目标受到的治疗效果提高$s1%，并能通过自我牺牲来防止目标死亡。这种牺牲会终止守护效果，但会为目标恢复其最大生命值的$s2%。持续$d。
Calls down a fiery rain to burn enemies in the area of effect for ${$47817m1*4} Fire damage over $47819d.	召唤火焰之雨焚烧区域内的敌人，在$47819d内造成${$47817m1*4}点火焰伤害。
Calls down a fiery rain to burn enemies in the area of effect for ${$47817m1*4} Fire damage over $d.	召唤火焰之雨焚烧区域内的敌人，在$d内造成${$47817m1*4}点火焰伤害。
Drains the soul of the target, causing $o2 Shadow damage over $d.  If the target is at or below 25% health, Drain Soul causes four times the normal damage. If the target dies while being drained, and yields experience or honor, the caster gains a Soul Shard.  Each time the Drain Soul damages the target, it also has a chance to generate a Soul Shard.  Soul Shards are required for other spells.	吸取目标的灵魂，在$d内造成$o2点暗影伤害。如果目标的生命值等于或低于25%，吸取灵魂会造成四倍于平常的伤害。如果目标在被吸取灵魂期间死亡并产生经验或荣誉，施法者将获得一个灵魂碎片。吸取灵魂每次造成伤害时，都有一定几率产生一个灵魂碎片。其他法术需要消耗灵魂碎片。
Curses the target for $d, reducing Arcane, Fire, Frost, Nature, and Shadow resistances by $s1 and increasing magic damage taken by $s2%.  Only one Curse per Warlock can be active on any one target.	诅咒目标，持续$d，使其奥术、火焰、冰霜、自然和暗影抗性降低$s1，并使其受到的魔法伤害提高$s2%。同一时间术士只能在一个目标身上激活一种诅咒。
Creates a Demonic Healthstone that can be used to instantly restore $47874s1 health.\n\nConjured items disappear if logged out for more than 15 minutes.	制造一块恶魔治疗石，可以立即恢复$47874s1点生命值。\n\n制造出的物品如果在离线状态下超过15分钟就会消失。
Creates a Fel Healthstone that can be used to instantly restore $47875s1 health.\n\nConjured items disappear if logged out for more than 15 minutes.	制造一块魔能治疗石，可以立即恢复$47875s1点生命值。\n\n制造出的物品如果在离线状态下超过15分钟就会消失。
Creates a Soul Healthstone that can be used to instantly restore $47877s1 health.\n\nConjured items disappear if logged out for more than 15 minutes.	制造一块灵魂治疗石，可以立即恢复$47877s1点生命值。\n\n制造出的物品如果在离线状态下超过15分钟就会消失。
Inflicts $o1 Fire damage over $d.  When Immolate is removed from the target, it deals $s2 Fire damage to the target.  In addition, your Incinerate spell has a $s3% chance to refresh the duration of your Immolate on the target.	在$d内造成$o1点火焰伤害。当献祭从目标身上消失时，会向其造成$s2点火焰伤害。此外，你的烧尽法术有$s3%的几率刷新目标身上献祭的持续时间。
When you deal damage with your Incinerate or Firebolt spells, you have a $h% chance to increase your Fire damage dealt by $47893s1% for $47893d.  This effect stacks up to $47893u times.	当你的烧尽或火焰箭法术造成伤害时，你有$h%的几率使造成的火焰伤害提高$47893s1%，持续$47893d。此效果最多可叠加$47893u次。
When you deal damage with your Incinerate or Firebolt spells, you have a $h% chance to increase your Fire damage dealt by $47891s1% for $47891d.  This effect stacks up to $47891u times.	当你的烧尽或火焰箭法术造成伤害时，你有$h%的几率使造成的火焰伤害提高$47891s1%，持续$47891d。此效果最多可叠加$47891u次。
Sends a bolt of fire that deals ${$s1+$m3} to ${$s2+$m3} Fire damage and an additional $s4 Fire damage over $d.  If the target is affected by Immolate, the additional damage is increased by $s5%.	发射一枚火焰箭，造成${$s1+$m3}到${$s2+$m3}点火焰伤害，并在$d内额外造成$s4点火焰伤害。如果目标受到献祭影响，则额外伤害提高$s5%。
Sends a bolt of fire that deals ${$47833s1+$47833m3} to ${$47833s2+$47833m3} Fire damage and an additional $47833s4 Fire damage over $47833d.  If the target is affected by Immolate, the additional damage is increased by $47833s5%.	发射一枚火焰箭，造成${$47833s1+$47833m3}到${$47833s2+$47833m3}点火焰伤害，并在$47833d内额外造成$47833s4点火焰伤害。如果目标受到献祭影响，则额外伤害提高$47833s5%。
Sends a bolt of fire that deals ${$47834s1+$47834m3} to ${$47834s2+$47834m3} Fire damage and an additional $47834s4 Fire damage over $47834d.  If the target is affected by Immolate, the additional damage is increased by $47834s5%.	发射一枚火焰箭，造成${$47834s1+$47834m3}到${$47834s2+$47834m3}点火焰伤害，并在$47834d内额外造成$47834s4点火焰伤害。如果目标受到献祭影响，则额外伤害提高$47834s5%。
When your Corruption or Immolate spells deal damage, you have a $h% chance to gain the Shadow and Flame effect, increasing your Shadow and Fire damage by $s2% for $d.	当你的腐蚀术或献祭造成伤害时，你有$h%的几率获得暗影与火焰效果，使你的暗影和火焰伤害提高$s2%，持续$d。
Sends a bolt of Shadow energy at the enemy, causing $s1 to $s2 Shadow damage.	向敌人发射暗影箭，造成$s1到$s2点暗影伤害。
Inflicts $o1 Shadow damage over $d.  Each time the Unstable Affliction is dispelled, it causes $s2 damage to the dispeller and Silences them for $s3 sec.	在$d内造成$o1点暗影伤害。无偿痛苦每次被驱散时，都会对驱散者造成$s2点伤害，并使其沉默$s3秒。
Inflicts $s1 Shadow damage over $d.  Each time the Unstable Affliction is dispelled, it causes $s2 damage to the dispeller and Silences them for $s3 sec.	在$d内造成$s1点暗影伤害。无偿痛苦每次被驱散时，都会对驱散者造成$s2点伤害，并使其沉默$s3秒。
Transmutes Eternal Water to Air.  You have a chance to discover other transmutations when successful.	将永恒水转化为空气。转化成功后有一定几率领悟其他转化配方。
Transmutes Eternal Water to Fire.  You have a chance to discover other transmutations when successful.	将永恒之水转化成永恒之火。如果转化成功，你有一定几率领悟其他的转化配方。
Transmutes Eternal Life to Shadow.	将永恒生命转化成永恒暗影。
Your Felhunter regains 4% of its maximum mana each time it hits with its Shadow Bite ability and the cooldown on that ability is reduced by ${$m1/-1000} sec.  In addition, increases the effect of your Felhunter's Fel Intelligence by $s2%.	你的地狱猎犬在使用暗影咬合技能击中目标时会恢复4%的最大法力值，且该技能的冷却时间缩短${$m1/-1000}秒。此外，地狱猎犬的邪能智力效果提高$s2%。
Your Felhunter regains 8% of its maximum mana each time it hits with its Shadow Bite ability and the cooldown on that ability is reduced by ${$m1/-1000} sec.  In addition, increases the effect of your Felhunter's Fel Intelligence by $s2%.	你的地狱猎犬在使用暗影咬合技能击中目标时会恢复8%的最大法力值，且该技能的冷却时间缩短${$m1/-1000}秒。此外，地狱猎犬的邪能智力效果提高$s2%。
Causes $s1 Holy damage to any enemy that strikes a party or raid member within $a1 yards.  Players may only have one Aura on them per Paladin at any one time.	对击中$a1码范围内任何小队或团队成员的敌人造成$s1点神圣伤害。每个玩家同一时间只能获得一名圣骑士提供的一种光环效果。
Your pet can generate health and happiness by eating a corpse.  Will not work on the remains of elemental or mechanical creatures.	你的宠物可以通过吞噬尸体来恢复生命值和心情。对元素或机械生物的残骸无效。
Your Holy Shock critical hits reduce the cast time of your next Flash of Light by ${$54149m2/-1000}.1 sec or increase the critical chance of your next Holy Light by $s1%.	你的神圣震击造成的暴击使你的下一个圣光闪现的施法时间缩短${$54149m2/-1000}.1秒，或使你的下一个圣光术的暴击几率提高$s1%。
Increases the damage done by your Seal and Judgement spells by $s2%, and your Judgement spells increase your casting and melee haste by $53657s1% for $53657d.	使你的圣印和审判法术造成的伤害提高$s2%，且你的审判法术会使你的施法和近战急速提高$53657s1%，持续$53657d。
Increases the damage done by your Seal and Judgement spells by $54154s2%, and your Judgement spells increase your casting and melee haste by $54152s1% for $54152d.	使你的圣印和审判法术造成的伤害提高$54154s2%，且你的审判法术会使你的施法和近战急速提高$54152s1%，持续$54152d。
Increases the damage done by your Seal and Judgement spells by $54155s2%, and your Judgement spells increase your casting and melee haste by $54153s1% for $54153d.	使你的圣印和审判法术造成的伤害提高$54155s2%，且你的审判法术会使你的施法和近战急速提高$54153s1%，持续$54153d。
Increases the damage done by your Seal and Judgement spells by $s2%, and your Judgement spells increase your casting and melee haste by $54152s1% for $54152d.	使你的圣印和审判法术造成的伤害提高$s2%，且你的审判法术会使你的施法和近战急速提高$54152s1%，持续$54152d。
Increases the damage done by your Seal and Judgement spells by $s2%, and your Judgement spells increase your casting and melee haste by $54153s1% for $54153d.	使你的圣印和审判法术造成的伤害提高$s2%，且你的审判法术会使你的施法和近战急速提高$54153s1%，持续$54153d。
Allows the player to ride flying mounts in Northrend.	允许玩家在诺森德骑乘飞行坐骑。
Increases the damage done by your Imp by $s1%, and all critical hits done by your Imp have a $h% chance to increase your spell critical hit chance for your next spell by 100%. This effect lasts 8 sec.	使你的小鬼造成的伤害提高$s1%，且你的小鬼造成的每次暴击都有$h%的几率使你下一个法术的暴击几率提高100%。此效果持续8秒。
Reduces all damage taken by $s1% and reduces the fade time of your Invisibility spell by ${$m2/-1000} sec.	受到的所有伤害降低$s1%，且隐形术生效所需的时间缩短${$m2/-1000}秒。
You gain $o1% of your total mana over $d, but the amount healed by your Flash of Light, Holy Light, and Holy Shock spells is reduced by $s2%.	你在$d内恢复相当于总法力值$o1%的法力值，但你的圣光闪现、圣光术和神圣震击法术的治疗量降低$s2%。
Affixes your one-handed rune weapon with a rune that increases Parry chance by 2% and reduces the duration of Disarm effects by $43588s1%.  Modifying your rune weapon requires a Rune Forge in Ebon Hold.	在你的单手符文武器上刻写一枚符文，使招架几率提高2%，并使缴械效果的持续时间缩短$43588s1%。在黑锋要塞的符文熔炉处可以进行符文武器的修改。
Affixes your one-handed rune weapon with a rune that deflects $54449s1% of all spell damage and reduces the duration of Silence effects by $60209s1% (not cumulative with additional Silence duration reduction).  Modifying your rune weapon requires a Rune Forge in Ebon Hold.	在你的单手符文武器上刻写一枚符文，使你反射$54449s1%的所有法术伤害，并使沉默效果的持续时间缩短$60209s1%（该效果不与其他缩短沉默持续时间的效果叠加）。在黑锋要塞的符文熔炉处可以进行符文武器的修改。
Damage dealt by Death Knight, Hunter and Warlock pets increased by $s1%.	死亡骑士、猎人和术士的宠物造成的伤害提高$s1%。
Increases the target's chance to critically hit with spells by $s1%.  When the target critically hits the caster's chance to critically hit with spells is increased by $54648s1% for $54648d.  Cannot be cast on self.	使目标的法术暴击几率提高$s1%。当目标造成法术暴击时，施法者的法术暴击几率提高$54648s1%，持续$54648d。无法对自己施放。
Increases the target's chance to critically hit with spells by $s1%.  When the target critically hits the caster's chance to critically hit with spells is increased.	使目标的法术暴击几率提高$s1%。当目标造成法术暴击时，提高施法者的法术暴击几率。
Increases the critical strike chance of your Fire Blast, Scorch, Arcane Blast and Cone of Cold spells by $s1%.	使你的火焰冲击、灼烧、奥术冲击和冰锥术的暴击几率提高$s1%。
Permanently attaches a high-powered device to your belt, allowing you to confuse nearby mechanicals.  Only a skilled engineer can activate the modified belt.\n\nCan only be attached to your own belt, and doing so causes the belt to become soulbound.	永久性地在腰带上加装一个高功率装置，使你可以干扰附近的机械生物。只有资深工程师才能激活这种改造过的腰带。\n\n只能加装在你自己的腰带上，且加装后腰带会变为灵魂绑定。
Your damaging Blast Wave and Dragon's Breath spells have a chance to make your next Flamestrike spell instant cast and cost no mana.	你造成伤害的冲击波和龙息术有一定几率使你的下一个烈焰风暴变为瞬发，且不消耗法力值。
When Interrupted or Silenced you have a chance to become immune to the next Interrupt or Silence effect.  Lasts $54748d.	当被打断或被沉默时，你有一定几率对下一次打断或沉默效果免疫。持续$54748d。
Heals a friendly target for 50% of Rejuvenation.	为友方目标恢复生命值，数值相当于回春术的50%。
Charge an enemy, stunning it for $60995d.	向敌人冲锋，使其昏迷$60995d。
Attach a miniaturized explosive assembly to your belt, allowing you to detach and throw a Cobalt Frag Bomb every 6 minutes.	在腰带上加装一套微型炸弹组件，使你每6分钟可以拆卸并投掷一枚钴蓝破片炸弹。
Heals for 10% of the value of Holy Light.	恢复生命值，数值相当于圣光术的10%。
Permanently attaches a hand-mounted pyro rocket launcher to your gloves, allowing a skilled engineer to deal $54757s1 Fire damage to an enemy at long range.  The rocket can only be fired once every 45 sec.\n\nCan only be used on the engineer's gloves, and doing so will cause them to become soulbound.	永久性地在手套上加装一个手持式烟火火箭发射器，使资深工程师能够对远处的敌人造成$54757s1点火焰伤害。火箭每45秒只能发射一次。\n\n只能加装在工程师自己的手套上，且加装后手套会变为灵魂绑定。
Permanently attaches hyperspeed accelerators to a pair of gloves, allowing a skilled engineer to increase their haste rating by $54758s1 for $54758d.  The gloves can only be activated every minute.	在手套上永久加装超级加速器。资深工程师可以利用它使急速等级提高$54758s1，持续$54758d。手套每分钟只能激活一次。
Permanently attaches a flexweave underlay to a cloak, increasing Agility by 23 and allowing you to turn the cloak into a parachute to fall slowly for $55001d.\n\nThe cloak can only be used once a minute and requires an Engineering skill of at least 350.	永久性地在披风上加装一层弹性编织内衬，使敏捷提高23点，并允许你将披风变成降落伞，缓降持续$55001d。\n\n该效果每分钟只能使用一次，且需要至少350点的工程学技能。
Permanently attaches overpowered nitro boosts to a pair of boots, increasing your critical strike rating by 24 and allowing you to greatly increase run speed for $54861d.\n\nThe nitro boosts can only be activated every 3 minutes and require an Engineering skill of at least 400.	永久性地在靴子上加装强力硝基推进器，使你的爆击等级提高24点，并允许你大幅提高移动速度，持续$54861d。\n\n硝基推进器每3分钟只能激活一次，且需要至少400点的工程学技能。
Increases the range of your Icy Touch,  Chains of Ice and Howling Blast by $s1 yards.	使你的冰冷触摸、寒冰锁链和凛冽寒风的射程延长$s1码。
Increases the range of your Icy Touch, Chains of Ice and Howling Blast by $s1 yards.	使你的冰冷触摸、寒冰锁链和凛冽寒风的射程延长$s1码。
Right Click to summon and dismiss Mr. Chilly.	右键点击召唤或解散冷冷先生。
Reduces the cooldown of your Frost Nova, Cone of Cold, Ice Block and Icy Veins spells by $s1%.	使你的霜冻新星、冰锥术、寒冰屏障和冰冷血脉法术的冷却时间缩短$s1%。
Allows the miner to smelt a titanium bar and eternal elements into a titansteel bar.  Requires a forge.	允许采矿者将泰坦神铁锭和永恒元素熔炼成泰坦精钢锭。需要熔炉。
Allows the miner to smelt 2 titanium ore into a titanium bar.   Requires a forge.	允许采矿者将2块泰坦神铁矿石熔炼成泰坦神铁锭。需要熔炉。
Whenever your Blood Runes are on cooldown, you gain the Blade Barrier effect, which decreases damage taken by $64858s1% for the next $64858d.	当你的鲜血符文处于冷却状态时，你获得大剑屏障效果，使受到的所有伤害降低$64858s1%，持续$64858d。
Whenever your Blood Runes are on cooldown, you gain the Blade Barrier effect, which decreases damage taken by $64859s1% for the next $64859d.	当你的鲜血符文处于冷却状态时，你获得大剑屏障效果，使受到的所有伤害降低$64859s1%，持续$64859d。
Temporarily grants the Death Knight $s2% of maximum health and increases the amount of health generated through spells and effects by $s1% for $d.  After the effect expires, the health is lost.	暂时赋予死亡骑士最大生命值的$s2%，并使通过法术和效果产生的生命回复提高$s1%，持续$d。效果结束后，增加的生命值会消失。
Creates $<images> copies of the caster nearby, which cast spells and attack the mage's enemies.  Lasts $55342d.	在施法者附近制造$<images>个镜像，它们会施方法术并攻击法师的敌人。持续$55342d。
The target becomes a Living Bomb, taking $o1 Fire damage over $d.  After $d or when the spell is dispelled, the target explodes dealing $55361s1 Fire damage to all enemies within $55361a1 yards.	目标变成一颗活体炸弹，在$d内受到$o1点火焰伤害。$d后或当法术被驱散时，目标会爆炸，对$55361a1码范围内的所有敌人造成$55361s1点火焰伤害。
The target becomes a Living Bomb, taking $o1 Fire damage over $d.  After $d or when the spell is dispelled, the target explodes dealing $55362s1 Fire damage to all enemies within $55362a1 yards.	目标变成一颗活体炸弹，在$d内受到$o1点火焰伤害。$d后或当法术被驱散时，目标会爆炸，对$55362a1码范围内的所有敌人造成$55362s1点火焰伤害。
The target becomes a Living Bomb, taking $55359o1 Fire damage over $55359d.  After $55359d or when the spell is dispelled, the target explodes dealing $55361s1 Fire damage to all enemies within $55361a1 yards.	目标变成一颗活体炸弹，在$55359d内受到$55359o1点火焰伤害。$55359d后或当法术被驱散时，目标会爆炸，对$55361a1码范围内的所有敌人造成$55361s1点火焰伤害。
The target becomes a Living Bomb, taking $55360o1 Fire damage over $55360d.  After $55360d or when the spell is dispelled, the target explodes dealing $55362s1 Fire damage to all enemies within $55362a1 yards.	目标变成一颗活体炸弹，在$55360d内受到$55360o1点火焰伤害。$55360d后或当法术被驱散时，目标会爆炸，对$55362a1码范围内的所有敌人造成$55362s1点火焰伤害。
Rides and parks a badass Mechano-hog.  This is a very fast set of wheels. This mount increases speed depending on your Riding Skill.	驾驶一辆帅气的机械路霸。这可是非常快的交通工具。这种坐骑的移动速度取决于你的骑术等级。
Heals a friendly target.	治疗一个友方目标。
Increases melee, ranged, and spell casting speed by $s1% for all party and raid members.  Lasts $d.\n\nAllies receiving this effect will become Exhausted and unable to benefit from Heroism or Bloodlust again for 10 min.	使所有小队和团队成员的近战、远程和施法速度提高$s1%，持续$d。\n\n获得此效果的盟友会变得力竭，在10分钟内无法再次获得英勇或嗜血效果。
Finishing move that consumes your Deadly Poison doses on the target and deals instant poison damage. One dose is consumed for each combo point.  Following the attack you have an additional $s3% chance to apply poisons for 1 sec per dose:\n  1 dose:  ${$m2*1+$AP*0.03} damage\n  2 doses: ${$m2*2+$AP*0.06} damage\n  3 doses: ${$m2*3+$AP*0.09} damage\n  4 doses: ${$m2*4+$AP*0.12} damage\n  5 doses: ${$m2*5+$AP*0.15} damage	终结技，消耗目标身上叠加的致命毒药效果并立即造成毒药伤害。每个连击点数消耗一层效果。攻击后，你每层消耗的效果会使你在1秒内涂抹毒药的几率额外提高$s3%：\n  1层：${$m2*1+$AP*0.03}点伤害\n  2层：${$m2*2+$AP*0.06}点伤害\n  3层：${$m2*3+$AP*0.09}点伤害\n  4层：${$m2*4+$AP*0.12}点伤害\n  5层：${$m2*5+$AP*0.15}点伤害
Finishing move that consumes your Deadly Poison doses on the target and deals instant poison damage.  One dose is consumed for each combo point:\n  1 dose:  ${$m2*1+$AP*0.03} damage\n  2 doses: ${$m2*2+$AP*0.06} damage\n  3 doses: ${$m2*3+$AP*0.09} damage\n  4 doses: ${$m2*4+$AP*0.12} damage\n  5 doses: ${$m2*5+$AP*0.15} damage	终结技，消耗目标身上叠加的致命毒药效果并立即造成毒药伤害。每个连击点数消耗一层效果：\n  1层：${$m2*1+$AP*0.03}点伤害\n  2层：${$m2*2+$AP*0.06}点伤害\n  3层：${$m2*3+$AP*0.09}点伤害\n  4层：${$m2*4+$AP*0.12}点伤害\n  5层：${$m2*5+$AP*0.15}点伤害
Places a spell on the target that heals them for $s1 the next time they take damage.  When the heal occurs, Prayer of Mending jumps to a party or raid member within $41635a1 yards.  Jumps up to $n times and lasts $41635d after each jump.  This spell can only be placed on one target at a time.	在目标身上施加一个法术，使其在下一次受到伤害时恢复$s1点生命值。当治疗触发时，愈合祷言会跳向$41635a1码范围内的另一名小队或团队成员。最多可跳跃$n次，每次跳跃后持续$41635d。此法术同一时间只能在一个目标身上激活。
Conjures $s1 $lcroissant:croissants;, providing the mage and $ghis:her; allies with something to eat.\n\nConjured items disappear if logged out for more than 15 minutes.	制造$s1个牛角面包，为法师和$g他:她;的盟友提供食物。\n\n制造出的物品如果在离线状态下超过15分钟就会消失。
Shapeshift into the Tree of Life.  While in this form you increase healing received by $5420s1% of your total Spirit for all party members within 45 yards, your movement speed is reduced by $5420s2%, and you can only cast Swiftmend, Innervate, Nature's Swiftness, Barkskin, non-healing Restoration spells, and healing over time spells, but the mana cost of these spells is reduced by $5420s3%.\n\nThe act of shapeshifting frees the caster of Polymorph and Movement Impairing effects.	变身为生命之树形态。在此形态下，你使45码范围内所有小队成员受到的治疗效果提高，数值相当于你总精神值的$5420s1%。你的移动速度降低$5420s2%，且只能施放迅捷治愈、激活、自然迅捷、树皮术、非治疗类恢复系法术以及持续性治疗法术，但这些法术的法力消耗降低$5420s3%。\n\n变形可以解除施法者身上的变形和移动限制效果。
Shapeshift into flight form, increasing movement speed by $33948s2% and allowing you to fly.  Cannot use in combat.  Can only use this form in Outland.\n\nThe act of shapeshifting frees the caster of Polymorph and Movement Impairing effects.	变身为飞行形态，移动速度提高$33948s2%并允许你飞行。无法在战斗中使用。只能在外域使用此形态。\n\n变形可以解除施法者身上的变形和移动限制效果。
Conjures $s1 $lbottle:bottles; of mountain spring water, providing the mage and $ghis:her; allies with something to drink.\n\nConjured items disappear if logged out for more than 15 minutes.	制造$s1瓶山泉水，为法师和$g他:她;的盟友提供饮品。\n\n制造出的物品如果在离线状态下超过15分钟就会消失。
Shapeshift into swift flight form, increasing movement speed by $40121s2% and allowing you to fly.  Cannot use in combat.  Can only use this form in Outland.\n\nThe act of shapeshifting frees the caster of Polymorph and Movement Impairing effects.	变身为迅捷飞行形态，移动速度提高$40121s2%并允许你飞行。无法在战斗中使用。只能在外域使用此形态。\n\n变形可以解除施法者身上的变形和移动限制效果。
Conjures $s1 Mana Pies providing the mage and $ghis:her; allies with something to eat.\n\nConjured items disappear if logged out for more than 15 minutes.	制造$s1个法力馅饼，为法师和$g他:她;的盟友提供食物。\n\n制造出的物品如果在离线状态下超过15分钟就会消失。
Conjures $s1 Mana Strudels providing the mage and $ghis:her; allies with something to eat.\n\nConjured items disappear if logged out for more than 15 minutes.	制造$s1个法力果馅卷，为法师和$g他:她;的盟友提供食物。\n\n制造出的物品如果在离线状态下超过15分钟就会消失。
Allows you to summon your Refer-A-Friend.	允许你召唤招募战友。
A riding rocket!  This can only be summoned in Outland or Northrend. This mount increases speed depending on your Riding Skill.	一枚飞行火箭！只能在外域或诺森德召唤。这种坐骑的移动速度取决于你的骑术等级。
An X-TREME riding rocket!    This mount can only be summoned in Outland or Northrend. This mount increases speed depending on your Riding Skill.	一枚极限飞行火箭！只能在外域或诺森德召唤。这种坐骑的移动速度取决于你的骑术等级。
Allows the miner to smelt khorium and hardened adamantite bars into a hardened khorium bar.  Smelting hard khorium requires a forge.	允许采矿者将氪金锭和硬化精金锭熔炼成硬化氪金锭。熔炼硬化氪金需要熔炉。
Right Click to summon and dismiss Snarly the baby crocolisk.	右键点击召唤或解散幼型鳄鱼斯纳里。
Right Click to summon and dismiss Chuck the baby crocolisk.	右键点击召唤或解散幼型鳄鱼查克。
Raises a Ghoul to fight by your side.  If no humanoid corpse that yields experience or honor is available, you must supply Corpse Dust to complete the spell.  You can have a maximum of one Ghoul at a time.  Lasts $46585d.	唤醒一个食尸鬼为你而战。如果没有可以提供经验或荣誉值的人型生物尸体，你必须提供尸体粉末来完成法术。你同一时间最多只能拥有一个食尸鬼。持续$46585d。
Your melee critical strikes increase the effectiveness of Bleed effects on the target by $46856s1% for $46856d.	你的近战暴击使目标受到的流血效果提高$46856s1%，持续$46856d。
Your melee critical strikes increase the effectiveness of Bleed effects on the target by $46857s1% for $46857d.	你的近战暴击使目标受到的流血效果提高$46857s1%，持续$46857d。
Your normal melee critical strikes increase the effectiveness of Bleed effects on the target by $46856s1% for $46856d.	你的普通近战攻击暴击使目标受到的流血效果提高$46856s1%，持续$46856d。
Your normal melee critical strikes increase the effectiveness of Bleed effects on the target by $46857s1% for $46857d.	你的普通近战攻击暴击使目标受到的流血效果提高$46857s1%，持续$46857d。
Reduces the cooldown of your Overpower and Revenge abilities by $/1000;s1 secs and increases the damage done by both abilities by $s2%.  In addition, if you strike a player with Overpower while they are casting, their magical damage and healing will be reduced by $64849s1% for $64849d.	使你的压制和复仇技能的冷却时间缩短$/1000;s1秒，且这两个技能造成的伤害提高$s2%。此外，如果你在玩家施法时对其使用压制，则其造成的魔法伤害和治疗效果会降低$64849s1%，持续$64849d。
Reduces the cooldown of your Overpower and Revenge abilities by $/1000;s1 secs and increases the damage done by both abilities by $s3%.  In addition, if you strike a player with Overpower while they are casting, their magical damage and healing will be reduced by $64850s1% for $64850d.	使你的压制和复仇技能的冷却时间缩短$/1000;s1秒，且这两个技能造成的伤害提高$s3%。此外，如果你在玩家施法时对其使用压制，则其造成的魔法伤害和治疗效果会降低$64850s1%，持续$64850d。
Grants the Warlock's summoned demon Empowerment.\n\nImp - Increases the Imp's spell critical strike chance by $54444s1% for $54444d.\n\nVoidwalker - Increases the Voidwalker's health by $54443s2%, and its threat generated from spells and attacks by $54443s2% for $54443d.\n\nSuccubus - Instantly vanishes, causing the Succubus to go into an improved Invisibility state. The vanish effect removes all stuns, snares and movement impairing effects from the Succubus.\n\nFelhunter - Dispels all magical effects from the Felhunter.\n\nFelguard - Increases the Felguard's attack speed by $54508s1% and breaks all stun, snare and movement impairing effects and makes your Felguard immune to them for $54508d.	赋予术士召唤的恶魔能量。\n\n小鬼 - 使小鬼的法术暴击几率提高$54444s1%，持续$54444d。\n\n虚空行者 - 使虚空行者的总生命值提高$54443s2%，且法术和攻击产生的威胁值提高$54443s2%，持续$54443d。\n\n魅魔 - 立即消失，进入强化隐形状态。消失效果会移除魅魔身上的所有昏迷、减速和移动限制效果。\n\n地狱猎犬 - 驱散地狱猎犬身上的所有魔法效果。\n\n恶魔卫士 - 使恶魔卫士的攻击速度提高$54508s1%，并解除所有昏迷、减速和移动限制效果，且使其在$54508d内免疫这些效果。
Increases the duration of your Immolate by $/1000;47245s2 sec, and you have a $47245h% chance to gain the Molten Core effect when your Corruption deals damage. The Molten Core effect empowers your next 3 Incinerate or Soul Fire spells cast within $47383d.\n\nIncinerate - Increases damage done by $47383s1% and reduces cast time by $47383s3%.\n\nSoul Fire - Increases damage done by $47383s1% and increases critical strike chance by $47383s2%.	使你的献祭持续时间延长$/1000;47245s2秒。当你的腐蚀术造成伤害时，有$47245h%的几率获得熔火之心效果，强化你接下来在$47383d内施放的3个烧尽或灵魂之火法术。\n\n烧尽 - 造成的伤害提高$47383s1%，且施法时间缩短$47383s3%。\n\n灵魂之火 - 造成的伤害提高$47383s1%，且暴击几率提高$47383s2%。
Increases the duration of your Immolate by $/1000;47246s2 sec, and you have a $47246h% chance to gain the Molten Core effect when your Corruption deals damage. The Molten Core effect empowers your next 3 Incinerate or Soul Fire spells cast within $71162d.\n\nIncinerate - Increases damage done by $71162s1% and reduces cast time by $71162s3%.\n\nSoul Fire - Increases damage done by $71162s1% and increases critical strike chance by $71162s2%.	使你的献祭持续时间延长$/1000;47246s2秒。当你的腐蚀术造成伤害时，有$47246h%的几率获得熔火之心效果，强化你接下来在$71162d内施放的3个烧尽或灵魂之火法术。\n\n烧尽 - 造成的伤害提高$71162s1%，且施法时间缩短$71162s3%。\n\n灵魂之火 - 造成的伤害提高$71162s1%，且暴击几率提高$71162s2%。
Increases the duration of your Immolate by $/1000;47247s2 sec, and you have a $47247h% chance to gain the Molten Core effect when your Corruption deals damage. The Molten Core effect empowers your next 3 Incinerate or Soul Fire spells cast within $71165d.\n\nIncinerate - Increases damage done by $71165s1% and reduces cast time by $71165s3%.\n\nSoul Fire - Increases damage done by $71165s1% and increases critical strike chance by $71165s2%.	使你的献祭持续时间延长$/1000;47247s2秒。当你的腐蚀术造成伤害时，有$47247h%的几率获得熔火之心效果，强化你接下来在$71165d内施放的3个烧尽或灵魂之火法术。\n\n烧尽 - 造成的伤害提高$71165s1%，且施法时间缩短$71165s3%。\n\n灵魂之火 - 造成的伤害提高$71165s1%，且暴击几率提高$71165s2%。
Creates a Demonic Healthstone that can be used to instantly restore $47874s1 health.\n\nConjured items disappear if logged out for more than 15 minutes.	制造一块恶魔治疗石，可以立即恢复$47874s1点生命值。\n\n制造出的物品如果在离线状态下超过15分钟就会消失。
Creates a Fel Healthstone that can be used to instantly restore $47875s1 health.\n\nConjured items disappear if logged out for more than 15 minutes.	制造一块魔能治疗石，可以立即恢复$47875s1点生命值。\n\n制造出的物品如果在离线状态下超过15分钟就会消失。
Creates a Demonic Soulstone.  The Soulstone can be used to store one target's soul.  If the target dies while his soul is stored, he will be able to resurrect with $47882s1 health and $47882q1 mana.\n\nConjured items disappear if logged out for more than 15 minutes.	制造一个恶魔灵魂石。灵魂石可以用来储存一个目标的灵魂。如果目标在灵魂储存期间死亡，他将能够以$47882s1点生命值和$47882q1点法力值复活。\n\n制造出的物品如果在离线状态下超过15分钟就会消失。
While applied to target weapon it increases damage dealt by periodic spells by $55191s1% and spell haste rating by $55191s3.  Lasts for 1 hour.	施加在武器上时，使周期性法术造成的伤害提高$55191s1%，法术急速等级提高$55191s3。持续1小时。
While applied to target weapon it increases damage dealt by periodic spells by $55195s1% and spell haste rating by $55195s3.  Lasts for 1 hour.	施加在武器上时，使周期性法术造成的伤害提高$55195s1%，法术急速等级提高$55195s3。持续1小时。
Targets in a cone in front of the caster take $47897s1 Shadow damage and an additional $47960o1 Fire damage over $47960d.	对施法者前方锥形区域内的目标造成$47897s1点暗影伤害，并在$47960d内额外造成$47960o1点火焰伤害。
Increases party and raid members' health by $s1.	使小队和团队成员的生命值提高$s1。
Transmutes Eternal Life to Fire.	将永恒生命转化成永恒之火。
Transmutes Eternal Life to Water.	将永恒生命转化成永恒之水。
Transmutes Eternal Life to Earth.	将永恒生命转化成永恒之土。
Transmutes Eternal Water to Air.	将永恒之水转化成永恒之气。
Transmutes Eternal Water to Fire.	将永恒之水转化成永恒之火。
Transmutes Eternal Water to Earth.	将永恒之水转化成永恒之土。
Transmutes Eternal Fire to Water.	将永恒之火转化成永恒之水。
Transmutes Eternal Fire to Air.	将永恒之火转化成永恒之气。
Transmutes Eternal Fire to Earth.	将永恒之火转化成永恒之土。
Transmutes Eternal Air to Water.	将永恒之气转化成永恒之水。
Transmutes Eternal Air to Fire.	将永恒之气转化成永恒之火。
Transmutes Eternal Air to Earth.	将永恒之气转化成永恒之土。
Transmutes Eternal Shadow to Water.	将永恒暗影转化成永恒之水。
Transmutes Eternal Shadow to Fire.	将永恒暗影转化成永恒之火。
Transmutes Eternal Shadow to Air.	将永恒暗影转化成永恒之气。
Surrounds the friendly party or raid target in a shield of fire, increasing Fire resistance by $s2 and making every strike against the target cause $s1 Fire damage to the attacker.  Lasts $d.  The caster cannot cast Fire Shield on himself.	为友方小队或团队目标施加一个火焰护盾，使火焰抗性提高$s2，且任何对该目标进行的攻击都会使攻击者受到$s1点火焰伤害。持续$d。施法者无法对自己施放火焰护盾。
Taunts the creature, increasing the chance that it will attack the Voidwalker.  More effective than Torment (Rank 7).	嘲讽生物，提高其攻击虚空行者的几率。比折磨（等级 7）更有效。
Taunts all enemies within $a1 yards, increasing the chance that they will attack the Voidwalker and reducing chance to hit by $s2% for $d.  More effective than Suffering (Rank 6).	嘲讽$a1码范围内的所有敌人，提高其攻击虚空行者的几率，并使其命中几率降低$s2%，持续$d。比受难（等级 6）更有效。
Taunts all enemies within $a1 yards, increasing the chance that they will attack the Voidwalker and reducing chance to hit by $s2% for $d.  More effective than Suffering (Rank 7).	嘲讽$a1码范围内的所有敌人，提高其攻击虚空行者的几率，并使其命中几率降低$s2%，持续$d。比受难（等级 7）更有效。
Purges $48011s1 harmful magic $leffect:effects; from a friend or $48011s1 beneficial magic $leffect:effects; from an enemy.  If an effect is devoured, the Felhunter will be healed for $s2.	驱散友方目标身上的$48011s1个有害魔法效果，或驱散敌方目标身上的$48011s1个有益魔法效果。如果成功吞噬了一个效果，地狱猎犬将恢复$s2点生命值。
You summon a Demonic Circle at your feet, lasting $d. You can only have one Demonic Circle active at a time.	在你的脚下召唤一个恶魔传送阵，持续$d。你同一时间只能拥有一个恶魔传送阵。
Teleports you to your Demonic Circle and removes all snare effects.	将你传送至你的恶魔传送阵处，并移除所有诱捕效果。
Causes an explosion of shadow magic around the enemy target, causing $49821s1 Shadow damage every $T1 sec for $d to all enemies within $49821a1 yards around the target.	在敌方目标周围制造一次暗影魔法爆炸，对目标周围$49821a1码范围内的所有敌人每$T1秒造成$49821s1点暗影伤害，持续$d。
A powerful prayer heals the friendly target's party members within $a1 yards for $s1.	强大的祷言，为友方目标周围$a1码范围内的所有小队成员恢复$s1点生命值。
Power infuses the target's party and raid members, increasing their Spirit by $s1 for $d.	力量注入目标的队伍和团队成员，使其精神提高$s1，持续$d。
Creates a Holy Lightwell.  Friendly players can click the Lightwell to restore ${$48084m1*3*$<mult>} health over $48084d. Attacks done to you equal to 30% of your total health will cancel the effect. Lightwell lasts for $d or 10 charges.	制造一个神圣的光明之泉。友方玩家可以点击光明之泉，在$48084d内恢复${$48084m1*3*$<mult>}点生命值。受到相当于你总生命值30%的攻击会取消该效果。光明之泉持续$d或被使用10次。
Creates a Holy Lightwell.  Friendly players can click the Lightwell to restore ${$48085m1*3*$<mult>} health over $48085d. Attacks done to you equal to 30% of your total health will cancel the effect. Lightwell lasts for $d or 10 charges.	制造一个神圣的光明之泉。友方玩家可以点击光明之泉，在$48085d内恢复${$48085m1*3*$<mult>}点生命值。受到相当于你总生命值30%的攻击会取消该效果。光明之泉持续$d或被使用10次。
Places a spell on the target that heals them for $s1 the next time they take damage.  When the heal occurs, Prayer of Mending jumps to a party or raid member within $48110a1 yards.  Jumps up to $n times and lasts $48110d after each jump.  This spell can only be placed on one target at a time.	在目标身上施加一个法术，使其在下一次受到伤害时恢复$s1点生命值。当治疗触发时，愈合祷言会跳向$48110a1码范围内的另一名小队或团队成员。最多可跳跃$n次，每次跳跃后持续$48110d。此法术同一时间只能在一个目标身上激活。
Places a spell on the target that heals them for $s1 the next time they take damage.  When the heal occurs, Prayer of Mending jumps to a party or raid member within $48111a1 yards.  Jumps up to $n times and lasts $48111d after each jump.  This spell can only be placed on one target at a time.	在目标身上施加一个法术，使其在下一次受到伤害时恢复$s1点生命值。当治疗触发时，愈合祷言会跳向$48111a1码范围内的另一名小队或团队成员。最多可跳跃$n次，每次跳跃后持续$48111d。此法术同一时间只能在一个目标身上激活。
Heals target for $s1% of maximum health.	为目标恢复生命值，数值相当于其最大生命值的$s1%。
Power infuses all party and raid members, increasing their Stamina by $s1 for $d.	力量注入所有队伍和团队成员，使其耐力提高$s1，持续$d。
Power infuses the target's party and raid members, increasing their Shadow resistance by $s1 for $d.	力量注入目标的队伍和团队成员，使其暗影抗性提高$s1，持续$d。
The death knight takes on the presence of frost, increasing Stamina by $61261s1%, armor contribution from cloth, leather, mail and plate items by $48263s1%, and reducing damage taken by $48263s3%.  Increases threat generated.  Only one Presence may be active at a time.	死亡骑士进入霜冻领域，使耐力提高$61261s1%，由布甲、皮甲、锁甲和板甲装备提供的护甲值提高$48263s1%，受到的所有伤害降低$48263s3%。提高产生的威胁值。同一时间只能激活一种领域。
Your Ghoul's attacks have a $h% chance to make your next Death Coil cost no runic power.	你的食尸鬼的攻击有$h%的几率使你的下一个缠绕不消耗符文能量。
Increases the damage done by your Death Coil and Scourge Strike by $s1%.	使你的缠绕和天灾打击造成的伤害提高$s1%。
You have a $h% chance when you deal damage with a melee attack to cause the target to be unable to be healed for $48476d.	你的近战攻击造成伤害时，有$h%的几率使目标在$48476d内无法受到治疗。
Increases the damage of your Death Strike by $s1% and its critical strike chance by $s2%.	使你的死亡打击造成的伤害提高$s1%，暴击几率提高$s2%。
Reduces the cooldown of your Mind Freeze by $/1000;s1 sec and increases the runic power gained by $s2.	使你的心灵冰冻的冷却时间缩短$/1000;s1秒，并使其产生的符文能量提高$s2。
Your Death Strike and Heart Strike damage is increased by $s1% for each of your diseases on the target.	目标身上每存在一个你的疾病效果，你的死亡打击和心脏打击造成的伤害就提高$s1%。
Your Death Strike and Heart Strike damage is increased by $s2% for each of your diseases on the target.	目标身上每存在一个你的疾病效果，你的死亡打击和心脏打击造成的伤害就提高$s2%。
Your Icy Touch, Howling Blast and Frost Strike have a $h% chance to cause your next Howling Blast to consume no runes.	你的冰冷触摸、凛冽寒风和冰打有$h%的几率使你的下一个凛冽寒风不消耗符文。
Your Icy Touch, Howling Blast and Frost Strike have a $h% chance to cause your next Howling Blast to consume no runes and have a ${$m3*100}% increased critical strike chance.	你的冰冷触摸、凛冽寒风和冰打有$h%的几率使你的下一个凛冽寒风不消耗符文，且暴击几率提高${$m3*100}%。
Whenever you use your Blood Strike or Heart Strike, you have a $h% chance to increase your strength by $s2% for $55223d.	每当你使用鲜血打击或心脏打击，就有$h%的几率使你的力量提高$s2%，持续$55223d。
Whenever you use your Icy Touch, you have a $h% chance to increase your Ranged Attack Power by $s2 for $55221d.	每当你使用冰冷触摸，就有$h%的几率使你的远程攻击强度提高$s2，持续$55221d。
Whenever you use your Icy Touch, you have a $h% chance to increase your Strength by $s2 for $55233d.	每当你使用冰冷触摸，就有$h%的几率使你的力量提高$s2，持续$55233d。
Whenever you use your Icy Touch, you have a $h% chance to increase your Strength by $s2 for $55237d.	每当你使用冰冷触摸，就有$h%的几率使你的力量提高$s2，持续$55237d。
Your Plague Strike damage is increased by $s1% for each of your diseases on the target.	目标身上每存在一个你的疾病效果，你的天灾打击造成的伤害就提高$s1%。
Increases the damage of your Blood Strike and Heart Strike by $s1.	使你的鲜血打击和心脏打击造成的伤害提高$s1点。
Increases the damage of your Blood Strike and Heart Strike by $s1%.	使你的鲜血打击和心脏打击造成的伤害提高$s1%。
Increases the damage of your Obliterate by $s1.	使你的湮灭造成的伤害提高$s1点。
Increases the damage of your Obliterate by $s1%.	使你的湮灭造成的伤害提高$s1%。
Increases the damage of your Scourge Strike by $s1.	使你的天灾打击造成的伤害提高$s1点。
Increases the damage of your Scourge Strike by $s1%.	使你的天灾打击造成的伤害提高$s1%。
Increases the damage of your Icy Touch by $s1.	使你的冰冷触摸造成的伤害提高$s1点。
Increases the damage of your Icy Touch by $s1%.	使你的冰冷触摸造成的伤害提高$s1%。
Increases the damage of your Plague Strike by $s1.	使你的天灾打击造成的伤害提高$s1点。
Increases the damage of your Plague Strike by $s1%.	使你的天灾打击造成的伤害提高$s1%。
Increases the damage of your Death Coil by $s1.	使你的缠绕造成的伤害提高$s1点。
Increases the damage of your Death Coil by $s1%.	使你的缠绕造成的伤害提高$s1%。
Increases the damage of your Frost Strike by $s1.	使你的冰打造成的伤害提高$s1点。
Increases the damage of your Frost Strike by $s1%.	使你的冰打造成的伤害提高$s1%。
Gives your autoattacks a chance to increase your Strength by $s1 for $d.	使你的自动攻击有一定几率使你的力量提高$s1，持续$d。
Gives your melee attacks a chance to increase your Strength by $s1 for $d.	使你的近战攻击有一定几率使你的力量提高$s1，持续$d。
Gives your melee attacks a chance to increase your Haste Rating by $s1 for $d.	使你的近战攻击有一定几率使你的急速等级提高$s1，持续$d。
Increases the bonus damage of your Blood Strike and Heart Strike by $s1 for each of your diseases on the target.	目标身上每存在一个你的疾病效果，你的鲜血打击和心脏打击的额外伤害就提高$s1点。
Induces a friendly unit into a killing frenzy for $d.  The target is Enraged, which increases their physical damage by $s1%, but causes them to lose health equal to $s2% of their maximum health every second.	使一个友方单位进入杀戮狂乱，持续$d。目标会进入激怒状态，使其造成的物理伤害提高$s1%，但每秒会损失相当于其最大生命值$s2%的生命值。
Summons a second rune weapon that fights on its own for $d, doing the same attacks as the Death Knight but for $51906s3% reduced damage.	召唤一把符文武器自动为你而战，持续$d，其攻击方式与死亡骑士相同，但造成的伤害降低$51906s3%。
Your diseases also cause Crypt Fever, which increases disease damage taken by the target by $50508s1%.	你的疾病还会引起墓地热疫，使目标受到的疾病伤害提高$50508s1%。
Draw upon unholy energy to become undead for $d.  While undead, you are immune to Charm, Fear and Sleep effects.	汲取不洁能量变身为亡灵，持续$d。在此状态下，你免疫魅惑、恐惧和睡眠效果。
Place a fire trap that will burn the first enemy to approach for ${($RAP*($<mult>/100)+$49053m1)*$<duration>} Fire damage over $49053d.  Trap will exist for $49055d.  Only one trap can be active at a time.	放置一个火焰陷阱。陷阱会使第一个接近的敌人受到${($RAP*($<mult>/100)+$49053m1)*$<duration>}点火焰伤害，在$49053d内生效。陷阱持续$49055d。同一时间只能激活一个陷阱。
Place a fire trap that will burn the first enemy to approach for ${($RAP*($<mult>/100)+$49054m1)*$<duration>} Fire damage over $49054d.  Trap will exist for $49056d.  Only one trap can be active at a time.	放置一个火焰陷阱。陷阱会使第一个接近的敌人受到${($RAP*($<mult>/100)+$49054m1)*$<duration>}点火焰伤害，在$49054d内生效。陷阱持续$49056d。同一时间只能激活一个陷阱。
Place a fire trap that will burn the first enemy to approach for ${($RAP*($<mult>/100)+$49053m1)*$<duration>} Fire damage over $49053d.  Trap will exist for $d.  Only one trap can be active at a time.	放置一个火焰陷阱。陷阱会使第一个接近的敌人受到${($RAP*($<mult>/100)+$49053m1)*$<duration>}点火焰伤害，在$49053d内生效。陷阱持续$d。同一时间只能激活一个陷阱。
Place a fire trap that will burn the first enemy to approach for ${($RAP*($<mult>/100)+$49054m1)*$<duration>} Fire damage over $49054d.  Trap will exist for $d.  Only one trap can be active at a time.	放置一个火焰陷阱。陷阱会使第一个接近的敌人受到${($RAP*($<mult>/100)+$49054m1)*$<duration>}点火焰伤害，在$49054d内生效。陷阱持续$d。同一时间只能激活一个陷阱。
Place a fire trap that explodes when an enemy approaches, causing ${$RAP*0.1+$49064m1} to ${$RAP*0.1+$49064M1} Fire damage and burning all enemies for $49064o2 additional Fire damage over $49064d to all within $49064a1 yards.  Trap will exist for $49066d.  Only one trap can be active at a time.	放置一个在敌人接近时爆炸的火焰陷阱。陷阱对$49064a1码范围内的所有敌人造成${$RAP*0.1+$49064m1}到${$RAP*0.1+$49064M1}点火焰伤害，并在$49064d内额外造成$49064o2点火焰伤害。陷阱持续$49066d。同一时间只能激活一个陷阱。
Place a fire trap that explodes when an enemy approaches, causing ${$RAP*0.1+$49065m1} to ${$RAP*0.1+$49065M1} Fire damage and burning all enemies for $49065o2 additional Fire damage over $49065d to all within $49065a1 yards.  Trap will exist for $49067d.  Only one trap can be active at a time.	放置一个在敌人接近时爆炸的火焰陷阱。陷阱对$49065a1码范围内的所有敌人造成${$RAP*0.1+$49065m1}到${$RAP*0.1+$49065M1}点火焰伤害，并在$49065d内额外造成$49065o2点火焰伤害。陷阱持续$49067d。同一时间只能激活一个陷阱。
Place a fire trap that explodes when an enemy approaches, causing ${$RAP*0.1+$49064m1} to ${$RAP*0.1+$49064M1} Fire damage and burning all enemies for ${$49064m2*10+$RAP} additional Fire damage over $49064d to all within $49064a1 yards.  Trap will exist for $d.  Only one trap can be active at a time.	放置一个在敌人接近时爆炸的火焰陷阱。陷阱对$49064a1码范围内的所有敌人造成${$RAP*0.1+$49064m1}到${$RAP*0.1+$49064M1}点火焰伤害，并在$49064d内额外造成${$49064m2*10+$RAP}点火焰伤害。陷阱持续$d。同一时间只能激活一个陷阱。
Place a fire trap that explodes when an enemy approaches, causing ${$RAP*0.1+$49065m1} to ${$RAP*0.1+$49065M1} Fire damage and burning all enemies for ${$49065m2*10+$RAP} additional Fire damage over $49065d to all within $49065a1 yards.  Trap will exist for $d.  Only one trap can be active at a time.	放置一个在敌人接近时爆炸的火焰陷阱。陷阱对$49065a1码范围内的所有敌人造成${$RAP*0.1+$49065m1}到${$RAP*0.1+$49065M1}点火焰伤害，并在$49065d内额外造成${$49065m2*10+$RAP}点火焰伤害。陷阱持续$d。同一时间只能激活一个陷阱。
Your strength is increased by $s1% and the cost of your Mind Freeze is reduced to 10 runic power.	你的力量提高$s1%，且心灵冰冻的消耗降低至10点符文能量。
Imbues your rune weapon with the power of frost.  For the next 30 minutes your melee swings have  a chance to cause your target to take an additional $51714s1% damage from Frost for $51714d.  This effect stacks up to 10 times.	为你的符文武器注入霜冻之力。在接下来的30分钟内，你的近战攻击有一定几率使目标在$51714d内受到的冰霜伤害提高$51714s1%。此效果最多可叠加10次。
Your Chains of Ice, Howling Blast, Icy Touch and Obliterate generate 2.5 additional runic power.	你的冰链术、凛冽寒风、冰冷触摸和湮灭会产生额外的2.5点符文能量。
Whenever your Blood Runes are on cooldown, you gain the Blade Barrier effect, which decreases damage taken by $s1% for the next $51789d.	每当你的鲜血符文处于冷却状态时，你就会获得刀锋护甲效果，使你在接下来的$51789d内受到的伤害降低$s1%。
Damage that would take you below $s1% health or taken while you are at $s1% health is reduced by $52284s1%.	使你生命值降至$s1%以下的伤害或在你生命值处于$s1%以下时受到的伤害降低$52284s1%。
Causes the victims of your Death Coil to be surrounded by a vile swarm of unholy insects, taking $49194s1% of the damage done by the Death Coil over $50536d, and preventing any diseases on the victim from being dispelled.	使受到你缠绕攻击的目标被邪恶的昆虫包围，在$50536d内受到相当于缠绕伤害$49194s1%的伤害，并防止目标身上的任何疾病效果被驱散。
Purges the earth around the Death Knight of all heat.  Enemies within $51209a1 yards are trapped in ice, preventing them from performing any action for $51209d and infecting them with Frost Fever.  Enemies are considered Frozen, but any damage other than diseases will break the ice.	清除死亡骑士周围地面上的所有热量。$51209a1码范围内的敌人将被困在冰中，在$51209d内无法进行任何动作，并感染霜疫。敌人被视为处于冻结状态，但除了疾病以外的任何伤害都会打破冰冻。
A Gargoyle flies into the area and bombards the target with Nature damage modified by the Death Knight's attack power.  Persists for $61777d.	一只石像鬼飞入该区域，用受死亡骑士攻击强度加成的自然伤害轰击目标。持续$61777d。
The attack power bonus of your spells is increased by $49220s1%.	你的法术获得的攻击强度加成提高$49220s1%。
The Death Knight is surrounded by $n whirling bones.  While at least 1 bone remains, $Ghe:she; takes $s1% less damage from all sources and deals $s2% more damage with all attacks, spells and abilities.  Each damaging attack that lands consumes 1 bone.  Lasts $d.	死亡骑士被$n块旋转的白骨包围。只要还有至少1块白骨存在，$g他:她;受到的所有伤害就会降低$s1%，且其所有攻击、法术和技能造成的伤害提高$s2%。每次成功的伤害性攻击都会消耗1块白骨。持续$d。
Your Death Strike, Plague Strike and Scourge Strike generate 2.5 additional runic power.	你的死亡打击、天灾打击和天灾打击会产生额外的2.5点符文能量。
Allows the miner to smelt a cobalt ore into a cobalt bar.  Requires a forge.	允许采矿者将一块钴矿石熔炼成一块钴锭。需要熔炉。
Allows the miner to smelt 2 saronite ore into a saronite bar.  Requires a forge.	允许采矿者将2块萨隆邪铁矿石熔炼成一块萨隆邪铁锭。需要熔炉。
The caster is surrounded by $n balls of lightning.  When a spell, melee or ranged attack hits the caster, the attacker will be struck for $49278s1 Nature damage.  This expends one lightning ball.  Only one ball will fire every few seconds.  Lasts $d.  Only one Elemental Shield can be active on the Shaman at any one time.	施法者被$n个闪电球包围。当法术、近战或远程攻击击中施法者时，攻击者将受到$49278s1点自然伤害。这将消耗一个闪电球。每隔几秒钟只能触发一个闪电球。持续$d。萨满祭司在同一时间内只能激活一种元素护盾。
The caster is surrounded by $n balls of lightning.  When a spell, melee or ranged attack hits the caster, the attacker will be struck for $49279s1 Nature damage.  This expends one lightning ball.  Only one ball will fire every few seconds.  Lasts $d.  Only one Elemental Shield can be active on the Shaman at any one time.	施法者被$n个闪电球包围。当法术、近战或远程攻击击中施法者时，攻击者将受到$49279s1点自然伤害。这将消耗一个闪电球。每隔几秒钟只能触发一个闪电球。持续$d。萨满祭司在同一时间内只能激活一种元素护盾。
Teleports the caster to Stonard.	将施法者传送至斯通纳德。
Teleports the caster to Theramore.	将施法者传送至塞拉摩。
Creates a portal, teleporting group members that use it to Theramore.	制造一个传送门，将使用它的队友传送至塞拉摩。
Creates a portal, teleporting group members that use it to Stonard.	制造一个传送门，将使用它的队友传送至斯通纳德。
Causes you to leap behind an enemy, dazing them for $50259d.	使你跳向敌人身后，并使其眩晕$50259d。
Teaches Feral Charge (Bear) and Feral Charge (Cat).\n\nFeral Charge (Bear) - Causes you to charge an enemy, immobilizing and interrupting any spell being cast for $19675d. This ability can be used in Bear Form and Dire Bear Form. 15 second cooldown.\n\nFeral Charge (Cat) - Causes you to leap behind an enemy, dazing them for $50259d. 30 second cooldown.	学会野性冲锋（熊）和野性冲锋（豹）。\n\n野性冲锋（熊） - 使你向一名敌人冲锋，使其定身并打断其正在施放的法术，持续$19675d。该技能可以在熊形态或巨熊形态下使用。15秒冷却时间。\n\n野性冲锋（豹） - 使你跳向一名敌人后方，并使其眩晕$50259d。30秒冷却时间。
Increases your Parry Rating by $s1% of your total Strength.	使你的招架等级提高，数值相当于你总力量值的$s1%。
Heals for ${$s1*$<mult>} every 1 sec for $d.  Armor is increased by $s2% while channeling.  Can be cast in Bear Form, Cat Form, or Dire Bear Form.	每1秒恢复${$s1*$<mult>}点生命值，持续$d。引导时护甲提高$s2%。可在熊形态、豹形态或巨熊形态下施放。
Increases armor contribution from cloth and leather items by $s1% and damage dealt while in Bear Form, Cat Form, or Dire Bear Form by $s2%.  In addition, reduces the chance you'll be critically hit by melee attacks by $s3%.	由布甲和皮甲装备提供的护甲值提高$s1%，在熊形态、豹形态或巨熊形态下造成的伤害提高$s2%。此外，受到近战攻击爆击的几率降低$s3%。
Reduces the chance the Death Knight will be hit by melee attacks by $s1% and increases the damage of the Death Knight's next Death Strike, Plague Strike or Scourge Strike by $51125s1%.	使死亡骑士受到近战攻击命中的几率降低$s1%，并使死亡骑士下一次死亡打击、天灾打击或天灾打击造成的伤害提高$51125s1%。
Reduces the chance the Death Knight will be hit by melee attacks by $s1% and increases the damage of the Death Knight's next Death Strike, Plague Strike or Scourge Strike by $51128s1%.	使死亡骑士受到近战攻击命中的几率降低$s1%，并使死亡骑士下一次死亡打击、天灾打击或天灾打击造成的伤害提高$51128s1%。
While in Cat Form, reduces the energy cost of your Mangle (Cat) and Shred abilities by $s1, and reduces the mana cost of your travel forms by $s2%.	在豹形态下，使你的裂伤（豹）和撕碎技能的能量消耗降低$s1，并使你的旅行形态的法力消耗降低$s2%。
You have a $h% chance to cause the clearcasting state after any damage spell hits a target.  Clearcasting reduces the mana cost of your next damage spell by 100%.	你的任何伤害法术击中目标后，有$h%的几率进入节能施法状态。节能施法使你下一个伤害法术的法力消耗降低100%。
Summons a swarm of insects to attack the enemy, causing $o1 Nature damage over $d and reducing the enemy's chance to hit with melee and ranged attacks by $s2%.	召唤一群昆虫攻击敌人，在$d内造成$o1点自然伤害，并使敌人的近战和远程攻击命中几率降低$s2%。
Whenever you kill an enemy that grants experience or honor, you generate up to 20 runic power.  In addition, you generate 2 runic power per 5 sec while in combat.	每当你杀死一个可以提供经验或荣誉值的敌人，你就会产生最多20点符文能量。此外，在战斗中每5秒产生2点符文能量。
Whenever your Blood Runes are on cooldown, you gain the Blade Barrier effect, which decreases damage taken by $64855s1% for the next $64855d.	每当你的鲜血符文处于冷却状态时，你就会获得刀锋护甲效果，使你在接下来的$64855d内受到的伤害降低$64855s1%。
Whenever your Blood Runes are on cooldown, you gain the Blade Barrier effect, which decreases damage taken by $64856s1% for the next $64856d.	每当你的鲜血符文处于冷却状态时，你就会获得刀锋护甲效果，使你在接下来的$64856d内受到的伤害降低$64856s1%。
Gives you a $50448s1% bonus to physical damage you deal for $50448d after dealing a critical strike from a weapon swing, spell, or ability.  This effect stacks up to $50448u times.	在你通过武器攻击、法术或技能造成暴击后，使你造成的物理伤害提高$50448s1%，持续$50448d。此效果最多可叠加$50448u次。
Gives you a $50449s1% bonus to physical damage you deal for $50449d after dealing a critical strike from a weapon swing, spell, or ability.  This effect stacks up to $50449u times.	在你通过武器攻击、法术或技能造成暴击后，使你造成的物理伤害提高$50449s1%，持续$50449d。此效果最多可叠加$50449u次。
You have a $h% chance after dodging, parrying or taking  direct damage to gain the Scent of Blood effect, causing your next 2 melee hits to generate 10 runic power.	你在躲闪、招架或受到直接伤害后有$h%的几率获得血之气息效果，使你的下两次近战攻击产生10点符文能量。
You have a $h% chance after dodging, parrying or taking  direct damage to gain the Scent of Blood effect, causing your next 3 melee hits to generate 10 runic power.	你在躲闪、招架或受到直接伤害后有$h%的几率获得血之气息效果，使你的下三次近战攻击产生10点符文能量。
Increases your total Strength by $s1% and the contribution your Ghouls get from your Strength and Stamina by $s2%	使你的总力量提高$s1%，并使你的食尸鬼从你的力量和耐力中获得的加成提高$s2%。
Draws your target before you with a beam of unholy power. This will also taunt the target, forcing enemies to attack you for $49560d.	用一道邪恶能量光束将目标拉至你面前。这也会嘲讽目标，强制敌人攻击你，持续$49560d。
Your Death Strike, Plague Strike and Scourge Strike generate 5 additional runic power.	你的死亡打击、天灾打击和天灾打击会产生额外的5点符文能量。
Your diseases also cause Crypt Fever, which increases disease damage taken by the target by $50509s1%.	你的疾病还会引起墓地热疫，使目标受到的疾病伤害提高$50509s1%。
Your diseases also cause Crypt Fever, which increases disease damage taken by the target by $50510s1%.	你的疾病还会引起墓地热疫，使目标受到的疾病伤害提高$50510s1%。
The attack power bonus of your spells is increased by $49633s1%.	你的法术获得的攻击强度加成提高$49633s1%。
The attack power bonus of your spells is increased by $49635s1%.	你的法术获得的攻击强度加成提高$49635s1%。
The attack power bonus of your spells is increased by $49636s1%.	你的法术获得的攻击强度加成提高$49636s1%。
Your spells receive an additional $49638s1% benefit from your attack power.	你的法术从攻击强度中获得的加成额外提高$49638s1%。
Your strength is increased by $s1% and your Mind Freeze no longer costs runic power.	你的力量提高$s1%，且心灵冰冻不再消耗符文能量。
When activated, makes your next Icy Touch, Howling Blast, Frost Strike or Obliterate a critical hit if used within $d.	激活后，使你在$d内施放的下一个冰冷触摸、凛冽寒风、冰打或湮灭必定产生爆击。
Finishing move that causes damage and stuns the target.  Non-player victim spellcasting is also interrupted for $32747d.  Causes more damage and lasts longer per combo point:\n   1 point  : ${$b1*1+$m1+$mw}-${$b1*1+$M1+$MW} damage, 1 sec\n   2 points: ${$b1*2+$m1+$mw}-${$b1*2+$M1+$MW} damage, 2 sec\n   3 points: ${$b1*3+$m1+$mw}-${$b1*3+$M1+$MW} damage, 3 sec\n   4 points: ${$b1*4+$m1+$mw}-${$b1*4+$M1+$MW} damage, 4 sec\n   5 points: ${$b1*5+$m1+$mw}-${$b1*5+$M1+$MW} damage, 5 sec	终结技，造成伤害并使目标昏迷。非玩家目标的施法也会被中断，持续$32747d。每个连击点造成更多伤害并持续更长时间：\n   1连击点：${$b1*1+$m1+$mw}-${$b1*1+$M1+$MW}伤害，1秒\n   2连击点：${$b1*2+$m1+$mw}-${$b1*2+$M1+$MW}伤害，2秒\n   3连击点：${$b1*3+$m1+$mw}-${$b1*3+$M1+$MW}伤害，3秒\n   4连击点：${$b1*4+$m1+$mw}-${$b1*4+$M1+$MW}伤害，4秒\n   5连击点：${$b1*5+$m1+$mw}-${$b1*5+$M1+$MW}伤害，5秒
Pounce, stunning the target for $d and causing $49804o1 damage over $49804d.  Must be prowling.  Awards $s3 combo $lpoint:points;.	突袭，使目标昏迷$d，并在$49804d内造成$49804o1点伤害。必须处于潜行状态。产生$s3个连击点数。
Pounce, stunning the target for $49803d and causing $49804o1 damage over $49804d.  Must be prowling.  Awards $49803s3 combo $lpoint:points;.	突袭，使目标昏迷$49803d，并在$49804d内造成$49804o1点伤害。必须处于潜行状态项。产生$49803s3个连击点数。
Causes an explosion of shadow magic around the enemy target, causing $s1 Shadow damage every 1 sec for $48045d to all enemies within $a1 yards around the target.	在敌方目标周围制造一次暗影魔法爆炸，对目标周围$a1码范围内的所有敌人每1秒造成$s1点暗影伤害，持续$48045d。
Right Click to summon and dismiss an Ethereal Soul-Trader.	右键点击召唤或解散虚空交易者。
Victims of your Frost Fever disease are Chilled, reducing movement speed by $50434s1% for $50434d.	受到你的霜疫感染的目标会感到寒冷，移动速度降低$50434s1%，持续$50434d。
Victims of your Frost Fever disease are Chilled, reducing movement speed by $50435s1% for $50435d.	受到你的霜疫感染的目标会感到寒冷，移动速度降低$50435s1%，持续$50435d。
Victims of your Frost Fever disease are Chilled, reducing movement speed by $50436s1% for $50436d.	受到你的霜疫感染的目标会感到寒冷，移动速度降低$50436s1%，持续$50436d。
Your Chains of Ice, Howling Blast, Icy Touch and Obliterate generate 5 additional runic power.	你的冰链术、凛冽寒风、冰冷触摸和湮灭会产生额外的5点符文能量。
Your spells and abilities deal 2% more damage to targets infected with Blood Plague.  Also increases your expertise by $s2.	你的法术和技能对感染了血红瘟疫的目标造成的伤害提高2%。此外还会使你的精准提高$s2。
Your spells and abilities deal 4% more damage to targets infected with Blood Plague.  Also increases your expertise by $s2.	你的法术和技能对感染了血红瘟疫的目标造成的伤害提高4%。此外还会使你的精准提高$s2。
Your spells and abilities deal 6% more damage to targets infected with Blood Plague.  Also increases your expertise by $s2.	你的法术和技能对感染了血红瘟疫的目标造成的伤害提高6%。此外还会使你的精准提高$s2。
Your spells and abilities deal 8% more damage to targets infected with Blood Plague.  Also increases your expertise by $s2.	你的法术和技能对感染了血红瘟疫的目标造成的伤害提高8%。此外还会使你的精准提高$s2。
Your spells and abilities deal 10% more damage to targets infected with Blood Plague.  Also increases your expertise by $s2.	你的法术和技能对感染了血红瘟疫的目标造成的伤害提高10%。此外还会使你的精准提高$s2。
Damage that would take you below $s1% health or taken while you are at $s1% health is reduced by $52285s1%.	使你生命值降至$s1%以下的伤害或在你生命值处于$s1%以下时受到的伤害降低$52285s1%。
The Paladin loses health equal to $s1% of all damage caused by his Seals of Blood and the Martyr.  Additionally, your judgement spells deal $s2% increased damage.	圣骑士损失生命值，数值相当于其血印和殉难圣印所造成的所有伤害的$s1%。此外，你的审判法术造成的伤害提高$s2%。
Your Overpower, Execute, and Slam abilities have a $h% chance to cause the target to bleed for $60391s1% of the damage dealt over $60391d.	你的压制、斩杀和猛击技能有$h%的几率使目标流血，在$60391d内造成相当于该技能伤害$60391s1%的伤害。
Your Overpower, Execute, and Slam abilities have a $h% chance to cause the target to bleed for $60392s1% of the damage dealt over $60392d.	你的压制、斩杀和猛击技能有$h%的几率使目标流血，在$60392d内造成相当于该技能伤害$60392s1%的伤害。
Your Overpower, Execute, and Slam abilities have a $h% chance to cause the target to bleed for $60393s1% of the damage dealt over $60393d.	你的压制、斩杀和猛击技能有$h%的几率使目标流血，在$60393d内造成相当于该技能伤害$60393s1%的伤害。
Increases the damage of your Steady Shot by $s1% and gives your Steady Shot a $s2% chance to cause your target to take $s3% additional damage from your next Aimed Shot, Arcane Shot, or Chimera Shot.  Lasts $d.	使你的稳固射击造成的伤害提高$s1%，并使你的稳固射击有$s2%的几率使目标从你的下一个瞄准射击、奥术射击或奇美拉射击中额外受到$s3%的伤害。持续$d。
Reduces the cooldown on your Bestial Wrath by $/1000;s1 sec.	使你的狂野怒火的冷却时间缩短$/1000;s1秒。
Each time you deal damage with Arcane Shot, Aimed Shot, or Chimera Shot, you have a $h% chance to reduce the cooldown of your Bestial Wrath by $/1000;s1 sec.	每当你使用奥术射击、瞄准射击或奇美拉射击造成伤害时，都有$h%的几率使你的狂野怒火的冷却时间缩短$/1000;s1秒。
Whenever you deal a critical strike with a damaging spell, you have a $h% chance to cause your next spell to cost no mana.	每当你的伤害法术产生爆击，就有$h%的几率使你的下一个法术不消耗法力值。
Damage that would take you below $s1% health or taken while you are at $s1% health is reduced by $52286s1%.	使你生命值降至$s1%以下的伤害或在你生命值处于$s1%以下时受到的伤害降低$52286s1%。
How to find and gather Northrend herbs.   Gives a potential herbalism skill of 450.	教你如何寻找并采集诺森德草药。使你的采药技能上限达到450点。
Master skill in skinning the hides from beasts for use in Leatherworking.  Gives a potential skinning skill of 450.  Requires a Skinning Knife.	剥取野兽毛皮的高级技巧，用于制皮。使你的剥皮技能上限达到450点。需要剥皮小刀。
You are a Grand Master Miner.  Gives a potential mining skill of 450.	你是一名宗师级采矿者。使你的采矿技能上限达到450点。
When activated, this ability temporarily grants you $s1% of your current maximum health for $d.  Only useable while in Bear Form, Cat Form, or Dire Bear Form.  After the effect expires, the health is lost.	激活后，此技能暂时为你提供当前最大生命值的$s1%，持续$d。只能在熊形态、豹形态或巨熊形态下使用。效果结束后，增加的生命值会消失。
When activated, this ability causes your Mangle (Bear) ability to hit up to $58923s1 targets and have no cooldown, and reduces the energy cost of all your Cat Form abilities by $s1%.  Lasts $d.  You cannot use Tiger's Fury while Berserk is active. \n\nClears the effect of Fear and makes you immune to Fear for the duration.	激活后，此技能使你的裂伤（熊）技能可以同时攻击最多$58923s1个目标且没有冷却时间，并使你所有豹形态技能的能量消耗降低$s1%，持续$d。狂暴激活期间无法使用猛虎之怒。\n\n清除所有恐惧效果，并在持续时间内免疫恐惧。
Cause a corpse to explode for $s1 Shadow damage to all enemies within $A1 yards.  Will use a nearby corpse if the target is not a corpse.  Does not affect mechanical or elemental corpses.	使一具尸体爆炸，对$A1码范围内的所有敌人造成$s1点暗影伤害。如果目标不是尸体，则会寻找附近的尸体。对机械或元素生物的尸体无效。
Heals a friendly target for $s1. Heals for an additional 20% if you have a Rejuvenation, Regrowth, Lifebloom, or Wild Growth effect active on the target.	为一名友方目标恢复$s1点生命值。如果目标身上已经拥有回春术、愈合、生命绽放或野性成长效果，则治疗效果额外提高20%。
Target's melee attack power is reduced by $s1 and armor is reduced by $s2% for $d.  Only one Curse per Warlock can be active on any one target.	目标的近战攻击强度降低$s1点，护甲降低$s2%，持续$d。每个术士同一时间只能在一个目标身上激活一种诅咒。
You summon a violent Typhoon that does $s2 Nature damage when in contact with hostile targets, knocking them back and dazing them for $61391d.	召唤一场剧烈的台风，接触到敌方目标时造成$s2点自然伤害，并将其击退，使其眩晕$61391d。
Inflicts $s1 Shadow damage to an enemy target and nearby allies, affecting up to $x1 targets.	对敌方目标及其附近的盟友造成$s1点暗影伤害，最多影响$x1个目标。
Ignites the area surrounds you, causing $50590s1 Fire damage to all nearby enemies every $50589t1 sec.  Lasts $50589d.	点燃你周围的区域，每$50589t1秒对附近所有敌人造成$50590s1点火焰伤害。持续$50589d。
Silence all enemies within $a1 yards for $d and restores ${$m2/10} Runic Power.  Non-player victim spellcasting is also interrupted for $32747d.	使$a1码范围内的所有敌人沉默，持续$d，并恢复${$m2/10}点符文能量。非玩家目标的施法也会被中断，持续$32747d。
Focus your protective gaze on a group or raid target, reducing their damage taken by $s1% and transfers $<threat>% of the threat they cause to you.  In addition, each time they are hit by an attack your Taunt cooldown is refreshed.  Lasts $d.  This effect can only be on one target at a time.	将保护性目光集中在一个小队或团队成员身上，使其受到的伤害降低$s1%，并将该目标产生威胁值的$<threat>%转移给你。此外，目标每次受到攻击时，你的嘲讽冷却时间都会被刷新。持续$d。此效果同一时间只能在一个目标身上激活。
Spreads existing Blood Plague and Frost Fever infections from your target to all other enemies within $a3 yards.	将目标身上的血红瘟疫和霜疫传播给$a3码范围内的所有其他敌人。
Opens a gate which the Death Knight can use to return to Ebon Hold.	开启一扇大门，死亡骑士可以使用它回到黑锋要塞。
Crush 5 herbs to create pigments for making inks.  This will destroy the herbs in the process.	研磨5份草药以提取颜料，用于制造墨水。研磨过程中会消耗这些草药。
Places a large, stationary Anti-Magic Zone that reduces spell damage done to party or raid members inside it by $50461s1%.  The Anti-Magic Zone lasts for $51052d or until it absorbs ${$51052m1+2*$AP} spell damage.	制造一个静止的大型反魔法领域，使其中的所有小队 and 团队成员受到的法术伤害降低$50461s1%。反魔法领域持续$51052d，或直到其吸收了${$51052m1+2*$AP}点法术伤害。
Your Crypt Fever morphs into Ebon Plague, which increases magic damage taken by 4% in addition to increasing disease damage taken.  Improves your critical strike chance with weapons and spells by $51099s2% at all times.	你的墓地热疫演变为黑色瘟疫，除了使受到的疾病伤害提高外，还会使受到的魔法伤害提高4%。始终使你的武器攻击和法术爆击几率提高$51099s2%。
Your melee attacks have a chance to make your next Icy Touch, Howling Blast or Frost Strike a critical strike.	你的近战攻击有一定几率使你的下一个冰冷触摸、凛冽寒风或冰打产生爆击。
Your melee attacks have a chance to make your next Icy Touch, Howling Blast or Frost Strike a critical strike.  Effect occurs more often than Killing Machine (Rank 1).	你的近战攻击有一定几率使你的下一个冰冷触摸、凛冽寒风或冰打产生爆击。触发频率高于杀戮机器（等级 1）。
Your melee attacks have a chance to make your next Icy Touch, Howling Blast or Frost Strike a critical strike.  Effect occurs more often than Killing Machine (Rank 2).	你的近战攻击有一定几率使你的下一个冰冷触摸、凛冽寒风或冰打产生爆击。触发频率高于杀戮机器（等级 2）。
Your melee attacks have a chance to make your next Icy Touch, Howling Blast or Frost Strike a critical strike.  Effect occurs more often than Killing Machine (Rank 3).	你的近战攻击有一定几率使你的下一个冰冷触摸、凛冽寒风或冰打产生爆击。触发频率高于杀戮机器（等级 3）。
Your melee attacks have a chance to make your next Icy Touch, Howling Blast or Frost Strike a critical strike.  Effect occurs more often than Killing Machine (Rank 4).	你的近战攻击有一定几率使你的下一个冰冷触摸、凛冽寒风或冰打产生爆击。触发频率高于杀戮机器（等级 4）。
Your Crypt Fever morphs into Ebon Plague, which increases magic damage taken by 9% in addition to increasing disease damage taken.  Improves your critical strike chance with weapons and spells by $51160s2% at all times.	你的墓地热疫演变为黑色瘟疫，除了使受到的疾病伤害提高外，还会使受到的魔法伤害提高9%。始终使你的武器攻击和法术爆击几率提高$51160s2%。
Your Crypt Fever morphs into Ebon Plague, which increases magic damage taken by 13% in addition to increasing disease damage taken.  Improves your critical strike chance with weapons and spells by $51161s2% at all times.	你的墓地热疫演变为黑色瘟疫，除了使受到的疾病伤害提高外，还会使受到的魔法伤害提高13%。始终使你的武器攻击和法术爆击几率提高$51161s2%。
Reinforces your armor with a thick coat of ice, increasing your armor by $s1% and increasing your Strength by $s2% for $d.	用厚厚的冰层加固你的护甲，使你的护甲值提高$s1%，力量提高$s2%，持续$d。
Allows a cook to make amazing recipes up to a maximum potential skill of 450.	允许厨师学习神奇的烹饪配方。使你的烹饪技能上限达到450点。
Allows a Blacksmith to make weapons and armor up to a maximum potential skill of 450.	允许锻造师制造武器和护甲。使你的锻造技能上限达到450点。
Allows a leatherworker to make master quality leather armors, up to a maximum potential skill of 450.	允许制皮师制造宗师级品质的皮甲。使你的制皮技能上限达到450点。
Allows an alchemist to brew extraordinary potions up to a maximum potential skill of 450.	允许炼金师调制卓越的药水。使你的炼金技能上限达到450点。
Allows a physician to make and use extraordinary bandages up to a maximum potential skill of 450.	允许急救医生制造并使用卓越的绷带。使你的急救技能上限达到450点。
Allows an Enchanter to enchant master quality items up to a maximum potential skill of 450.	允许附魔师附魔宗师级品质的物品。使你的附魔技能上限达到450点。
Allows an engineer to make master quality items up to a maximum potential skill of 450.	允许工程师制造宗师级品质的物品。使你的工程技能上限达到450点。
Allows a jeweler to make master quality jewels up to a maximum potential skill of 450.	允许珠宝匠制造宗师级品质的珠宝。使你的珠宝加工技能上限达到450点。
Allows a scribe to create master quality scrolls and inscriptions up to a maximum potential skill of 450.	允许铭文师制造宗师级品质的卷轴和铭文。使你的铭文技能上限达到450点。
Allows the miner to smelt titansteel bars.  Requires a forge.	允许采矿者熔炼泰坦精钢锭。需要熔炉。
Inflicts $51224s1 Frost damage to an enemy and freezes them in place for $d.  More effective than Icy Touch (Rank 5).	对敌人造成$51224s1点冰霜伤害，并将其冻结在原地，持续$d。比冰冷触摸（等级 5）更有效。
Each of your party members within $a1 yards can drink from the refreshment table to restore health and mana.  Table lasts for $d or 50 charges.	$a1码范围内的所有小队成员都可以从大餐桌处领取食物和饮料以恢复生命值和法力值。餐桌持续$d或被使用50次。
Summons a refreshment table.  Each of your party members within $a1 yards can drink from the refreshment table to restore health and mana.  Table lasts for $d or 50 charges.	召唤一张大餐桌。$a1码范围内的所有小队成员都可以从大餐桌处领取食物和饮料以恢复生命值和法力值。餐桌持续$d或被使用50次。
Surrounds the friendly target with $n $lball:balls; of water.  When a spell, melee or ranged attack hits the target, they will be healed for $49284s1.  This expends one water ball.  Only one ball will fire every few seconds.  Lasts $d.  Only one Elemental Shield can be active on the target at any one time.	为友方目标环绕$n个水球。当法术、近战或远程攻击击中目标时，目标将恢复$49284s1点生命值。这将消耗一个水球。每隔几秒钟只能触发一个水球。持续$d。同一时间只能在目标身上激活一种元素护盾。
Surrounds the friendly target with $n $lball:balls; of water.  When a spell, melee or ranged attack hits the target, they will be healed for $49285s1.  This expends one water ball.  Only one ball will fire every few seconds.  Lasts $d.  Only one Elemental Shield can be active on the target at any one time.	为友方目标环绕$n个水球。当法术、近战或远程攻击击中目标时，目标将恢复$49285s1点生命值。这将消耗一个水球。每隔几秒钟只能触发一个水球。持续$d。同一时间只能在目标身上激活一种元素护盾。
Surrounds the caster with $n $lball:balls; of water.  When a spell, melee or ranged attack hits the caster, they will be healed for $49284s1.  This expends one water ball.  Only one ball will fire every few seconds.  Lasts $d.  Only one Elemental Shield can be active on the Shaman at any one time.	施法者被$n个水球包围。当法术、近战或远程攻击击中施法者时，施法者将恢复$49284s1点生命值。这将消耗一个水球。每隔几秒钟只能触发一个水球。持续$d。萨满祭司在同一时间内只能激活一种元素护盾。
Surrounds the caster with $n $lball:balls; of water.  When a spell, melee or ranged attack hits the caster, they will be healed for $49285s1.  This expends one water ball.  Only one ball will fire every few seconds.  Lasts $d.  Only one Elemental Shield can be active on the Shaman at any one time.	施法者被$n个水球包围。当法术、近战或远程攻击击中施法者时，施法者将恢复$49285s1点生命值。这将消耗一个水球。每隔几秒钟只能触发一个闪电球。持续$d。萨满祭司在同一时间内只能激活一种元素护盾。
A powerful prayer that heals the friendly target's party members within $a1 yards for $48074s1.  In addition, heals the targets for another $s1 over $d.	强大的祷言，为友方目标周围$a1码范围内的所有小队成员恢复$48074s1点生命值。此外还会在$d内为目标额外恢复$s1点生命值。
A powerful prayer that heals the friendly target's party members within $a1 yards for $s1.  In addition, heals the targets for another $48120s1 over $48120d.	强大的祷言，为友方目标周围$a1码范围内的所有小队成员恢复$s1点生命值。此外还会在$48120d内为目标额外恢复$48120s1点生命值。
Allows an engineer to make bombs and gizmos that very often work as intended up to a maximum potential skill of 450.	允许工程师制造大部分情况下都能按预期工作的炸弹和各种小玩意。使你的工程学技能上限达到450点。
Allows a tailor to make incomparable shirts and armors up to a maximum potential skill of 450.	允许裁缝制造无与伦比的衬衫和护甲。使你的裁缝技能上限达到450点。
Allows a jewelcrafter to make fantastic jewelry, up to a maximum potential skill of 450.	允许珠宝匠制造精美绝伦的珠宝。使你的珠宝加工技能上限达到450点。
Allows an enchanter to put masterful enchantments on weapons and armor up to a maximum potential skill of 450.	允许附魔师为武器和护甲施加宗师级附魔。使你的附魔技能上限达到450点。
Increases the critical strike damage bonus of your Lava Burst spell by an additional $51480s2%, and when your Flame Shock is dispelled your spell casting speed is increased by $51480s1% for $64694d.	使你的熔岩爆裂法术的爆击伤害加成额外提高$51480s2%。此外，当你的烈焰震击被驱散时，你的施法速度提高$51480s1%，持续$64694d。
Increases the critical strike damage bonus of your Lava Burst spell by an additional $51481s2%, and when your Flame Shock is dispelled your spell casting speed is increased by $51481s1% for $64694d.	使你的熔岩爆裂法术的爆击伤害加成额外提高$51481s2%。此外，当你的烈焰震击被驱散时，你的施法速度提高$51481s1%，持续$64694d。
Increases the critical strike damage bonus of your Lava Burst spell by an additional $51482s2%, and when your Flame Shock is dispelled your spell casting speed is increased by $51482s1% for $64694d.	使你的熔岩爆裂法术的爆击伤害加成额外提高$51482s2%。此外，当你的烈焰震击被驱散时，你的施法速度提高$51482s1%，持续$64694d。
Reduces the cooldown of your Chain Lightning spell by .75 sec, your Earthbind Totem also has a $s2% chance to root targets for $64695d when cast and the periodic damage done by your Flame Shock is increased by $s3%.	使你的连锁闪电的冷却时间缩短0.75秒，并使你的地缚图腾在施放时有$s2%的几率使目标被缠绕$64695d，烈焰震击造成的周期性伤害提高$s3%。
Reduces the cooldown of your Chain Lightning spell by 1.5 sec, your Earthbind Totem also has a $s2% chance to root targets for $64695d when cast and the periodic damage done by your Flame Shock is increased by $s3%.	使你的连锁闪电的冷却时间缩短1.5秒，并使你的地缚图腾在施放时有$s2%的几率使目标被缠绕$64695d，烈焰震击造成的周期性伤害提高$s3%。
Reduces the cooldown of your Chain Lightning spell by 2.5 sec, your Earthbind Totem also has a $s2% chance to root targets for $64695d when cast and the periodic damage done by your Flame Shock is increased by $s3%.	使你的连锁闪电的冷却时间缩短2.5秒，并使你的地缚图腾在施放时有$s2%的几率使目标被缠绕$64695d，烈焰震击造成的周期性伤害提高$s3%。
Transforms the enemy into a frog. While hexed, the target cannot attack or cast spells. Damage caused may interrupt the effect. Lasts $d. Only one target can be hexed at a time.  Only works on Humanoids and Beasts.	将敌人变成青蛙。在被妖术期间，目标无法攻击或施法。受到伤害可能会中断此效果。持续$d。同一时间只能对一个目标施放妖术。只对人型生物和野兽有效。
When you deal damage with a melee weapon, you have a chance to reduce the cast time of your next Lightning Bolt, Chain Lightning, Lesser Healing Wave, Healing Wave, Chain Heal, or Hex spell by $53817s1%. Stacks up to 5 times. Lasts $53817d.	当你使用近战武器造成伤害时，有一定几率使你下一个闪电箭、连锁闪电、次级治疗波、治疗波、治疗链或妖术的施法时间缩短$53817s1%。最多可叠加5次。持续$53817d。
When you deal damage with a melee weapon, you have a chance (higher than rank 1) to reduce the cast time of your next Lightning Bolt, Chain Lightning, Lesser Healing Wave, Healing Wave, Chain Heal, or Hex spell by $53817s1%. Stacks up to 5 times. Lasts $53817d.	当你使用近战武器造成伤害时，有一定几率（触发几率高于等级 1）使你下一个闪电箭、连锁闪电、次级治疗波、治疗波、治疗链或妖术的施法时间缩短$53817s1%。最多可叠加5次。持续$53817d。
When you deal damage with a melee weapon, you have a chance (higher than rank 2) to reduce the cast time of your next Lightning Bolt, Chain Lightning, Lesser Healing Wave, Healing Wave, Chain Heal, or Hex spell by $53817s1%. Stacks up to 5 times. Lasts $53817d.	当你使用近战武器造成伤害时，有一定几率（触发几率高于等级 2）使你下一个闪电箭、连锁闪电、次级治疗波、治疗波、治疗链或妖术的施法时间缩短$53817s1%。最多可叠加5次。持续$53817d。
When you deal damage with a melee weapon, you have a chance (higher than rank 3) to reduce the cast time of your next Lightning Bolt, Chain Lightning, Lesser Healing Wave, Healing Wave, Chain Heal, or Hex spell by $53817s1%. Stacks up to 5 times. Lasts $53817d.	当你使用近战武器造成伤害时，有一定几率（触发几率高于等级 3）使你下一个闪电箭、连锁闪电、次级治疗波、治疗波、治疗链或妖术的施法时间缩短$53817s1%。最多可叠加5次。持续$53817d。
When you deal damage with a melee weapon, you have a chance (higher than rank 4) to reduce the cast time of your next Lightning Bolt, Chain Lightning, Lesser Healing Wave, Healing Wave, Chain Heal, or Hex spell by $53817s1%. Stacks up to 5 times. Lasts $53817d.	当你使用近战武器造成伤害时，有一定几率（触发几率高于等级 4）使你下一个闪电箭、连锁闪电、次级治疗波、治疗波、治疗链或妖术的施法时间缩短$53817s1%。最多可叠加5次。持续$53817d。
Summons two Spirit Wolves under the command of the Shaman, lasting $d.	召唤两只幽灵狼听从萨满祭司的指挥，持续$d。
Whenever anyone in your party or raid blocks, dodges, or parries an attack your chance to critically hit with all combo moves is increased by $52914s1% for $52914d.	每当你的小队或团队中的任何人格挡、躲闪或招架一次攻击，你的所有连击招式的爆击几率提高$52914s1%，持续$52914d。
Whenever anyone in your party or raid blocks, dodges, or parries an attack your chance to critically hit with all combo moves is increased by $52915s1% for $52915d.	每当你的小队或团队中的任何人格挡、躲闪或招架一次攻击，你的所有连击招式的爆击几率提高$52915s1%，持续$52915d。
Whenever anyone in your party or raid blocks, dodges, or parries an attack your chance to critically hit with all combo moves is increased by $52910s1% for $52910d.	每当你的小队 or 团队中的任何人格挡、躲闪或招架一次攻击，你的所有连击招式的爆击几率提高$52910s1%，持续$52910d。
Your melee critical strikes have a chance to give you energy.	你的近战爆击有一定几率为你提供能量。
Enrages you, increasing all damage caused by $63848s1%.  Requires a bleed effect to be active on the target.  Lasts $63848d.	使你进入激怒状态，造成的伤害提高$63848s1%。要求目标身上存在流血效果。持续$63848d。
Whenever you dodge an attack you gain an Unfair Advantage, striking back for $51675s2% of your main hand weapon's damage.  This cannot occur more than once per second.	每当你躲闪一次攻击，你就会获得不公平优势效果，立即反击并造成相当于主手武器伤害$51675s2%的伤害。此效果每秒钟只能触发一次。
Whenever you dodge an attack you gain an Unfair Advantage, striking back for $51677s2% of your main hand weapon's damage.  This cannot occur more than once per second.	每当你躲闪一次攻击，你就会获得不公平优势效果，立即反击并造成相当于主手武器伤害$51677s2%的伤害。此效果每秒钟只能触发一次。
Whenever you dodge an attack you gain an Unfair Advantage, striking back for $51675s2% of your main hand weapon's damage.	每当你躲闪一次攻击，你就会获得不公平优势效果，立即反击并造成相当于主手武器伤害$51675s2%的伤害。
Whenever you dodge an attack you gain an Unfair Advantage, striking back for $51677s2% of your main hand weapon's damage.	每当你躲闪一次攻击，你就会获得不公平优势效果，立即反击并造成相当于主手武器伤害$51677s2%的伤害。
Increases the range of Throw and Deadly Throw and gives your Deadly Throw a chance to interrupt the target for $51680d.	使投掷和致命投掷的射程提高，并使你的致命投掷有一定几率中断目标的施法，持续$51680d。
Increases your total attack power by $s2% and all physical damage caused to enemies you have poisoned is increased by $58684s1%.	使你的总攻击强度提高$s2%，且你对中毒敌人造成的物理伤害提高$58684s1%。
Step through the shadows from enemy to enemy within 10 yards, attacking an enemy every .5 secs with both weapons until 5 assaults are made, and increasing all damage done by $61851s3% for the duration.  Can hit the same target multiple times.  Cannot hit invisible or stealthed targets.	在10码范围内的敌人之间穿梭，每0.5秒使用双持武器进行一次攻击，直到完成5次攻击。在持续时间内，你造成的伤害提高$61851s3%。可以多次击中同一个目标。无法击中隐形或潜行状态的目标。
Your Ambush and Backstab hits have a chance to unbalance a target, increasing the time between their melee and ranged attacks by $51693s1%, and reducing movement speed by $51693s2% for $51693d.	你的伏击和背刺攻击有一定几率使目标失去平衡，使其近战和远程攻击间隔提高$51693s1%，且移动速度降低$51693s2%，持续$51693d。
Your Ambush and Backstab hits have a chance to unbalance a target, increasing the time between their melee and ranged attacks by $51696s1%, and reducing movement speed by $51696s2% for $51696d.	你的伏击和背刺攻击有一定几率使目标失去平衡，使其近战和远程攻击间隔提高$51696s1%，且移动速度降低$51696s2%，持续$51696d。
Instantly strikes the enemy with both weapons, dealing $s1% weapon damage plus $s2 with each weapon.  Damage is increased by 20% against poisoned targets.  Awards 2 combo points.	立即使用双持武器打击敌人，每把武器造成$s1%的武器伤害外加$s2点额外伤害。对中毒目标的伤害提高20%。产生2点连击点数。
Your Finishing moves have a $h% chance per combo point to restore 25 energy.	你的终结技每个连击点有$h%的几率恢复25点能量。
Increases your critical strike chance by $s1%, and each time you deal a critical strike with a melee attack you have a $h% chance to gain 2 runic power.	使你的爆击几率提高$s1%。此外，你的近战攻击每次产生爆击都有$h%的几率为你提供2点符文能量。
Your Frost Fever also has a $h% chance to reduce the target's Runic Power by $61261s1 or Mana by $61261s2.	你的霜疫还有$h%的几率使目标的符文能量降低$61261s1点，或使其法力值降低$61261s2点。
Your Frost Fever also has a $h% chance to reduce the target's Runic Power by $61264s1 or Mana by $61264s2.	你的霜疫还有$h%的几率使目标的符文能量降低$61264s1点，或使其法力值降低$61264s2点。
Decreases the cooldown of your Empower Rune Weapon by $/1000;s1 sec and gives you a $h% chance to generate 10 Runic Power when you use your Ghoul's Leap or Gnaw abilities.	使你的增效符文武器的冷却时间缩短$/1000;s1秒，并使你在使用食尸鬼的跳跃或啃食技能时有$h%的几率产生10点符文能量。
Increases the healing of your Death Strike by $s1%.	使你的死亡打击的治疗效果提高$s1%。
When you deal damage with Death Coil, you have a $h% chance to be healed for $61271s1.	当你使用缠绕攻击造成伤害时，有$h%的几率恢复$61271s1点生命值。
When you deal damage with Death Coil, you have a $h% chance to be healed for $61272s1.	当你使用缠绕攻击造成伤害时，有$h%的几率恢复$61272s1点生命值。
Reduces the cooldown of your Icebound Fortitude by $/1000;s1 sec.	使你的冰封之韧的冷却时间缩短$/1000;s1秒。
Each time you take damage from a spell, you have a $h% chance to reduce the cooldown of your Icebound Fortitude by $/1000;s1 sec.	每当你受到法术伤害，都有$h%的几率使你的冰封之韧的冷却时间缩短$/1000;s1秒。
Increases the damage of your Rune Strike by $s1%.	使你的符文打击造成的伤害提高$s1%。
Enter the Shadow Dance for $d, allowing the use of Sap, Garrote, Ambush, Cheap Shot, Premeditation, Pickpocket and Disarm Trap regardless of being stealthed.	进入影舞状态，持续$d。在此状态下，无论是否处于潜行状态，你都可以使用闷棍、绞喉、伏击、偷袭、预谋、搜索和解除陷阱。
Disarm the enemy, removing all weapons, shield or other equipment carried for $d.	解除敌人的武装，移除其携带的所有武器、盾牌或其他装备，持续$d。
Instantly throw both weapons at all targets within $a1 yards, causing ${$m1*1.5}% weapon damage with daggers, and $s1% weapon damage with all other weapons.	立即向$a1码范围内的所有目标投掷双持武器，使用匕首时造成${$m1*1.5}%的武器伤害，使用其他武器时造成$s1%的武器伤害。
Incapacitates the target for up to $d.  Must be stealthed.  Only works on Humanoids, Beasts, Demons and Dragonkin that are not in combat.  Any damage caused will revive the target.  Only 1 target may be sapped at a time.	使目标瘫痪，持续最多$d。必须处于潜行状态。只对非战斗状态下的人型生物、野兽、恶魔和龙类有效。任何伤害都会使目标苏醒。同一时间只能对一个目标施放闷棍。
Imbue the Shaman's weapon with earthen life. Increases healing done by $51940s2 and each heal has a $<chance>% chance to proc Earthliving on the target, healing an additional $51945o over $51945d. Lasts 30 minutes.	为萨满祭司的武器注入生命之力。使治疗效果提高$51940s2，且每次治疗都有$<chance>%的几率触发大地生命效果，在$51945d内额外恢复$51945o点生命值。持续30分钟。
Increases the damage done by your Lightning Shield orbs by $s1%, increases the amount of mana gained from your Water Shield orbs by $s2% and increases the amount of healing done by your Earth Shield orbs by $s2%.	使你的闪电之盾球体造成的伤害提高$s1%，使你的水之护盾球体恢复的法力值提高$s2%，并使你的大地之盾球体提供的治疗量提高$s2%。
Cleanse the spirit of a friendly target, removing 1 poison effect, 1 disease effect, and 1 curse effect.	净化友方目标的灵魂，移除1个中毒效果、1个疾病效果和1个诅咒效果。
Imbue the Shaman's weapon with earthen life. Increases healing done by $51989s2 and each heal has a $<chance>% chance to proc Earthliving on the target, healing an additional $51990o over $51990d. Lasts 30 minutes.	为萨满祭司的武器注入生命之力。使治疗效果提高$51989s2，且每次治疗都有$<chance>%的几率触发大地生命效果，在$51990d内额外恢复$51990o点生命值。持续30分钟。
Imbue the Shaman's weapon with earthen life. Increases healing done by $52004s2 and each heal has a $<chance>% chance to proc Earthliving on the target, healing an additional $51997o over $51997d. Lasts 30 minutes.	为萨满祭司的武器注入生命之力。使治疗效果提高$52004s2，且每次治疗都有$<chance>%的几率触发大地生命效果，在$51997d内额外恢复$51997o点生命值。持续30分钟。
Imbue the Shaman's weapon with earthen life. Increases healing done by $52005s2 and each heal has a $<chance>% chance to proc Earthliving on the target, healing an additional $51998o over $51998d. Lasts 30 minutes.	为萨满祭司的武器注入生命之力。使治疗效果提高$52005s2，且每次治疗都有$<chance>%的几率触发大地生命效果，在$51998d内额外恢复$51998o点生命值。持续30分钟。
Imbue the Shaman's weapon with earthen life. Increases healing done by $52007s2 and each heal has a $<chance>% chance to proc Earthliving on the target, healing an additional $51999o over $51999d. Lasts 30 minutes.	为萨满祭司的武器注入生命之力。使治疗效果提高$52007s2，且每次治疗都有$<chance>%的几率触发大地生命效果，在$51999d内额外恢复$51999o点生命值。持续30分钟。
Imbue the Shaman's weapon with earthen life. Increases healing done by $52008s2 and each heal has a $<chance>% chance to proc Earthliving on the target, healing an additional $52000o over $52000d. Lasts 30 minutes.	为萨满祭司的武器注入生命之力。使治疗效果提高$52008s2，且每次治疗都有$<chance>%的几率触发大地生命效果，在$52000d内额外恢复$52000o点生命值。持续30分钟。
The caster is surrounded by $52127n globes of water, granting $52127s2 mana per 5 sec.  When a spell, melee or ranged attack hits the caster, $52128s1 mana is restored to the caster. This expends one water globe.  Only one globe will activate every few seconds.  Lasts $52127d.  Only one Elemental Shield can be active on the Shaman at any one time.	施法者被$52127n个水流之球环绕，每5秒恢复$52127s2点法力值。当法术、近战或远程攻击击中施法者时，将恢复$52128s1点法力值。这将消耗一个水球。每隔几秒钟只能触发一个水球。持续$52127d。萨满祭司在同一时间内只能激活一种元素护盾。
The caster is surrounded by $52129n globes of water, granting $52129s2 mana per 5 sec.  When a spell, melee or ranged attack hits the caster, $52130s1 mana is restored to the caster. This expends one water globe.  Only one globe will activate every few seconds.  Lasts $52129d.  Only one Elemental Shield can be active on the Shaman at any one time.	施法者被$52129n个水流之球环绕，每5秒恢复$52129s2点法力值。当法术、近战或远程攻击击中施法者时，将恢复$52130s1点法力值。这将消耗一个水球。每隔几秒钟只能触发一个水球。持续$52129d。萨满祭司在同一时间内只能激活一种元素护盾。
The caster is surrounded by $52131n globes of water, granting $52131s2 mana per 5 sec.  When a spell, melee or ranged attack hits the caster, $52132s1 mana is restored to the caster. This expends one water globe.  Only one globe will activate every few seconds.  Lasts $52131d.  Only one Elemental Shield can be active on the Shaman at any one time.	施法者被$52131n个水流之球环绕，每5秒恢复$52131s2点法力值。当法术、近战或远程攻击击中施法者时，将恢复$52132s1点法力值。这将消耗一个水球。每隔几秒钟只能触发一个水球。持续$52131d。萨满祭司在同一时间内只能激活一种元素护盾。
The caster is surrounded by $52134n globes of water, granting $52134s2 mana per 5 sec.  When a spell, melee or ranged attack hits the caster, $52133s1 mana is restored to the caster. This expends one water globe.  Only one globe will activate every few seconds.  Lasts $52134d.  Only one Elemental Shield can be active on the Shaman at any one time.	施法者被$52134n个水流之球环绕，每5秒恢复$52134s2点法力值。当法术、近战或远程攻击击中施法者时，将恢复$52133s1点法力值。这将消耗一个水球。每隔几秒钟只能触发一个水球。持续$52134d。萨满祭司在同一时间内只能激活一种元素护盾。
The caster is surrounded by $52136n globes of water, granting $52136s2 mana per 5 sec.  When a spell, melee or ranged attack hits the caster, $52135s1 mana is restored to the caster. This expends one water globe.  Only one globe will activate every few seconds.  Lasts $52136d.  Only one Elemental Shield can be active on the Shaman at any one time.	施法者被$52136n个水流之球环绕，每5秒恢复$52136s2点法力值。当法术、近战或远程攻击击中施法者时，将恢复$52135s1点法力值。这将消耗一个水球。每隔几秒钟只能触发一个水球。持续$52136d。萨满祭司在同一时间内只能激活一种元素护盾。
The caster is surrounded by $52138n globes of water, granting $52138s2 mana per 5 sec.  When a spell, melee or ranged attack hits the caster, $52137s1 mana is restored to the caster. This expends one water globe.  Only one globe will activate every few seconds.  Lasts $52138d.  Only one Elemental Shield can be active on the Shaman at any one time.	施法者被$52138n个水流之球环绕，每5秒恢复$52138s2点法力值。当法术、近战或远程攻击击中施法者时，将恢复$52137s1点法力值。这将消耗一个水球。每隔几秒钟只能触发一个水球。持续$52138d。萨满祭司在同一时间内只能激活一种元素护盾。
Reduces the cooldown on Raise Dead by ${$m1/-1000} sec, and the Ghoul summoned by your Raise Dead spell is considered a pet under your control.  Unlike normal Death Knight Ghouls, your pet does not have a limited duration.	使亡者大军的冷却时间缩短${$m1/-1000}秒，且通过亡者大军技能召唤的食尸鬼被视为受你控制的宠物。与普通的死亡骑士食尸鬼不同，你的宠物没有持续时间限制。
Allows the deciphering of strange and mysterious writings.	允许解码陌生而神秘的文字。
Deals $m1 to $M1 Frost damage modified by attack power and reduces the target's ranged, melee attack, and casting speed by $s2% for $d.	造成$m1到$M1点受攻击强度加成的冰霜伤害，并使目标的远程、近战攻击速度和施法速度降低$s2%，持续$d。
A vicious strike that deals weapon damage plus $s1 modified by attack power and plagues the target, dealing $o2 Shadow damage over $d.	一次邪恶的打击，造成武器伤害外加$s1点受攻击强度加成的额外伤害，并使目标感染瘟疫，在$d内造成$o2点暗影伤害。
Instantly strike the enemy, causing $s2% weapon damage plus ${$m1*$m2/100} for each disease effect on the target.	立即打击敌人，造成$s2%的武器伤害，目标身上每存在一个疾病效果，伤害额外提高${$m1*$m2/100}点。
Fire a blast of unholy energy, causing ${$m1*.4} Shadow damage modified by attack power to an enemy target or healing ${$m1*.6} damage from a friendly Undead target.	发射一束邪恶能量，对敌方目标造成${$m1*.4}点受攻击强度加成的暗影伤害，或为友方亡灵目标恢复${$m1*.6}点生命值。
Increases the effect of your Strength of Earth and Flametongue Totems by $s1%.	使你的大地之力图腾和火舌图腾的效果提高$s1%。
Finishing move that increases physical damage done by $s2%.  Only useable while in Cat Form.  Lasts longer per combo point:\n   1 point  : 14 seconds\n   2 points: 19 seconds\n   3 points: 24 seconds\n   4 points: 29 seconds\n   5 points: 34 seconds	终结技，使造成的物理伤害提高$s2%。只能在豹形态下使用。每个连击点持续时间更长：\n   1连击点：14秒\n   2连击点：19秒\n   3连击点：24秒\n   4连击点：29秒\n   5连击点：34秒
Right Click to summon and dismiss Frosty the frost wyrm whelp.	右键点击召唤或解散冰霜巨龙宝宝“霜霜”。
Use the Milling skill found in your spellbook to crush herbs into pigments.  You can use pigments to create inks.	使用法术书中的研磨技能将草药研磨成颜料。你可以使用颜料来制造墨水。
Causes an explosion of shadow magic around the enemy target, causing $s1 Shadow damage every 1 sec for $53023d to all enemies within $a1 yards around the target.	在敌方目标周围制造一次暗影魔法爆炸，对目标周围$a1码范围内的所有敌人每1秒造成$s1点暗影伤害，持续$53023d。
Causes an explosion of shadow magic around the enemy target, causing $53022s1 Shadow damage every $T1 sec for $d to all enemies within $49821a1 yards around the target.	在敌方目标周围制造一次暗影魔法爆炸，对目标周围$49821a1码范围内的所有敌人每$T1秒造成$53022s1点暗影伤害，持续$d。
Allows an alchemist to research more advanced Northrend potions and elixirs.	允许炼金师研究更高级的诺森德药水和合剂。
Provides a $s1% damage reduction against all physical and magic attacks for $d.  This effect can only be granted to targets with a Renew or Power Word: Shield effect active.  In addition, any target under the effects of Grace has their chance to be critically hit by $s2% and the healing of all spells on that target is increased by $s3%.	使受到的所有物理和魔法伤害降低$s1%，持续$d。此效果只能施加给拥有恢复或真言术：盾效果的目标。此外，处于恩赐效果下的目标被暴击的几率降低$s2%，且其受到的所有治疗效果提高$s3%。
Increases your Agility and Strength by $s1% and decreases the damage you take from magic attacks by $s2%.	使你的敏捷和力量提高$s1%，且你受到的魔法伤害降低$s2%。
Summons a Spirit Healer to resurrect the fallen party member for $d.  When the Spirit Healer departs, the party member is resurrected with $s1% health and $s2% mana.  The resurrected party member cannot be resurrected again by a Spirit Healer for $53139d.	召唤一名灵魂医者，复活死亡的小队成员，持续$d。当灵魂医者离开时，该小队成员将以$s1%的生命值和$s2%的法力值复活。被复活的小队成员在$53139d内无法再次被灵魂医者复活。
You can only be in one presence at a time.	你同一时间只能处于一种领域中。
Your diseases also cause Crypt Fever, which increases disease damage taken by the target by $50511s1%.	你的疾病还会引起墓地热疫，使目标受到的疾病伤害提高$50511s1%。
Increases the range of Throw and Deadly Throw and gives your Deadly Throw a $s2% chance to interrupt the target for $51680d.	使投掷和致命投掷的射程提高，并使你的致命投掷有$s2%的几率中断目标的施法，持续$51680d。
Right-click to summon and dismiss Mini Tyrael.	右键点击召唤或解散迷你泰瑞尔。
Increases the attack power by $53137s1% of party and raid members within $53137a1 yards.  Also increases your total Strength by $53137s2%.	使$53137a1码范围内所有小队和团队成员的攻击强度提高$53137s1%。此外，使你的总力量提高$53137s2%。
Increases the attack power by $53138s1% of party and raid members within $53138a1 yards.  Also increases your total Strength by $53138s2%.	使$53138a1码范围内所有小队和团队成员的攻击强度提高$53138s1%。此外，使你的总力量提高$53138s2%。
Teleports the caster to Dalaran.	将施法者传送至达拉然。
Creates a portal, teleporting group members that use it to Dalaran.	制造一个传送门，将使用它的队友传送至达拉然。
Your pet's Growl generates $s1% additional threat and 10% of its total happiness.	你的宠物的低吼产生的威胁值提高$s1%，且能使其总快乐值提高10%。
Your pet's attacks have a 10% chance to increase its happiness by 5% and heal 5% of its total health.	你的宠物的攻击有10%的几率使其快乐值提高5%，并恢复其总生命值的5%。
Your pet's attacks have a 20% chance to increase its happiness by 5% and heal 5% of its total health.	你的宠物的攻击有20%的几率使其快乐值提高5%，并恢复其总生命值的5%。
You summon a flurry of stars from the sky on all targets within $53196a yards of the caster, each dealing $53191s1 Arcane damage. Also causes $53188s1 Arcane damage to all other enemies within $53188a1 yards of the enemy target. Maximum 20 stars. Lasts $53199d.  Shapeshifting into an animal form or mounting cancels the effect. Any effect which causes you to lose control of your character will suppress the starfall effect.	你从天空中召唤群星，对施法者$53196a码范围内的所有目标造成$53191s1点奥术伤害。此外还会对敌方目标周围$53188a1码范围内的所有其他敌人造成$53188s1点奥术伤害。最多20颗星。持续$53199d。变身为动物形态或骑乘会取消该效果。任何导致你失去对角色控制的效果都会压制星辰坠落效果。
You summon a flurry of stars from the sky on all targets within $53197a yards of the caster, each dealing $53194s1 Arcane damage. Also causes $53189s1 Arcane damage to all other enemies within $53189a1 yards of the enemy target. Maximum 20 stars. Lasts $53200d.  Shapeshifting into an animal form or mounting cancels the effect. Any effect which causes you to lose control of your character will suppress the starfall effect.	你从天空中召唤群星，对施法者$53197a码范围内的所有目标造成$53194s1点奥术伤害。此外还会对敌方目标周围$53189a1码范围内的所有其他敌人造成$53189s1点奥术伤害。最多20颗星。持续$53200d。变身为动物形态或骑乘会取消该效果。任何导致你失去对角色控制的效果都会压制星辰坠落效果。
You summon a flurry of stars from the sky on all targets within $53198a yards of the caster, each dealing $53195s1 Arcane damage. Also causes $53190s1 Arcane damage to all other enemies within $53190a1 yards of the enemy target. Maximum 20 stars. Lasts $53201d.  Shapeshifting into an animal form or mounting cancels the effect. Any effect which causes you to lose control of your character will suppress the starfall effect.	你从天空中召唤群星，对施法者$53198a码范围内的所有目标造成$53195s1点奥术伤害。此外还会对敌方目标周围$53190a1码范围内的所有其他敌人造成$53190s1点奥术伤害。最多20颗星。持续$53201d。变身为动物形态或骑乘会取消该效果。任何导致你失去对角色控制的效果都会压制星辰坠落效果。
You deal $s3% weapon damage, refreshing the current Sting on your target and triggering an effect:\n\nSerpent Sting - Instantly deals 40% of the damage done by your Serpent Sting.\n\nViper Sting - Instantly restores mana to you equal to 60% of the total amount drained by your Viper Sting.\n\nScorpid Sting - Attempts to Disarm the target for 10 sec. This effect cannot occur more than once per 1 minute.	你造成$s3%的武器伤害，刷新目标身上当前的蛰刺效果并触发一种额外效果：\n\n毒蛇蛰刺 - 立即造成相当于你的毒蛇蛰刺总伤害40%的伤害。\n\n蝰蛇蛰刺 - 立即为你恢复法力值，数值相当于你的蝰蛇蛰刺抽取的总法力值的60%。\n\n毒蝎蛰刺 - 尝试解除目标的武装，持续10秒。此效果每1分钟只能触发一次。
Your Steady Shot hits have a chance to increase the damage done by your next Aimed Shot, Arcane Shot or Chimera Shot by $53220s1%, and reduce the mana cost of your next Aimed Shot, Arcane Shot or Chimera Shot by $53220s2%.	你的稳固射击击中目标后，有一定几率使你下一个瞄准射击、奥术射击或奇美拉射击造成的伤害提高$53220s1%，并使其法力消耗降低$53220s2%。
You summon a violent Typhoon that does $s2 Nature damage when in contact with hostile targets, knocking them back and dazing them for $61390d.	召唤一场剧烈的台风，接触到敌方目标时造成$s2点自然伤害，并将其击退，使其眩晕$61390d。
You summon a violent Typhoon that does $s2 Nature damage when in contact with hostile targets, knocking them back and dazing them for $61388d.	召唤一场剧烈的台风，接触到敌方目标时造成$s2点自然伤害，并将其击退，使其眩晕$61388d。
You summon a violent Typhoon that does $s2 Nature damage when in contact with hostile targets, knocking them back and dazing them for $61387d.	召唤一场剧烈的台风，接触到敌方目标时造成$s2点自然伤害，并将其击退，使其眩晕$61387d。
You gain $64180s1% of your mana every $53230t1 sec while under the effect of Rapid Fire, and you gain $56654s1% of your mana every $56654t1 sec for $56654d when you gain Rapid Killing.	你在急速射击效果影响下每$53230t1秒获得$64180s1%的法力值，且在获得急速杀戮效果时每$56654t1秒获得$56654s1%的法力值，持续$56654d。
You gain $64181s1% of your mana every $54227t1 sec while under the effect of Rapid Fire, and you gain $58882s1% of your mana every $58882t1 sec for $58882d when you gain Rapid Killing.	你在急速射击效果影响下每$54227t1秒获得$64181s1%的法力值，且在获得急速杀戮效果时每$58882t1秒获得$58882s1%的法力值，持续$58882d。
You have a chance to shoot an additional shot when doing damage with your auto shot, dealing $53254s1% weapon nature damage. Wild Quiver consumes no ammo.	当你的自动射击造成伤害时，有一定几率额外射出一箭，造成$53254s1%武器伤害的自然伤害。狂野箭袋不消耗弹药。
Aspect of the Viper - Reduces the damage penalty by $s1%.\n\nAspect of the Monkey - Reduces the damage done to you while active by $s2%.\n\nAspect of the Hawk - Increases the attack power bonus by $s3%.\n\nAspect of the Dragonhawk - Combines the bonuses from Aspect of the Monkey and Hawk.	蝰蛇守护 - 使造成的伤害惩罚降低$s1%。\n\灵猴守护 - 激活期间使你受到的伤害降低$s2%。\n\n雄鹰守护 - 使提供的攻击强度加成提高$s3%。\n\n龙鹰守护 - 同时获得灵猴守护和雄鹰守护的加成效果。
You master the art of Beast training, teaching you the ability to tame Exotic pets and increasing your total amount of Pet Skill Points by $s2.	你精通了野兽训练的艺术，学会了驯服特殊宠物，并使你的宠物总技能点数提高$s2点。
Your pet attempts to remove all root and movement impairing effects from itself and its target, and causes your pet and its target to be immune to all such effects for $54216d.	你的宠物尝试移除自身及其目标身上的所有缠绕和移动限制效果，并使其与目标在$54216d内免疫所有此类效果。
Increases the critical strike chance of your Kill Shot ability by $53302s2%, and while standing still for $53302s1 sec, you gain Sniper Training increasing the damage done by your Steady Shot, Aimed Shot, Black Arrow and Explosive Shot by $64418s1% for $64418d.	使你的杀戮射击的爆击几率提高$53302s2%。此外，如果你原地站立不动超过$53302s1秒，就会获得狙击训练效果，使你的稳固射击、瞄准射击、黑箭和爆炸射击造成的伤害提高$64418s1%，持续$64418d。
Increases the critical strike chance of your Kill Shot ability by $53303s2%, and while standing still for $53303s1 sec, you gain Sniper Training increasing the damage done by your Steady Shot, Aimed Shot, Black Arrow and Explosive Shot by $64419s1% for $64419d.	使你的杀戮射击的爆击几率提高$53303s2%。此外，如果你原地站立不动超过$53303s1秒，就会获得狙击训练效果，使你的稳固射击、瞄准射击、黑箭和爆炸射击造成的伤害提高$64419s1%，持续$64419d。
Increases the critical strike chance of your Kill Shot ability by $53304s2%, and while standing still for $53304s1 sec, you gain Sniper Training increasing the damage done by your Steady Shot, Aimed Shot, Black Arrow and Explosive Shot by $64420s1% for $64420d.	使你的杀戮射击的爆击几率提高$53304s2%。此外，如果你原地站立不动超过$53304s1秒，就会获得狙击训练效果，使你的稳固射击、瞄准射击、黑箭和爆炸射击造成的伤害提高$64420s1%，持续$64420d。
Roots the target in place and causes $o2 Nature damage over $d.  Damage caused may interrupt the effect.	将目标固定在原地，并在$d内造成$o2点自然伤害。受到的伤害可能会中断此效果。
While active, any time an enemy strikes the caster they have a $h% chance to become afflicted by Entangling Roots (Rank 8).  $n charges.  Lasts $d.	激活期间，任何敌人击中施法者都有$h%的几率受到纠缠根须（等级 8）的影响。可触发$n次。持续$d。
Affixes your two-handed rune weapon with a rune that increases Parry chance by 4% and reduces the duration of Disarm effects by $43588s1%.  Modifying your rune weapon requires a Rune Forge in Ebon Hold.	为你的双手符文武器附加一个符文，使招架几率提高4%，且缴械效果的持续时间缩短$43588s1%。修改符文武器需要前往黑锋要塞的符文熔炉。
Affixes your rune weapon with a rune that adds 2% extra weapon damage as Fire damage or 4% versus Undead targets.  Modifying your rune weapon requires a Rune Forge in Ebon Hold.	为你的符文武器附加一个符文，使你的武器攻击额外造成2%的火焰伤害，对亡灵目标的额外伤害则为4%。修改符文武器需要前往黑锋要塞的符文熔炉。
Affixes your rune weapon with a rune that adds 2% extra weapon damage as Frost damage or 4% versus Undead targets.  Modifying your rune weapon requires a Rune Forge in Ebon Hold.	为你的符文武器附加一个符文，使你的武器攻击额外造成2%的冰霜伤害，对亡灵目标的额外伤害则为4%。修改符文武器需要前往黑锋要塞的符文熔炉。
Affixes your rune weapon with a rune that adds 2% extra weapon damage as Nature damage or 4% versus Undead targets.  Modifying your rune weapon requires a Rune Forge in Ebon Hold.	为你的符文武器附加一个符文，使你的武器攻击额外造成2%的自然伤害，对亡灵目标的额外伤害则为4%。修改符文武器需要前往黑锋要塞的符文熔炉。
Affixes your rune weapon with a rune that adds 2% extra weapon damage as Shadow damage or 4% versus Undead targets.  Modifying your rune weapon requires a Rune Forge in Ebon Hold.	为你的符文武器附加一个符文，使你的武器攻击额外造成2%的暗影伤害，对亡灵目标的额外伤害则为4%。修改符文武器需要前往黑锋要塞的符文熔炉。
Affixes your rune weapon with a rune that increases total Stamina by 2% and increases your Defense Skill by 13.  Modifying your rune weapon requires a Rune Forge in Ebon Hold.	为你的符文武器附加一个符文，使你的总耐力提高2%，防御技能提高13点。修改符文武器需要前往黑锋要塞的符文熔炉。
Affixes your rune weapon with a rune that increases total Stamina by 4% and increases your Defense Skill by 25.  Modifying your rune weapon requires a Rune Forge in Ebon Hold.	为你的符文武器附加一个符文，使你的总耐力提高4%，防御技能提高25点。修改符文武器需要前往黑锋要塞的符文熔炉。
Increases the spell damage and healing of all party and raid members within $a1 yards by $s1.	使$a1码范围内所有小队和团队成员的法术伤害和治疗效果提高$s1点。
Affixes your rune weapon with a rune that increases total Stamina by 1% and increases your Defense Skill by 5.  Modifying your rune weapon requires a Rune Forge in Ebon Hold.	为你的符文武器附加一个符文，使你的总耐力提高1%，防御技能提高5点。修改符文武器需要前往黑锋要塞的符文熔炉。
Affixes your two-handed rune weapon with a rune that increases Parry chance by 1% and reduces the duration of Disarm effects by $43585s1%.  Modifying your rune weapon requires a Rune Forge in Ebon Hold.	为你的双手符文武器附加一个符文，使招架几率提高1%，且缴械效果的持续时间缩短$43585s1%。修改符文武器需要前往黑锋要塞的符文熔炉。
Affixes your two-handed rune weapon with a rune that increases Parry chance by 2% and reduces the duration of Disarm effects by $43586s1%.  Modifying your rune weapon requires a Rune Forge in Ebon Hold.	为你的双手符文武器附加一个符文，使招架几率提高2%，且缴械效果的持续时间缩短$43586s1%。修改符文武器需要前往黑锋要塞的符文熔炉。
Affixes your two-handed rune weapon with a rune that increases Parry chance by 3% and reduces the duration of Disarm effects by $43587s1%.  Modifying your rune weapon requires a Rune Forge in Ebon Hold.	为你的双手符文武器附加一个符文，使招架几率提高3%，且缴械效果的持续时间缩短$43587s1%。修改符文武器需要前往黑锋要塞的符文熔炉。
Affixes your rune weapon with a rune that has a chance to heal you for 3% and increase total Strength by 15% for 15 sec.  Modifying your rune weapon requires a Rune Forge in Ebon Hold.	为你的符文武器附加一个符文，使其有一定几率为你恢复3%的生命值，并使你的总力量提高15%，持续15秒。修改符文武器需要前往黑锋要塞的符文熔炉。
Affixes your rune weapon with a rune that gives your attacks a chance to heal you for $53343s1 and increase your total Strength by 15% for 15 sec.  Modifying your rune weapon requires a Rune Forge in Ebon Hold.	为你的符文武器附加一个符文，使你的攻击有一定几率为你恢复$53343s1点生命值，并使你的总力量提高15%，持续15秒。修改符文武器需要前往黑锋要塞的符文熔炉。
Affixes your rune weapon with a rune that increases your total Strength by 15% for 15 sec and has a chance to heal you for 3%.  Modifying your rune weapon requires a Rune Forge in Ebon Hold.	为你的符文武器附加一个符文，使你的总力量提高15%，持续15秒，并有一定几率为你恢复3%的生命值。修改符文武器需要前往黑锋要塞的符文熔炉。
When your Icy Touch hits, you have a chance to increase your Haste Rating by $53353s1 for $53353d.	当你的冰冷触摸击中目标时，有一定几率使你的急速等级提高$53353s1点，持续$53353d。
When your Plague Strike hits, you have a chance to increase your attack power by $53358s1 for $53358d.	当你的瘟疫打击击中目标时，有一定几率使你的攻击强度提高$53358s1点，持续$53358d。
Affixes your two-handed rune weapon with a rune that increases Parry chance by $s1% and reduces the duration of Disarm effects by $s2%.  Modifying your rune weapon requires a Rune Forge in Ebon Hold.	为你的双手符文武器附加一个符文，使招架几率提高$s1%，且缴械效果的持续时间缩短$s2%。修改符文武器需要前往黑锋要塞的符文熔炉。
A powerful prayer that heals the friendly target's party members within $a1 yards for $48072s1.  In addition, heals the targets for another $s1 over $d.	强大的祷言，为友方目标周围$a1码范围内的所有小队成员恢复$48072s1点生命值。此外还会在$d内为目标额外恢复$s1点生命值。
Heals the friendly target for $s1.  If the target is still below 50% health, the priest will be healed for $53392s1.	为友方目标恢复$s1点生命值。如果目标的生命值仍低于50%，则施法者将恢复$53392s1点生命值。
Places the Hunter's Mark on the target, increasing the ranged attack power of all attackers against that target by $s2.  In addition, the target of this ability can always be seen by the hunter whether it stealths or turns invisible.  The target also appears on the mini-map.  Lasts for $d.	在目标身上施加猎人印记，使所有攻击者对该目标的远程攻击强度提高$s2。此外，无论目标是处于潜行还是隐形状态，施放此技能的猎人都能看到它。目标也会出现在缩略地图上。持续$d。
Attack the enemy for ${$AP*0.2+$m1} damage.	攻击敌人，造成${$AP*0.2+$m1}点伤害。
Affixes your rune weapon with a rune that has a chance to increase the damage by $53386s1% for your next 2 attacks that deal Frost or Shadow damage.  Modifying your rune weapon requires a Rune Forge in Ebon Hold.	为你的符文武器附加一个符文，使其有一定几率使你接下来的2次冰霜或暗影伤害攻击所造成的伤害提高$53386s1%。修改符文武器需要前往黑锋要塞的符文熔炉。
Affixes your two-handed rune weapon with a rune that deflects $53362s1% of all spell damage and reduces the duration of Silence effects by $60209s1%.  Modifying your rune weapon requires a Rune Forge in Ebon Hold.	为你的双手符文武器附加一个符文，使你偏转所有法术伤害的几率提高$53362s1%，且沉默效果的持续时间缩短$60209s1%。修改符文武器需要前往黑锋要塞的符文熔炉。
Affixes your weapon with a rune that causes 2% extra weapon damage as Frost damage and increases enemies' vulnerability to your Frost attacks. Modifying your rune weapon requires a Rune Forge in Ebon Hold.	为你的武器附加一个符文，使你的武器攻击额外造成2%的冰霜伤害，并提高敌人对你的冰霜攻击的易伤几率。修改符文武器需要前往黑锋要塞的符文熔炉。
Affixes your rune weapon with a rune that has a chance to heal you for $53365s2% and increase total Strength by $53365s1% for $53365d.  Modifying your rune weapon requires a Rune Forge in Ebon Hold.	为你的符文武器附加一个符文，使其有一定几率为你恢复$53365s2%的生命值，并使你的总力量提高$53365s1%，持续$53365d。修改符文武器需要前往黑锋要塞的符文熔炉。
You fire an explosive charge into the enemy target, dealing Fire damage. The charge will blast the target every second for an additional $53301d.	向敌方目标发射一枚爆炸弹，造成火焰伤害。此爆炸弹每秒会对目标造成一次额外伤害，持续$53301d。
An instant weapon attack that causes $s1% of weapon damage to up to ${$i-1} enemies within $a3 yards.  The Divine Storm heals up to 3 party or raid members totaling $s2% of the damage caused.	瞬发的武器攻击，对$a3码范围内的最多${$i-1}个敌人造成$s1%的武器伤害。神圣风暴可为最多3名小队或团队成员恢复生命值，数值相当于该伤害总量的$s2%。
Your pet goes into a killing frenzy.  Successful attacks have a chance to increase attack power by $53403s1%.  This effect will stack up to $53403u times.  Lasts $53401d.	你的宠物进入杀戮狂乱状态。成功的攻击有一定几率使其攻击强度提高$53403s1%。此效果最多可叠加$53403u次。持续$53401d。
Unleashes the energy of a Seal spell to judge an enemy for $20184d, preventing them from fleeing and limiting their movement speed.  Refer to individual Seals for additional Judgement effect.  Only one Judgement per Paladin can be active at any one time.	释放圣印能量对敌人进行审判，持续$20184d。使其无法逃跑且移动速度受到限制。具体的审判效果请参见各个圣印的说明。圣骑士在同一时间内只能激活一种审判效果。
Unleashes the energy of a Seal spell to judge an enemy for $20186d, giving each attack a chance to restore $20268s1% of the attacker's base mana.  Refer to individual Seals for additional Judgement effect.  Only one Judgement per Paladin can be active at any one time.	释放圣印能量对敌人进行审判，持续$20186d。使攻击者对该目标的每次攻击都有一定几率恢复相当于其基础法力值$20268s1%的法力值。具体的审判效果请参见各个圣印的说明。圣骑士在同一时间内只能激活一种审判效果。
Your pet heals itself for $o1% of its total health over $d while channeling.	你的宠物在引导期间于$d内恢复其总生命值的$o1%。
Allows the Death Knight to emblazon their weapon with runes.	允许死亡骑士在他们的武器上镌刻符文。
Your pet roars, increasing your pet's and your melee and ranged attack power by $s1%.  Lasts $d.	你的宠物发出咆哮，使你和你的宠物的近战及远程攻击强度提高$s1%，持续$d。
Your pet runs at high speed towards a group member, intercepting the next melee or ranged attack made against them.	你的宠物高速冲向一名队友，为其拦截下一次近战或远程攻击。
Your pet taunts the target to attack it for $d.	你的宠物嘲讽目标，使其攻击宠物，持续$d。
Your pet temporarily gains 30% of its maximum health for $53479d.  After the effect expires, the health is lost.	你的宠物暂时获得其最大生命值的30%，持续$53479d。效果结束后，增加的生命值将消失。
Protects a friendly target from critical strikes, making attacks against that target unable to be critical strikes, but $s2% of all damage taken by that target is also taken by the pet.  Lasts $d.	保护一个友方目标免受爆击，使其受到的攻击无法产生爆击，但该目标受到的所有伤害的$s2%将由宠物承担。持续$d。
Increases the damage of your Judgement, Crusader Strike and Divine Storm abilities by $s1% and when your melee attacks critically hit the cast time of your next Flash of Light or Exorcism is reduced by ${$53489m1/-1000}.2 sec.	使你的审判、十字军打击和神圣风暴技能造成的伤害提高$s1%。此外，当你的近战攻击产生爆击时，你下一个圣光闪现或驱邪术的施法时间缩短${$53489m1/-1000}.2秒。
Increases the damage of your Judgement, Crusader Strike and Divine Storm abilities by $s1% and when your melee attacks critically hit your next Flash of Light  or Exorcism spell becomes instant cast.	使你的审判、十字军打击和神圣风暴技能造成的伤害提高$s1%。此外，当你的近战攻击产生爆击时，你下一个圣光闪现或驱邪术将变为瞬发。
Increases the critical strike damage of your Judgement, Crusader Strike and Divine Storm abilities by $53486s1% and when your melee attacks critically hit the cast time of your next Flash of Light or Exorcism is reduced by ${$53489m1/-1000}.2 sec.	使你的审判、十字军打击和神圣风暴技能的爆击伤害加成提高$53486s1%。此外，当你的近战攻击产生爆击时，你下一个圣光闪现或驱邪术的施法时间缩短${$53489m1/-1000}.2秒。
Removes all movement impairing effects and all effects which cause loss of control of your pet, and reduces damage done to your pet by $63896s1% for $63896d.	移除你的宠物身上所有的移动限制效果和失去控制的效果，并使其受到的伤害降低$63896s1%，持续$63896d。
A fierce attack causing $s1 damage, modified by pet level, that your pet can use after it makes a critical attack.  Cannot be dodged, blocked or parried.	一种猛烈的攻击，造成$s1点受宠物等级加成的伤害。宠物在产生爆击后即可使用此技能。无法被躲闪、格挡或招架。
Your pet has a $53514h% chance after using an ability that the next ability will cost no Focus if used within $53515d.	你的宠物在使用技能后有$53514h%的几率使下一个技能不消耗集中值，前提是该技能在$53515d内使用。
Your pet has a $53516h% chance after using an ability that the next ability will cost no Focus if used within $53515d.	你的宠物在使用技能后有$53516h%的几率使下一个技能不消耗集中值，前提是该技能在$53515d内使用。
Your pet's inspiring roar restores $o1% of your total mana over $d.	你的宠物发出振奋人心的咆哮，在$d内为你恢复总法力值的$o1%。
Reduces the duration of all Stun effects by an additional $s1% and reduces the chance your helpful spells and damage over time effects will be dispelled by an additional $s2%.	使所有昏迷效果的持续时间额外缩短$s1%，并使你的有益法术和周期性伤害效果被驱散的几率额外降低$s2%。
Heals the target for $s1.  In addition, heals the target for $48068s1 over $48068d.  This heal can critically hit, and each critical heal provides the target with a shield that absorbs damage equal to $h% of the amount healed.  Lasts $52042d.	为目标恢复$s1点生命值。此外还会在$48068d内为目标恢复$48068s1点生命值。此治疗效果可以产生爆击，且每次爆击治疗都会为目标提供一个吸收护盾，吸收量相当于治疗量的$h%。持续$52042d。
Your Shield of Righteousness has a $s1% chance to stun the target for $s2 sec.  Additionally, your Judgement of Justice now also reduces the target's chance to hit with melee and ranged attacks by $s3% for $20184d.	你的正义盾击有$s1%的几率使目标昏迷$s2秒。此外，你的公正审判现在还会使目标的近战和远程攻击命中几率降低$s3%，持续$20184d。
Increases the amount of mana you gain from your Seal of Martyrdom and Seal of Blood Judgements by $s1% and the mana you gain from your Spiritual Attunement by $s2%.  In addition, while your Seal of Martyrdom or Seal of Blood is active, your melee attacks have a chance to restore $54431s1% of your total mana.	使你从殉难圣印和鲜血圣印审判中获得的法力值提高$s1%，并使你从灵魂协调中获得的法力值提高$s2%。此外，当你的殉难圣印或鲜血圣印激活时，你的近战攻击有一定几率为你恢复总法力值的$54431s1%。
Instantly deals $s1 Shadow damage plus $s2 per disease to the target and all enemies within $a1 yards.  In addition, this ability heals you for $s3% of the damage dealt.	立即对目标及其$a1码范围内的所有敌人造成$s1点暗影伤害，目标身上每存在一个疾病效果，伤害额外提高$s2点。此外，此技能还会为你恢复生命值，数值相当于所造成伤害的$s3%。
Deals $s1 Shadow damage per disease to the target and all enemies within $a1 yards, and consumes all diseases on all affected targets.  In addition, this ability heals you for $s3% of the damage dealt.	对目标及其$a1码范围内的所有敌人造成暗影伤害，目标身上每存在一个疾病效果，伤害提高$s1点，并消耗受影响目标身上的所有疾病效果。此外，此技能还会为你恢复生命值，数值相当于所造成伤害的$s3%。
Your pet consumes $s1% of its own health to restore ${$s1*2}% of its total Focus.	你的宠物消耗其最大生命值的$s1%来恢复其总集中值的${$s1*2}%。
When your Icy Touch, Plague Strike or Blood Strike hits, you have a chance to increase your attack power by $53360s1 for $53360d.	当你的冰冷触摸、瘟疫打击或鲜血打击击中目标时，有一定几率使你的攻击强度提高$53360s1点，持续$53360d。
Affixes your rune weapon with a rune that gives your attacks a chance to restore $53365s2% of your health and increase your total Strength by $53365s1% for $53365d.  Modifying your rune weapon requires a Rune Forge in Ebon Hold.	为你的符文武器附加一个符文，使你的攻击有一定几率为你恢复$53365s2%的生命值，并使你的总力量提高$53365s1%，持续$53365d。修改符文武器需要前往黑锋要塞的符文熔炉。
Affixes your rune weapon with a rune that has a chance to increase your Haste Rating by $53379s1% for $53379d.  Modifying your rune weapon requires a Rune Forge in Ebon Hold.	为你的符文武器附加一个符文，使其有一定几率使你的急速等级提高$53379s1%，持续$53379d。修改符文武器需要前往黑锋要塞的符文熔炉。
Affixes your rune weapon with a rune that increases your Haste Rating by $53383s1% for $53383d.  Modifying your rune weapon requires a Rune Forge in Ebon Hold.	为你的符文武器附加一个符文，使你的急速等级提高$53383s1%，持续$53383d。修改符文武器需要前往黑锋要塞的符文熔炉。
Affixes your rune weapon with a rune that gives your Frost and Shadow damage-dealing attacks a chance to increase your damage by $53386s1% for your next 2 attacks.  Modifying your rune weapon requires a Rune Forge in Ebon Hold.	为你的符文武器附加一个符文，使你的冰霜或暗影伤害攻击有一定几率使你接下来的2次攻击所造成的伤害提高$53386s1%。修改符文武器需要前往黑锋要塞的符文熔炉。
Affixes your rune weapon with a rune that has a chance to increase the damage of your next 2 Frost or Shadow damage-dealing attacks by $53386s1%.  Modifying your rune weapon requires a Rune Forge in Ebon Hold.	为你的符文武器附加一个符文，使其有一定几率使你接下来的2次冰霜或暗影伤害攻击所造成的伤害提高$53386s1%。修改符文武器需要前往黑锋要塞的符文熔炉。
Right Click to summon and dismiss your companion.	右键点击召唤或解散你的伙伴。
Causes your Judgement of Light to also restore mana to the attackers by $s1% of the amount healed.	使你的光明审判在治疗攻击者的同时，也为其恢复法力值，数值相当于治疗量的$s1%。
Reduces the duration of all Silence, Interruption, and Disarm effects by $s1%.	使所有沉默、中断和缴械效果的持续时间缩短$s1%。
Increases the damage of your Rune Strike by $s1%, and when you deal a critical strike with a melee attack you have a $h% chance to gain 2 runic power.	使你的符文打击造成的伤害提高$s1%。此外，当你的近战攻击产生爆击时，你有$h%的几率获得2点符文能量。
The target becomes a Beacon of Light to all members of your party or raid within a 60 yard radius.  Any heals you cast on party or raid members will also heal the Beacon for $s1% of the amount healed.  Only one target can be the Beacon of Light at a time. Lasts $d.	目标成为半径60码范围内所有小队和团队成员的圣光道标。你对小队或团队成员施放的任何治疗法术都会为圣光道标恢复生命值，恢复量相当于该治疗量的$s1%。同一时间只能有一个圣光道标。持续$d。
Your Holy Shock critical hits reduce the cast time of your next Flash of Light by ${$53672m2/-1000}.2 sec or increase the critical chance of your next Holy Light by $53672s1%.  In addition, causes your Flash of Light to heal targets with Sacred Shield for an additional $s3% over $66922d.	你的神圣震击产生的爆击可使你下一个圣光闪现的施法时间缩短${$53672m2/-1000}.2秒，或者使你下一个圣光术的爆击几率提高$53672s1%。此外，使你的圣光闪现能为拥有神圣护盾的目标在$66922d内额外恢复$s3%的生命值。
Your Holy Shock critical hits reduce the cast time of your next Flash of Light by ${$54149m2/-1000}.1 sec or increase the critical chance of your next Holy Light by $54149s1%.  In addition, causes your Flash of Light to heal targets with Sacred Shield for an additional $s3% over $66922d.	你的神圣震击产生的爆击可使你下一个圣光闪现的施法时间缩短${$54149m2/-1000}.1秒，或者使你下一个圣光术的爆击几率提高$54149s1%。此外，使你的圣光闪现能为拥有神圣护盾的目标在$66922d内额外恢复$s3%的生命值。
Hammer the current target and up to ${$x1-1} additional nearby targets, causing $s3 times your main hand damage per second as Holy damage.	打击当前目标及附近的最多${$x1-1}个额外目标，每秒造成相当于主手武器伤害$s3倍的神圣伤害。
Each time the target takes damage they gain a Sacred Shield, absorbing $58597s1 damage and increasing the paladin's chance to critically hit with Flash of Light by $58597s2% for up to $58597d.  They cannot gain this effect more than once every $s2 sec.  Lasts $d.  This spell cannot be on more than one target at any one time.	每当目标受到伤害，都会获得一个神圣护盾，吸收$58597s1点伤害。在此期间，圣骑士对该目标使用圣光闪现产生爆击的几率提高$58597s2%，持续最多$58597d。此效果每$s2秒只能触发一次。持续$d。此法术在同一时间内只能在一个目标身上激活。
The target becomes a Beacon of Light to all targets within a 60 yard radius.  Any heals you cast on those targets will also heal the Beacon for $s1% of the amount healed.	目标成为半径60码范围内所有目标的圣光道标。你对这些目标施放的任何治疗法术都会为圣光道标恢复生命值，恢复量相当于该治疗量的$s1%。
Increases the damage done by your Seal and Judgement spells by $53671s2%, and your Judgement spells increase your casting and melee haste by $53655s1% for $53655d.	使你的圣印和审判法术造成的伤害提高$53671s2%，且你的审判法术能使你的施法和近战急速提高$53655s1%，持续$53655d。
Increases the damage done by your Seal and Judgement spells by $53673s2%, and your Judgement spells increase your casting and melee haste by $53656s1% for $53656d.	使你的圣印和审判法术造成的伤害提高$53673s2%，且你的审判法术能使你的施法和近战急速提高$53656s1%，持续$53656d。
Increases the damage done by your Seal and Judgement spells by $54151s2%, and your Judgement spells increase your casting and melee haste by $53657s1% for $53657d.	使你的圣印和审判法术造成的伤害提高$54151s2%，且你的审判法术能使你的施法和近战急速提高$53657s1%，持续$53657d。
Your Cleanse spell has a chance to increase the target's resistance to Disease, Magic and Poison.	你的清洁术有一定几率提高目标对疾病、魔法和中毒效果的抵抗几率。
Increases the damage done by your Seal and Judgement spells by $s2%, and your Judgement spells increase your casting and melee haste by $53655s1% for $53655d.	使你的圣印和审判法术造成的伤害提高$s2%，且你的审判法术能使你的施法和近战急速提高$53655s1%，持续$53655d。
Your Holy Shock critical hits reduce the cast time of your next Flash of Light by ${$53672m2/-1000}.2 sec or increase the critical chance of your next Holy Light by $s1%.	你的神圣震击产生的爆击可使你下一个圣光闪现的施法时间缩短${$53672m2/-1000}.2秒，或者使你下一个圣光术的爆击几率提高$s1%。
Increases the damage done by your Seal and Judgement spells by $s2%, and your Judgement spells increase your casting and melee haste by $53656s1% for $53656d.	使你的圣印和审判法术造成的伤害提高$s2%，且你的审判法术能使你的施法和近战急速提高$53656s1%，持续$53656d。
Unleashing this Seal's energy will judge an enemy, instantly causing Holy damage at the cost of health equal to 33% of the damage caused.	释放此圣印能量对敌人进行审判，立即造成神圣伤害，但施法者也会受到伤害，数值相当于该神圣伤害的33%。
Deals ${1+0.22*$SPH+0.14*$AP} Holy damage to an enemy, increased by 10% for each application of Blood Corruption on the target.	对敌人造成${1+0.22*$SPH+0.14*$AP}点神圣伤害。目标身上每叠加一层鲜血腐蚀效果，此伤害额外提高10%。
Fills the Paladin with holy power, causing attacks to apply Blood Corruption, which deals ${(0.013*$SPH+0.025*$AP)*5} additional Holy damage over $31803d.  Once stacked to $31803u times, each of the Paladins attacks also deals $53739s1% weapon damage as additional Holy damage.  Blood Corruption can stack up to $31803u times.  Only one Seal can be active on the Paladin at any one time.  Lasts $d.\n\nUnleashing this Seal's energy will deal ${1+0.22*$SPH+0.14*$AP} Holy damage to an enemy, increased by 10% for each application of Blood Corruption on the target.	使圣骑士充满神圣能量。其攻击会导致目标感染鲜血腐蚀，在$31803d内额外造成总计${(0.013*$SPH+0.025*$AP)*5}点神圣伤害。当鲜血腐蚀叠加到$31803u层后，圣骑士的每次攻击还会造成相当于武器伤害$53739s1%的额外神圣伤害。鲜血腐蚀最多可叠加$31803u层。圣骑士在同一时间内只能激活一种圣印。持续$d。\n\n释放此圣印能量对敌人进行审判，立即造成${1+0.22*$SPH+0.14*$AP}点神圣伤害。目标身上每叠加一层鲜血腐蚀效果，此伤害额外提高10%。
Holy damage every $t1 sec.	每$t1秒造成一次神圣伤害。
Causes your Fear spell to inflict a Nightmare on the target when the fear effect ends. The Nightmare effect reduces the target's movement speed by $60946s1% for $60946d.	使你的恐惧术在效果结束时对目标施加梦魇效果。梦魇效果使目标的移动速度降低$60946s1%，持续$60946d。
Your next Fear is instant cast.	你的下一个恐惧术变为瞬发。
Causes your Fear spell to inflict a Nightmare on the target when the fear effect ends. The Nightmare effect reduces the target's movement speed by $60947s1% for $60947d.	使你的恐惧术在效果结束时对目标施加梦魇效果。梦魇效果使目标的移动速度降低$60947s1%，持续$60947d。
Transmutes Eternal Life to Shadow.  You have a chance to discover other transmutations when successful.	将永恒生命转化为暗影。转化成功后有一定几率领悟其他转化配方。
Transmutes Eternal Life to Fire.  You have a chance to discover other transmutations when successful.	将永恒生命转化为火焰。转化成功后有一定几率领悟其他转化配方。
Transmutes Eternal Fire to Water.  You have a chance to discover other transmutations when successful.	将永恒火焰转化为水。转化成功后有一定几率领悟其他转化配方。
Transmutes Eternal Fire to Life.  You have a chance to discover other transmutations when successful.	将永恒火焰转化为生命。转化成功后有一定几率领悟其他转化配方。
Transmutes Eternal Air to Water.  You have a chance to discover other transmutations when successful.	将永恒空气转化为水。转化成功后有一定几率领悟其他转化配方。
Transmutes Eternal Air to Earth.  You have a chance to discover other transmutations when successful.	将永恒空气转化为大地。转化成功后有一定几率领悟其他转化配方。
Transmutes Eternal Shadow to Earth.  You have a chance to discover other transmutations when successful.	将永恒暗影转化为大地。转化成功后有一定几率领悟其他转化配方。
Transmutes Eternal Shadow to Life.  You have a chance to discover other transmutations when successful.	将永恒暗影转化为生命。转化成功后有一定几率领悟其他转化配方。
Transmutes Eternal Water to Life.  You have a chance to discover other transmutations when successful.	将永恒水转化为生命。转化成功后有一定几率领悟其他转化配方。
Transmutes Eternal Earth to Air.  You have a chance to discover other transmutations when successful.	将永恒大地转化为空气。转化成功后有一定几率领悟其他转化配方。
Transmutes Eternal Earth to Shadow.  You have a chance to discover other transmutations when successful.	将永恒大地转化为暗影。转化成功后有一定几率领悟其他转化配方。
Transmutes Frozen Orb to several Eternal elements.	将冷冻宝珠转化为若干种永恒元素。
Transmutes Titanium Bar to Saronite Bar.	将泰坦精钢锭转化为萨隆邪铁锭。
Infuses the target's party with the energy of the Nether, increasing their melee, ranged, and spell haste by $s1% for $d.  Targets will be affected by Sated and unable to benefit from Heroism or Nether-fury for $57723d.	为目标的队友注入虚空能量，使他们的近战、远程和施法急速提高$s1%，持续$d。受影响的目标将获得饱腹效果，在$57723d内无法受益于嗜血或虚空狂怒效果。
Increases the amount of health generated by your health globes by $s1%.	使你的生命之球恢复的生命值提高$s1%。
Your Lava Burst spell has a $h% chance to increase your Haste Rating by $55447s1% for $55447d.	你的熔岩爆裂法术有$h%的几率使你的急速等级提高$55447s1%，持续$55447d。
Gives your Shield Slam and Revenge abilities a $s1% chance to refresh the cooldown on your Taunt ability and cause your next Taunt to succeed even if the target is already taunted.  In addition, the threat generated by your Taunt ability is increased by $s2%.	使你的盾牌猛击和复仇技能有$s1%的几率刷新嘲讽技能的冷却时间，并使你的下一个嘲讽技能即便在目标已被嘲讽的情况下也能成功。此外，你的嘲讽技能产生的威胁值提高$s2%。
Increases the damage of your Arcane Shot, Aimed Shot, and Chimera Shot by $s1% and gives your Arcane Shot, Aimed Shot, and Chimera Shot a $s2% chance to restore 15 mana.	使你的奥术射击、瞄准射击和奇美拉射击造成的伤害提高$s1%，并使其有$s2%的几率恢复15点法力值。
Gives the Jewelcrafter the chance to cut uncommon quality Northrend gems into perfect gems.	使珠宝匠有机会将优秀品质的诺森德宝石切割成完美的宝石。
Increases the melee haste of all party and raid members within $55610a1 yds by $55610s1% and your haste by an additional $55610s2%.	使$55610a1码范围内所有小队和团队成员的近战急速提高$55610s1%，并使你额外获得$55610s2%的急速加成。
Permanently add a socket to your bracers.  Requires a level 60 or higher item.\n\nCannot add more than one socket to an item.  Can only add a socket to your own armor, and adding a socket binds the item to you.  The added socket requires that you maintain 400 blacksmithing or it will become inactive.	永久性地为你的护腕增加一个插槽。要求物品等级不低于60级。\n\n一个物品最多只能增加一个插槽。只能为自己的护甲增加插槽，增加插槽后物品将变为绑定状态。增加插槽需要保持至少400点的锻造技能，否则插槽将失效。
Permanently add a socket to your gloves.  Requires a level 60 or higher item.\n\nCannot add more than one socket to an item.  Can only add a socket to your own armor, and adding a socket binds the item to you.  The added socket requires that you maintain 400 blacksmithing or it will become inactive.	永久性地为你的手套增加一个插槽。要求物品等级不低于60级。\n\n一个物品最多只能增加一个插槽。只能为自己的护甲增加插槽，增加插槽后物品将变为绑定状态。增加插槽需要保持至少400点的锻造技能，否则插槽将失效。
Embroiders a subtle pattern of light into your cloak, giving you a chance to increase your spell power by $55637s1 for $55637d when casting a spell.\n\nEmbroidering your cloak will cause it to become soulbound.  Requires 400 Tailoring to use.	在你的披风上刺绣精巧的光纹，使你在施法时有一定几率提高$55637s1点法术强度，持续$55637d。\n\n刺绣披风会使其变为灵魂绑定。需要400点裁缝技能。
Your Plague Strikes and Scourge Strikes cause the Desecrated Ground effect.  Targets in the area are slowed by $55741s1% by the grasping arms of the dead while standing on the unholy ground.  Lasts $55741d.	你的瘟疫打击和天灾打击会触发枯萎凋零效果。处于该区域内的目标在站在不洁之地上时，会被死者的爪牙使移动速度降低$55741s1%，持续$55741d。
Your Plague Strikes and Scourge Strikes cause the Desecrated Ground effect.  Targets in the area are slowed by $68766s1% by the grasping arms of the dead while standing on the unholy ground.  Lasts $68766d.	你的瘟疫打击和天灾打击会触发枯萎凋零效果。处于该区域内的目标在站在不洁之地上时，会被死者的爪牙使移动速度降低$68766s1%，持续$68766d。
You regenerate $o1% of your total health over $d.  This ability requires an Enrage effect, consumes all Enrage effects and prevents any from affecting you for the full duration.	在$d内恢复总生命值的$o1%。此技能需要激怒效果才能使用，会消耗所有激怒效果，且在效果持续期间免疫任何激怒效果。
When your pet dies, it will miraculously return to life with full health.	当你的宠物死亡时，它会奇迹般地满血复活。
Embroiders a magical pattern into your cloak, giving you a chance to restore $55767s1 mana when you cast a spell.\n\nYou can only embroider your own cloak and embroidering your cloak will cause it to become soulbound.  Requires 400 Tailoring to use.	在你的披风上刺绣魔法花纹，使你在施法时有一定几率恢复$55767s1点法力值。\n\n你只能刺绣自己的披风，刺绣后披风会变为灵魂绑定。需要400点裁缝技能。
Embroiders a magical pattern into your cloak, causing your damaging melee and ranged attacks to sometimes increase your attack power by $55775s1 for $55775d.\n\nYou can only embroider your own cloak and embroidering your cloak will cause it to become soulbound.  Requires 400 Tailoring to use.	在你的披风上刺绣魔法花纹，使你的近战或远程攻击有一定几率提高$55775s1点攻击强度，持续$55775d。\n\n你只能刺绣自己的披风，刺绣后披风会变为灵魂绑定。需要400点裁缝技能。
The difficult task of assembling a glacial bag can only be done every 7 days.	缝制冰川包这项艰巨的任务每7天才能完成一次。
Permanently embroiders your pants with master's spellthread, increasing spell power by 50 and Stamina by 30.\n\nOnly the tailor's pants can be embroidered, and doing so will cause them to become soulbound.	永久性地在你的裤子上刺绣宗师魔线，使法术强度提高50点，耐力提高30点。\n\n只能在裁缝自己的裤子上刺绣，刺绣后物品会变为灵魂绑定。
Permanently embroiders your pants with sanctified spellthread, increasing spell power by 50 and Spirit by 20.\n\nOnly the tailor's pants can be embroidered, and doing so will cause them to become soulbound.	永久性地在你的裤子上刺绣神圣魔线，使法术强度提高50点，精神提高20点。\n\n只能在裁缝自己的裤子上刺绣，刺绣后物品会变为灵魂绑定。
Heals a friendly target for $s1% of maximum health.	为友方目标恢复最大生命值的$s1%。
Your Power Word: Shield also heals the target for $55672s1% of the absorption amount.	你的真言术：盾还会为目标恢复生命值，数值相当于吸收量的$55672s1%。
Your Prayer of Healing spell also heals an additional $55680s1% of its initial heal over 6 sec.	你的治疗祷言法术还会在6秒内额外恢复生命值，数值相当于初始治疗量的$55680s1%。
Commands the target to attack you, but has no effect if the target is already attacking you.	命令目标攻击你，但如果目标已经处于攻击你的状态，则无效。
Creates an wormhole that should get you and your party members to Gadgetzan.	制造一个虫洞，将你和你的小队成员传送至加基森。
You have a chance when you trap a target with Freezing Trap, Freezing Arrow or Frost Trap and a chance when you deal periodic damage with your Immolation Trap, Explosive Trap or Black Arrow to cause your next 2 Arcane Shot or Explosive Shot spells to trigger no cooldown, cost no mana and consume no ammo. This effect has a $56342s3 sec cooldown.	当你使用冰冻陷阱、冰冻箭或霜冻陷阱困住目标，或使用献祭陷阱、爆炸陷阱或黑箭造成周期性伤害时，有一定几率使你接下来的2次奥术射击或爆炸射击不触发冷却时间，不消耗法力值且不消耗弹药。此效果有$56342s3秒的冷却时间。
Your melee critical hits Enrage you, increasing all damage caused by $57519s1% for $57519d.  This effect does not stack with Enrage.	你的近战爆击会使你进入激怒状态，造成的伤害提高$57519s1%，持续$57519d。此效果不与激怒叠加。
Your melee critical strikes Enrage you, increasing all damage caused by $57520s1% for $57520d.  This effect does not stack with Enrage.	你的近战爆击会使你进入激怒状态，造成的伤害提高$57520s1%，持续$57520d。此效果不与激怒叠加。
You strike an enemy target and up to $s2 additional nearby targets, dealing $s1% weapon damage and increasing your total Strength by $55331s2% for $55331d.  Each disease on the target increases damage by $s3%.	打击敌人及附近的最多$s2个额外目标，造成$s1%的武器伤害，并使你的总力量提高$55331s2%，持续$55331d。目标身上每存在一个疾病效果，伤害就提高$s3%。
Deals $s1% weapon damage to an enemy and up to $s2 additional nearby targets.  Each disease on the targets increases damage by $s3%.	对敌人及附近的最多$s2个额外目标造成$s1%的武器伤害。目标身上每存在一个疾病效果，伤害就提高$s3%。
Increases the critical strike chance of your Arcane Shot, Aimed Shot, and Chimera Shot by $s1% and gives your Arcane Shot, Aimed Shot, and Chimera Shot a $s2% chance to restore 15 mana.	使你的奥术射击、瞄准射击和奇美拉射击的爆击几率提高$s1%，并使其有$s2%的几率恢复15点法力值。
Strike the target for $s2% weapon damage plus ${$m2*$AP*$m3/10000}.  Only usable after the Death Knight dodges or parries.  Can't be dodged, blocked, or parried.  This attack causes a high amount of threat.	对目标造成$s2%的武器伤害，外加${$m2*$AP*$m3/10000}点伤害。只有在死亡骑士躲闪或招架后才能使用。此攻击无法被躲闪、格挡或招架。该攻击产生大量的威胁值。
Increases the number of targets your Cleave hits by 1.	使你的顺劈斩攻击的目标数量增加1个。
Transmute the element of air and gems into a Skyflare Diamond.	将空气元素和宝石转化为天焰钻石。
Transmute the element of fire and gems into a Earthsiege Diamond.	将火焰元素和宝石转化为大地围城钻石。
Your Charge, Intercept and Intervene abilities are now usable while in combat and in any stance.  In addition, your Intervene ability will remove all movement impairing effects.	你的冲锋、拦截和援护技能现在可以在战斗中及任何姿态下使用。此外，你的援护技能还会移除所有移动限制效果。
Summons the Eye of Acherus with $s1 health $d that allows vision of nearby area and warns of enemies that attack it.  Right-Click on buff to switch back and forth between Eye of Acherus and normal vision.	召唤阿彻鲁斯之眼，生命值为$s1，持续$d。它能观察附近区域并对攻击它的敌人发出警报。右键点击该增益效果可在阿彻鲁斯之眼视角和正常视角之间切换。
Summons a Strength of Earth Totem with $s1 health at the feet of the caster.  The totem increases the strength and agility of all party and raid members within $57621a1 yards by $57621s2.  Lasts $d.	在施法者脚下召唤一个生命值为$s1的大地之力图腾。该图腾使$57621a1码范围内所有小队和团队成员的力量和敏捷提高$57621s2点。持续$d。
Summons a Totem of Wrath with $s1 health at the feet of the caster.  The totem increases spell power by $57660s2 for all party and raid members, and increases the critical strike chance of of all attacks by $30708s1% against all enemies within $30708a1 yards.  Lasts $d.	在施法者脚下召唤一个生命值为$s1的愤怒图腾。该图腾使所有小队和团队成员的法术强度提高$57660s2点，并使对$30708a1码范围内所有敌人的所有攻击爆击几率提高$30708s1%。持续$d。
Summons a Totem of Wrath with $s1 health at the feet of the caster.  The totem increases the spell power by $57662s2 for all party and raid members, and increases the critical strike chance of all attacks by $30708s1% against all enemies within $30708a1 yards.  Lasts $d.	在施法者脚下召唤一个生命值为$s1的愤怒图腾。该图腾使所有小队和团队成员的法术强度提高$57662s2点，并使对$30708a1码范围内所有敌人的所有攻击爆击几率提高$30708s1%。持续$d。
Summons a Totem of Wrath with $s1 health at the feet of the caster.  The totem increases spell power by $57663s2 for all party and raid members, and increases the critical strike chance of all attacks by $30708s1% against all enemies within $30708a1 yards.  Lasts $d.	在施法者脚下召唤一个生命值为$s1的愤怒图腾。该图腾使所有小队和团队成员的法术强度提高$57663s2点，并使对$30708a1码范围内所有敌人的所有攻击爆击几率提高$30708s1%。持续$d。
Throws your weapon at the enemy causing ${$m1+$AP*.50} damage (based on attack power).  This ability causes high threat.	向敌人投掷武器，造成${$m1+$AP*.50}点伤害（受攻击强度加成）。此技能产生大量的威胁值。
Instantly counterattack an enemy for ${$m1+$AP*0.310} to ${$M1+$AP*0.310} damage.   Revenge is only usable after the warrior blocks, dodges or parries an attack.	立即反击敌人，造成${$m1+$AP*0.310}到${$M1+$AP*0.310}点伤害。复仇只能在战士格挡、躲闪或招架一次攻击后使用。
Increases the critical strike chance of your Shield Slam ability by $s1% and when your Shield Slam critically hits you have a $h% chance to cause your next Consecration to cost no mana.	使你的盾牌猛击技能的爆击几率提高$s1%。当你的盾牌猛击产生爆击时，你有$h%的几率使你下一个奉献不消耗法力值。
Causes your Judgements to also heal party or raid members for $s1% of the damage dealt.	使你的审判在造成伤害的同时，为小队或团队成员恢复生命值，数值相当于伤害量的$s1%。
Increases the bonus damage and healing from your Strength by $s1% and reduces the duration of all Stun effects by an additional $s2%.	使你从力量中获得的伤害和治疗加成提高$s1%，并使所有昏迷效果的持续时间额外缩短$s2%。
Increases the ranged attack power of your Trueshot Aura by $s1%.	使你的强击光环提供的远程攻击强度提高$s1%。
Increases the melee attack power bonus of your Battle Shout by $s1% and the health bonus of your Commanding Shout by $s2%.	使你的战斗怒吼提供的近战攻击强度加成提高$s1%，并使你的命令怒吼提供的生命值加成提高$s2%。
Your Bloodstrikes and Heartstrikes have a $h% chance to increase your Haste Rating by $s2 for $d.	你的鲜血打击和心脏打击有$h%的几率使你的急速等级提高$s2，持续$d。
Increases the duration of your Moonfire and Rejuvenation spells by ${$m1/1000} sec, your Regrowth spell by ${$m2/1000} sec, and your Insect Swarm and Lifebloom spells by ${$m3/1000} sec.	使你的月火术和回春术的持续时间延长${$m1/1000}秒，愈合术延长${$m2/1000}秒，虫群和生命绽放延长${$m3/1000}秒。
The current party or raid member becomes the target of your Tricks of the Trade.  The threat caused by your next attack and all actions taken for $57933d afterwards will be transferred to the target.  In addition, all damage caused by the target is increased by $57933s1% during this time.	当前的队友或团队成员成为你的嫁祸诀窍目标。你下一次攻击以及随后$57933d内产生的所有威胁值都将转移给该目标。此外，在该时间内，目标所造成的伤害提高$57933s1%。
The current party or raid member becomes the target of your Tricks of the Trade.  The threat caused by your next damaging attack and all actions taken for $57933d afterwards will be transferred to the target.  In addition, all damage caused by the target is increased by $57933s1% during this time.	当前的队友或团队成员成为你的嫁祸诀窍目标。你下一次伤害性攻击以及随后$57933d内产生的所有威胁值都将转移给该目标。此外，在该时间内，目标所造成的伤害提高$57933s1%。
Converts ${$m1+$SPI*1.5} health into ${$m1*$<mult>+$SPS*.5*$<mult>} mana.  Spell power increases the amount of mana returned.	将${$m1+$SPI*1.5}点生命值转化为${$m1*$<mult>+$SPS*.5*$<mult>}点法力值。法术强度会增加所获得的法力值。
The caster is surrounded by $57960n globes of water, granting $57960s2 mana per 5 sec.  When a spell, melee or ranged attack hits the caster, $57961s1 mana is restored to the caster. This expends one water globe.  Only one globe will activate every few seconds.  Lasts $57960d.  Only one Elemental Shield can be active on the Shaman at any one time.	施法者被$57960n个水球环绕，每5秒获得$57960s2点法力值。当法术、近战或远程攻击击中施法者时，施法者会恢复$57961s1点法力值。这会消耗一个水球。每隔几秒钟只能激活一个水球。持续$57960d。萨满祭司在同一时间内只能激活一种元素护盾。
Instantly blasts the target with a gust of wind, causing no damage but interrupting spellcasting and preventing any spell in that school from being cast for $d. Also lowers your threat, making the enemy less likely to attack you.	立即对目标发动一股强风，不造成伤害，但会打断其施法，并使其在$d内无法施放该系法术。此外还会降低你的威胁值，使敌人攻击你的几率降低。
Assault the target's mind with Shadow energy, causing Shadow damage over $48156d and slowing the target to $15407s2% of their movement speed.	以暗影能量冲击目标的精神，在$48156d内造成暗影伤害，并将目标的移动速度降低至初始速度的$15407s2%。
Increases the critical hit chance of all attacks made against any target you have poisoned by $s1%, reduces the duration of all Poison effects applied to you by $s2%, and gives Envenom a $s3% chance not to consume Deadly Poison.	使你对受中毒效果影响的所有目标的攻击爆击几率提高$s1%，并使你受到的所有中毒效果持续时间缩短$s2%。此外，毒液劫持还有$s3%的几率不消耗致命药膏。
Increases your total attack power by $s2% and all physical damage caused to enemies you have poisoned is increased by $58683s1%.	使你的总攻击强度提高$s2%，且你对受中毒效果影响的敌人所造成的所有物理伤害提高$58683s1%。
Grants the periodic damage from your Corruption and Unstable Affliction spells the ability to critically hit for $s1% increased damage, and increases the critical strike damage bonus of your Haunt spell by $s2%.	使你的腐蚀术和痛苦无常的周期性伤害有几率产生爆击，且爆击伤害提高$s1%。此外，鬼影缠身的爆击伤害加成也提高$s2%。
Summons a Stoneclaw Totem with $s1 health at the feet of the caster for $d that taunts creatures within $25512a1 yards to attack it.  Enemies attacking the Stoneclaw Totem have a $25513h% chance to be stunned for $39796d.  Stoneclaw totem also protects all your totems, causing them to absorb $58589s1 damage.	在施法者脚下召唤一个生命值为$s1的石爪图腾，持续$d。它会嘲讽半径$25512a1码范围内的敌人攻击图腾。攻击石爪图腾的敌人有$25513h%的几率昏迷$39796d。石爪图腾还会保护你的所有其他图腾，使其吸收$58589s1点伤害。
Summons a Stoneclaw Totem with $s1 health at the feet of the caster for $d that taunts creatures within $25512a1 yards to attack it.  Enemies attacking the Stoneclaw Totem have a $25513h% chance to be stunned for $39796d. Stoneclaw totem also protects all your totems, causing them to absorb $58590s1 damage.	在施法者脚下召唤一个生命值为$s1的石爪图腾，持续$d。它会嘲讽半径$25512a1码范围内的敌人攻击图腾。攻击石爪图腾的敌人有$25513h%的几率昏迷$39796d。石爪图腾还会保护你的所有其他图腾，使其吸收$58590s1点伤害。
Summons a Stoneclaw Totem with $s1 health at the feet of the caster for $d that taunts creatures within $25512a1 yards to attack it.  Enemies attacking the Stoneclaw Totem have a $25513h% chance to be stunned for $39796d. Stoneclaw totem also protects all your totems, causing them to absorb $58591s1 damage.	在施法者脚下召唤一个生命值为$s1的石爪图腾，持续$d。它会嘲讽半径$25512a1码范围内的敌人攻击图腾。攻击石爪图腾的敌人有$25513h%的几率昏迷$39796d。石爪图腾还会保护你的所有其他图腾，使其吸收$58591s1点伤害。
Summons a Stoneclaw Totem with $s1 health at the feet of the caster for $d that taunts creatures within $25512a1 yards to attack it.  Enemies attacking the Stoneclaw Totem have a $25513h% chance to be stunned for $39796d. Stoneclaw totem also protects all your totems, causing them to absorb $58592s1 damage.	在施法者脚下召唤一个生命值为$s1的石爪图腾，持续$d。它会嘲讽半径$25512a1码范围内的敌人攻击图腾。攻击石爪图腾的敌人有$25513h%的几率昏迷$39796d。石爪图腾还会保护你的所有其他图腾，使其吸收$58592s1点伤害。
Summons a Stoneclaw Totem with $s1 health at the feet of the caster for $d that taunts creatures within $25512a1 yards to attack it.  Enemies attacking the Stoneclaw Totem have a $25513h% chance to be stunned for $39796d. Stoneclaw totem also protects all your totems, causing them to absorb $58593s1 damage.	在施法者脚下召唤一个生命值为$s1的石爪图腾，持续$d。它会嘲讽半径$25512a1码范围内的敌人攻击图腾。攻击石爪图腾的敌人有$25513h%的几率昏迷$39796d。石爪图腾还会保护你的所有其他图腾，使其吸收$58593s1点伤害。
Summons a Stoneclaw Totem with $s1 health at the feet of the caster for $d that taunts creatures within $25512a1 yards to attack it.  Enemies attacking the Stoneclaw Totem have a $25513h% chance to be stunned for $39796d. Stoneclaw totem also protects all your totems, causing them to absorb $58594s1 damage.	在施法者脚下召唤一个生命值为$s1的石爪图腾，持续$d。它会嘲讽半径$25512a1码范围内的敌人攻击图腾。攻击石爪图腾的敌人有$25513h%的几率昏迷$39796d。石爪图腾还会保护你的所有其他图腾，使其吸收$58594s1点伤害。
Summons a Stoneclaw Totem with $s1 health at the feet of the caster for $d that taunts creatures within $25512a1 yards to attack it.  Enemies attacking the Stoneclaw Totem have a $25513h% chance to be stunned for $39796d. Stoneclaw totem also protects all your totems, causing them to absorb $58595s1 damage.	在施法者脚下召唤一个生命值为$s1的石爪图腾，持续$d。它会嘲讽半径$25512a1码范围内的敌人攻击图腾。攻击石爪图腾的敌人有$25513h%的几率昏迷$39796d。石爪图腾还会保护你的所有其他图腾，使其吸收$58595s1点伤害。
Summons a Stoneclaw Totem with $s1 health at the feet of the caster for $d that taunts creatures within $25512a1 yards to attack it.  Enemies attacking the Stoneclaw Totem have a $25513h% chance to be stunned for $39796d. Stoneclaw totem also protects all your totems, causing them to absorb $58596s1 damage.	在施法者脚下召唤一个生命值为$s1的石爪图腾，持续$d。它会嘲讽半径$25512a1码范围内的敌人攻击图腾。攻击石爪图腾的敌人有$25513h%的几率昏迷$39796d。石爪图腾还会保护你的所有其他图腾，使其吸收$58596s1点伤害。
Increases the damage of your Mangle (Cat) and Shred abilities on targets at or below 35% health by $s1%.	使你对生命值等于或低于35%的目标施展的裂伤（豹）和撕碎技能造成的伤害提高$s1%。
Transmutes several uncommon Northrend gems into a single rare gem.	将数颗诺森德优秀品质宝石转化为一颗稀有宝石。
Strike an enemy for $s1% weapon damage and increasing your total Strength by $55331s2% for $55331d.  Each disease on the target increases damage by $s3%.	打击敌人，造成$s1%的武器伤害，并使你的总力量提高$55331s2%，持续$55331d。目标身上每存在一个疾病效果，伤害就提高$s3%。
Causes your Bloodstrikes and Heartstrikes to have a $h% chance to increase your total Strength by $s2 for $d.	使你的鲜血打击和心脏打击有$h%的几率使你的总力量提高$s2点，持续$d。
Causes your Bloodstrikes and Heartstrikes to have a $h% chance to increase your Strength by $s2 for $d.	使你的鲜血打击和心脏打击有$h%的几率使你的力量提高$s2点，持续$d。
Summons a Strength of Earth Totem with $s1 health at the feet of the caster.  The totem increases the strength and agility of all party and raid members within $58646a1 yards by $58646s2.  Lasts $d.	在施法者脚下召唤一个生命值为$s1的大地之力图腾。该图腾使$58646a1码范围内所有小队和团队成员的力量和敏捷提高$58646s2点。持续$d。
Summons a Flametongue Totem with $s1 health at the feet of the caster.  Party and raid members within $58651a1 yards of the totem have their spell damage and healing increased by up to $58651s1.  Lasts $d.	在施法者脚下召唤一个生命值为$s1的火舌图腾。使图腾周围$58651a1码范围内的所有小队和团队成员的法术伤害和治疗效果提高最多$58651s1点。持续$d。
Summons a Flametongue Totem with $s1 health at the feet of the caster.  Party and raid members within $58654a1 yards of the totem have their spell damage and healing increased by up to $58654s1.  Lasts $d.	在施法者脚下召唤一个生命值为$s1的火舌图腾。使图腾周围$58654a1码范围内的所有小队和团队成员的法术伤害和治疗效果提高最多$58654s1点。持续$d。
Summons a Flametongue Totem with $s1 health at the feet of the caster.  Party and raid members within $58655a1 yards of the totem have their spell damage and healing increased by up to $58655s1.  Lasts $d.	在施法者脚下召唤一个生命值为$s1的火舌图腾。使图腾周围$58655a1码范围内的所有小队和团队成员的法术伤害和治疗效果提高最多$58655s1点。持续$d。
Begins a ritual that creates a refreshment table.  Raid members can click the table to acquire Conjured Mana Strudels.  The tables lasts for $58661d or 50 charges.  Requires the caster and 2 additional party members to complete the ritual.  In order to participate, all players must right-click the refreshment portal and not move until the ritual is complete.	开始一个仪式，制造一个餐桌。团队成员可以点击餐桌以获得魔法法力果馅饼。餐桌持续$58661d或50次使用次数。需要施法者和额外2名小队成员来完成仪式越。参与仪式的所有玩家必须右键点击餐桌传送门，并且在仪式完成前不得移动。
Summons a Searing Totem with $s1 health at your feet for $d that repeatedly attacks an enemy within $58700r1 yards for $58700s1 Fire damage.	在你的脚下召唤一个生命值为$s1的灼热图腾，持续$d。它会不断攻击$58700r1码范围内的一名敌人，造成$58700s1点火焰伤害。
Summons a Searing Totem with $s1 health at your feet for $d that repeatedly attacks an enemy within $58701r1 yards for $58701s1 Fire damage.	在你的脚下召唤一个生命值为$s1的灼热图腾，持续$d。它会不断攻击$58701r1码范围内的一名敌人，造成$58701s1点火焰伤害。
Summons a Searing Totem with $s1 health at your feet for $d that repeatedly attacks an enemy within $58702r1 yards for $58702s1 Fire damage.	在你的脚下召唤一个生命值为$s1的灼热图腾，持续$d。它会不断攻击$58702r1码范围内的一名敌人，造成$58702s1点火焰伤害。
Summons a Magma Totem with $s1 health at the feet of the caster for ${$d-1} sec that causes $58732s1 Fire damage to creatures within $58732a1 yards every $58733t1 seconds.	在施法者脚下召唤一个生命值为$s1的熔岩图腾，持续${$d-1}秒。每$58733t1秒对$58732a1码范围内的敌人造成$58732s1点火焰伤害。
Summons a Magma Totem with $s1 health at the feet of the caster for ${$58734d-1} sec that causes $58735s1 Fire damage to creatures within $58735a1 yards every $58736t1 seconds.	在施法者脚下召唤一个生命值为$s1的熔岩图腾，持续${$58734d-1}秒。每$58736t1秒对$58735a1码范围内的敌人造成$58735s1点火焰伤害。
Summons a Fire Resistance Totem with $s1 health at the feet of the caster for $d that increases the fire resistance of party and raid members within $58738a1 yards by $58738s1.	在施法者脚下召唤一个生命值为$s1的抗火图腾，持续$d。使$58738a1码范围内所有小队和团队成员的火系抗性提高$58738s1点。
Summons a Fire Resistance Totem with $s1 health at the feet of the caster for $d that increases the fire resistance of party and raid members within $58740a1 yards by $58740s1.	在施法者脚下召唤一个生命值为$s1的抗火图腾，持续$d。使$58740a1码范围内所有小队和团队成员的火系抗性提高$58740s1点。
Summons a Frost Resistance Totem with $s1 health at the feet of the caster for $d that increases the frost resistance of party and raid members within $58744a1 yards by $58744s1.	在施法者脚下召唤一个生命值为$s1的抗寒图腾，持续$d。使$58744a1码范围内所有小队和团队成员的冰霜抗性提高$58744s1点。
Summons a Frost Resistance Totem with $s1 health at the feet of the caster for $d that increases the frost resistance of party and raid members within $58748a1 yards by $58748s1.	在施法者脚下召唤一个生命值为$s1的抗寒图腾，持续$d。使$58748a1码范围内所有小队和团队成员的冰霜抗性提高$58748s1点。
Summons a Nature Resistance Totem with $s1 health at the feet of the caster for $d that increases the nature resistance of party and raid members within $58752a1 yards by $58752s1.	在施法者脚下召唤一个生命值为$s1的自然抗性图腾，持续$d。使$58752a1码范围内所有小队和团队成员的自然抗性提高$58752s1点。
Summons a Nature Resistance Totem with $s1 health at the feet of the caster for $d that increases the nature resistance of party and raid members within $58756a1 yards by $58756s1.	在施法者脚下召唤一个生命值为$s1的自然抗性图腾，持续$d。使$58756a1码范围内所有小队和团队成员的自然抗性提高$58756s1点。
Summons a Healing Stream Totem with $s1 health at the feet of the caster for $d that restores $58773s1 health to all party and raid members within $58773a1 yards every $58773t1 seconds.	在施法者脚下召唤一个生命值为$s1的治疗之泉图腾，持续$d。每$58773t1秒为$58773a1码范围内的小队和团队成员恢复$58773s1点生命值。
Summons a Healing Stream Totem with $s1 health at the feet of the caster for $d that restores $58776s1 health to all party and raid members within $58776a1 yards every $58776t1 seconds.	在施法者脚下召唤一个生命值为$s1的治疗之泉图腾，持续$d。每$58776t1秒为$58776a1码范围内的小队和团队成员恢复$58776s1点生命值。
Summons a Healing Stream Totem with $s1 health at the feet of the caster for $d that restores $58777s1 health to all party and raid members within $58777a1 yards every $58777t1 seconds.	在施法者脚下召唤一个生命值为$s1的治疗之泉图腾，持续$d。每$58777t1秒为$58777a1码范围内的小队和团队成员恢复$58777s1点生命值。
Summons a Mana Spring Totem with $s1 health at the feet of the caster for $d that restores $58771s1 mana to all party and raid members within $58771a1 yards every $58771t1 seconds.	在施法者脚下召唤一个生命值为$s1的法力之泉图腾，持续$d。每$58771t1秒为$58771a1码范围内的小队和团队成员恢复$58771s1点法力值。
Strike an enemy for $s1% weapon damage plus ${$m2*$AP*$m3/10000}.  Only usable after the Death Knight dodges or parries.  Can't be dodged, blocked, or parried.  This attack causes a high amount of threat.	对敌人造成$s1%的武器伤害，外加${$m2*$AP*$m3/10000}点伤害。只有在死亡骑士躲闪或招架后才能使用。此攻击无法被躲闪、格挡或招架。该攻击产生大量的威胁值。
Summons a Frost Resistance Totem with $s1 health at the feet of the caster for $d.  The totem increases party and raid members' frost resistance by $58742s1, if within $58742a1 yards.	在施法者脚下召唤一个生命值为$s1的抗寒图腾，持续$d。若在$58742a1码范围内，图腾会使小队和团队成员的冰霜抗性提高$58742s1点。
Summons a Frost Resistance Totem with $s1 health at the feet of the caster for $d.  The totem increases party and raid members' frost resistance by $58744s1, if within $58744a1 yards.	在施法者脚下召唤一个生命值为$s1的抗寒图腾，持续$d。若在$58744a1码范围内，图腾会使小队和团队成员的冰霜抗性提高$58744s1点。
Summons a Nature Resistance Totem with $s1 health at the feet of the caster for $d that increases the nature resistance of party and raid members within $58748a1 yards by $58748s1.	在施法者脚下召唤一个生命值为$s1的自然抗性图腾，持续$d。使$58748a1码范围内所有小队和团队成员的自然抗性提高$58748s1点。
Summons a Nature Resistance Totem with $s1 health at the feet of the caster for $d that increases the nature resistance of party and raid members within $58750a1 yards by $58750s1.	在施法者脚下召唤一个生命值为$s1的自然抗性图腾，持续$d。使$58750a1码范围内所有小队和团队成员的自然抗性提高$58750s1点。
Summons a Stoneskin Totem with $s1 health at the feet of the caster.  The totem protects party and raid members within $58752a1 yards, increasing armor by $58752s1.  Lasts $d.	在施法者脚下召唤一个生命值为$s1的石肤图腾。该图腾保护$58752a1码范围内的小队和团队成员，使其护甲值提高$58752s1点。持续$d。
Summons a Stoneskin Totem with $s1 health at the feet of the caster.  The totem protects party and raid members within $58754a1 yards, increasing armor by $58754s1.  Lasts $d.	在施法者脚下召唤一个生命值为$s1的石肤图腾。该图腾保护$58754a1码范围内的小队和团队成员，使其护甲值提高$58754s1点。持续$d。
Summons a Healing Stream Totem with $s1 health at the feet of the caster for $d that heals group members within $58759a1 yards for $58763s1 every $58763t1 seconds.	在施法者脚下召唤一个生命值为$s1的治疗之泉图腾，持续$d。每$58763t1秒为$58759a1码范围内的小队成员恢复$58763s1点生命值。
Summons a Healing Stream Totem with $s1 health at the feet of the caster for $d that heals group members within $58760a1 yards for $58764s1 every $58764t1 seconds.	在施法者脚下召唤一个生命值为$s1的治疗之泉图腾，持续$d。每$58764t1秒为$58760a1码范围内的小队成员恢复$58764s1点生命值。
Summons a Healing Stream Totem with $s1 health at the feet of the caster for $d that heals group members within $58761a1 yards for $58765s1 every $58765t1 seconds.	在施法者脚下召唤一个生命值为$s1的治疗之泉图腾，持续$d。每$58765t1秒为$58761a1码范围内的小队成员恢复$58765s1点生命值。
Summons a Mana Spring Totem with $s1 health at the feet of the caster for $d that restores $58775s1 mana every 5 seconds to all party and raid members within $58778a1 yards.	在施法者脚下召唤一个生命值为$s1的法力之泉图腾，持续$d。每5秒为$58778a1码范围内所有小队和团队成员恢复$58775s1点法力值。
Summons a Mana Spring Totem with $s1 health at the feet of the caster for $d that restores $58776s1 mana every 5 seconds to all party and raid members within $58779a1 yards.	在施法者脚下召唤一个生命值为$s1的法力之泉图腾，持续$d。每5秒为$58779a1码范围内所有小队和团队成员恢复$58776s1点法力值。
Summons a Mana Spring Totem with $s1 health at the feet of the caster for $d that restores $58777s1 mana every 5 seconds to all party and raid members within $58780a1 yards.	在施法者脚下召唤一个生命值为$s1的法力之泉图腾，持续$d。每5秒为$58780a1码范围内所有小队和团队成员恢复$58777s1点法力值。
Reduces the mana cost of your Cleanse, Purify and Consecration spells by $s1% and increases the critical strike chance of your Exorcism and Holy Wrath spells by $s2%. Additionally, hitting an enemy with Exorcism or Holy Wrath increases the critical effect chance of your next healing spell by $84530s1%.	使你的清洁术、纯净术和奉献法术的法力消耗降低$s1%，并使你的驱邪术和神圣愤怒法术的暴击几率提高$s2%。此外，使用驱邪术或神圣愤怒击中敌人会使你的下一个治疗法术的爆击效果几率提高$84530s1%。
Reduces the mana cost of your Cleanse, Purify and Consecration spells by $s1% and increases the critical strike chance of your Exorcism and Holy Wrath spells by $s2%. Additionally, hitting an enemy with Exorcism or Holy Wrath increases the critical effect chance of your next healing spell by $84531s1%.	使你的清洁术、纯净术和奉献法术的法力消耗降低$s1%，并使你的驱邪术和神圣愤怒法术的暴击几率提高$s2%。此外，使用驱邪术或神圣愤怒击中敌人会使你的下一个治疗法术的爆击效果几率提高$84531s1%。
Infuses the death knight with unholy fury, increasing attack speed by $s1%, movement speed by $49772s1% and reducing the global cooldown on all abilities by ${$m2/-1000}.1 sec.  Only one Presence may be active at a time.	使死亡骑士获得邪恶狂乱的加持，使攻击速度提高$s1%，移动速度提高$49772s1%，并使所有技能的公共冷却时间缩短${$m2/-1000}.1秒。同一时间内只能激活一种领域。
Strengthens the Death Knight with the presence of blood, increasing damage by $48266s1% and healing the Death Knight by $50371s1% of damage dealt. Only one Presence may be active at a time.	使死亡骑士获得鲜血领域的加持，使伤害提高$48266s1%，并在造成伤害时为死亡骑士恢复生命值，数值相当于所造成伤害的$50371s1%。同一时间内只能激活一种领域。
Your Moonkin Aura also causes affected targets to gain $50170s1% haste and you to gain $s2% of your spirit as additional spell damage.	你的枭兽光环还会使受影响的目标获得$50170s1%的急速，并使你获得额外法术伤害，数值相当于你精神值的$s2%。
Your Moonkin Aura also causes affected targets to gain $50171s1% haste and you to gain $s2% of your spirit as additional spell damage.	你的枭兽光环还会使受影响的目标获得$50171s1%的急速，并使你获得额外法术伤害，数值相当于你精神值的$s2%。
Your Moonkin Aura also causes affected targets to gain $50172s1% haste and you to gain $s2% of your spirit as additional spell damage.	你的枭兽光环还会使受影响的目标获得$50172s1%的急速，并使你获得额外法术伤害，数值相当于你精神值的$s2%。
Summons or dismisses a Spirit of Competition.	召唤或解散竞争之魂。
Summons or dismisses an Essence of Competition.	召唤或解散竞争之精。
Heals a friendly target for $s1 and another ${$m2*7*$<mult>} over $d.	为友方目标恢复$s1点生命值，并在$d内额外恢复${$m2*7*$<mult>}点生命值。
Heals all nearby group members for $48446s1 every $48446t2 seconds for $48446d.  Druid must channel to maintain the spell.	每$48446t2秒为附近所有小队成员恢复$48446s1点生命值，持续$48446d。德鲁伊必须引导才能维持该法术。
Heals all nearby group members for $48447s1 every $48447t2 seconds for $48447d.  Druid must channel to maintain the spell.	每$48447t2秒为附近所有小队成员恢复$48447s1点生命值，持续$48447d。德鲁伊必须引导才能维持该法术。
Creates a violent storm in the target area causing $48466s1 Nature damage to enemies every $48467t3 sec, and increasing the time between attacks by $48467s2%.  Lasts $48467d.  Druid must channel to maintain the spell.	在目标区域制造一场狂暴的风暴，每$48467t3秒对敌人造成$48466s1点自然伤害，并使其攻击间隔延长$48467s2%。持续$48467d。德鲁伊必须引导才能维持该法术。
Creates a violent storm in the target area causing $48466s1 Nature damage to enemies every $48467t3 sec,$?s54831[ reducing movement speed by $54831s1%, ][ ]and increasing the time between attacks by $48467s2%.  Lasts $48467d.  Druid must channel to maintain the spell.	在目标区域制造一场狂暴的风暴，每$48467t3秒对敌人造成$48466s1点自然伤害，$?s54831[并使其移动速度降低$54831s1%，][ ]攻击间隔延长$48467s2%。持续$48467d。德鲁伊必须引导才能维持该法术。
The enemy target is swarmed by insects, decreasing their chance to hit with melee and ranged attacks by $s2% and causing $o1 Nature damage over $d.	敌方目标被虫群包围，使其近战和远程攻击的命中几率降低$s2%，并在$d内造成$o1点自然伤害。
Your Shred, Maul, and Mangle attacks cause an Infected Wound in the target. The Infected Wound reduces the movement speed of the target by $58179s1% and the attack speed by $58179s2%. Lasts $58179d.	你的撕碎、重殴和裂伤攻击会使目标感染伤口。感染伤口使目标的移动速度降低$58179s1%，攻击速度降低$58179s2%。持续$58179d。
Your Shred, Maul, and Mangle attacks cause an Infected Wound in the target. The Infected Wound reduces the movement speed of the target by $58180s1% and the attack speed by $58180s2%. Lasts $58180d.	你的撕碎、重殴和裂伤攻击会使目标感染伤口。感染伤口使目标的移动速度降低$58180s1%，攻击速度降低$58180s2%。持续$58180d。
Your Shred, Maul, and Mangle attacks cause an Infected Wound in the target. The Infected Wound reduces the movement speed of the target by $58181s1% and the attack speed by $58181s2%. Lasts $58181d.	你的撕碎、重殴和裂伤攻击会使目标感染伤口。感染伤口使目标的移动速度降低$58181s1%，攻击速度降低$58181s2%。持续$58181d。
You summon a flurry of stars from the sky on all targets within $50286a yards of the caster, each dealing $50288s1 Arcane damage. Also causes $50294s1 Arcane damage to all other enemies within $50294a1 yards of the enemy target. Maximum 20 stars. Lasts $48505d.  Shapeshift into an animal form or mounting cancels the effect. Any effect which causes you to lose control of your character will suppress the starfall effect.	你从天空中召唤群星，对施法者$50286a码范围内的所有目标造成$50288s1点奥术伤害。此外还会对敌方目标周围$50294a1码范围内的所有其他敌人造成$50294s1点奥术伤害。最多20颗星。持续$48505d。变身为动物形态或骑乘会取消该效果。任何导致你失去对角色控制的效果都会压制星辰坠落效果。
Your Wrath and Starfire spells have a $h% chance to apply the Earth and Moon effect, which increases spell damage taken by $60431s1% for $60431d.  Also increases your spell damage by $s2%.	你的愤怒和星火术有$h%的几率触发大地与月亮效果，使目标受到的法术伤害提高$60431s1%，持续$60431d。此外还会使你的法术伤害提高$s2%。
Your Wrath and Starfire spells have a $h% chance to  apply the Earth and Moon effect, which increases spell damage taken by $60432s1% for $60432d.  Also increases your spell damage by $s2%.	你的愤怒和星火术有$h%的几率触发大地与月亮效果，使目标受到的法术伤害提高$60432s1%，持续$60432d。此外还会使你的法术伤害提高$s2%。
Your Wrath and Starfire spells have a $h% chance to apply the Earth and Moon effect, which increases spell damage taken by $60433s1% for $60433d.  Also increases your spell damage by $s2%.	你的愤怒和星火术有$h%的几率触发大地与月亮效果，使目标受到的法术伤害提高$60433s1%，持续$60433d。此外还会使你的法术伤害提高$s2%。
Performs a feint, causing no damage but lowering your threat by a large amount, making the enemy less likely to attack you.  In addition, reduces the damage you take from area of effect attacks by $s2% for $d.	进行佯攻，不造成任何伤害，但能大幅降低你的威胁值，使敌人攻击你的可能性降低。此外，你受到的范围攻击伤害降低$s2%，持续$d。
An instant strike that deals $s2% weapon damage (${$m2*1.45}% if a dagger is equipped) and causes the target to hemorrhage, increasing any Physical damage dealt to the target by up to $<bonus>.  Lasts $n charges or $d.  Awards 1 combo point.	瞬间发动攻击，造成$s2%的武器伤害（如果装备匕首则为${$m2*1.45}%），并使目标流血不止，使其受到的所有物理伤害提高最多$<bonus>点。持续$n次攻击或$d。产生1个连击点数。
Instantly attacks with both weapons for $<percent>% weapon damage plus an additional $48662s1 with each weapon.  Damage is increased by 20% against Poisoned targets.  Awards 2 combo points.	立即用两把武器发动攻击，造成$<percent>%的武器伤害，且每把武器额外造成$48662s1点伤害。对中毒目标造成的伤害提高20%。产生2个连击点数。
Instantly attacks with both weapons for $<percent>% weapon damage plus an additional $48665m1 with each weapon.  Damage is increased by 20% against Poisoned targets.  Awards 2 combo points.	立即用两把武器发动攻击，造成$<percent>%的武器伤害，且每把武器额外造成$48665m1点伤害。对中毒目标造成的伤害提高20%。产生2个连击点数。
Surrounds the Death Knight in an Anti-Magic Shell, absorbing $48707s1% of the damage dealt by harmful spells (up to a maximum of $s2% of the Death Knight's health) and preventing application of harmful magical effects.  Damage absorbed by Anti-Magic Shell energizes the Death Knight with additional runic power.  Lasts $48707d.	将死亡骑士包裹在反魔法护罩中，吸收有害法术造成的$48707s1%伤害（最高可达死亡骑士最大生命值的$s2%），并防止有害魔法效果的施加。被反魔法护罩吸收的伤害会为死亡骑士提供额外的符文能量。持续$48707d。
Sacrifices an undead minion, healing the Death Knight for $s3% of $Ghis:her; maximum health.  This heal cannot be a critical.	牺牲一个亡灵随从，为死亡骑士恢复$s3%的最大生命值。此治疗效果不会产生爆击。
Heals a friendly target for an amount equal to the Paladin's maximum health and restores $s2 of their mana.  If used on self, the Paladin cannot be targeted by Divine Shield, Divine Protection, Hand of Protection, or self-targeted Lay on Hands again for $25771d.  Also cannot be used on self within $61987d of using Avenging Wrath.	为友方目标恢复生命值，数值相当于圣骑士的最大生命值，并为其恢复$s2点法力值。如果对自己使用，则圣骑士在$25771d内无法再次获得圣佑术、圣盾术或保护之手效果，也无法对自己使用圣疗术。在使用复仇之怒后的$61987d内无法对自己施放。
The Death Knight freezes $Ghis:her; blood to become immune to Stun effects and reduce all damage taken by $?s58625[$58625s1][$s3]% plus additional damage reduction based on Defense for $d.	死亡骑士冻结$g他:她;的血液，使其免疫昏迷效果，并使受到的所有伤害降低$?s58625[$58625s1][$s3]%，且基于防御力获得额外的伤害减免。持续$d。
Whenever you kill an enemy that grants experience or honor, you generate up to 10 runic power.  In addition, you generate 1 runic power per 5 sec while in combat.	每当你杀死一个可以提供经验或荣誉值的敌人，你就会产生最多10点符文能量。此外，在战斗中每5秒产生1点符文能量。
Converts 1 Blood Rune into $s1% of your maximum health.	将1个鲜血符文转化为相当于你最大生命值$s1%的生命值。
Gives you a $50447s1% bonus to physical damage you deal for $20050d after dealing a critical strike from a weapon swing, spell, or ability.  This effect stacks up to $50447u times.	在你通过武器攻击、法术或技能造成暴击后，使你造成的物理伤害提高$50447s1%，持续$20050d。此效果最多可叠加$50447u次。
You have a $h% chance after dodging, parrying or taking  direct damage to gain the Scent of Blood effect, causing your next melee hit to generate 10 runic power.	你在躲闪、招架或受到直接伤害后有$h%的几率获得血之气息效果，使你的下一次近战攻击产生10点符文能量。
Place a Mark of Blood on an enemy.  Whenever the marked enemy deals damage to a target, that target is healed for $49005s2% of its maximum health.  Lasts for $49005d or up to $49005n hits.	在一个敌人身上施加鲜血印记。每当被标记的敌人对造成伤害时，该目标都会恢复生命值，数值相当于其最大生命值的$49005s2%。持续$49005d或生效$49005n次。
A stinging shot that puts the target to sleep for $49011d.  Any damage will cancel the effect.  When the target wakes up, the Sting causes $49009o1 Nature damage over $49009d.  Only one Sting per Hunter can be active on the target at a time.	使目标沉睡$49011d的蛰刺。任何伤害都会取消该效果。当目标醒来时，蛰刺会在$49009d内造成$49009o1点自然伤害。每个猎人同一时间内只能在目标身上激活一种蛰刺效果。
A stinging shot that puts the target to sleep for $49012d.  Any damage will cancel the effect.  When the target wakes up, the Sting causes $49010o1 Nature damage over $49010d.  Only one Sting per Hunter can be active on the target at a time.	使目标沉睡$49012d的蛰刺。任何伤害都会取消该效果。当目标醒来时，蛰刺会在$49010d内造成$49010o1点自然伤害。每个猎人同一时间内只能在目标身上激活一种蛰刺效果。
Drains the soul of the target, causing $s2 Shadow damage every $t2 sec for $d.  If the target dies while being drained, and yields experience or honor, the caster gains a Soul Shard.  Soul Shards are required for other spells.	吸取目标的灵魂，每$t2秒造成$s2点暗影伤害，持续$d。如果目标在吸取期间死亡，且能提供经验或荣誉值，则施法者获得一块灵魂碎片。灵魂碎片是施放其他法术所必需的。
Drains the soul of the target, causing $49015s2 Shadow damage every $49015t2 sec for $49015d.  If the target dies while being drained, and yields experience or honor, the caster gains a Soul Shard.  Soul Shards are required for other spells.	吸取目标的灵魂，每$49015t2秒造成$49015s2点暗影伤害，持续$49015d。如果目标在吸取期间死亡，且能提供经验或荣誉值，则施法者获得一块灵魂碎片。灵魂碎片是施放其他法术所必需的。
Drains the soul of the target, causing $49016s2 Shadow damage every $49016t2 sec for $49016d.  If the target dies while being drained, and yields experience or honor, the caster gains a Soul Shard.  Soul Shards are required for other spells.	吸取目标的灵魂，每$49016t2秒造成$49016s2点暗影伤害，持续$49016d。如果目标在吸取期间死亡，且能提供经验或荣誉值，则施法者获得一块灵魂碎片。灵魂碎片是施放其他法术所必需的。
Increases the target's armor by $s1 for $d.  Cannot be used with other types of armor.	使目标的护甲值提高$s1，持续$d。无法与其他类型的护甲效果叠加。
Increases the armor of all party and raid members within $a1 yards by $s1 for $d.  Cannot be used with other types of armor.	使$a1码范围内所有小队和团队成员的护甲值提高$s1，持续$d。无法与其他类型的护甲效果叠加。
Summons a massive shadowfiend to attack the target.  Caster gains mana when the shadowfiend attacks.  Lasts $d.	召唤一个强大的暗影魔攻击目标。当暗影魔发动攻击时，施法者会获得法力值。持续$d。
A powerful prayer that heals the friendly target's party members within $a1 yards for $48073s1.  In addition, heals the targets for another $s1 over $d.	强大的祷言，为友方目标周围$a1码范围内的所有小队成员恢复$48073s1点生命值。此外还会在$d内为目标额外恢复$s1点生命值。
Infuses the target's party and raid members with brilliance, increasing their Intellect by $s1 for $d.	为目标的队伍和团队成员注入智慧光辉，使其智力提高$s1，持续$d。
Fills the air around the caster with a Holy fog that heals $s1 party or raid members within $a1 yards for $s2 every $t2 sec for $d.	在施法者周围制造出一片神圣的迷雾，每$t2秒为$a1码范围内的$s1名小队或团队成员恢复$s2点生命值，持续$d。
Imbue the Shaman's weapon with fire, increasing total spell damage by $58784s2$?s55451[ and increasing spell critical strike chance by $55451s1%.][.] Each hit causes $/77;58786m1 to $/25;58786M1 additional Fire damage, based on the speed of the weapon.  Slower weapons cause more fire damage per swing.  Lasts 30 minutes.	在萨满祭司的武器上注入火焰，使总法术伤害提高$58784s2点$?s55451[，法术爆击几率提高$55451s1%][。]每次命中都会造成$/77;58786m1到$/25;58786M1点额外的火焰伤害，伤害值取决于武器速度。武器速度越慢，单次攻击造成的火焰伤害越高。持续30分钟。
Imbue the Shaman's weapon with fire, increasing total spell damage by $58791s2$?s55451[ and increasing spell critical strike chance by $55451s1%.][.] Each hit causes $/77;58787m1 to $/25;58787M1 additional Fire damage, based on the speed of the weapon.  Slower weapons cause more fire damage per swing.  Lasts 30 minutes.	在萨满祭司的武器上注入火焰，使总法术伤害提高$58791s2点$?s55451[，法术爆击几率提高$55451s1%][。]每次命中都会造成$/77;58787m1到$/25;58787M1点额外的火焰伤害，伤害值取决于武器速度。武器速度越慢，单次攻击造成的火焰伤害越高。持续30分钟。
Imbue the Shaman's weapon with fire, increasing total spell damage by $58792s2$?s55451[ and increasing spell critical strike chance by $55451s1%.][.] Each hit causes $/77;58788m1 to $/25;58788M1 additional Fire damage, based on the speed of the weapon.  Slower weapons cause more fire damage per swing.  Lasts 30 minutes.	在萨满祭司的武器上注入火焰，使总法术伤害提高$58792s2点$?s55451[，法术爆击几率提高$55451s1%][。]每次命中都会造成$/77;58788m1到$/25;58788M1点额外的火焰伤害，伤害值取决于武器速度。武器速度越慢，单次攻击造成的火焰伤害越高。持续30分钟。
Imbue the Shaman's weapon with frost.  Each hit has a chance of causing $58797s2 additional Frost damage and slowing the target's movement speed by $58797s1% for $58797d.  Lasts 30 minutes.	在萨满祭司的武器上注入冰霜。每次命中都有一定几率造成$58797s2点额外的冰霜伤害，并使目标的移动速度降低$58797s1%，持续$58797d。持续30分钟。
Imbue the Shaman's weapon with frost.  Each hit has a chance of causing $58798s2 additional Frost damage and slowing the target's movement speed by $58798s1% for $58798d.  Lasts 30 minutes.	在萨满祭司的武器上注入冰霜。每次命中都有一定几率造成$58798s2点额外的冰霜伤害，并使目标的移动速度降低$58798s1%，持续$58798d。持续30分钟。
Imbue the Shaman's weapon with frost.  Each hit has a chance of causing $58799s1 additional Frost damage and slowing the target's movement speed by $58799s2% for $58799d.  Lasts 30 minutes.	在萨满祭司的武器上注入冰霜。每次命中都有一定几率造成$58799s1点额外的冰霜伤害，并使目标的移动速度降低$58799s2%，持续$58799d。持续30分钟。
Begins a ritual that creates a Soulwell.  Raid members can click the Soulwell to acquire a Fel Healthstone.  The Soulwell lasts for $58889d or 25 charges.  Requires the caster and 2 additional party members to complete the ritual.  In order to participate, all players must right-click the soul portal and not move until the ritual is complete.	开始一个仪式，制造一个灵魂之井。团队成员可以点击灵魂之井以获得一块邪能生命石头。灵魂之井持续$58889d或25次使用次数。需要施法者和额外2名小队成员来完成仪式。参与仪式的所有玩家必须右键点击灵魂传送门，并且在仪式完成前不得移动。
Drains $s1 of your summoned demon's Mana, returning 100% to you.	吸取你召唤的恶魔的$s1点法力值，100%返还给你。
Right Click to summon and dismiss a Giant Sewer Rat	右键点击以召唤或解散一只巨大的下水道老鼠。
You sometimes find additional cloth from Northrend humanoids.	你有时可以从诺森德的人型生物身上获得额外的布料。
Increases the critical strike damage of your Judgement, Crusader Strike and Divine Storm abilities by $53488s1% and when your melee attacks critically hit your next Flash of Light or Exorcism spell becomes instant cast.	使你的审判、十字军打击和神圣风暴技能的爆击伤害提高$53488s1%。当你的近战攻击产生爆击时，你的下一个圣光闪现或驱邪术将变为瞬发。
Taunts all enemies within $a1 yards for $d.	嘲讽$a1码范围内的所有敌人，持续$d。
You transform into a Demon for $47241d.  This form increases your armor by $47241s2%, damage by $47241s3%, reduces the chance you'll be critically hit by melee attacks by 6% and reduces the duration of stun and snare effects by $54817s1%.  You gain some unique demon abilities in addition to your normal abilities. 3 minute cooldown.	变身为恶魔，持续$47241d。在此形态下，你的护甲值提高$47241s2%，伤害提高$47241s3%，受到近战爆击的几率降低6%，受到昏迷和诱捕效果影响的持续时间缩短$54817s1%。除了普通技能外，你还获得了一些独特的恶魔技能。3分钟冷却时间。
You transform into a Demon for $d.  In this form, your armor increases by $47241s2%, you do $47241s3% more damage, and the duration of stun and snare effects is reduced by $54817s1%.  You gain some unique demon abilities in addition to your normal abilities. 3 minute cooldown.	变身为恶魔，持续$d。在此形态下，你的护甲值提高$47241s2%，伤害提高$47241s3%，受到昏迷和诱捕效果影响的持续时间缩短$54817s1%。除了普通技能外，你还获得了一些独特的恶魔技能。3分钟冷却时间。
A disease dealing ${$m1*1.15+$AP*0.055*1.15} Shadow damage every 3 sec for $55078d.  Caused by Plague Strike and other abilities.\n\nBase damage ${$m1*1.15}\nBonus from attack power ${$AP*0.055*1.15}	一种每3秒造成${$m1*1.15+$AP*0.055*1.15}点暗影伤害的疾病，持续$55078d。由暗影打击和其他技能触发。\n\n基础伤害${$m1*1.15}\n攻击强度加成${$AP*0.055*1.15}
A disease dealing ${$m1*1.15+$AP*0.055*1.15} Frost damage every 3 sec and reducing the target's melee and ranged attack speed by $55095s2% for $55095d.  Caused by Icy Touch and other spells.\n\nBase damage ${$m1*1.15}\nBonus from attack power ${$AP*0.055*1.15}	一种每3秒造成${$m1*1.15+$AP*0.055*1.15}点冰霜伤害的疾病，并使目标的近战和远程攻击速度降低$55095s2%，持续$55095d。由冰冷触摸和其他技能触发。\n\n基础伤害${$m1*1.15}\n攻击强度加成${$AP*0.055*1.15}
You charge your off-hand weapon with lava, instantly dealing $s1% off-hand Weapon damage. Damage is increased by $s2% if your off-hand weapon is enchanted with Flametongue.	熔岩灌注你的副手武器，立即造成$s1%的副手武器伤害。如果你的副手武器附有火舌效果，伤害将提高$s2%。
While applied to target weapon it increases damage dealt by direct spells by $55150s1% and spell critical strike rating by $55150s3.  Lasts for 1 hour.	施加在武器上，使直接性法术造成的伤害提高$55150s1%，法术爆击等级提高$55150s3。持续1小时。
While applied to target weapon it increases damage dealt by direct spells by $55151s1% and spell critical strike rating by $55151s3.  Lasts for 1 hour.	施加在武器上，使直接性法术造成的伤害提高$55151s1%，法术爆击等级提高$55151s3。持续1小时。
Transmutes many saronite bars into a single titanium bar.  You have a chance to discover other transmutations when successful.	将多块萨隆邪铁锭转化为一块泰坦神铁锭。成功转化时你有机会发现其他的转化配方。
Rides and parks a rockin' Mekgineer's Chopper.  This is a very fast set of wheels. This mount increases speed depending on your Riding Skill.	驾驶并停放一辆拉风的机械师摩托车。这可是一套非常快的轮子。该坐骑根据你的骑术等级提高速度。
Permanently attach jormungar reinforcements onto your pants, increasing Stamina by 55 and Agility by 22.\n\nCan only attach to your own armor, and attaching causes the item to become soulbound.	永久性地将约姆加尔护甲片缝在你的裤子上，使其耐力提高55点，敏捷提高22点。\n\n只能附加在你自己的装备上，且附加后装备会变为灵魂绑定。
Permanently attach nerubian reinforcements onto your pants, increasing attack power by 75 and critical strike rating by 22.\n\nCan only attach to your own armor, and attaching causes the item to become soulbound.	永久性地将蛛魔护甲片缝在你的裤子上，使其攻击强度提高75点，爆击等级提高22点。\n\n只能附加在你自己的装备上，且附加后装备会变为灵魂绑定。
Experiment with Northrend herbs to discover a new Alchemy recipe.  Can only be done every 3 days.	利用诺森德草药进行实验，以发现新的炼金术配方。每3天只能进行一次。
Removes any Immobilization effects and refreshes the cooldown of your Intercept ability.	移除任何定身效果，并刷新你的拦截技能的冷却时间。
Transforms the enemy into a harmless serpent, forcing it to slither around for up to $d.  While wandering, the serpent cannot attack or cast spells but will regenerate very quickly.  Any damage will transform the target back into its normal form.  Only one target can be polymorphed at a time.  Only works on Beasts, Humanoids and Critters.	将敌人变成一只无害的蛇，使其在周围徘徊，持续最多$d。在徘徊期间，蛇无法攻击或施法，但生命值恢复速度会变得非常快。任何伤害都会使目标变回原来的形态。同一时间内只能对一个目标施放变形术。仅对野兽、人型生物和小动物有效。
Permanently adds 120 attack power and 15 critical strike rating to shoulder armor.\n\nCan only be applied to your own armor, and doing so will cause it to become soulbound.	永久性地为肩部装备增加120点攻击强度和15点爆击等级。\n\n只能附加在你自己的装备上，且附加后装备会变为灵魂绑定。
Permanently adds 70 spell power and 8 mana every 5 sec to shoulder armor.\n\nCan only be applied to your own armor, and doing so will cause it to become soulbound.	永久性地为肩部装备增加70点法术强度，并且每5秒恢复8点法力值。\n\n只能附加在你自己的装备上，且附加后装备会变为灵魂绑定。
Permanently adds 60 dodge rating and 15 defense rating to shoulder armor.\n\nCan only be applied to your own armor, and doing so will cause it to become soulbound.	永久性地为肩部装备增加60点躲闪等级和15点防御等级。\n\n只能附加在你自己的装备上，且附加后装备会变为灵魂绑定。
Permanently adds 70 spell power and 15 critical strike rating to shoulder armor.\n\nCan only be applied to your own armor, and doing so will cause it to become soulbound.	永久性地为肩部装备增加70点法术强度和15点爆击等级。\n\n只能附加在你自己的装备上，且附加后装备会变为灵魂绑定。
Compiles your experiences from the day, creating a random assortment of inscribed works.  You are very likely to discover new major glyph recipes this way.	总结你一天的经验，随机创作出一系列铭文作品。通过这种方式，你很有可能发现新的大型雕文配方。
Enslaves the target demon, up to level $m1, forcing it to do your bidding.  While enslaved, the time between the demon's attacks is increased by $s2% and its casting speed is slowed by $s3%.  Lasts up to $d.	奴役目标恶魔（最高等级$m1），使其听从你的差遣。在被奴役期间，恶魔的攻击间隔延长$s2%，施法速度降低$s3%。持续最多$d。
Create random scrolls in an effort to discover new minor glyph recipes.	创作随机卷轴，以此尝试发现新的小型雕文配方。
Targets in a cone in front of the caster take $61290s1 Shadow damage and an additional $61291o1 Fire damage over $61291d.	对施法者面前锥形区域内的目标造成$61290s1点暗影伤害，并在$61291d内额外造成$61291o1点火焰伤害。
Transforms the enemy into a harmless black cat, forcing it to pussyfoot around for up to $d.  While wandering, the cat cannot attack or cast spells but will regenerate very quickly.  Any damage will transform the target back into its normal form.  Only one target can be polymorphed at a time.  Only works on Beasts, Humanoids and Critters.	将敌人变成一只无害的黑猫，使其在周围徘徊，持续最多$d。在徘徊期间，猫无法攻击或施法，但生命值恢复速度会变得非常快。任何伤害都会使目标变回原来的形态。同一时间内只能对一个目标施放变形术。仅对野兽、人型生物和小动物有效。
Increases your Energy regeneration rate by $s1%.	使你的能量恢复速度提高$s1%。
When activated, this ability temporarily grants you $s1% of your maximum health for $d while in Bear Form, Cat Form, or Dire Bear Form.  After the effect expires, the health is lost.	激活后，使你在熊形态、豹形态或巨熊形态下的最大生命值临时提高$s1%，持续$d。效果结束后，增加的生命值将会消失。
Right Click to summon and dismiss a Tame Tickbird.	右键点击以召唤或解散一只驯服的犀牛鸟。
Right Click to summon and dismiss a Tame White Tickbird.	右键点击以召唤或解散一只驯服的白犀牛鸟。
Right Click to summon and dismiss a Proto-Drake Whelp.	右键点击以召唤或解散一只始祖龙幼崽。
Right Click to summon and dismiss a Cobra Hatchling.	右键点击以召唤或解散一只眼镜蛇宝宝。
Right Click to summon and dismiss Pengu.	右键点击以召唤或解散小企鹅。
You summon a violent Typhoon that does $s2 Nature damage when in contact with hostile targets, knocking them back and dazing them for $53227d.	你召唤一阵强烈的台风，对接触到的敌方目标造成$s2点自然伤害，将其击退并使其眩晕$53227d。
Unlike most casters, a Death Knight's spells cause double damage on critical hits.	与大多数施法者不同，死亡骑士的法术在产生爆击时会造成双倍伤害。
Right Click to summon and dismiss your Kirin Tor Familiar	右键点击以召唤或解散你的肯瑞托魔宠。
Causes the shaman's active Fire totem to emit a wave of flames, inflicting $61650s1 Fire damage to enemies within $61650a1 yards of the totem.	使萨满祭司当前激活的火焰图腾发出一波火焰，对图腾周围$61650a1码范围内的敌人造成$61650s1点火焰伤害。
Causes the shaman's active Fire totem to emit a wave of flames, inflicting $61654s1 Fire damage to enemies within $61654a1 yards of the totem.	使萨满祭司当前激活的火焰图腾发出一波火焰，对图腾周围$61654a1码范围内的敌人造成$61654s1点火焰伤害。
Increases your pet's attack speed by $61682s1%.  Your pet will hit faster but each hit will do less damage.	使你的宠物的攻击速度提高$61682s1%。你的宠物攻击频率会加快，但每次攻击造成的伤害会有所降低。
Increases your pet's attack speed by $61683s1%.  Your pet will hit faster but each hit will do less damage.	使你的宠物的攻击速度提高$61683s1%。你的宠物攻击频率会加快，但每次攻击造成的伤害会有所降低。
Transforms the enemy into a harmless rabbit, forcing it to scamper around for up to $d.  While wandering, the rabbit cannot attack or cast spells but will regenerate very quickly.  Any damage will transform the target back into its normal form.  Only one target can be polymorphed at a time.  Only works on Beasts, Humanoids and Critters.	将敌人变成一只无害的兔子，使其在周围徘徊，持续最多$d。在徘徊期间，兔子无法攻击或施法，但生命值恢复速度会变得非常快。任何伤害都会使目标变回原来的形态。同一时间内只能对一个目标施放变形术。仅对野兽、人型生物和小动物有效。
Transforms the enemy into a harmless Turkey, forcing it to waddle around for up to $d.  While waddling, the turkey cannot attack or cast spells but will regenerate very quickly.  Any damage will transform the target back into its normal form.  Only one target can be polymorphed at a time.  Only works on Beasts, Humanoids and Critters.	将敌人变成一只无害的火鸡，使其在周围徘徊，持续最多$d。在徘徊期间，火鸡无法攻击或施法，但生命值恢复速度会变得非常快。任何伤害都会使目标变回原来的形态。同一时间内只能对一个目标施放变形术。仅对野兽、人型生物和小动物有效。
Raises the corpse of a raid or party member to fight by your side.  The player will have control over the Ghoul for $46619d.	从一名小队或团队成员的尸体中唤起一个食尸鬼为你而战。该玩家将在$46619d内控制该食尸鬼。
Swipe nearby enemies, inflicting $s1% weapon damage.	横扫附近的敌人，造成$s1%的武器伤害。
Taunts the target to attack you.  If the target is tauntable and not currently targeting you, causes ${1+0.5*$AP} Holy damage.	嘲讽目标攻击你。如果目标可以被嘲讽且当前目标不是你，则造成${1+0.5*$AP}点神圣伤害。
Affixes your two-handed rune weapon with a rune that increases Defense by $62157s1 and total Stamina by $62157s2%.  Modifying your rune weapon requires a Rune Forge in Ebon Hold.	在你的双手符文武器上刻印一枚符文，使防御力提高$62157s1点，总耐力提高$62157s2%。在黑锋要塞的符文熔炉处可以进行符文刻印。
This delicacy is best served raw and thus requires no cooking fire.	这种美味最好生吃，因此不需要烹饪用火。
Each time you deal a critical strike while in Bear Form or Dire Bear Form, you gain Savage Defense, reducing the damage taken from the next physical attack that strikes you by $62600s1% of your attack power.	你在熊形态或巨熊形态下每次造成爆击，都会获得狂野防御效果，使你受到的下一次物理攻击伤害降低，降低数值相当于你的攻击强度的$62600s1%。
Choose one of your stabled pets to replace your current pet.  The selected pet busts out of its stable to join you no matter where you are.  Cannot be used in combat.	选择一个寄存在兽栏中的宠物来替换当前的宠物。无论你身在何处，所选的宠物都会从兽栏中跑出来加入你。不能在战斗中使用。
Cuts a black diamond into a red, blue or yellow gemstone of similar quality.  The type of gem is not known until the gem is cut.	将一颗黑钻石切割成一颗同等品质的红色、蓝色或黄色宝石。在宝石被切割出来之前，其类型是未知的。
When you deal damage with your Corruption spell, you are instantly healed for $<percent>% of the damage done. In addition, the damage done by your Corruption, Seed of Corruption and Unstable Affliction damage over time effects is increased by $s2%.	当你的腐蚀术造成伤害时，你会立即获得相当于伤害量$<percent>%的治疗。此外，你的腐蚀术、腐蚀之种和痛苦无常的持续伤害效果所造成的伤害提高$s2%。
When you Shadowbolt, Incinerate or Soul Fire a target that is at or below $s2% health, the cast time of Soul Fire spell is reduced by $s1% for $63165d. Soul Fires cast under the effect of Decimation cost no shard.	当你对生命值低于或等于$s2%的目标施放暗影箭、烧尽或灵魂火时，灵魂火的施法时间缩短$s1%，持续$63165d。在灭杀效果下施放的灵魂火不消耗碎片。
When you Shadowbolt, Incinerate or Soul Fire a target that is at or below $63158s2% health, the cast time of your Soul Fire spell is reduced by $63158s1% for $63165d. Soul Fires cast under the effect of Decimation cost no shard.	当你对生命值低于或等于$63158s2%的目标施放暗影箭、烧尽或灵魂火时，灵魂火的施法时间缩短$63158s1%，持续$63165d。在灭杀效果下施放的灵魂火不消耗碎片。
When you critically strike with Searing Pain or Conflagrate, your Fire and Shadow spell damage is increased by $63244s1% for $63244d.	当你的灼热之痛或燃烧产生爆击时，你的火焰和暗影法术造成的伤害提高$63244s1%，持续$63244d。
Grants the periodic damage from your Lacerate and Rip abilities the ability to critically hit.	使你的割裂和撕扯技能的周期性伤害可以产生爆击。
Grants your pet $s2% haste for $d and  heals it for ${$m1*10}% of its health over the duration.	使你的宠物获得$s2%的急速，持续$d，并在持续时间内为其恢复相当于生命值总额${$m1*10}%的生命值。
Reduces the cooldown of your Power Word: Shield ability by $/1000;s1 sec, and reduces the mana cost of your Power Word: Shield by $s2%.	使你的真言术：盾的冷却时间缩短$/1000;s1秒，并使其消耗的法力值降低$s2%。
Switch to your Secondary Talent Specialization.	切换至你的副天赋。
Switch to your Primary Talent Specialization.	切换至你的主天赋。
Increases the damage done by your Lightning Bolt, Chain Lightning, Lava Lash and Shock spells on targets afflicted by your Frostbrand Attack effect, and your Frost Shock has a chance to root the target in ice for $63685d. when used on targets at or further than $63685s1 yards from you.	使你的闪电箭、链状闪电、熔岩猛击和震击法术对受到你的冰封攻击效果影响的目标造成的伤害提高。此外，当你的冰霜震击对距离你$63685s1码或更远的目标使用时，有一定几率将其冻结在原地，持续$63685d。
Permanently attaches a springy arachnoweave to a cloak, increasing spell power by 27 and allowing you to turn the cloak into a parachute to fall slowly for $55001d.\n\nThe cloak can only be used once a minute and requires an Engineering skill of at least 350.	永久性地将弹性蛛网缝在披风上，使其法术强度提高27点，并使你可以将披风当作降落伞使用，减缓坠落速度，持续$55001d。\n\n披风每分钟只能使用一次，需要至少350点工程学技能。
Permanently inserts reticulated armor webbing into gloves, increasing armor by 885.\n\nAttaching the armor webbing causes the gloves to become soulbound.  An Engineering skill of 400 is required to keep the webbing active.	永久性地将网状护甲片嵌入手套，使其护甲值提高885点。\n\n附加护甲片后手套会变为灵魂绑定。需要400点工程学技能才能保持其效果。
You terrify the target, causing them to tremble in horror for $d and drop their main hand and ranged weapons for $64058d.	你使目标感到恐惧，使其因惊恐而颤抖，持续$d，并使其丢掉主手武器和远程武器，持续$64058d。
You terrify the target, causing them to tremble in horror for $64044d and drop their main hand and ranged weapons for $64058d.	你使目标感到恐惧，使其因惊恐而颤抖，持续$64044d，并使其丢掉主手武器和远程武器，持续$64058d。
$s1% of all damage taken by party members within $a1 yards is redirected to the Paladin (up to a maximum of $s3% of the Paladin's health times the number of party members).  Damage which reduces the Paladin below $s2% health will break the effect.  Lasts $d.	$a1码范围内所有小队成员受到的伤害值的$s1%由圣骑士分担（最大值为圣骑士生命值上限的$s3%乘以小队成员人数）。如果伤害使圣骑士的生命值降至$s2%以下，该效果就会消失。持续$d。
Right Click to summon and dismiss Mimiron's XS-001 Prototype.   He really hates water.	右键点击以召唤或解散米米尔隆的XS-001原型机。他真的很讨厌水。
When below 35% health all damage taken is reduced by $44440s1% and your Pyroblast spell's cast time is reduced by ${$44440m2/-1000}.2 secs while the cooldown is increased by ${$44440m3/1000}.1 secs.  In addition, melee and ranged attacks made against you have a $64350h% chance to disarm your attacker's main hand and ranged weapons.	当你的生命值低于35%时，你受到的所有伤害降低$44440s1%，炎爆术的施法时间缩短${$44440m2/-1000}.2秒，但冷却时间延长${$44440m3/1000}.1秒。此外，对你进行的近战和远程攻击有$64350h%的几率缴械攻击者的主手武器和远程武器。
When below 35% health all damage taken is reduced by $44441s1% and your Pyroblast spell's cast time is reduced by ${$44441m2/-1000}.1 secs while the cooldown is increased by ${$44441m3/1000} secs.  In addition, melee and ranged attacks made against you have a $64349h% chance to disarm your attacker's main hand and ranged weapons.	当你的生命值低于35%时，你受到的所有伤害降低$44441s1%，炎爆术的施法时间缩短${$44441m2/-1000}.1秒，但冷却时间延长${$44441m3/1000}秒。此外，对你进行的近战和远程攻击有$64349h%的几率缴械攻击者的主手武器和远程武器。
Heals $64843s2 nearby lowest health friendly party or raid targets within $64844a1 yards for $64844s1 every $64843t1 sec for $64843d, and increases healing done to them by $64844s2% for $64844d. Maximum of $*4;64843s2 heals. The Priest must channel to maintain the spell.	每$64843t1秒为$64844a1码范围内生命值最低的$64843s2名小队或团队成员恢复$64844s1点生命值，持续$64843d，并使其受到的治疗效果提高$64844s2%，持续$64844d。最多可治疗$*4;64843s2次。牧师必须引导才能维持此技能。
Heals $64843s2 nearby lowest health friendly party or raid targets within $a1 yards for $64844s1 every $64843t1 sec for $64843d, and increases healing done to them by $64844s2% for $64844d. Maximum of $*4;64843s2 heals. The Priest must channel to maintain the spell.	每$64843t1秒为$a1码范围内生命值最低的$64843s2名小队或团队成员恢复$64844s1点生命值，持续$64843d，并使其受到的治疗效果提高$64844s2%，持续$64844d。最多可治疗$*4;64843s2次。牧师必须引导才能维持此技能。
Your Holy Shock critical heals now also place a periodic healing effect on the target, healing for $64890s1% of the Holy Shock's heal amount over $64891d.	你的神圣震击产生的爆击治疗现在还会在目标身上产生一个持续治疗效果，在$64891d内恢复相当于神圣震击治疗量$64890s1%的生命值。
Your Charge ability is now usable while in combat, but the cooldown on Charge is increased by ${$m3/1000} sec. Following a Charge, your next Slam or Mortal Strike has an additional $65156s1% chance to critically hit if used within $65156d.	你的冲锋技能现在可以在战斗中使用，但冷却时间延长${$m3/1000}秒。冲锋之后，如果你在$65156d内施放猛击或致死打击，其爆击几率额外提高$65156s1%。
Reduces the mana cost of your healing over time spells by $5420s1% and grants the ability to shapeshift into the Tree of Life. While in this form you increase healing received by $34123s1% for all party and raid members within $34123a1 yards, and you can only cast Restoration spells in addition to Innervate, Barkskin, Nature's Grasp and Thorns spells.\n\nThe act of shapeshifting frees the caster of Polymorph and Movement Impairing effects.	使你的持续治疗法术消耗的法力值降低$5420s1%，并使你可以变形为生命之树。在此形态下，你使$34123a1码范围内的所有小队和团队成员受到的治疗效果提高$34123s1%。除激活、树皮术、自然之握和荆棘术外，你只能施放恢复系法术。\n\n变形可以解除施法者身上的变形和移动限制效果。
Reduces the damage your pet takes from creature area of effect attacks by an additional $s1%.	使你的宠物受到的生物范围攻击伤害额外降低$s1%。
Right Click to summon and dismiss a Curious Oracle Hatchling.	右键点击以召唤或解散一只好奇的神谕者幼崽。
Right Click to summon and dismiss a Curious Wolvar Pup.	右键点击以召唤或解散一只好奇的狼獾人幼崽。
Right Click to summon and dismiss Grunty the Murloc Marine.	右键点击以召唤或解散机枪兵鱼人格兰蒂。
A deadly attack that deals $s2% offhand weapon damage plus a bonus and heals the Death Knight for $F% of $Ghis:her; maximum health for each of $Ghis:her; diseases on the target.	一次致命的攻击，造成$s2%的副手武器伤害，并附带额外伤害。目标身上每有一个你的疾病效果，都能为你恢复最大生命值的$F%。
Instantly strike the enemy, causing $s2% offhand weapon damage plus a bonus as Frost damage.	立即攻击敌人，造成$s2%的副手武器伤害，并附带额外冰霜伤害。
A brutal instant attack that deals $s2% offhand weapon damage plus a bonus, total damage increased ${$m3/2}.1% per each of your diseases on the target, but consumes the diseases.	一次蛮横的瞬发攻击，造成$s2%的副手武器伤害，并附带额外伤害。目标身上每有一个你的疾病效果，总伤害就提高${$m3/2}.1%，但会消耗这些疾病效果。
Instantly strike the enemy, causing $s2% offhand weapon damage plus a bonus, total damage increased by ${$m3/2}.1% for each of your diseases on the target.	立即攻击敌人，造成$s2%的副手武器伤害，并附带额外伤害。目标身上每有一个你的疾病效果，总伤害就提高${$m3/2}.1%。
A vicious strike that deals $s2% offhand weapon damage plus a bonus and infects the target with Blood Plague, a disease dealing Shadow damage over time.	一次恶毒的打击，造成$s2%的副手武器伤害，并附带额外伤害，同时使目标感染血之疫病，在一段时间内造成暗影伤害。
Strike the target for $s2% offhand weapon damage plus a bonus.  Only usable after the Death Knight dodges or parries.  Can't be dodged, blocked, or parried.  This attack causes a high amount of threat.	攻击目标，造成$s2%的副手武器伤害，并附带额外伤害。只能在死亡骑士躲闪或招架之后使用。该攻击无法被躲闪、格挡或招架，并能产生大量威胁值。
Transmute the element of shadow and a Monarch Topaz into an Ametrine.	将暗影元素和一颗帝黄晶转化为一颗紫黄晶。
Transmute the element of fire and a Scarlet Ruby into a Cardinal Ruby.	将火焰元素和一颗赤玉石转化为一颗赤褐石。
Transmute the element of life and a Autumn's Glow into King's Amber.	将生命元素和一颗秋光石转化为一颗王者琥珀。
Transmute the element of shadow and a Twilight Opal into a Dreadstone.	将暗影元素和一颗曙光猫眼石转化为一颗惧石。
Transmute the element of air and a Sky Sapphire into a Majestic Zircon.	将空气元素和一颗天蓝宝石转化为一颗巨型锆石。
Transmute several Forest Emeralds into an Eye of Zul.	将几颗森林翡翠转化为一颗祖尔之眼。
Your Blood Strikes cause you to deal $63583s1% additional damage with all attacks for the next $63583d.	你的鲜血打击使你在接下来的$63583d内所有攻击造成的伤害提高$63583s1%。
Your Blood Strikes cause you to deal $66800s1% additional damage with all attacks for the next $66800d.	你的鲜血打击使你在接下来的$66800d内所有攻击造成的伤害提高$66800s1%。
Your Blood Strikes cause you to deal $66801s1% additional damage with all attacks for the next $66801d.	你的鲜血打击使你在接下来的$66801d内所有攻击造成的伤害提高$66801s1%。
Your Blood Strikes cause you to deal $66802s1% additional damage with all attacks for the next $66802d.	你的鲜血打击使你在接下来的$66802d内所有攻击造成的伤害提高$66802s1%。
Your Blood Strikes cause you to deal $66803s1% additional damage with all attacks for the next $66803d.	你的鲜血打击使你在接下来的$66803d内所有攻击造成的伤害提高$66803s1%。
Simultaneously places up to 4 totems specified in the Totem Bar. Castable while moving.	同时放置图腾栏中指定的最多4个图腾。可以在移动中施放。
Simultaneously places up to 4 totems specified in the Totem Bar. Can call different totems than Call of the Elements. Castable while moving.	同时放置图腾栏中指定的最多4个图腾。可以召唤与元素召唤不同的图腾。可以在移动中施放。
Simultaneously places up to 4 totems specified in the Totem Bar. Can call different totems than Call of the Elements or Call of the Ancestors. Castable while moving.	同时放置图腾栏中指定的最多4个图腾。可以召唤与元素召唤或先祖召唤不同的图腾。可以在移动中施放。
Summons an Argent Charger, which serves as a mount.   This mount increases speed depending on your Riding Skill.	召唤一匹银色军马作为坐骑。该坐骑根据你的骑术等级提高速度。
Summons an Argent Warhorse, which serves as a mount. This mount increases speed depending on your Riding Skill.	召唤一匹银色战马作为坐骑。该坐骑根据你的骑术等级提高速度。
Heal over time.	持续治疗。
Attaches a tiny mind amplification dish to your helmet, increasing Stamina by 45 and allowing you to engage in mental battle with your enemies to, hopefully, control them.  Can be used every 10 min.\n\nEnchanting your helm binds it to you.  Requires 350 engineering to use.	在你的头盔上附加一个微型精神增幅器，使耐力提高45点，并使你可以与敌人进行精神搏斗，有望控制他们。每10分钟可使用一次。\n\n为头盔附魔会使其变为灵魂绑定。需要350点工程学技能。
Disenchants an Abyss Crystal into Greater Cosmic Essence or Infinite Dust.	将一颗深渊水晶分解成强效宇宙精华或无限尘埃。
Right Click to call or say goodbye to your pandaren monk friend.	右键点击以召唤或告别你的熊猫人僧侣朋友。
Right Click to summon or dismiss Lil' K.T.	右键点击以召唤或解散小克。
Affixes your rune weapon with a rune that increases Defense by $70163s1 and total Stamina by $70163s2%.  Modifying your rune weapon requires a Rune Forge in Ebon Hold.	在你的符文武器上刻印一枚符文，使防御力提高$70163s1点，总耐力提高$70163s2%。在黑锋要塞的符文熔炉处可以进行符文刻印。
Heals over $d.	在$d内恢复生命值。
Heals the target for $70808s1% of a recent critical heal Chain Heal over $d.	在$d内恢复生命值，恢复量相当于最近一次产生爆击的治疗链治疗量的$70808s1%。
Summon a Water Elemental to fight for the caster for 45 sec.	召唤一个水元素为施法者作战，持续45秒。
The damage dealt by your Flame Shock can now be critical strikes.	你的烈焰震击造成的伤害现在可以产生爆击。
Summons or dismisses a Celestial Dragon.	召唤或解散一条星辰龙。
Right Click to set down or pick up your Lil' XT action figure.	右键点击以放低或捡起你的小XT。
Summons an X-53 Touring Rocket.  This two-passenger mount's speed depends upon your riding skill.	召唤一辆X-53型观光火箭。这是一款双人坐骑，其飞行速度取决于你的骑术等级。
Right Click to summon and dismiss Mini Thor.	右键点击以召唤或解散迷你雷神。
You sometimes find additional cloth from most creatures.	你有时可以从大多数生物身上找到额外的布料。
Right Click to summon and dismiss Beetah Beetle.	右键点击以召唤或解散比塔甲虫。
Reduces your chance to be dodged or parried with Maces and Two-Handed Maces by ${$m1/4}%.	使你的锤和双手锤攻击被躲闪或招架的几率降低${$m1/4}%。
Reduces your chance to be dodged or parried with Swords and Two-Handed Swords by ${$m1/4}%.	使你的剑和双手剑攻击被躲闪或招架的几率降低${$m1/4}%。
Your chance to critically hit with Wands is increased by $s1%.	使你的魔杖爆击几率提高$s1%。
Reduces your chance to be dodged or parried with Daggers by ${$m1/4}%.	使你的匕首攻击被躲闪或招架的几率降低${$m1/4}%。
Your chance to critically hit with Thrown Weapons is increased by $s1%.	使你的投掷武器爆击几率提高$s1%。
Your chance to critically hit with Guns is increased by $s1%.	使你的枪械爆击几率提高$s1%。
Reduces your chance to be dodged or parried with Axes and Two-Handed Axes by ${$m1/4}%.	使你的斧和双手斧攻击被躲闪或招架的几率降低${$m1/4}%。
Reduces your chance to be dodged or parried with Fist Weapons by ${$m1/4}%.	使你的拳套攻击被躲闪或招架的几率降低${$m1/4}%。
Reduces your chance to be dodged or parried with Staves by ${$m1/4}%.	使你的法杖攻击被躲闪或招架的几率降低${$m1/4}%。
Your chance to critically hit with Bow Weapons is increased by $s1%.	使你的弓箭爆击几率提高$s1%。
Reduces your chance to be dodged or parried with Polearms by ${$m1/4}%.	使你的长柄武器攻击被躲闪或招架的几率降低${$m1/4}%。
Allows you to use abilities from the Human race.	允许你使用人类种族的技能。
Allows you to use abilities from the Dwarf race.	允许你使用矮人种族的技能。
Fills the Paladin with the might of thanes for $d, giving your attacks a chance based on weapon speed to gain $84464s1 Armor and increase the damage of Hammer of Wrath by $84464s2% for $84464d. This effect stacks up to $84464u times.\n\nUnleashing this Seal's energy will cause all nearby targets to take $84463s1 Holy damage per stack and increase the duration of Mountain's Might to $84463d until your next use of this Seal.	使圣骑士获得山里之王的伟力，持续$d，使你的攻击有一定几率（基于武器速度）获得$84464s1点护甲值，并使愤怒之锤造成的伤害提高$84464s2%，持续$84464d。该效果最多可叠加$84464u次。\n\n释放此圣印能量将使附近的所有目标每叠加一层就受到$84463s1点神圣伤害，并使群山之力的持续时间延长至$84463d，直到你下一次使用此圣印。
Increases your Spirit by $84468s1% of your Intellect for $84468d.	使你的精神值提高，数值相当于你智力值的$84468s1%，持续$84468d。
Allows you to use abilities from the Tauren race.	允许你使用牛头人种族的技能。
Increases your resistance to all schools of magic by an amount equal to your level. Lasts $d.	使你对所有魔法派系的抗性提高，数值相当于你的等级，持续$d。
Causes the target to emit harmful rays of light, dealing $84488s1 Holy damage to the target and ${$84488m1*2} Holy damage to up to ${$84488i-1} enemies around the target every $t sec. for $d.	使目标发出有害的光线，每$t秒对其造成$84488s1点神圣伤害，并对其周围最多${$84488i-1}个敌人造成${$84488m1*2}点神圣伤害。持续$d。
Causes the target to emit harmful rays of light, dealing $84490s1 Holy damage to the target and ${$84490m1*2} Holy damage to up to ${$84490i-1} enemies around the target every $t sec. for $d.	使目标发出有害的光线，每$t秒对其造成$84490s1点神圣伤害，并对其周围最多${$84490i-1}个敌人造成${$84490m1*2}点神圣伤害。持续$d。
Causes the target to emit harmful rays of light, dealing $84492s1 Holy damage to the target and ${$84492m1*2} Holy damage to up to ${$84492i-1} enemies around the target every $t sec. for $d.	使目标发出有害的光线，每$t秒对其造成$84492s1点神圣伤害，并对其周围最多${$84492i-1}个敌人造成${$84492m1*2}点神圣伤害。持续$d。
Causes the target to emit harmful rays of light, dealing $84494s1 Holy damage to the target and ${$84494m1*2} Holy damage to up to ${$84494i-1} enemies around the target every $t sec. for $d.	使目标发出有害的光线，每$t秒对其造成$84494s1点神圣伤害，并对其周围最多${$84494i-1}个敌人造成${$84494m1*2}点神圣伤害。持续$d。
Causes the target to emit harmful rays of light, dealing $84496s1 Holy damage to the target and ${$84496m1*2} Holy damage to up to ${$84496i-1} enemies around the target every $t sec. for $d.	使目标发出有害的光线，每$t秒对其造成$84496s1点神圣伤害，并对其周围最多${$84496i-1}个敌人造成${$84496m1*2}点神圣伤害。持续$d。
Causes the target to emit harmful rays of light, dealing $84498s1 Holy damage to the target and ${$84498m1*2} Holy damage to up to ${$84498i-1} enemies around the target every $t sec. for $d.	使目标发出有害的光线，每$t秒对其造成$84498s1点神圣伤害，并对其周围最多${$84498i-1}个敌人造成${$84498m1*2}点神圣伤害。持续$d。
Causes the target to emit harmful rays of light, dealing $84500s1 Holy damage to the target and ${$84500m1*2} Holy damage to up to ${$84500i-1} enemies around the target every $t sec. for $d.	使目标发出有害的光线，每$t秒对其造成$84500s1点神圣伤害，并对其周围最多${$84500i-1}个敌人造成${$84500m1*2}点神圣伤害。持续$d。
Fills the Paladin with holy spirit for $d, granting each melee attack an additional ${$cond($eq($HND,1),0.85*($m1*1.2*1.03*$MWS/100)+0.03*($MW+$mw)/2-1,1.2*($m1*1.2*1.03*$MWS/100)+0.03*($MW+$mw)/2+1)} Holy damage.  Persists for 0.5 seconds when swapping to any other Seal.\n\nUnleashing this Seal's energy will cause $20187s1 Holy damage to an enemy.	圣光灌注圣骑士全身，持续$d，使每次近战攻击额外造成${$cond($eq($HND,1),0.85*($m1*1.2*1.03*$MWS/100)+0.03*($MW+$mw)/2-1,1.2*($m1*1.2*1.03*$MWS/100)+0.03*($MW+$mw)/2+1)}点神圣伤害。在切换到其他圣印时，此效果仍可维持0.5秒。\n\n释放此圣印的能量将对敌人造成$20187s1点神圣伤害。
Fills the Paladin with holy spirit for $d, granting each melee attack an additional ${$cond($eq($HND,1),0.85*($m1*1.2*1.03*$MWS/100)+0.03*($MW+$mw)/2-1,1.2*($m1*1.2*1.03*$MWS/100)+0.03*($MW+$mw)/2+1)} Holy damage.  Persists for 0.5 seconds when swapping to any other Seal.\n\nUnleashing this Seal's energy will cause $20280s1 Holy damage to an enemy.	圣光灌注圣骑士全身，持续$d，使每次近战攻击额外造成${$cond($eq($HND,1),0.85*($m1*1.2*1.03*$MWS/100)+0.03*($MW+$mw)/2-1,1.2*($m1*1.2*1.03*$MWS/100)+0.03*($MW+$mw)/2+1)}点神圣伤害。在切换到其他圣印时，此效果仍可维持0.5秒。\n\n释放此圣印的能量将对敌人造成$20280s1点神圣伤害。
Fills the Paladin with holy spirit for $d, granting each melee attack an additional ${$cond($eq($HND,1),0.85*($m1*1.2*1.03*$MWS/100)+0.03*($MW+$mw)/2-1,1.2*($m1*1.2*1.03*$MWS/100)+0.03*($MW+$mw)/2+1)} Holy damage.  Persists for 0.5 seconds when swapping to any other Seal.\n\nUnleashing this Seal's energy will cause $20281s1 Holy damage to an enemy.	圣光灌注圣骑士全身，持续$d，使每次近战攻击额外造成${$cond($eq($HND,1),0.85*($m1*1.2*1.03*$MWS/100)+0.03*($MW+$mw)/2-1,1.2*($m1*1.2*1.03*$MWS/100)+0.03*($MW+$mw)/2+1)}点神圣伤害。在切换到其他圣印时，此效果仍可维持0.5秒。\n\n释放此圣印的能量将对敌人造成$20281s1点神圣伤害。
Fills the Paladin with holy spirit for $d, granting each melee attack an additional ${$cond($eq($HND,1),0.85*($m1*1.2*1.03*$MWS/100)+0.03*($MW+$mw)/2-1,1.2*($m1*1.2*1.03*$MWS/100)+0.03*($MW+$mw)/2+1)} Holy damage.  Persists for 0.5 seconds when swapping to any other Seal.\n\nUnleashing this Seal's energy will cause $20282s1 Holy damage to an enemy.	圣光灌注圣骑士全身，持续$d，使每次近战攻击额外造成${$cond($eq($HND,1),0.85*($m1*1.2*1.03*$MWS/100)+0.03*($MW+$mw)/2-1,1.2*($m1*1.2*1.03*$MWS/100)+0.03*($MW+$mw)/2+1)}点神圣伤害。在切换到其他圣印时，此效果仍可维持0.5秒。\n\n释放此圣印的能量将对敌人造成$20282s1点神圣伤害。
Fills the Paladin with holy spirit for $d, granting each melee attack an additional ${$cond($eq($HND,1),0.85*($m1*1.2*1.03*$MWS/100)+0.03*($MW+$mw)/2-1,1.2*($m1*1.2*1.03*$MWS/100)+0.03*($MW+$mw)/2+1)} Holy damage.  Persists for 0.5 seconds when swapping to any other Seal.\n\nUnleashing this Seal's energy will cause $20283s1 Holy damage to an enemy.	圣光灌注圣骑士全身，持续$d，使每次近战攻击额外造成${$cond($eq($HND,1),0.85*($m1*1.2*1.03*$MWS/100)+0.03*($MW+$mw)/2-1,1.2*($m1*1.2*1.03*$MWS/100)+0.03*($MW+$mw)/2+1)}点神圣伤害。在切换到其他圣印时，此效果仍可维持0.5秒。\n\n释放此圣印的能量将对敌人造成$20283s1点神圣伤害。
Fills the Paladin with holy spirit for $d, granting each melee attack an additional ${$cond($eq($HND,1),0.85*($m1*1.2*1.03*$MWS/100)+0.03*($MW+$mw)/2-1,1.2*($m1*1.2*1.03*$MWS/100)+0.03*($MW+$mw)/2+1)} Holy damage.  Persists for 0.5 seconds when swapping to any other Seal.\n\nUnleashing this Seal's energy will cause $20284s1 Holy damage to an enemy.	圣光灌注圣骑士全身，持续$d，使每次近战攻击额外造成${$cond($eq($HND,1),0.85*($m1*1.2*1.03*$MWS/100)+0.03*($MW+$mw)/2-1,1.2*($m1*1.2*1.03*$MWS/100)+0.03*($MW+$mw)/2+1)}点神圣伤害。在切换到其他圣印时，此效果仍可维持0.5秒。\n\n释放此圣印的能量将对敌人造成$20284s1点神圣伤害。
Fills the Paladin with holy spirit for $d, granting each melee attack an additional ${$cond($eq($HND,1),0.85*($m1*1.2*1.03*$MWS/100)+0.03*($MW+$mw)/2-1,1.2*($m1*1.2*1.03*$MWS/100)+0.03*($MW+$mw)/2+1)} Holy damage.  Persists for 0.5 seconds when swapping to any other Seal.\n\nUnleashing this Seal's energy will cause $20285s1 Holy damage to an enemy.	圣光灌注圣骑士全身，持续$d，使每次近战攻击额外造成${$cond($eq($HND,1),0.85*($m1*1.2*1.03*$MWS/100)+0.03*($MW+$mw)/2-1,1.2*($m1*1.2*1.03*$MWS/100)+0.03*($MW+$mw)/2+1)}点神圣伤害。在切换到其他圣印时，此效果仍可维持0.5秒。\n\n释放此圣印的能量将对敌人造成$20285s1点神圣伤害。
Fills the Paladin with holy spirit for $d, granting each melee attack an additional ${$cond($eq($HND,1),0.85*($m1*1.2*1.03*$MWS/100)+0.03*($MW+$mw)/2-1,1.2*($m1*1.2*1.03*$MWS/100)+0.03*($MW+$mw)/2+1)} Holy damage.  Persists for 0.5 seconds when swapping to any other Seal.\n\nUnleashing this Seal's energy will cause $20286s1 Holy damage to an enemy.	圣光灌注圣骑士全身，持续$d，使每次近战攻击额外造成${$cond($eq($HND,1),0.85*($m1*1.2*1.03*$MWS/100)+0.03*($MW+$mw)/2-1,1.2*($m1*1.2*1.03*$MWS/100)+0.03*($MW+$mw)/2+1)}点神圣伤害。在切换到其他圣印时，此效果仍可维持0.5秒。\n\n释放此圣印的能量将对敌人造成$20286s1点神圣伤害。
Fills the Paladin with strength of will for $d, causing your attacks to deal $84524s1% weapon damage as Holy damage to your target and an additional target nearby.\n        \nUnleashing this Seal's energy will release a wave of light in front of you, dealing $84525s2 Holy damage to all targets it hits. $84525s3% of the damage dealt by this wave will also damage you over $84523d.	意志之力灌注圣骑士全身，持续$d，使你的攻击对目标和附近的一个额外目标造成$84524s1%的武器伤害，伤害类型为神圣伤害。\n\n释放此圣印的能量将在你面前释放出一波圣光，对所有击中的目标造成$84525s2点神圣伤害。此光波造成的伤害值的$84525s3%也会在$84523d内对你造成伤害。
Fills the Paladin with strength of will for $d, causing your attacks to deal $84527s1% weapon damage as Holy damage to your target and an additional target nearby.\n        \nUnleashing this Seal's energy will release a wave of light in front of you, dealing $84528s2 Holy damage to all targets it hits. $84528s3% of the damage dealt by this wave will also damage you over $84523d.	意志之力灌注圣骑士全身，持续$d，使你的攻击对目标和附近的一个额外目标造成$84527s1%的武器伤害，伤害类型为神圣伤害。\n\n释放此圣印的能量将在你面前释放出一波圣光，对所有击中的目标造成$84528s2点神圣伤害。此光波造成的伤害值的$84528s3%也会在$84523d内对你造成伤害。
Create the reagent for the Blind Ability.	制造致盲技能所需的试剂。
Transfers any existing combo points to the current enemy target. Requires active combo points.  Does not break stealth.	将所有现有的连击点转移到当前的敌方目标身上。需要有激活的连击点。不会打破潜行状态。
Infuse water with power, transforming it into Weak Holy Water.	将能量注入水中，将其转化为弱效圣水。
Infuse water with power, transforming it into Lesser Holy Water.	将能量注入水中，将其转化为初级圣水。
Infuse water with power, transforming it into Holy Water.	将能量注入水中，将其转化为圣水。
Infuse water with power, transforming it into Strong Holy Water.	将能量注入水中，将其转化为强效圣水。
Infuse water with power, transforming it into Blessed Holy Water.	将能量注入水中，将其转化为祝福圣水。
Soothes the target elemental, reducing the range at which it will attack you by $s1 yards.  Only affects Elemental targets level 40 or lower.  Lasts $d.	安抚目标元素生物，使其攻击你的范围缩小$s1码。仅对40级或以下的元素生物有效。持续$d。
Soothes the target elemental, reducing the range at which it will attack you by $s1 yards.  Only affects Elemental targets level 55 or lower.  Lasts $d.	安抚目标元素生物，使其攻击你的范围缩小$s1码。仅对55级或以下的元素生物有效。持续$d。
Soothes the target elemental, reducing the range at which it will attack you by $s1 yards.  Only affects Elemental targets level 70 or lower.  Lasts $d.	安抚目标元素生物，使其攻击你的范围缩小$s1码。仅对70级或以下的元素生物有效。持续$d。
If you have an active Lightning Shield, your critical hits with Lightning Bolt and Chain Lightning have a $h% chance to cause your Lightning Shield to gain an additional charges, up to 9. When you reach 9 charges, any attempt to gain another charge will instead launch a Lightning Shield ball at your target.\n\nWhen you have more than 3 Lightning Shield charges active, your Earth Shock spell will consume up to 1 surplus charge after 2 seconds, sending it at your target.	如果你拥有激活的闪电之盾，你的闪电箭和链状闪电爆击后有$h%的几率使闪电之盾增加一次层数，最多可达9层。当你达到9层后，任何增加层数的尝试都会改为向目标发射一个闪电球。\n\n当你拥有超过3层闪电之盾时，你的地震术将在2秒后消耗最多1层额外的闪电之盾，并将其射向目标。
If you have an active Lightning Shield, your critical hits with Lightning Bolt and Chain Lightning have a $h% chance to cause your Lightning Shield to gain an additional charges, up to 9. When you reach 9 charges, any attempt to gain another charge will instead launch a Lightning Shield ball at your target.\n\nWhen you have more than 3 Lightning Shield charges active, your Earth Shock spell will consume up to 2 surplus charges every 2 seconds for up to 4 seconds, sending them at your target.	如果你拥有激活的闪电之盾，你的闪电箭和链状闪电爆击后有$h%的几率使闪电之盾增加一次层数，最多可达9层。当你达到9层后，任何增加层数的尝试都会改为向目标发射一个闪电球。\n\n当你拥有超过3层闪电之盾时，你的地震术将每2秒消耗最多2层额外的闪电之盾（持续最多4秒），并将其射向目标。
If you have an active Lightning Shield, your critical hits with Lightning Bolt and Chain Lightning have a $h% chance to cause your Lightning Shield to gain an additional charges, up to 9. When you reach 9 charges, any attempt to gain another charge will instead launch a Lightning Shield ball at your target.\n\nWhen you have more than 3 Lightning Shield charges active, your Earth Shock spell will consume up to 3 surplus charges every 2 seconds for up to 6 seconds, sending them at your target.	如果你拥有激活的闪电之盾，你的闪电箭和链状闪电爆击后有$h%的几率使闪电之盾增加一次层数，最多可达9层。当你达到9层后，任何增加层数的尝试都会改为向目标发射一个闪电球。\n\n当你拥有超过3层闪电之盾时，你的地震术将每2秒消耗最多3层额外的闪电之盾（持续最多6秒），并将其射向目标。
Places a Rune of Power on the ground for $d which increases your spell damage by $84657s1% while you stand within $84657a1 yards.	在地面上放置一个能量符文，持续$d。只要你站在符文周围$84657a1码范围内，你的法术伤害就会提高$84657s1%。
Conjures a dagger with 50 durability which can be equipped by anyone that can use that weapon type.  The damage dealt by the dagger is based on the level of the mage.\n            \nConjured items disappear if logged out for more than 15 minutes.	制造一把耐久度为50的匕首，任何可以使用此类武器的人都可以装备。匕首造成的伤害取决于法师的等级。\n\n制造出的物品在离线超过15分钟后会消失。
Conjures a shortsword with 50 durability which can be equipped by anyone that can use that weapon type.  The damage dealt by the shortsword is based on the level of the mage.\n            \nConjured items disappear if logged out for more than 15 minutes.	制造一把耐久度为50的短剑，任何可以使用此类武器的人都可以装备。短剑造成的伤害取决于法师的等级。\n\n制造出的物品在离线超过15分钟后会消失。
Conjures a greatsword with 50 durability which can be equipped by anyone that can use that weapon type.  The damage dealt by the greatsword is based on the level of the mage.\n            \nConjured items disappear if logged out for more than 15 minutes.	制造一把耐久度为50的大剑，任何可以使用此类武器的人都可以装备。大剑造成的伤害取决于法师的等级。\n\n制造出的物品在离线超过15分钟后会消失。
Conjures a hammer with 50 durability which can be equipped by anyone that can use that weapon type.  The damage dealt by the hammer is based on the level of the mage.\n            \nConjured items disappear if logged out for more than 15 minutes.	制造一个耐久度为50的战锤，任何可以使用此类武器的人都可以装备。战锤造成的伤害取决于法师的等级。\n\n制造出的物品在离线超过15分钟后会消失。
Conjures a mace with 50 durability which can be equipped by anyone that can use that weapon type.  The damage dealt by the mace is based on the level of the mage.\n            \nConjured items disappear if logged out for more than 15 minutes.	制造一个耐久度为50的锤，任何可以使用此类武器的人都可以装备。锤造成的伤害取决于法师的等级。\n\n制造出的物品在离线超过15分钟后会消失。
Conjures an axe with 50 durability which can be equipped by anyone that can use that weapon type.  The damage dealt by the axe is based on the level of the mage.\n            \nConjured items disappear if logged out for more than 15 minutes.	制造一把耐久度为50的斧，任何可以使用此类武器的人都可以装备。斧造成的伤害取决于法师的等级。\n\n制造出的物品在离线超过15分钟后会消失。
Conjures a battle axe with 50 durability which can be equipped by anyone that can use that weapon type.  The damage dealt by the battle axe is based on the level of the mage.\n            \nConjured items disappear if logged out for more than 15 minutes.	制造一把耐久度为50的战斧，任何可以使用此类武器的人都可以装备。战斧造成的伤害取决于法师的等级。\n\n制造出的物品在离线超过15分钟后会消失。
Grants the Warlock's summoned demon Empowerment.\n        \nImp: Your Imp's Firebolts have a 100% chance to critically hit and cost no mana for $84693d.\n        \nVoidwalker: Summon demonic plating onto your Voidwalker, increasing its armor by $84694s1% and improving its threat generation by $84694s2%. Lasts $84694d.\n        \nSuccubus: Your Succubus casts Partial Invisibility, causing all melee and ranged attacks made against it to have a 75% chance to miss and increasing its damage by $84695s3%.\n        \nFelhunter: Sacrifice 10% to 20% of your maximum health to empower your Felhunter's Spell Lock ability, reducing its cooldown by $/1000;84696s1 seconds for $84696d. Must be above 20% health to cast.\n\nFelguard: Your Felguard hurls their weapon at the target and enrages, stunning the target for $84697d and increasing its damage dealt by $54508s1% for $54508d.\n\nInfernal: Your Infernal becomes immune to all attacks and spells for $84698d.\n\nDoomguard: Your Doomguard casts Shadow Bolt Volley, dealing $84699s1 Shadow damage to all nearby enemies within $84699a yards.\n\nEnslaved Demon: Apply Demonic Frenzy to your Enslaved Demon, causing it to take $84700s3 damage every $84700t3 seconds and increasing its attack speed by $84700s1% and casting speed by $84700s2% for $84700d.	赋予术士召唤的恶魔以虚空增效。\n\n小鬼：你的小鬼施放的火焰箭有100%的爆击几率，且不消耗法力值，持续$84693d。\n\n虚空行者：为你的虚空行者披上恶魔护甲，使其护甲值提高$84694s1%，且产生的威胁值提高$84694s2%。持续$84694d。\n\n魅魔：你的魅魔施放偏斜隐身，使其受到的所有近战和远程攻击有75%的几率落空，且造成的伤害提高$84695s3%。\n\n地狱猎犬：牺牲你最大生命值的10%到20%，增强地狱猎犬的法术封锁技能，使其冷却时间缩短$/1000;84696s1秒，持续$84696d。施法者必须拥有20%以上的生命值。\n\n恶魔卫士：你的恶魔卫士向目标投掷武器并进入激怒状态，使目标昏迷$84697d，且恶魔卫士造成的伤害提高$54508s1%，持续$54508d。\n\n地狱火：你的地狱火免疫所有攻击和法术，持续$84698d。\n\n末日守卫：你的末日守卫施放暗影箭雨，对周围$84699a码范围内的所有敌人造成$84699s1点暗影伤害。\n\n被奴役的恶魔：使被奴役的恶魔进入恶魔狂热状态，使其每$84700t3秒受到$84700s3点伤害，且攻击速度提高$84700s1%，施法速度提高$84700s2%，持续$84700d。
Enter a pact with a raid or party members soul. If the target dies while under this pact you gain 1 Soul Shard and your Spell Damage is increased by $84703s1 for $84703d.	与一名小队或团队成员的灵魂订立契约。如果目标在契约期间死亡，你将获得1块灵魂碎片，且你的法术伤害提高$84703s1点，持续$84703d。
Tears open a portal to the twisting nether for $d, which periodically releases a demon under your control. These demons do not replace your currently active demon. The final demon summoned by the portal is always a Felguard, which stuns your current target for 4 seconds when it appears.  Moving more than 45 yards from the portal causes it to close.	撕开一道通往虚空的传送门，持续$d，周期性地召唤出一个受你控制的恶魔。这些恶魔不会替换你当前激活的恶魔。传送门召唤出的最后一个恶魔总是恶魔卫士，它在出现时会使你的当前目标昏迷4秒。远离传送门超过45码会导致其关闭。
Your Felhunter regains 5% of its maximum mana each time it hits with its Shadow Bite ability.	你的地狱猎犬每次使用暗影咬合击中目标时，都会恢复5%的最大法力值。
Your Felhunter regains 10% of its maximum mana each time it hits with its Shadow Bite ability.	你的地狱猎犬每次使用暗影咬合击中目标时，都会恢复10%的最大法力值。
Enemies around the Infernal take $84727s1 Fire damage every $t1 seconds.	地狱火周围的敌人每$t1秒受到$84727s1点火焰伤害。
All equipable Weapons will receive additional Feral Attack Power based on Weapon DPS. Only a Druid may see this bonus stat.	所有可装备的武器都将根据武器的秒伤获得额外的野性攻击强度。只有德鲁伊可以看到此属性。
Applies Rejuvenation (Rank 3) to your friendly target and that target's party members within 25 yards.	为友方目标及其25码内的小队成员施加回春术（等级 3）。
Applies Rejuvenation (Rank 4) to your friendly target and that target's party members within 25 yards.	为友方目标及其25码内的小队成员施加回春术（等级 4）。
Applies Rejuvenation (Rank 5) to your friendly target and that target's party members within 25 yards.	为友方目标及其25码内的小队成员施加回春术（等级 5）。
Applies Rejuvenation (Rank 6) to your friendly target and that target's party members within 25 yards.	为友方目标及其25码内的小队成员施加回春术（等级 6）。
Applies Rejuvenation (Rank 7) to your friendly target and that target's party members within 25 yards.	为友方目标及其25码内的小队成员施加回春术（等级 7）。
Applies Rejuvenation (Rank 8) to your friendly target and that target's party members within 25 yards.	为友方目标及其25码内的小队成员施加回春术（等级 8）。
Applies Rejuvenation (Rank 9) to your friendly target and that target's party members within 25 yards.	为友方目标及其25码内的小队成员施加回春术（等级 9）。
Applies Rejuvenation (Rank 10) to your friendly target and that target's party members within 25 yards.	为友方目标及其25码内的小队成员施加回春术（等级 10）。
Allows the friendly target to walk across water for $d.  Any damage will cancel the effect.	使友方目标可以在水面上行走，持续$d。受到任何伤害都会取消此效果。
Requires: Balefire Curse  This item binds to you upon being crafted.	需要：冥火诅咒。此物品在制造时即会绑定到你身上。
Grow a Small Glimmering Shard into a Large Glimmering Shard.	将一块小块微光碎片培育为一块大块微光碎片。
Grow a Small Glowing Shard into a Large Glowing Shard.	将一块小块闪光碎片培育为一块大块闪光碎片。
Grow a Small Radiant Shard into a Large Radiant Shard.	将一块小块强光碎片培育为一块大块强光碎片。
Grow a Small Brilliant Shard into a Large Brilliant Shard.	将一块小块魔光碎片培育为一块大块魔光碎片。
Increases the fox's dodge chance by $s1% and reduces the chance ranged attacks hit the fox by $s2%.  Lasts $d.	使狐狸的躲闪几率提高$s1%，并使其被远程攻击击中的几率降低$s2%。持续$d。
Decreases Damage by $s1%. Increases Base Armor by $s2%. Decreases Health by $s3%.	造成的伤害降低$s1%。基础护甲提高$s2%。生命值降低$s3%。
Increases Damage by $s1%. Decreases Base Armor by $s2%. Decreases Health by $s3%.	造成的伤害提高$s1%。基础护甲降低$s2%。生命值降低$s3%。
Right Click to tap a pony keg of delicious Special Brew.\n\nSpecial Brew disappears if logged out for more than 15 minutes.	右键点击以开启一桶美味的特制佳酿。\n\n特制佳酿在离线超过15分钟后会消失。
Allows you to use abilities from the Gnome race.	允许你使用侏儒种族的技能。
Your flight path routes throughout the world will take on the appearance of a Gnomish Gyrocopter.	你在世界各地的飞行路线将呈现为侏儒直升机的外观。
Place a Banner of Heritage at your feet lasting for 3 minutes.	在你的脚下放置一面传承旗帜，持续3分钟。
Allows you to use abilities from the Orc race.	允许你使用兽人种族的技能。
Increases attack power by $s1, but reduces healing effects on you by $86546s1%.  Lasts $d.	使攻击强度提高$s1点，但你受到的治疗效果降低$86546s1%，持续$d。
Increases attack power by $s1, but reduces healing effects on you by $86548s1%.  Lasts $d.	使攻击强度提高$s1点，但你受到的治疗效果降低$86548s1%，持续$d。
Increases attack power by $s1, but reduces healing effects on you by $86550s1%.  Lasts $d.	使攻击强度提高$s1点，但你受到的治疗效果降低$86550s1%，持续$d。
Increases attack power by $s1, but reduces healing effects on you by $86552s1%.  Lasts $d.	使攻击强度提高$s1点，但你受到的治疗效果降低$86552s1%，持续$d。
Increases attack power by $s1, but reduces healing effects on you by $86554s1%.  Lasts $d.	使攻击强度提高$s1点，但你受到的治疗效果降低$86554s1%，持续$d。
Increases attack power by $s1, but reduces healing effects on you by $86556s1%.  Lasts $d.	使攻击强度提高$s1点，但你受到的治疗效果降低$86556s1%，持续$d。
Increases attack power by $s1, but reduces healing effects on you by $86558s1%.  Lasts $d.	使攻击强度提高$s1点，但你受到的治疗效果降低$86558s1%，持续$d。
Increases your damage and healing from spells and effects by up to $s2, but reduces healing effects on you by $86560s1%.  Lasts $d.	使法术和效果造成的伤害和治疗提高最多$s2点，但你受到的治疗效果降低$86560s1%，持续$d。
Increases your damage and healing from spells and effects by up to $s2, but reduces healing effects on you by $86562s1%.  Lasts $d.	使法术和效果造成的伤害和治疗提高最多$s2点，但你受到的治疗效果降低$86562s1%，持续$d。
Increases your damage and healing from spells and effects by up to $s2, but reduces healing effects on you by $86564s1%.  Lasts $d.	使法术和效果造成的伤害和治疗提高最多$s2点，但你受到的治疗效果降低$86564s1%，持续$d。
Increases your damage and healing from spells and effects by up to $s2, but reduces healing effects on you by $86566s1%.  Lasts $d.	使法术和效果造成的伤害和治疗提高最多$s2点，但你受到的治疗效果降低$86566s1%，持续$d。
Increases your damage and healing from spells and effects by up to $s2, but reduces healing effects on you by $86568s1%.  Lasts $d.	使法术和效果造成的伤害和治疗提高最多$s2点，但你受到的治疗效果降低$86568s1%，持续$d。
Increases your damage and healing from spells and effects by up to $s2, but reduces healing effects on you by $86570s1%.  Lasts $d.	使法术和效果造成的伤害和治疗提高最多$s2点，但你受到的治疗效果降低$86570s1%，持续$d。
Increases your damage and healing from spells and effects by up to $s2, but reduces healing effects on you by $86572s1%.  Lasts $d.	使法术和效果造成的伤害和治疗提高最多$s2点，但你受到的治疗效果降低$86572s1%，持续$d。
Increases melee attack power by $s1 and your damage and healing from spells and effects by up to $s2, but reduces healing effects on you by $86574s1%.  Lasts $d.	使近战攻击强度提高$s1点，且法术和效果造成的伤害和治疗提高最多$s2点，但你受到的治疗效果降低$86574s1%，持续$d。
Increases melee attack power by $s1 and your damage and healing from spells and effects by up to $s2, but reduces healing effects on you by $86576s1%.  Lasts $d.	使近战攻击强度提高$s1点，且法术和效果造成的伤害和治疗提高最多$s2点，但你受到的治疗效果降低$86576s1%，持续$d。
Increases melee attack power by $s1 and your damage and healing from spells and effects by up to $s2, but reduces healing effects on you by $86578s1%.  Lasts $d.	使近战攻击强度提高$s1点，且法术和效果造成的伤害和治疗提高最多$s2点，但你受到的治疗效果降低$86578s1%，持续$d。
Increases melee attack power by $s1 and your damage and healing from spells and effects by up to $s2, but reduces healing effects on you by $86580s1%.  Lasts $d.	使近战攻击强度提高$s1点，且法术和效果造成的伤害和治疗提高最多$s2点，但你受到的治疗效果降低$86580s1%，持续$d。
Increases melee attack power by $s1 and your damage and healing from spells and effects by up to $s2, but reduces healing effects on you by $86582s1%.  Lasts $d.	使近战攻击强度提高$s1点，且法术和效果造成的伤害和治疗提高最多$s2点，但你受到的治疗效果降低$86582s1%，持续$d。
Increases melee attack power by $s1 and your damage and healing from spells and effects by up to $s2, but reduces healing effects on you by $86584s1%.  Lasts $d.	使近战攻击强度提高$s1点，且法术和效果造成的伤害和治疗提高最多$s2点，但你受到的治疗效果降低$86584s1%，持续$d。
Increases melee attack power by $s1 and your damage and healing from spells and effects by up to $s2, but reduces healing effects on you by $86586s1%.  Lasts $d.	使近战攻击强度提高$s1点，且法术和效果造成的伤害和治疗提高最多$s2点，但你受到的治疗效果降低$86586s1%，持续$d。
While travelling when dead you will ride an embodiment of Lo'Gosh with his pack.	死后旅行时，你将骑着洛戈什的化身和他的狼群。
Don your Tribal Totem.	佩戴你的部族图腾。
Allows you to use abilities from the Troll race.	允许你使用巨魔种族的技能。
Increases your casting and attack speed by $86600s1% to $86600s3%.  At full health the speed increase is $86600s1% with a greater effect up to $86600s3% if you are badly hurt when you activate Berserking. Lasts $86600d. Power cost varies based on your currently active form.	使你的施法和攻击速度提高$86600s1%到$86600s3%。在生命值满时提高速度为$86600s1%，如果你在启动狂暴时伤势严重，则速度加成可达最高的$86600s3%。持续$86600d。能量消耗取决于你当前的形式。
On death there is a chance for the Loa Bwonsamdi to appear and mock your failure.	死后，洛阿神灵邦桑迪有一定几率会出现并嘲讽你的失败。
You summon a flurry of stars from the sky on all targets within $50286a yards of the caster, each dealing $50288s1 Arcane damage. Also causes $50294s1 Arcane damage to all other enemies within $50294a1 yards of the enemy target. Maximum 20 stars. Lasts $48505d.  Shapeshifting into an animal form or mounting cancels the effect. Any effect which causes you to lose control of your character will suppress the starfall effect.	你召唤大量流星从天而降，击中施法者方圆$50286a码内的所有目标，每颗流星造成$50288s1点奥术伤害。此外，还会对敌方目标周围$50294a1码范围内的所有其他敌人造成$50294s1点奥术伤害。最多召唤20颗流星。持续$48505d。变形为动物形态或使用坐骑会取消此效果。任何导致你失去对角色控制的效果都会压制流星雨效果。
A stinging shot that puts the target to sleep for $d.  Any damage will cancel the effect.  When the target wakes up, the Sting causes $49009o1 Nature damage over $49009d.  Only one Sting per Hunter can be active on the target at a time.	射出一支带刺的箭矢，使目标沉睡$d。任何伤害都会取消该效果。当目标醒来时，毒刺会在$49009d内造成$49009o1点自然伤害。每个猎人同一时间内只能对一个目标施放一种毒刺效果。
A stinging shot that puts the target to sleep for $d.  Any damage will cancel the effect.  When the target wakes up, the Sting causes $49010o1 Nature damage over $49010d.  Only one Sting per Hunter can be active on the target at a time.	射出一支带刺的箭矢，使目标沉睡$d。任何伤害都会取消该效果。当目标醒来时，毒刺会在$49010d内造成$49010o1点自然伤害。每个猎人同一时间内只能对一个目标施放一种毒刺效果。
Causes the victims of your Death Coil to be surrounded by a vile swarm of unholy insects, taking $49194s1% of the damage done by the Death Coil over $50536d, and prevents diseases on the victim from being dispelled.	使受到你的死亡缠绕伤害的目标被邪恶的非圣洁昆虫群包围，在$50536d内受到相当于死亡缠绕伤害$49194s1%的伤害，并防止目标身上的疾病效果被驱散。
Your melee critical hits Enrage you, increasing all damage caused by $57520s1% for $57520d.  This effect does not stack with Enrage.	你的近战爆击使你进入激怒状态，使你造成的所有伤害提高$57520s1%，持续$57520d。该效果不与激怒叠加。
Your melee critical hits Enrage you, increasing all damage caused by $57521s1% for $57521d.  This effect does not stack with Enrage.	你的近战爆击使你进入激怒状态，使你造成的所有伤害提高$57521s1%，持续$57521d。该效果不与激怒叠加。
Your melee critical hits Enrage you, increasing all damage caused by $57522s1% for $57522d.  This effect does not stack with Enrage.	你的近战爆击使你进入激怒状态，使你造成的所有伤害提高$57522s1%，持续$57522d。该效果不与激怒叠加。
Allows you to use abilities from the Night Elf race.	允许你使用暗夜精灵种族的技能。
Activate to meld into the earth and rocks around you, reducing the chance for enemies to detect your presence.  Lasts until cancelled or upon moving.  Rogues and Druids with Shadowmeld are more difficult to detect while stealthed or prowling.	激活后使你融入周围的土地和岩石中，降低敌人发现你的几率。持续到取消或移动。拥有影遁能力的潜行者和德鲁伊在潜行或徘徊时更难被发现。
Activate to enter an ethereal form, reducing the chance for enemies to detect your presence.  Lasts until cancelled or upon moving.  Rogues and Druids with Shadowmeld are more difficult to detect while stealthed or prowling.	激活后使你进入虚空形态，降低敌人发现你的几率。持续到取消或移动。拥有影遁能力的潜行者和德鲁伊在潜行或徘徊时更难被发现。
Activate to bend light around you, reducing the chance for enemies to detect your presence.  Lasts until cancelled or upon moving.  Rogues and Druids with Shadowmeld are more difficult to detect while stealthed or prowling.	激活后使你扭曲周围的光线，降低敌人发现你的几率。持续到取消或移动。拥有影遁能力的潜行者和德鲁伊在潜行或徘徊时更难被发现。
Activate to embrace the darkness of undeath, reducing the chance for enemies to detect your presence.  Lasts until cancelled or upon moving.  Rogues and Druids with Shadowmeld are more difficult to detect while stealthed or prowling.	激活后使你拥抱亡灵的黑暗，降低敌人发现你的几率。持续到取消或移动。拥有影遁能力的潜行者和德鲁伊在潜行或徘徊时更难被发现。
Activate to blend into the background, reducing the chance for enemies to detect your presence.  Lasts until cancelled or upon moving.  Rogues and Druids with Shadowmeld are more difficult to detect while stealthed or prowling.	激活后使你融入背景中，降低敌人发现你的几率。持续到取消或移动。拥有影遁能力的潜行者和德鲁伊在潜行或徘徊时更难被发现。
Activate to hide among your surroundings as your ancestors did before you, reducing the chance for enemies to detect your presence.  Lasts until cancelled or upon moving.  Rogues and Druids with Shadowmeld are more difficult to detect while stealthed or prowling.	激活后使你像祖先一样隐藏在环境中，降低敌人发现你的几率。持续到取消或移动。拥有影遁能力的潜行者和德鲁伊在潜行或徘徊时更难被发现。
Increases your attack and casting speed by $86625s1% during the night. Increases your critical strike chance by $86624s1% during the day.	在夜晚使你的攻击和施法速度提高$86625s1%。在白天使你的爆击几率提高$86624s1%。
Increases your attack and casting speed by $86628s1% during the night. Increases your critical strike chance by $86627s1% during the day.	在夜晚使你的攻击和施法速度提高$86628s1%。在白天使你的爆击几率提高$86627s1%。
Increases your attack and casting speed by $86631s1% during the night. Increases your critical strike chance by $86630s1% during the day.	在夜晚使你的攻击和施法速度提高$86631s1%。在白天使你的爆击几率提高$86630s1%。
Increases your attack and casting speed by $86634s1% during the night. Increases your critical strike chance by $86633s1% during the day.	在夜晚使你的攻击和施法速度提高$86634s1%。在白天使你的爆击几率提高$86633s1%。
Increases your attack and casting speed by $86637s1% during the night. Increases your critical strike chance by $86636s1% during the day.	在夜晚使你的攻击和施法速度提高$86637s1%。在白天使你的爆击几率提高$86636s1%。
Increases your attack and casting speed by $86640s1% during the night. Increases your critical strike chance by $86639s1% during the day.	在夜晚使你的攻击和施法速度提高$86640s1%。在白天使你的爆击几率提高$86639s1%。
Increases your attack and casting speed by $86643s1% during the night. Increases your critical strike chance by $86642s1% during the day.	在夜晚使你的攻击和施法速度提高$86643s1%。在白天使你的爆击几率提高$86642s1%。
Increases your attack and casting speed by $86646s1% during the night. Increases your critical strike chance by $86645s1% during the day.	在夜晚使你的攻击和施法速度提高$86646s1%。在白天使你的爆击几率提高$86645s1%。
Allows you to use abilities from the Undead race.	允许你使用亡灵种族的技能。
Allows the caster to take on the appearance of the selected Undead creature.	允许施法者变为所选亡灵生物的外观。
When activated, regenerates $86674s1% of total health every $86674t1 sec for $86674d.  Only works on Humanoid or Undead corpses within $a1 yds.  Any movement, action, or damage taken while Cannibalizing will cancel the effect.	激活后，每$86674t1秒恢复总生命值的$86674s1%，持续$86674d。只对$a1码范围内的食尸鬼或亡灵尸体有效。在食尸期间的任何移动、动作或受到的伤害都会取消此效果。
When activated, regenerates $86676s1% of total health every $86676t1 sec for $86676d.  Only works on Humanoid or Undead corpses within $a1 yds.  Any movement, action, or damage taken while Howling will cancel the effect.	激活后，每$86676t1秒恢复总生命值的$86676s1%，持续$86676d。只对$a1码范围内的食尸鬼或亡灵尸体有效。在嚎叫期间的任何移动、动作或受到的伤害都会取消此效果。
When activated, regenerates $86678s1% of total health every $86678t1 sec for $86678d.  Only works on Humanoid or Undead corpses within $a1 yds.  Any movement, action, or damage taken while Praying will cancel the effect.	激活后，每$86678t1秒恢复总生命值的$86678s1%，持续$86678d。只对$a1码范围内的食尸鬼或亡灵尸体有效。在祈祷期间的任何移动、动作或受到的伤害都会取消此效果。
When activated, regenerates $86680s1% of total health every $86680t1 sec for $86680d.  Only works on Humanoid or Undead corpses within $a1 yds.  Any movement, action, or damage taken while Dancing will cancel the effect.	激活后，每$86680t1秒恢复总生命值的$86680s1%，持续$86680d。只对$a1码范围内的食尸鬼或亡灵尸体有效。在舞蹈期间的任何移动、动作或受到的伤害都会取消此效果。
When activated, regenerates $86682s1% of total health every $86682t1 sec for $86682d.  Only works on Humanoid or Undead corpses within $a1 yds.  Any movement, action, or damage taken while Cheering will cancel the effect.	激活后，每$86682t1秒恢复总生命值的$86682s1%，持续$86682d。只对$a1码范围内的食尸鬼或亡灵尸体有效。在欢呼期间的任何移动、动作或受到的伤害都会取消此效果。
When activated, regenerates $86684s1% of total health every $86684t1 sec for $86684d.  Only works on Humanoid or Undead corpses within $a1 yds.  Any movement, action, or damage taken while Embracing will cancel the effect.	激活后，每$86684t1秒恢复总生命值的$86684s1%，持续$86684d。只对$a1码范围内的食尸鬼或亡灵尸体有效。在拥抱期间的任何移动、动作或受到的伤害都会取消此效果。
When activated, regenerates $86686s1% of total health every $86686t1 sec for $86686d.  Only works on Humanoid or Undead corpses within $a1 yds.  Any movement, action, or damage taken while Analyzing will cancel the effect.	激活后，每$86686t1秒恢复总生命值的$86686s1%，持续$86686d。只对$a1码范围内的食尸鬼或亡灵尸体有效。在分析期间的任何移动、动作或受到的伤害都会取消此效果。
When activated, regenerates $86688s1% of total health every $86688t1 sec for $86688d.  Only works on Humanoid or Undead corpses within $a1 yds.  Any movement, action, or damage taken while Praying will cancel the effect.	激活后，每$86688t1秒恢复总生命值的$86688s1%，持续$86688d。只对$a1码范围内的食尸鬼或亡灵尸体有效。在祈祷期间的任何移动、动作或受到的伤害都会取消此效果。
You receive $s1% increased duration and $s2% increased effect from elixirs and flasks.	你从药剂和合剂中获得的持续时间延长$s1%，效果提高$s2%。
You sometimes find Black Lotus from high level herbs.	你有时可以从高级草药中发现黑色莲花。
Removes all test auras from the target.	移除目标身上所有的测试光环。
Removes ALL Achievements and Statistics from the target. USE WITH CAUTION!	移除目标所有的成就和统计数据。请谨慎使用！
While dual-wielding, your movement speed is increased by $150070s1% and you gain $150069s1% attack speed each time your melee auto-attack strikes the same target as your previous auto-attack, stacking up to $150069u times. Lasts $150069d or until your auto-attack strikes a different target.	当双持武器时，你的移动速度提高$150070s1%。每次你的近战自动攻击命中与上次相同的目标时，你的攻击速度提高$150069s1%，最多可叠加$150069u次。持续$150069d，或者直到你的自动攻击命中不同的目标。
An instant strike that causes $s2% weapon damage and empowers your next Holy spell or ability with a duration of less than 20 sec by $150077s1%.	一次瞬发打击，造成$s2%的武器伤害，并使你的下一个持续时间少于20秒的神圣法术或技能的效果提高$150077s1%。
An instant strike that causes $s2% weapon damage plus ${$SPH*0.25} (based on holy spell damage) as Holy and increases the enemy's Holy damage taken by $21183s1.	一次瞬发打击，造成$s2%的武器伤害，外加${$SPH*0.25}点（基于神圣法术强度）神圣伤害，并使敌人受到的神圣伤害提高$21183s1点。
An instant strike that causes $s2% weapon damage plus ${$SPH*0.26} (based on holy spell damage) as Holy and increases the enemy's Holy damage taken by $20188s1.	一次瞬发打击，造成$s2%的武器伤害，外加${$SPH*0.26}点（基于神圣法术强度）神圣伤害，并使敌人受到的神圣伤害提高$20188s1点。
An instant strike that causes $s2% weapon damage plus ${$SPH*0.27} (based on holy spell damage) as Holy and increases the enemy's Holy damage taken by $20300s1.	一次瞬发打击，造成$s2%的武器伤害，外加${$SPH*0.27}点（基于神圣法术强度）神圣伤害，并使敌人受到的神圣伤害提高$20300s1点。
An instant strike that causes $s2% weapon damage plus ${$SPH*0.28} (based on holy spell damage) as Holy and increases the enemy's Holy damage taken by $20301s1.	一次瞬发打击，造成$s2%的武器伤害，外加${$SPH*0.28}点（基于神圣法术强度）神圣伤害，并使敌人受到的神圣伤害提高$20301s1点。
An instant strike that causes $s2% weapon damage plus ${$SPH*0.29} (based on holy spell damage) as Holy and increases the enemy's Holy damage taken by $20302s1.	一次瞬发打击，造成$s2%的武器伤害，外加${$SPH*0.29}点（基于神圣法术强度）神圣伤害，并使敌人受到的神圣伤害提高$20302s1点。
An instant strike that causes $s2% weapon damage plus ${$SPH*0.3} (based on holy spell damage) as Holy and increases the enemy's Holy damage taken by $20303s1.	一次瞬发打击，造成$s2%的武器伤害，外加${$SPH*0.3}点（基于神圣法术强度）神圣伤害，并使敌人受到的神圣伤害提高$20303s1点。
Causes $s1 Arcane damage to the target and $150099s1 damage to up to $150099i enemies within $150099a1 yards of the target.  Only useable after 3 casts of Starfire.	对目标造成$s1点奥术伤害，并对目标$150099a1码范围内的最多$150099i个敌人造成$150099s1点伤害。只有在施放3次星火术后才能使用。
Causes $s1 Arcane damage to the target and $150100s1 damage to up to $150100i enemies within $150100a1 yards of the target.  Only useable after 3 casts of Starfire.	对目标造成$s1点奥术伤害，并对目标$150100a1码范围内的最多$150100i个敌人造成$150100s1点伤害。只有在施放3次星火术后才能使用。
