description_en	spell_ids	description_zh
Instantly Kills the target.  I hope you feel good about yourself now.....	5	
Kills all enemies in a 30 yard radius.  Cheater.	265	
Places a Blessing on the friendly target, reducing damage dealt from all sources by up to $s1 for $d.  In addition, when the target blocks a melee attack the attacker will take $s2 Holy damage.  Players may only have one Blessing on them per Paladin at any one time.	20911,20912,20913,20914	
Gives the Paladin a chance to deal additional Holy damage equal to $20424s1% of normal weapon damage.  Persists for 0.5 seconds when swapping to any other Seal.  Lasts $d.\n\nUnleashing this Seal's energy will judge an enemy, instantly causing $/2;20963s1 Holy damage, $20963s1 if the target is stunned or incapacitated.	20915	
Gives the Paladin a chance to deal additional Holy damage equal to $20424s1% of normal weapon damage.  Persists for 0.5 seconds when swapping to any other Seal.  Lasts $d.\n\nUnleashing this Seal's energy will judge an enemy, instantly causing $/2;20964s1 Holy damage, $20964s1 if the target is stunned or incapacitated.	20918	
Gives the Paladin a chance to deal additional Holy damage equal to $20424s1% of normal weapon damage.  Persists for 0.5 seconds when swapping to any other Seal.  Lasts $d.\n\nUnleashing this Seal's energy will judge an enemy, instantly causing $/2;20965s1 Holy damage, $20965s1 if the target is stunned or incapacitated.	20919	
Gives the Paladin a chance to deal additional Holy damage equal to $20424s1% of normal weapon damage.  Persists for 0.5 seconds when swapping to any other Seal.  Lasts $d.\n\nUnleashing this Seal's energy will judge an enemy, instantly causing $/2;20966s1 Holy damage, $20966s1 if the target is stunned or incapacitated.	20920	
Increases chance to block by $s1% for $d and deals $s2 Holy damage for each attack blocked while active.  Damage caused by Holy Shield causes 35% additional threat.  Each block expends a charge.  $n charges.	20925,20927,20928,27179	
Blasts the target with Holy energy, causing $25911s1 Holy damage to an enemy, or $25913s1 healing to an ally.	20929,25911,25913	
Blasts the target with Holy energy, causing $25902s1 Holy damage to an enemy, or $25903s1 healing to an ally.	20930,25902,25903	
Reduces the chance enemies have to detect you while Shadowmelded or Stealthed.	21009,86648,86649,86650,86651,86652,86653,86654	
Fills the Paladin with the spirit of a crusader for $d, granting $s1 melee attack power.  The Paladin also attacks $s2% faster, but deals less damage with each attack.  Only one Seal can be active on the Paladin at any one time.\n\nUnleashing this Seal's energy will judge an enemy for $21183d, increasing Holy damage taken by up to $21183s1.  Your melee strikes will refresh the spell's duration.  Only one Judgement per Paladin can be active at any one time.	21082	
Decreases threat generated by $s1%.	21156,21184	
Power infuses your raid or party members, increasing their Stamina by $s1 for $d.	21562,21564	
Gives the Gift of the Wild to all party and raid members, increasing armor by $s1, all attributes by $s2 and all resistances by $s3 for $d.	21849,21850,48470	
Permanently enchant a melee weapon to increase Frost spell power by 7.	21931	
Finishing move that causes damage per combo point and converts each extra point of energy into $f1 additional damage.  Damage is increased by your attack power.\n   1 point  : 50-66 damage\n   2 points: 86-102 damage\n   3 points: 122-138 damage\n   4 points: 158-174 damage\n   5 points: 194-210 damage	22568	
Finishing move that causes damage and incapacitates the target.  Any directly damaging attack will revive the target.  Causes more damage and lasts longer per combo point:\n   1 point  : ${$b1*1+$m1+$mw}-${$b1*1+$M1+$MW} damage, 2 sec\n   2 points: ${$b1*2+$m1+$mw}-${$b1*2+$M1+$MW} damage, 3 sec\n   3 points: ${$b1*3+$m1+$mw}-${$b1*3+$M1+$MW} damage, 4 sec\n   4 points: ${$b1*4+$m1+$mw}-${$b1*4+$M1+$MW} damage, 5 sec\n   5 points: ${$b1*5+$m1+$mw}-${$b1*5+$M1+$MW} damage, 6 sec	22570	
Summons and dismisses a rideable Black War Steed.   This mount increases speed depending on your Riding Skill.	22717	
Summons and dismisses a rideable Black War Kodo.   This mount increases speed depending on your Riding Skill.	22718	
Summons and dismisses a rideable Black Battlestrider.    This mount increases speed depending on your Riding Skill.	22719	
Summons and dismisses a rideable Black War Ram.   This mount increases speed depending on your Riding Skill.	22720	
Summons and dismisses a rideable Black War Raptor.   This mount increases speed depending on your Riding Skill.	22721	
Summons and dismisses a rideable Red Skeletal Warhorse.   This mount increases speed depending on your Riding Skill.	22722	
Summons and dismisses a rideable Black War Tiger.   This mount increases speed depending on your Riding Skill.	22723	
Summons and dismisses a rideable Black War Wolf.   This mount increases speed depending on your Riding Skill.	22724	
Permanently enchant a melee weapon to increase spell power by 30.	22749	
Permanently enchant a melee weapon to increase spell power by 29.	22750	
The druid's skin becomes as tough as bark.  All damage taken is reduced by $s2%.  While protected, damaging attacks will not cause spellcasting delays.  This spell is usable while stunned, frozen, incapacitated, feared or asleep.  Lasts $d.	22812	
Finishing move that causes damage per combo point and converts each extra point of energy into $f1 additional damage.  Damage is increased by your attack power.\n   1 point  : 79-103 damage\n   2 points: 138-162 damage\n   3 points: 197-221 damage\n   4 points: 256-280 damage\n   5 points: 315-339 damage	22827	
Finishing move that causes damage per combo point and converts each extra point of energy into $f1 additional damage.  Damage is increased by your attack power.\n   1 point  : 122-162 damage\n   2 points: 214-254 damage\n   3 points: 306-346 damage\n   4 points: 398-438 damage\n   5 points: 490-530 damage	22828	
Finishing move that causes damage per combo point and converts each extra point of energy into $f1 additional damage.  Damage is increased by your attack power.\n   1 point  : 173-223 damage\n   2 points: 301-351 damage\n   3 points: 429-479 damage\n   4 points: 557-607 damage\n   5 points: 685-735 damage	22829	
Converts up to 10 rage per second into health for $d.  Each point of rage is converted into $s1 health.	22842,22895,22896,26999	
Infuses all party and raid members with brilliance, increasing their Intellect by $s1 for $d.	23028	
Increases movement speed by $s1% for $d.	23099,23109,23110,23145,23147,23148	
Summons a Dreadsteed, which serves as a mount for the caster.  Speed is increased by $s2%. This mount increases speed depending on your Riding Skill.	23161	
Summons a Charger, which serves as a mount.  Speed is increased by $s2%. This mount increases speed depending on your Riding Skill.	23214,34767	
Summons and dismisses a rideable Swift Mistsaber.   This mount increases speed depending on your Riding Skill.	23219	
Summons and dismisses a rideable Swift Dawnsaber.   This mount increases speed depending on your Riding Skill.	23220	
Summons and dismisses a rideable Swift Frostsaber.   This mount increases speed depending on your Riding Skill.	23221	
Summons and dismisses a Swift Yellow Mechanostrider.    This mount increases speed depending on your Riding Skill.	23222	
Summons and dismisses a Swift White Mechanostrider.    This mount increases speed depending on your Riding Skill.	23223	
Summons and dismisses a Swift Green Mechanostrider.    This mount increases speed depending on your Riding Skill.	23225	
Summons and dismisses a rideable Swift Palomino.   This mount increases speed depending on your Riding Skill.	23227	
Summons and dismisses a rideable Swift White Steed.   This mount increases speed depending on your Riding Skill.	23228	
Summons and dismisses a rideable Swift Brown Steed.   This mount increases speed depending on your Riding Skill.	23229	
Summons and dismisses a rideable Swift Brown Ram.   This mount increases speed depending on your Riding Skill.	23238	
Summons and dismisses a rideable Swift Gray Ram.   This mount increases speed depending on your Riding Skill.	23239	
Summons and dismisses a rideable Swift White Ram.   This mount increases speed depending on your Riding Skill.	23240	
Summons and dismisses a rideable Swift Blue Raptor.   This mount increases speed depending on your Riding Skill.	23241	
Summons and dismisses a rideable Swift Olive Raptor.   This mount increases speed depending on your Riding Skill.	23242	
Summons and dismisses a rideable Swift Orange Raptor.   This mount increases speed depending on your Riding Skill.	23243	
Summons and dismisses a rideable Purple Skeletal Warhorse.   This mount increases speed depending on your Riding Skill.	23246	
Summons and dismisses a rideable Great White Kodo.   This mount increases speed depending on your Riding Skill.	23247	
Summons and dismisses a rideable Great Gray Kodo.   This mount increases speed depending on your Riding Skill.	23248	
Summons and dismisses a rideable Great Brown Kodo.   This mount increases speed depending on your Riding Skill.	23249	
Summons and dismisses a rideable Swift Brown Wolf.   This mount increases speed depending on your Riding Skill.	23250	
Summons and dismisses a rideable Swift Timber Wolf.   This mount increases speed depending on your Riding Skill.	23251	
Summons and dismisses a rideable Swift Gray Wolf.   This mount increases speed depending on your Riding Skill.	23252	
Summons and dismisses a rideable Swift Stormsaber.   This mount increases speed depending on your Riding Skill.	23338	
Right Click to summon and dismiss your Snapjaw.	23428,23429,23430,23431,23432	
Causes an explosion of holy light around the caster, causing $15237s1 Holy damage to all enemy targets within $15237a1 yards and healing all party members within $23455a1 yards for $23455s1.  These effects cause no threat.	23455	
Causes an explosion of holy light around the caster, causing $15430s1 Holy damage to all enemy targets within $15430a1 yards and healing all party members within $23458a1 yards for $23458s1.  These effects cause no threat.	23458	
Causes an explosion of holy light around the caster, causing $15431s1 Holy damage to all enemy targets within $15431a1 yards and healing all party members within $23459a1 yards for $23459s1.  These effects cause no threat.	23459	
Summons and dismisses a rideable Frostwolf Howler.   This mount increases speed depending on your Riding Skill.	23509	
Summons and dismisses a rideable Stormpike Battle Charger.   This mount increases speed depending on your Riding Skill.	23510	
Right Click to summon and dismiss your tiny red dragon.	23530	
Right Click to summon and dismiss your tiny green dragon.	23531	
Grants both the Warlock and the summoned demon an effect as long as that demon is active.\n\nImp - Reduces threat caused by $23759s1%.\n\nVoidwalker - Reduces physical damage taken by $23760s1%.\n\nSuccubus - Increases all damage caused by $23761s1%.\n\nFelhunter - Increases all resistances by .2 per level.\n\nFelguard - Increases all damage caused by $35702s1% and all resistances by .1 per level.	23785	
Creates 1-3 Vials of Powerful Anti-Venom.	23787	
Summons a Stoneclaw Totem TEST.	23789	
Permanently enchant a melee weapon to increase Strength by 15.	23799	
Permanently enchant a melee weapon to increase Agility by 15.	23800	
Permanently enchant bracers to restore 5 mana every 5 seconds.	23801	
Permanently enchants bracers to increase the effects of your healing spells by 24 and your spell damage by 8.	23802	
Permanently enchant a melee weapon to increase Spirit by 20.	23803	
Permanently enchant a melee weapon to increase Intellect by 22.	23804	
Right Click to summon and dismiss your Jubling.	23811	
Grants both the Warlock and the summoned demon an effect as long as that demon is active.\n\nImp - Reduces threat caused by $23826s1%.\n\nVoidwalker - Reduces physical damage taken by $23841s1%.\n\nSuccubus - Increases all damage caused by $23833s1%.\n\nFelhunter - Increases all resistances by .4 per level.\n\nFelguard - Increases all damage caused by $35703s1% and all resistances by .2 per level.	23822	
Grants both the Warlock and the summoned demon an effect as long as that demon is active.\n\nImp - Reduces threat caused by $23827s1%.\n\nVoidwalker - Reduces physical damage taken by $23842s1%.\n\nSuccubus - Increases all damage caused by $23834s1%.\n\nFelhunter - Increases all resistances by .6 per level.\n\nFelguard - Increases all damage caused by $35704s1% and all resistances by .3 per level.	23823	
Grants both the Warlock and the summoned demon an effect as long as that demon is active.\n\nImp - Reduces threat caused by $23828s1%.\n\nVoidwalker - Reduces physical damage taken by $23843s1%.\n\nSuccubus - Increases all damage caused by $23835s1%.\n\nFelhunter - Increases all resistances by .8 per level.\n\nFelguard - Increases all damage caused by $35705s1% and all resistances by .4 per level.	23824	
Grants both the Warlock and the summoned demon an effect as long as that demon is active.\n\nImp - Reduces threat caused by $23829s1%.\n\nVoidwalker - Reduces physical damage taken by $23844s1%.\n\nSuccubus - Increases all damage caused by $23836s1%.\n\nFelhunter - Increases all resistances by 1 per level.\n\nFelguard - Increases all damage caused by $35706s1% and all resistances by .5 per level.	23825	
Instantly attack the target causing ${$AP*$m1/100} damage.  In addition, the next $23885n successful melee attacks will restore $23880s1 health.  This effect lasts $23885d.  Damage is based on your attack power.	23881	
Instantly attack the target causing ${$AP*$m1/100} damage.  In addition, the next $23886n successful melee attacks will restore $23889s1 health.  This effect lasts $23886d.  Damage is based on your attack power.	23892	
Instantly attack the target causing ${$AP*$m1/100} damage.  In addition, the next $23887n successful melee attacks will restore $23890s1 health.  This effect lasts $23887d.  Damage is based on your attack power.	23893	
Instantly attack the target causing ${$AP*$m1/100} damage.  In addition, the next $23888n successful melee attacks will restore $23891s1 health.  This effect lasts $23888d.  Damage is based on your attack power.	23894	
Raise your shield, reflecting the next spell cast on you.  Lasts $d.	23920	
Slam the target with your shield, causing $s2 damage, modified by your shield block value, and dispels $s1 magic effect on the target.  Also causes a high amount of threat to the target and threat based on your shield block value to enemies within $150086a1 yards.	23922,23923,23924,23925,25258	
When activated, this ability immediately finishes the cooldown on your other Hunter abilities.	23989	
A stinging shot that puts the target to sleep for $d.  Any damage will cancel the effect.  When the target wakes up, the Sting causes $24134o1 Nature damage over $24134d.  Only one Sting per Hunter can be active on the target at a time.	24132	
A stinging shot that puts the target to sleep for $d.  Any damage will cancel the effect.  When the target wakes up, the Sting causes $24135o1 Nature damage over $24135d.  Only one Sting per Hunter can be active on the target at a time.	24133	
Increases the damage from your Ambush and Garrote abilities by $s1% and gives you a $s2% chance to notice when players see through your Stealth.	24224,27095,27096,27097,27099	
Hurls a hammer that strikes an enemy for $s1 Holy damage.  Only usable on enemies that have 20% or less health.	24239,24274,24275,27180	
Summons and dismisses Bloodlord Mandokir's raptor.   This mount increases speed depending on your Riding Skill.	24242	
Finishing move that causes damage per combo point and converts each extra point of energy into $f1 additional damage.  Damage is increased by your attack power.\n   1 point  : 259-292 damage\n   2 points: 428-461 damage\n   3 points: 597-630 damage\n   4 points: 766-799 damage\n   5 points: 935-968 damage	24248	
Summons and dismisses High Priest Thekal's tiger.   This mount increases speed depending on your Riding Skill.	24252	
Increases all damage caused against Beasts, Giants and Dragonkin targets by $s1% and increases critical damage caused against Beasts, Giants and Dragonkin targets by an additional $s2%.	24293,24294,24295	
Command your pet to intimidate the target, causing a high amount of threat and stunning the target for $24394d. Lasts $19577d.	24394	
The caster is surrounded by $n globes of water, granting $s2 mana per 5 sec.  When a spell, melee or ranged attack hits the caster, $23575s1 mana is restored to the caster. This expends one water globe.  Only one globe will activate every few seconds.  Lasts $d.  Only one Elemental Shield can be active on the Shaman at any one time.	24398	
Reduces the mana cost of your Mend Pet spell and gives the Mend Pet spell a chance of cleansing $24406s1 Curse, Disease, Magic or Poison effect from the pet each tick.	24406	
Blasts a single enemy for $s1 damage and lowers the melee attack power of all enemies in melee range by $s2.  Effect lasts $d.	24423,24577,24578,24579,27051	
Puts your pet in stealth mode, but slows its movement speed by $s2%. The first attack from stealth receives a $s3% bonus to damage.  Lasts until cancelled.	24450,24452,24453	
Inflicts $o2 Nature damage over $d. Effect can stack up to 5 times on a single target.	24583,24586,24587,24640,27060	
Party members within $a1 yards of the wolf receive an extra $s1 damage to their next Physical attack.  Lasts $d.	24597,24603,24604,24605	
Right Click to summon and dismiss Murky the baby murloc.	24696	
Breathes lightning, instantly dealing $s1 Nature damage to a single target.	24844,25008,25009,25010,25011,25012	
Shapeshift into Moonkin Form.  While in this form the armor contribution from items is increased by $24905s1%, attack power is increased by 150% of your level, all party and raid members within $24907a1 yards have their spell critical chance increased by $24907s1%, and your spell critical strike chance is increased by an additional 3%.  Melee attacks in this form have a chance on hit to regenerate mana based on attack power, and receiving damage has a chance to enrage you.  The Moonkin can only cast Balance and non-healing Restoration spells.\n\nThe act of shapeshifting frees the caster of Polymorph and Movement Impairing effects.	24858	
Increases your movement speed by $24864s1% while outdoors in Cat Form and increases your chance to dodge while in Cat Form, Bear Form and Dire Bear Form by $s2%.	24866	
Increases spell critical chance by $s1%.	24907	
Reduces the mana cost of your Healing Touch and Tranquility spells by $s1%.	24968,24969,24970,24971,24972	
Right Click to summon and dismiss Lurky the baby murloc.	24988	
Right Click to summon and dismiss your Murki.	25018	
10 mana per second.\nAutomatically fires a shot at the nearest enemy tonk within $25032a1 yards every $t1 sec, dealing $25032s1 damage per shot.	25026	
10 mana per second.\nDeals $25029s1 damage every $t1 sec to all tonks in front of you within $25029a1 yards. Also slows movement to $25029s2% and deals $25029s3 damage per second for $25029d.	25027	
Silence all enemies within $a1 yards for $d and restores $s2 of your Energy.  Non-player victim spellcasting is also interrupted for $32747d.	25046	
Permanently enchant gloves to increase threat from all attacks and spells by 2%.	25072	
Permanently enchant gloves to increase shadow spell power by 20.	25073	
Permanently enchant gloves to increase Frost spell power by 20.	25074	
Permanently enchant gloves to increase fire spell power by 20.	25078	
Permanently enchant gloves to increase spell power by 16.	25079	
Permanently enchant gloves to increase Agility by 15.	25080	
Permanently enchant a cloak to increase fire resistance by 15.	25081	
Permanently enchant a cloak to increase nature resistance by 15.	25082	
Permanently enchant a cloak to increase stealth.	25083	
Permanently enchant a cloak to decrease threat from all attacks and spells by 2%.	25084	
Permanently enchant a cloak to increase dodge rating by 12.  Requires a level 35 or higher item.	25086	
Creates Minor Wizard Oil.	25124	
Creates Minor Mana Oil.	25125	
Creates Lesser Wizard Oil.	25126	
Creates Lesser Mana Oil.	25127	
Creates Wizard Oil.	25128	
Creates Brilliant Wizard Oil.	25129	
Creates Brilliant Mana Oil.	25130	
Transmutes a Heart of Fire into three Elemental Fires.	25146	
Right Click to summon and dismiss your disgusting oozeling.  Your oozeling has a disgusting aura about him and will significantly reduce your defenses while he is around.	25162	
Maims the enemy, causing $s1 damage and slowing the enemy's movement to $s2% of normal speed for $d.	25212	
Allows a jewelcrafter to make jewelry, up to to a maximum potential skill of 75.  Requires precious gems and metals gathered with the Mining skill.	25229	
Allows a jewelcrafter to make fantastic jewelry, up to a maximum potential skill of 150.	25230	
Instantly attack the target causing ${$AP*$m1/100} damage.  In addition, the next $25252n successful melee attacks will restore $25253s1 health.  This effect lasts $25252d.  Damage is based on your attack power.	25251	
Charge an enemy, causing $25273s2 damage and stunning it for $25273d.	25272	
Charge an enemy, causing $25274s2 damage and stunning it for $25274d.	25275	
Backstab the target, causing $s2% weapon damage plus 225 to the target.  Must be behind the target.  Requires a dagger in the main hand.  Awards $s3 combo $lpoint:points;.	25300	
Holy power infuses the target, increasing their Spirit by $M1 for $d.	25312,48073	
Causes an explosion of holy light around the caster, causing $25331s1 Holy damage to all enemy targets within $25331a1 yards and healing all party members within $25329a1 yards for $25329s1.  These effects cause no threat.	25329	
Causes an explosion of holy light around the caster, causing $s1 Holy damage to all enemy targets within $a1 yards and healing all party members within $25329a1 yards for $25329s1.  These effects cause no threat.	25331	
Launches Arcane Missiles at the enemy, causing $25346s1 Arcane damage every $t2 sec for $d.	25345	
Launches Arcane Missiles at the enemy, causing $25346s1 Arcane damage every $25345t2 sec for $25345d.	25346	
Coats a weapon with poison that lasts for 1 hour.\nEach strike has a 30% chance of poisoning the enemy for ${$25349m1*4+0.12*$AP} Nature damage over $25349d.  Stacks up to 5 times on a single target.	25347	
Summons a Grace of Air Totem with $s1 health at the feet of the caster.  The totem increases the agility of party and raid members within $25360a1 yards by $25360s1.  Lasts $d.	25359	
Summons a Strength of Earth Totem with $s1 health at the feet of the caster.  The totem increases the strength of party and raid members within $25362a1 yards by $25362s1.  Lasts $d.	25361	
Assault the target's mind with Shadow energy, causing $o1 Shadow damage over $d and slowing the target to $s2% of their movement speed.	25387	
Power infuses the target increasing their Stamina by $s1 for $d.	25389,48161	
Power infuses the target's party, increasing their Stamina by $s1 for $d.	25392	
The priest becomes surrounded with anti-magic energy.  Any successful spell cast against the priest will burn $25440s1 of the attacker's Mana, causing 1 Shadow damage for each point of Mana burned.  Lasts $d.	25441	
Instantly shocks the target with frost, causing $s2 Frost damage and slowing movement speed to $s1% of normal.  Lasts $d.  Causes a high amount of threat.	25464	
The caster is surrounded by $n balls of lightning.  When a spell, melee or ranged attack hits the caster, the attacker will be struck for $26371s1 Nature damage.  This expends one lightning ball.  Only one ball will fire every few seconds.  Lasts $d.  Only one Elemental Shield can be active on the Shaman at any one time.	25469	
The caster is surrounded by $n balls of lightning.  When a spell, melee or ranged attack hits the caster, the attacker will be struck for $26372s1 Nature damage.  This expends one lightning ball.  Only one ball will fire every few seconds.  Lasts $d.  Only one Elemental Shield can be active on the Shaman at any one time.	25472	
Imbue the Shaman's weapon with fire.  Each hit causes $/77;25488m1 to $/25;25488M1 additional Fire damage, based on the speed of the weapon.  Slower weapons cause more fire damage per swing.  Lasts 30 minutes.	25489	
Imbue the Shaman's weapon with frost.  Each hit has a chance of causing $25501s2 additional Frost damage and slowing the target's movement speed by $25501s1% for $25501d.  Lasts 30 minutes.	25500	
Imbue the Shaman's weapon with wind.  Each hit has a 36% chance of dealing additional damage equal to two extra attacks with $33727s1 extra attack power.  Lasts 30 minutes.	25505	
Summons a Stoneskin Totem with $s1 health at the feet of the caster.  The totem protects party members within $25506a1 yards, reducing melee damage taken by $25506s1.  Lasts $d.	25508	
Summons a Stoneskin Totem with $s1 health at the feet of the caster.  The totem protects party members within $25507a1 yards, reducing melee damage taken by $25507s1.  Lasts $d.	25509	
Summons a Stoneclaw Totem with $s1 health at the feet of the caster for $d that taunts creatures within $25512a1 yards to attack it.  Enemies attacking the Stoneclaw Totem have a $25513h% chance to be stunned for $39796d.	25525	
Summons a Strength of Earth Totem with $s1 health at the feet of the caster.  The totem increases the strength of party members within $25527a1 yards by $25527s1.  Lasts $d.	25528	
Summons a Searing Totem with $s1 health at your feet for $d that repeatedly attacks an enemy within $25530r yards for $25530s1 Fire damage.	25533	
Summons a Fire Nova Totem that has $s1 health and lasts $d.  Unless it is destroyed within $25538t1 sec., the totem inflicts $25535s1 fire damage to enemies within $25535a1 yd.	25546	
Summons a Fire Nova Totem that has $s1 health and lasts $d.  Unless it is destroyed within $25539t1 sec., the totem inflicts $25537s1 fire damage to enemies within $25537a1 yd.	25547	
Summons a Magma Totem with $s1 health at the feet of the caster for ${$d-1} sec that causes $25550s1 Fire damage to creatures within $25550a1 yards every $25551t1 seconds.	25552	
Summons a Flametongue Totem that enchants all party members' main-hand weapons with fire if they are within $25554a1 yards.  Each hit causes $/77;25555m1 to $/25;25555M1 additional Fire damage.  Lasts $d.	25557	
Summons a Frost Resistance Totem with $s1 health at the feet of the caster for $d.  The totem increases party members' frost resistance by $25559s1, if within $25559a1 yards.	25560	
Summons a Fire Resistance Totem with $s1 health at the feet of the caster for $d that increases the fire resistance of party members within $25562a1 yards by $25562s1.	25563	
Summons a Healing Stream Totem with $s1 health at the feet of the caster for $d that heals group members within $25566a1 yards for $25566s1 every $25566t1 seconds.	25567	
Summons a Mana Spring Totem with $s1 health at the feet of the caster for $d that restores $25569s1 mana every $25569t1 seconds to group members within $25569a1 yards.	25570	
Summons a Nature Resistance Totem with $s1 health at the feet of the caster for $d that increases the nature resistance of party members within $25573a1 yards by $25573s1.	25574	
Summons a Windwall Totem with $s1 health at the feet of the caster.  The totem protects party members within $25576a1 yards, reducing ranged damage taken by $25576s1.  Lasts $d.	25577	
Summons a Windfury Totem with $s1 health at the feet of the caster.  The totem enchants all party members main-hand weapons with wind, if they are within $25579a1 yards.  Each hit has a 20% chance of granting the attacker $25583s2 extra $lattack:attacks; with $25583s1 extra attack power.  Lasts $d.	25585	
Summons a Windfury Totem with $s1 health at the feet of the caster.  The totem enchants all party members main-hand weapons with wind, if they are within $25580a1 yards.  Each hit has a 20% chance of granting the attacker $25584s2 extra $lattack:attacks; with $25584s1 extra attack power.  Lasts $d.	25587	
Increases the threat generated by your Holy spells by $s1%.  Lasts $d.	25780	
Gives all members of the raid or group that share the same class with the target the Greater Blessing of Might, increasing attack power by $s1 for $d.  Players may only have one Blessing on them per Paladin at any one time.	25782,25916,27141,48933,48934	
Right Click to summon and dismiss your Baby Shark   He really requires water.	25849	
Gives all members of the raid or group that share the same class with the target the Greater Blessing of Light, increasing the effects of Holy Light spells used on the target by up to $s1 and the effects of Flash of Light spells used on the target by up to $s2.  Lasts $d.  Players may only have one Blessing on them per Paladin at any one time.	25890	
Gives all members of the raid or group that share the same class with the target the Greater Blessing of Wisdom, restoring $s1 mana every 5 seconds for $d.  Players may only have one Blessing on them per Paladin at any one time.	25894,25918,27143,48937,48938	
Gives all members of the raid or group that share the same class with the target the Greater Blessing of Salvation, reducing the amount of all threat generated by $s1% for $d.  Players may only have one Blessing on them per Paladin at any one time.	25895	
Gives all members of the raid or group that share the same class with the target the Greater Blessing of Kings, increasing total stats by $s1% for $d.  Players may only have one Blessing on them per Paladin at any one time.	25898	
Gives all members of the raid or group that share the same class with the target the Greater Blessing of Sanctuary, reducing damage dealt from all sources by up to $s1 for $d.  In addition, when the target blocks a melee attack the attacker will take $s2 Holy damage.  Players may only have one Blessing on them per Paladin at any one time.	25899,27169	
Summons a Tranquil Air Totem with $s1 health at the feet of the caster.  The totem reduces the threat caused by all party members within $25909a1 yards by $25909s1%.  Lasts $d.	25908	
Emits a high frequency sound, forcing a silithid tank to burrow out from its home beneath the Temple of Ahn'Qiraj. The silithid is obedient to the summoner and can be used as a mount within the Temple of Ahn'Qiraj. Any hostile action towards the rider forces the tank underground. This mount increases speed depending on your Riding Skill.	25953,26054,26055,26056	
Decreases the cooldown of your Judgement spell by $/1000;s1 sec.	25956,25957	
All criticals against you cause a percentage of the damage taken to the attacker as well.  The damage caused by Eye for an Eye will not exceed 50% of the Paladin's total health.	25997	
Right Click to summon and dismiss your Tranquil Mechanical Yeti.	26010	
Gives the Paladin's damaging melee attacks a chance to reduce the target's attributes by $26017s1% for $26017d.	26016	
Gives the Paladin's damaging melee attacks a chance to reduce the target's attributes by $26018s1% for $26018d.	26021	
Reduces the chance you'll be hit by spells by $s3% and increases movement and mounted movement speed by $s1%.  This does not stack with other movement speed increasing effects.	26022,26023,44414	
Right Click to summon and dismiss your Tiny Snowman.  Requires a Snowball to summon.	26045	
Reduces all damage your pet takes by $s1%, but increases the time between your pet's attacks by $s2%.  Lasts $d.	26064	
Summons a mechanical Greench that will protect you for $d.	26067	
Shakes the ground with thundering force, doing $s1 Nature damage to all enemies within $a1 yards.  This ability causes a moderate amount of additional threat.	26090,26187,26188,27063,63900	
Clears all debuffs\n\n----- \n\nHow is this spell different from 25565?\nThis one is not self-only. How are you btw?	26368	
Summons a Vanquished Tentacle to your aid for $d.	26391	
Right Click to summon and dismiss your Winter Reindeer.  Requires a Snowball to summon.	26529	
Right Click to summon and dismiss your Father Winter's Helper.  Requires a Snowball to summon.	26533	
Right Click to summon and dismiss your helper. Requires a Snowball to summon.	26541	
Summons and dismisses a rideable Black Qiraji Battle Tank.  This mount increases speed depending on your Riding Skill.	26656	
Increases the rogue's dodge chance by $s1% and reduces the chance ranged attacks hit the rogue by $s2%.  Lasts $d.	26669	
Finishing move that reduces the movement of the target by $s2% for $d and causes increased thrown weapon damage:\n   1 point  : ${$m1+($b1*1)+$rwb} - ${$M1+($b1*1)+$RWB} damage\n   2 points: ${$m1+($b1*2)+$rwb} - ${$M1+($b1*2)+$RWB} damage\n   3 points: ${$m1+($b1*3)+$rwb} - ${$M1+($b1*3)+$RWB} damage\n   4 points: ${$m1+($b1*4)+$rwb} - ${$M1+($b1*4)+$RWB} damage\n   5 points: ${$m1+($b1*5)+$rwb} - ${$M1+($b1*5)+$RWB} damage	26679,48673,48674	
Conversion of these items into Primal Mooncloth can only be done at a moonwell.	26751	
Coats a weapon with poison that lasts for 1 hour.  Each strike has a $26785h% chance of poisoning the enemy which instantly inflicts $26688s1 Nature damage, but causes no additional threat.	26786	
Allows a tailor to make incomparable shirts and armors up to a maximum potential skill of 375.	26790	
Allows the tailor to create an additional spellcloth or spellweave when that cloth is created.	26797	
Allows the tailor to create an additional mooncloth or moonshroud when that cloth is created.	26798	
Allows the tailor to create an additional shadowcloth or ebonweave when that cloth is created.	26801	
Garrote the enemy, silencing them for $1330d and causing $o1 damage over $d, increased by attack power.  Must be stealthed and behind the target.  Awards $s2 combo $lpoint:points;.	26839	
Backstab the target, causing $s2% weapon damage plus 255 to the target.  Must be behind the target.  Requires a dagger in the main hand.  Awards $s3 combo $lpoint:points;.	26863	
Finishing move that causes damage over time, increased by your attack power.  Lasts longer per combo point:\n   1 point  : 324 damage over 8 secs\n   2 points: 460 damage over 10 secs\n   3 points: 618 damage over 12 secs\n   4 points: 798 damage over 14 secs\n   5 points: 1000 damage over 16 secs	26867	
Allows the rogue to vanish from sight, entering an improved stealth mode for $11329d.  Also breaks movement impairing effects.  More effective than Vanish (Rank 2).	26889	
Gives the Gift of the Wild to the target's party, increasing armor by $s1, all attributes by $s2 and all resistances by $s3 for $d.	26991	
Soothes the target beast, reducing the range at which it will attack you by $s1 yards.  Only affects Beast targets level 85 or lower.  Lasts $d.	26995	
Shred the target, causing $s3% damage plus 236 to the target.  Must be behind the target.  Awards $s2 combo $lpoint:points;.	27001	
Shred the target, causing $s3% damage plus 405 to the target.  Must be behind the target.  Awards $s2 combo $lpoint:points;.	27002	
Rake the target for ${$AP/100+$m1} bleed damage and an additional ${$m2*3+$AP*0.06} damage over $d.  Awards $s3 combo $lpoint:points;.	27003	
Ravage the target, causing $s2% damage plus 514 to the target.  Must be prowling and behind the target.  Awards $s3 combo $lpoint:points;.	27005	
Pounce, stunning the target for $d and causing $27007o1 damage over $27007d.  Must be prowling.  Awards $s3 combo $lpoint:points;.	27006	
Pounce, stunning the target for $27006d and causing $27007o1 damage over $27007d.  Must be prowling.  Awards $27006s3 combo $lpoint:points;.	27007	
Finishing move that causes damage over time.  Damage increases per combo point and by your attack power:\n   1 point : 300 damage over $d.\n   2 points: 498 damage over $d.\n   3 points: 696 damage over $d.\n   4 points: 894 damage over $d.\n   5 points: 1092 damage over $d.	27008	
While active, any time an enemy strikes the caster they have a $h% chance to become afflicted by Entangling Roots (Rank 7).  Only useable outdoors.  $n charge.  Lasts $d.	27009	
Creates a violent storm in the target area causing $42230s1 Nature damage to enemies every $t3 sec, and increasing the time between attacks by $s2%.  Lasts $d.  Druid must channel to maintain the spell.	27012	
Attempts to disengage from the target, reducing threat.  More effective than Disengage (Rank 3).  Character exits combat mode.	27015	
Distract the target, causing threat.  More effective than Distracting Shot (Rank 6).	27020	
Continuously fires a volley of ammo at the target area, causing $42234s1 Arcane damage to enemy targets within $a1 yards every second for $d.	27022	
Place a fire trap that will burn the first enemy to approach for ${$RAP*0.1+$27024m1*5} Fire damage over $27024d.  Trap will exist for $d.  Only one trap can be active at a time.	27023	
Place a fire trap that will burn the first enemy to approach for ${($RAP*($<mult>/100)+$27024m1)*$<duration>} Fire damage over $27024d.  Trap will exist for $27023d.  Only one trap can be active at a time.	27024	
Place a fire trap that explodes when an enemy approaches, causing ${$RAP*0.1+$27026m1} to ${$RAP*0.1+$27026M1} Fire damage and burning all enemies for $27026o2 additional Fire damage over $27026d to all within $27026a1 yards.  Trap will exist for $d.  Only one trap can be active at a time.	27025	
Place a fire trap that explodes when an enemy approaches, causing ${$RAP*0.1+$27026m1} to ${$RAP*0.1+$27026M1} Fire damage and burning all enemies for $27026o2 additional Fire damage over $27026d to all within $27026a1 yards.  Trap will exist for $27025d.  Only one trap can be active at a time.	27026	
Allows a physician to make and use bandages up to a potential skill of 375.   The cloth used to make those bandages are found on humanoids in the world.	27028	
Your pet growls at the target, generating threat and increasing the likelihood the target will attack it.	27047,61676	
A stinging shot that puts the target to sleep for $d.  Any damage will cancel the effect.  When the target wakes up, the Sting causes $27069o1 Nature damage over $27069d.  Only one Sting per Hunter can be active on the target at a time.	27068	
Launches Arcane Missiles at the enemy, causing $27076s1 Arcane damage every $t2 sec for $d.	27075	
Launches Arcane Missiles at the enemy, causing $27076s1 Arcane damage every $27075t2 sec for $27075d.	27076	
Ice shards pelt the target area doing ${$42198m1*8} Frost damage over $d.	27085	
Conjures $s1 $lskin:skin; of glacier water, providing the mage and $ghis:her; allies with something to drink.\n\nConjured items disappear if logged out for more than 15 minutes.	27090	
Conjures a mana emerald that can be used to instantly restore $27103s1 mana.  3 charges.\n\nConjured items disappear if logged out for more than 15 minutes.	27101	
Infuses the target's party with brilliance, increasing their Intellect by $s1 for $d.	27127	
Fills the Paladin with the spirit of a crusader for $d, granting $s1 melee attack power.  The Paladin also attacks $s2% faster, but deals less damage with each attack.  Only one Seal can be active on the Paladin at any one time.\n\nUnleashing this Seal's energy will judge an enemy for $27159d, increasing Holy damage taken by up to $27159s1.  Your melee strikes will refresh the spell's duration.  Only one Judgement per Paladin can be active at any one time.	27158	
Blasts the target with Holy energy, causing $27176s1 Holy damage to an enemy, or $27175s1 healing to an ally.	27174,27175,27176	
Calls down a fiery rain to burn enemies in the area of effect for ${$42218m1*4} Fire damage over $d.	27212	
Ignites the area surrounding the caster, causing $s2 Fire damage to $ghimself:herself; and $27214s1 Fire damage to all nearby enemies every $t2 sec.  Lasts $d.	27213	
Drains the soul of the target, causing $o2 Shadow damage over $d.  If the target dies while being drained, and yields experience or honor, the caster gains a Soul Shard.  Soul Shards are required for other spells.	27217	
Curses the target with agony, causing $o1 Shadow damage over $d.  This damage is dealt slowly at first, and builds up as the Curse reaches its full duration.  Only one Curse per Warlock can be active on any one target.	27218,47863,47864	
Curses the target for $d, reducing Arcane, Fire, Frost, and Shadow resistances by $s1 and increasing Arcane, Fire,  Frost, and Shadow damage taken by $s2%.  Only one Curse per Warlock can be active on any one target.	27228	
Creates a Master Healthstone that can be used to instantly restore $27235s1 health.\n\nConjured items disappear if logged out for more than 15 minutes.	27230	
Creates a Master Soulstone.  The Soulstone can be used to store one target's soul.  If the target dies while their soul is stored, they will be able to resurrect with $27240s1 health and $27240q1 mana.\n\nConjured items disappear if logged out for more than 15 minutes.	27238	
Right Click to summon and dismiss Gurky the baby murloc.	27241	
Imbeds a demon seed in the enemy target, causing $o1 Shadow damage over $d.  When the target takes $s2 total damage or dies, the seed will inflict $27285s1 Shadow damage to all other enemies within $27285a1 yards of the target.  Only one Corruption spell per Warlock can be active on any one target.	27243	
Creates a Master Firestone which can be equipped.  When equipped, enchants the main hand weapon with fire, granting each attack a chance to deal $27253s1 additional Fire damage.  In addition, equipping the Master Firestone increases the damage done by fire spells by $27256s1.\n\nConjured items disappear if logged out for more than 15 minutes.	27250	
Transfers $s1 health from the target to the caster every $t1 sec.  Lasts $d.	27264,30911	
Surrounds the target in a shield of fire, increasing Fire resistance by $s2 and making every strike against the target cause $s1 Fire damage to the attacker.  Lasts $d.  The caster cannot cast Fire Shield on himself.	27269	
Taunts the creature, increasing the chance that it will attack the Voidwalker.  More effective than Torment (Rank 6).	27270	
Taunts all enemies within $a1 yards, increasing the chance that they will attack the Voidwalker and reducing chance to hit by $s2% for $d.  More effective than Suffering (Rank 4).	27271	
The Voidwalker consumes nearby shadows to bolster its form, recovering $o1 health over $d and greatly increasing stealth detection to all nearby friendly targets within $54501a yards. Cannot be used while in combat.	27272,47987,47988	
An instant attack that lashes the target, causing $s1 Shadow damage.	27274,47991,47992	
Soothes the target, increasing the chance that it will attack something else and decreases melee attack speed by $s2% for $d.  More effective than Soothing Kiss (Rank 4).	27275	
Purges $s1 harmful magic $leffect:effects; from a friend or $s1 beneficial magic $leffect:effects; from an enemy.  If an effect is devoured, the Felhunter will be healed for $27278s1.	27276	
Purges $27277s1 harmful magic $leffect:effects; from a friend or $27277s1 beneficial magic $leffect:effects; from an enemy.  If an effect is devoured, the Felhunter will be healed for $s2.	27277	
Imbeds a demon seed in the enemy target, causing $27243o1 Shadow damage over $27243d.  When the target takes $27243s2 total damage or dies, the seed will inflict $27285s1 Shadow damage to all enemies within $27285a1 yards of the target.  Only one Corruption spell per Warlock can be active on any one target.	27285	
Ambush the target, causing $s2% weapon damage plus 335 to the target.  Must be stealthed and behind the target.  Requires a dagger in the main hand.  Awards $s3 combo $lpoint:points;.	27441	
Right Click to summon and dismiss Kwee Q. Peddlefeet.	27570	
An aimed shot that increases ranged damage by $s1.	27632	
Power infuses your raid or party members, increasing their Spirit by $s1 for $d.	27681	
Power infuses your raid or party members, increasing their Shadow resistance by $s1 for $d.	27683	
Increases the range of your Smite and Holy Fire spells and the radius of your Prayer of Healing, Holy Nova and Circle of Healing spells by $s1%.	27789,27790	
Causes an explosion of holy light around the caster, causing $s1 Holy damage to all enemy targets within $a1 yards and healing all party members within $27803a1 yards for $27803s1.  These effects cause no threat.	27799	
Causes an explosion of holy light around the caster, causing $s1 Holy damage to all enemy targets within $a1 yards and healing all party members within $27804a1 yards for $27804s1.  These effects cause no threat.	27800	
Causes an explosion of holy light around the caster, causing $s1 Holy damage to all enemy targets within $a1 yards and healing all party members within $27805a1 yards for $27805s1.  These effects cause no threat.	27801	
Causes an explosion of holy light around the caster, causing $27799s1 Holy damage to all enemy targets within $27799a1 yards and healing all party members within $27803a1 yards for $27803s1.  These effects cause no threat.	27803	
Causes an explosion of holy light around the caster, causing $27800s1 Holy damage to all enemy targets within $27800a1 yards and healing all party members within $27804a1 yards for $27804s1.  These effects cause no threat.	27804	
Causes an explosion of holy light around the caster, causing $27801s1 Holy damage to all enemy targets within $27801a1 yards and healing all party members within $27805a1 yards for $27805s1.  These effects cause no threat.	27805	
After being struck by a melee or ranged critical hit, heal $s1% of the damage taken over $27813d.	27811	
Heals the target over $d.	27813,27817,27818,64801	
After being struck by a melee or ranged critical hit, heal $s1% of the damage taken over $27817d.	27815	
After being struck by a melee or ranged critical hit, heal $s1% of the damage taken over $27818d.	27816	
Permanently enchant a two-handed melee weapon to increase Agility by 25.	27837	
Increases the percentage healed by Vampiric Embrace by an additional $s1%.	27839,27840	
Creates a Holy Lightwell.  Members of your raid or party can click the Lightwell to restore $27873o1 health over $27873d.  Any direct damage taken will cancel the effect.  Each member can only use this Lightwell once.  Lightwell lasts for $d or 15 charges.	27870	
Creates a Holy Lightwell.  Members of your raid or party can click the Lightwell to restore $27874o1 health over $27874d.  Any direct damage taken will cancel the effect.  Each member can only use this Lightwell once.  Lightwell lasts for $d or 15 charges.	27871	
Permanently enchants bracers to increase Strength by 12.  Requires a level 35 or higher item.	27899	
Reduces all spell damage taken by $s1%.	27900,27901,27902,27903,27904	
Permanently enchants bracers to increase all Stats by 4.  Requires a level 35 or higher item.	27905	
Permanently enchant bracers to increase defense rating by 12.  Requires a level 35 or higher item.	27906	
Permanently enchant bracers to increase spell power by 15.  Requires a level 35 or higher item.	27911,27917	
Permanently enchant bracers to restore 8 mana every 5 seconds.  Requires a level 35 or higher item.	27913	
Permanently enchant bracers to increase Stamina by 12.  Requires a level 35 or higher item.	27914	
Permanently enchant a ring to increase physical damage by 2.  Only the enchanter's rings can be enchanted and enchanting a ring will cause it to become soulbound.  Requires a level 35 or higher item.	27920	
Permanently enchant a ring to increase spell power by 12.  Only the enchanter's rings can be enchanted and enchanting a ring will cause it to become soulbound.  Requires a level 35 or higher item.	27924,27926	
Permanently enchant a ring to increase all stats by 4.  Only the enchanter's rings can be enchanted, and enchanting a ring will cause it to become soulbound.  Requires a level 35 or higher item.	27927	
Permanently enchant a shield to give 36 additional block value.  Requires a level 35 or higher item.	27944	
Permanently enchant a shield to increase Intellect by 12.  Requires a level 35 or higher item.	27945	
Permanently enchant a shield to increase block rating by 15.  Requires a level 35 or higher item.	27946	
Permanently enchant a shield to increase all resistances by 5.  Requires a level 35 or higher item.	27947	
Permanently enchant boots to restore 5 health and mana every 5 seconds.  Requires a level 35 or higher item.	27948	
Permanently enchant boots to increase Stamina by 12.  Requires a level 35 or higher item.	27950	
Permanently enchant boots to increase Agility by 12.  Requires a level 35 or higher item.	27951	
Permanently enchant boots to increase critical strike and hit rating by 10.  Requires a level 35 or higher item.	27954	
Permanently enchant a piece of chest armor to grant +150 health.  Requires a level 35 or higher item.	27957	
Permanently enchant chest armor to increase mana by 250.  Requires a level 60 or higher item.	27958	
Permanently enchant chest armor to increase all stats by 6.  Requires a level 35 or higher item.	27960	
Permanently enchant a cloak to give 120 additional armor.  Requires a level 35 or higher item.	27961	
Permanently enchant a cloak to increase all resistances by 7.  Requires a level 35 or higher item.	27962	
Permanently enchant a melee weapon to increase its damage by 7.  Requires a level 35 or higher item.	27967	
Permanently enchant a melee weapon to increase Intellect by 30.  Requires a level 35 or higher item.	27968	
Permanently enchant a two-handed melee weapon to increase attack power by 70.  Requires a level 35 or higher item.	27971	
Permanently enchant a melee weapon to increase Strength by 20.  Requires a level 35 or higher item.	27972	
Permanently enchant a melee weapon to increase spell power by 40.  Requires a level 35 or higher item.	27975,34010	
Permanently enchant a two-handed melee weapon to increase Agility by 35.  Requires a level 35 or higher item.	27977	
Permanently enchant a melee weapon to increase fire and arcane spell power by 50.  Requires a level 35 or higher item.	27981	
Permanently enchant a melee weapon to increase Frost and Shadow spell power by 54.  Requires a level 35 or higher item.	27982	
Permanently enchant a melee weapon to occasionally increase Agility by 120 and attack speed slightly.  Requires a level 35 or higher item.	27984	
Permanently enchant a melee weapon to make your spells sometimes restore 100 mana to nearby party members.  Requires a level 35 or higher item.	28003	
Permanently enchant a melee weapon to occasionally heal nearby party members for 180 to 300 when attacking in melee.  Requires a level 35 or higher item.	28004	
Creates Superior Mana Oil.	28016	
Creates Superior Wizard Oil.	28019	
Transforms an Arcane Crystal into Arcane Dust.	28021	
Transforms three Small Prismatic Shard into a Large Prismatic Shard.	28022	
Creates a Prismatic Sphere out of four Large Prismatic Shards.	28027	
Creates a Void Sphere out of two Void Crystals.	28028	
Allows an enchanter to put masterful enchantments on weapons and armor up to a maximum potential skill of 375.	28029	
Creates a Master Spellstone for the caster.  When equipped and used, the Master Spellstone dispels all harmful magic effects from the caster.  In addition, equipping the Spellstone improves your spell critical strike rating by $32789s1.\n\nConjured items disappear if logged out for more than 15 minutes.	28172	
Surrounds the caster with fel energy, increasing the amount of health generated through spells and effects by $s1% and increasing spell damage by up to $s3.  Only one type of Armor spell can be active on the Warlock at any time.  Lasts $d.	28176,28189	
Transforms the enemy into a turtle, forcing it to wander around for up to $d.  While wandering, the turtle cannot attack or cast spells but will regenerate very quickly.  Any damage will transform the target back into its normal form.  Only one target can be polymorphed at a time.  Only works on Beasts, Humanoids and Critters.	28271	
Transforms the enemy into a pig, forcing it to wander around for up to $d.  While wandering, the pig cannot attack or cast spells but will regenerate very quickly.  Any damage will transform the target back into its normal form.  Only one target can be polymorphed at a time.  Only works on Beasts, Humanoids and Critters.	28272	
Creates a Holy Lightwell.  Members of your raid or party can click the Lightwell to restore $28276o1 health over $28276d.  Any damage taken will cancel the effect.  Lightwell lasts for $d or 5 charges.	28275	
Restore $s1 health every $t1 sec.	28276,48084,48085	
Right Click to summon and dismiss Terky the baby murloc.	28487	
Right Click to summon and dismiss Poley.	28505	
Transmutes Primal Air into Primal Fire.	28566	
Transmutes Primal Earth into Primal Water.	28567	
Transmutes Primal Fire into Primal Earth.	28568	
Transmutes Primal Water into Primal Air.	28569	
Increases your armor by an amount equal to $s1% of your Intellect.	28574,54658,54659	
Transmutes Primal Shadow into Primal Water.	28580	
Transmutes Primal Water into Primal Shadow.	28581	
Transmutes Primal Mana into Primal Fire.	28582	
Transmutes Primal Fire into Primal Mana.	28583	
Transmutes Primal Life into Primal Earth.	28584	
Transmutes Primal Earth into Primal Life.	28585	
Allows an alchemist to brew extraordinary potions up to a maximum potential skill of 375.	28596	
Conjures $s1 $lcinnamon roll:cinnamon rolls;, providing the mage and $ghis:her; allies with something to eat.\n\nConjured items disappear if logged out for more than 15 minutes.	28612	
Allows an Alchemist to sometimes get greater results when transmuting materials.	28672	
Allows an alchemist to sometimes create an additional potion when brewing high level potions.	28675	
Allows an alchemist to sometimes create an additional elixir when brewing high level elixirs.	28677	
How to find and gather Outland herbs.   Gives a potential herbalism skill of 375.	28695	
Silence all enemies within $a1 yards for $d and restores $s2% of your Mana.  Non-player victim spellcasting is also interrupted for $32747d.	28730	
Right Click to summon and dismiss Speedy the turtle.	28738	
Right Click to summon and dismiss Mr. Wiggles the pig.	28739	
Right Click to summon and dismiss Whiskers the Rat.	28740	
Summons and dismisses a rideable Nether Drake.   You wish! This mount increases speed depending on your Riding Skill.	28828	
Summons or dismisses a Spirit of Summer.	28871	
Jewelcrafting skill increased by $s1.	28875	
Enchanting skill increased by $s1.	28877	
Heals the target for $o1 over $d.  The amount healed is increased by your attack power.	28880,59543,59545	
Allows a jewelcrafter to make fantastic jewelry, up to a maximum potential skill of 225.	28894	
Allows a jewelcrafter to make fantastic jewelry, up to a maximum potential skill of 300.	28895	
Allows a jewelcrafter to make fantastic jewelry, up to a maximum potential skill of 375.	28897	
Reduces damage taken from Fire, Frost and Nature effects by $s1%.	28996,28997,28998	
Increases the range of your Lightning Bolt and Chain Lightning spells by $s1 yards.	28999,29000	
Summons and dismisses a rideable Naxxramas Deathcharger.   This mount increases speed depending on your Riding Skill.	29059	
Gives you a $h% chance to gain the Focused Casting effect that lasts for $29063d after being the victim of a melee or ranged critical strike.  The Focused Casting effect prevents you from losing casting time on Shaman spells when taking damage.	29062,29064,29065	
Your spell criticals will refund $s1% of their base mana cost.	29074,29075,29076	
Your spell criticals will refund a percentage of the base mana cost.	29077	
Increases the damage you deal with all weapons by $s1%.	29082,29084,29086,29087,29088	
Increases your total Stamina by $s1% and your total Strength by $s2%.	29140,29143,29144,29145,29146	
Increases the target's Spirit based mana regeneration by $s2% and allows full mana regeneration while casting.  Lasts $d.	29166	
Your offensive spell crits will increase your chance to get a critical strike with melee attacks by $29177s1% for $29177d.	29177,29179	
Your offensive spell crits will increase your chance to get a critical strike with melee attacks by $29178s1% for $29178d.	29178,29180	
Reduces the threat generated by your healing spells by $s1% and reduces the chance your spells will be dispelled by $s2%.	29187,29189,29191	
Increases the melee attack power bonus of your Windfury Totem by $s1% and increases the damage caused and spell damage granted by your Flametongue Totem by $s2%.	29192,29193	
Your Healing Wave spells have a $s1% chance to increase the effect of subsequent Healing Wave spells on that target by $29203s1% for $29203d.  This effect will stack up to $29203u times.	29202,29205,29206	
You are a Master Miner.  Gives a potential mining skill of 375.	29354	
Allows the miner to smelt fel iron ore into a fel iron bar.  Smelting fel iron requires a forge.	29356	
Allows the miner to smelt adamantite ore into an adamantite bar.  Smelting adamantite requires a forge.	29358	
Allows the miner to smelt eternium ore into an eternium bar.  Smelting eternium requires a forge.	29359	
Allows the miner to smelt eternium and fel iron bars into a felsteel bar.  Smelting felsteel requires a forge.	29360	
Allows the miner to smelt khorium ore into a khorium bar.  Smelting khorium requires a forge.	29361	
Reduces the mana cost and chance targets resist your Frost and Fire spells by $s1%.	29438,29439,29440	
Increases all resistances by $s2 and causes all spells you fully resist to restore $s1% of your total mana.  1 sec. cooldown.	29441,29444,29445,29446,29447	
Restores mana when a spell is fully resisted.	29442	
Increases your chance to hit with melee weapons by $s1%.	29590,29591,29592	
Reduces all spell damage taken while in Defensive Stance by $s1%.	29593,29594,29595	
You generate $s1% more rage from damage dealt.	29623	
Allows the miner to smelt adamantite bars into a hardened adamantite bar.  Smelting hardened adamantite requires a forge.	29686	
Transmutes Primal Earth, Water, Air, Fire and Mana into Primal Might.	29688	
A strong attack that increases melee damage by $s1 and causes a high amount of threat.  Causes ${0.35*$m1} additional damage against Dazed targets.	29707,30324,47449,47450	
Reduces the cooldown of your Whirlwind ability by $/1000;s1 sec.	29721,29776	
Deals $s1 Fire damage to your target and an additional $/4;s1 Fire damage if the target is affected by an Immolate spell.	29722,32231,47837,47838	
Reduces the cooldown of your Retaliation, Recklessness and Shield Wall abilities by $/60000;s1 min and increases their duration by $/1000;s2 sec.	29723,29724,29725	
Increases attack power by $s1% and reduces threat caused by $s2% while in Berserker Stance.	29759,29760,29761,29762,29763	
Reduces the rage cost of your offensive abilities by $/10;s1.	29787,29790,29792	
Warrior goes on a rampage, increasing attack power by $30029s1 and causing most successful melee attacks to increase attack power by an additional $30029s1.  This effect will stack up to $30029u times.  Lasts $d.  This ability can only be used after scoring a critical hit.	29801	
Whenever you are struck by a Stun or Immobilize effect you will generate $/10;29841o1 rage and $29841o2% of your total health over $29841d.	29834,29841	
Your Rend and Deep Wounds abilities also increase all physical damage caused to that target by $30069s1%.	29836	
Whenever you are struck by a Stun or Immobilize effect you will generate $/10;29842o1 rage and $29842o2% of your total health over $29842d.	29838,29842	
Allows a Blacksmith to make weapons and armor up to a maximum potential skill of 375.	29844	
Reduces threat by $s1% for all enemies within $a1 yards.	29858	
Your Rend and Deep Wounds abilities also increase all physical damage caused to that target by $30070s1%.	29859	
Reduces the cooldown of your Intercept ability by $/1000;s1 sec.	29888,29889	
Begins a ritual that creates a Soulwell.  Raid members can click the Soulwell to acquire a Major Healthstone.  The Soulwell lasts for $29886d or 10 charges.  Requires the caster and 2 additional party members to complete the ritual.  In order to participate, all players must right-click the soul portal and not move until the ritual is complete.	29893	
Sunder the target's armor causing the Sunder Armor effect.  In addition, causes $s1% of weapon damage plus $s2 for each application of Sunder Armor on the target.  The Sunder Armor effect can stack up to $u times.	30022	
Warrior goes on a rampage, increasing attack power by $30031s1 and causing most successful melee attacks to increase attack power by an additional $30031s1.  This effect will stack up to $30031u times.  Lasts $d.  This ability can only be used after scoring a critical hit.	30030	
Warrior goes on a rampage, increasing attack power by $30032s1 and causing most successful melee attacks to increase attack power by an additional $30032s1.  This effect will stack up to $30032u times.  Lasts $d.  This ability can only be used after scoring a critical hit.	30033	
Reduces the casting time of your Howl of Terror spell by $/1000;S1 sec.	30054,30057	
Increases the damage of Bane of Agony, Bane of Doom, Siphon Life, Corruption and Seed of Corruption by $s1% and reduces the chance your Affliction spells will be dispelled by an additional $s3%.	30060,30061,30062,30063,30064	
Shadow energy slowly destroys the target, causing $o1 damage over $d.  In addition, if the Unstable Affliction is dispelled it will cause $*9;s1 damage to the dispeller and silence them for $31117d.	30108,30404,30405	
Increases the effectiveness of your Demon Armor and Fel Armor spells by $s1%.	30143,30144,30145	
Summons a Felguard under the command of the Warlock.	30146	
Charge an enemy, causing $30153s2 damage and stunning it for $30153d.	30151	
Right Click to summon and dismiss your tiger cub.	30152	
Right Click to summon and dismiss your hippogryph hatchling.	30156	
Your offensive spell crits will increase your chance to get a critical strike with melee attacks by $30165s1% for $30165d.	30160,30165	
Summons and dismisses a rideable turtle. It may be slow, but it gets you off your feet!	30174	
Charge an enemy, causing $30195s2 damage and stunning it for $30195d.	30194	
Charge an enemy, causing $30197s2 damage and stunning it for $30197d.	30198	
A sweeping attack that does the Felguard's weapon damage plus $s1 to the target and his nearest ally.	30223,47994	
Increases melee and spell critical strike chance for you and your summoned demon by $s1%.	30242,30245,30246,30247,30248	
Shadowfury is unleashed, causing $s1 Shadow damage and stunning all enemies within $a1 yds for $d.	30283,30413,30414,47846,47847,84724,84725	
Your Shadow Bolt and Incinerate spells gain an additional $s1% of your bonus spell damage effects.	30288,30289,30290,30291,30292	
Gives your Shadow Bolt, Shadowburn, Soul Fire, Incinerate, Searing Pain and Conflagrate spells a $h% chance to return health equal to $s1% of the damage caused.	30293,30295,30296	
After being hit with a Shadow or Fire spell, you have a $h% chance to become immune to Shadow and Fire spells for $30300d.	30299,30301,30302	
Reduces the chance you'll be critically hit by melee and spells by $s1% and reduces all damage your summoned demon takes by $s2%.	30319,30320,30321	
When you gain mana from Drain Mana or Life Tap spells, your pet gains $s1% of the mana you gain.	30326,30327,30328	
Instantly attack the target causing ${$AP*$m1/100} damage.  In addition, the next $30339n successful melee attacks will restore $30340s1 health.  This effect lasts $30339d.  Damage is based on your attack power.	30335	
Allows an engineer to make bombs and gizmos that very often work as intended up to a maximum potential skill of 375.	30350	
Slam the target with your shield, causing $s2 damage, modified by your shield block value, and dispels $s1 magic effect on the target.  Also causes a high amount of threat.	30356,47487,47488	
Steals a beneficial magic effect from the target.  This effect lasts a maximum of 2 min.	30449	
Blasts the target with energy, dealing $s1 Arcane damage.  Each time you cast Arcane Blast, the casting time is reduced while mana cost is increased.  Effect stacks up to $36032u times and lasts $36032d.	30451,84648,84649,84650,84651,84652,84653,84654	
Deals $s1 Frost damage to an enemy target.  Causes triple damage against Frozen targets.	30455	
Causes $34913s1 Fire damage when hit, increases your chance to critically hit with spells by $s3%, and reduces the chance you are critically hit by $s2%.  Only one type of Armor spell can be active on the Mage at any time.  Lasts $d.	30482	
Regenerate mana equal to $s1% of your Intellect every 5 sec, even while casting.	30664,30665,30666,30667,30668,33597,33599,33956	
Reduces the chance you will be critically hit by melee and ranged attacks by $s1%, and receiving direct damage has a $h% chance to grant you the Focused Casting effect for $29063d. Focused Casting prevents you from losing casting time on Shaman spells when taking damage.	30669,30670,30671	
Increases your chance to hit with spells by $s1% and reduces the threat caused by Fire, Frost and Nature spells by $s2%.	30672,30673,30674	
Gives your Molten Blast, Lightning Bolt and Chain Lightning spells a $s1% chance to cast a second, similar spell on the same target at no additional cost that causes half damage and no threat.	30675,30678,30679,30680,30681	
Summons a Totem of Wrath with $s1 health at the feet of the caster.  The totem increases the chance to hit and critically strike with spells by $30708s1% for all party and raid members within $30708a1 yards.  Lasts $d.  \n\nLearning this talent also causes your Fire Elemental Totem to gain the Totem of Wrath effect.	30706	
Allows one-hand and off-hand weapons to be equipped in the off-hand.\n\nAdditionally, your Lightning Bolt and Molten Blast spells no longer delay your next melee swing, but deal $84647s1% less damage if cast within $84647d after a melee attack.	30798	
Causes your critical hits with melee attacks to increase all party and raid members' melee attack power by $30803s1 if within $30803a1 yards of the Shaman.  Lasts $30803d.	30802	
Causes your critical hits with melee attacks to increase all party and raid members' melee attack power by $30804s1 if within $30804a1 yards of the Shaman.  Lasts $30804d.	30808	
Causes your critical hits with melee attacks to increase all party and raid members' melee attack power by $30805s1 if within $30805a1 yards of the Shaman.  Lasts $30805d.	30809	
Causes your critical hits with melee attacks to increase all party and raid members' melee attack power by $30806s1 if within $30806a1 yards of the Shaman.  Lasts $30806d.	30810	
Causes your critical hits with melee attacks to increase all party and raid members' melee attack power by $30807s1 if within $30807a1 yards of the Shaman.  Lasts $30807d.	30811	
Reduces the mana cost of your instant cast Shaman spells by $s1% and increases your spell damage and healing by an amount equal to $s2% of your attack power.	30812,30813,30814	
Increases your chance to hit with all weapons by an additional $s1%.	30816,30818,30819	
Reduces all damage taken by $s2% and causes your successful melee attacks to regenerate ${($AP/12)*$COND($GT($HND,1),$MWS,(($MWS+$OWS)/2)/1.4)} mana (based on weapon speed and attack power).  Lasts $d.	30823	
Reduces all damage taken by $30823s2% and gives your successful melee attacks a chance to regenerate mana equal to $30823s1% of your attack power. This spell is usable while stunned. Lasts $30823d.	30824	
Reduces the duration of any Silence or Interrupt effects used against the Shaman by $s1%. This effect does not stack with other similar effects.	30864,30865,30866	
Increases your spell damage and healing by an amount equal to $s1% of your Intellect.	30867,30868,30869	
Increases the amount healed by your Chain Heal spell by $s1%.	30872,30873	
Regenerates $o1% of your total health and mana over $d.	30874	
Whenever a damaging attack is taken that reduces you below 30% health, you have a $h% chance to heal $s1% of your total health and reduce your threat level on that target.  5 second cooldown.	30881,30883,30884,30885,30886	
Reduces the chance you are critically hit by melee and ranged attacks by $s2% and increases the threat reduction of your Feint ability by $s1%.	30892,30893	
Increases your Stealth detection and reduces the chance you are hit by spells and ranged attacks by $s2%.	30894	
Increases your Stealth detection and reduces the chance you are hit by spells and ranged attacks by $s2%.  More effective than Heightened Senses (Rank 1).	30895	
Increases your attack power by $s1%.	30902,30903,30904,30905,30906	
Reduces your chance to be dodged or parried by ${$m1/4}.2%.	30919,30920	
Finishing move that causes damage per combo point and converts each extra point of energy into $f1 additional damage.  Damage is increased by your attack power.\n   1 point  : 199-259 damage\n   2 points: 346-406 damage\n   3 points: 493-553 damage\n   4 points: 640-700 damage\n   5 points: 787-847 damage	31018	
Increases your total Stamina by $s1% and your total Agility by $s2%.	31122,31123	
Gives your Sinister Strike, Backstab, Gouge and Shiv abilities a $h% chance to Daze the target for $31125d.	31124,31126	
A concussive strike that reduces movement speed by $s1%.	31125	
Increases your chance to resist Stun and Fear effects by an additional $s1%.	31130,31131	
Increases your chance to resist movement impairing effects by $s1% and increases your movement speed by $s3%.  This does not stack with other movement speed increasing effects.	31208,31209	
Increases your chance to avoid area of effect attacks by an additional $s1%.	31211,31212,31213	
Increases your total Agility by $s1% and increases the percentage damage bonus of Backstab and Hemorrhage by an additional $s2%.	31216,31217,31218,31219,31220	
Attacks made while stealthed and for 6 seconds after breaking stealth cause an additional $s1% damage.	31221,31222,31223	
Instantly removes all existing harmful spell effects and increases your chance to resist all spells by $s1% for $d.  Does not remove effects that prevent you from using Cloak of Shadows.	31224	
Reduces the chance your poisons will be resisted by $s1%, increases your chance to resist Poison effects by an additional $s2%, and gives Envenom a $s3% chance to not consume Deadly Poison.	31226,31227	
You have a $s1% chance that an attack which would otherwise kill you will instead reduce you to 10% of your maximum health, unless the attack is too devastating. In addition, all damage taken will be reduced by an amount equal to twice your dodge chance, up to 90%, for $45182d.  This effect cannot occur more than once per minute.	31228,31229,31230	
Your finishing moves increase the damage of all your offensive abilities by $31234s1% for $31234d.	31233	
Your finishing moves increase the damage of all your offensive abilities by $31235s1% for $31235d.	31239	
Your finishing moves increase the damage of all your offensive abilities by $31236s1% for $31236d.	31240	
Your finishing moves increase the damage of all your offensive abilities by $31237s1% for $31237d.	31241	
Your finishing moves increase the damage of all your offensive abilities by $31238s1% for $31238d.	31242	
All healing effects on you are increased by $s2%.  In addition, your finishing moves cost $s1% less Energy when they fail to hit.	31244,31245	
Search 5 ore of a base metal for precious gems.  This will destroy the ore in the process.	31252	
Conversion of these items into spellcloth can only be done inside of Netherstorm and only once in a while can the energies of netherstorm be used in this way.   Draining power to create the spellcloth will bring the wrath of netherstorm on you.	31373	
Decreases all physical damage taken by $s1%.	31380,31382,31383,31384,31385	
Your Arcane Intellect and Arcane Brilliance spells also increase the target's maximum mana by $s1%.	31569,31570	
Increases the critical strike chance of any spell cast while Clearcasting by $s1%.	31571,31572,31573	
Reduces all damage taken by $s1%, and for $46989d after casting Blink, your chance to be hit by all attacks and spells is reduced by $46989s1%.	31574,31575	
Your Arcane Missiles spell gains an additional $*5;s1% of your bonus spell damage effects, but mana cost is increased by $s2%.	31579,31582,31583	
Increases spell damage by up to $s1% of your total Intellect.	31584,31585,31586,31587,31588	
Reduces target's movement speed by $s1%, increases the time between ranged attacks by $s2% and increases casting time by $s3%. If the target is immune to movement speed reductions this spell enters a 2 minute cooldown and still applies the other effects.  Lasts $d.  Slow can only affect one target at a time.	31589	
Increases all spell damage caused by $s1% and all spell damage taken by $s2%.	31638,31639,31640	
Gives you a $h% chance when hit by a melee or ranged attack to increase your movement speed by $31643s1% and dispel all movement impairing effects.  This effect lasts $31643d.	31641,31642	
Gives you a chance when hit by a melee or ranged attack to increase your movement speed by $31643s1% and dispel all movement impairing effects.  This effect lasts $31643d.	31643	
Your Fireball spell gains an additional $s1% of your bonus spell damage effects.	31656,31657,31658,31659,31660	
Targets in a cone in front of the caster take $s1 Fire damage and are Disoriented for $d.  Any direct damaging attack will revive targets.  Turns off your attack when used.	31661,33041,33042,33043,42949,42950	
Reduces the damage taken by Frost and Fire effects by $s1%.	31667,31668,31669	
Reduces the cooldown of your Cone of Cold, Cold Snap, Ice Barrier and Ice Block spells by $s1%.	31670,31672	
Increases all Frost damage you cause by $s3% and reduces the chance melee and ranged attacks will hit you by $s1%.	31674,31675,31676,31677,31678	
Increases damage of all spells against targets with less than 20% health by $s1%.	31679,31680	
Your Frostbolt spell gains an additional $s1% of your bonus spell damage effects and an additional $s2% chance to critically strike.	31682,31683,31684,31685,31686	
Summon a Water Elemental to fight for the caster for $d.	31687	
A passive ability that gives the Paladin mana when healed by other friendly targets' spells.  The amount of mana gained is equal to $s1% of the amount healed.	31785,33776	
Come to the defense of a friendly target, commanding up to 3 enemies attacking the target to attack the Paladin instead.	31789	
Fills the Paladin with holy power, granting each melee attack a chance to cause $31803o1 Holy damage over $31803d.  This effect can stack up to $31803u times.  Only one Seal can be active on the Paladin at any one time.  Lasts $d.\n\nUnleashing this Seal's energy will judge an enemy, instantly causing $31804s1 Holy damage per application of Holy Vengeance.	31801,84445	
Increases the radius of your Auras to 40 yards.	31821	
Increases your resistance to Curse and Disease effects by $s1%.	31822,31823,31824	
Reduces the mana cost of your Cleanse, Purify and Consecration spells by $s1% and increases the critical strike chance of your Exorcism and Holy Wrath spells by $s2%. Additionally, hitting an enemy with Exorcism or Holy Wrath increases the critical effect chance of your next healing spell by $84530s1%.	31825	
Reduces the mana cost of your Cleanse, Purify and Consecration spells by $s1% and increases the critical strike chance of your Exorcism and Holy Wrath spells by $s2%. Additionally, hitting an enemy with Exorcism or Holy Wrath increases the critical effect chance of your next healing spell by $84531s1%.	31826	
All attacks against you have a $h% chance to cause half damage, and your resistances are increased by $s2.	31828,31829,31830	
Gives your Holy Light spell a $h% chance to reduce the cast time of your next Holy Light spell by $/1000;31834S1 sec.  This effect lasts $31834d.	31833,31835,31836	
Gives your Holy Light spell a chance to reduce the cast time of your next Holy Light spell by $/1000;S1 sec.  This effect lasts $31834d.	31834	
Increases your spell damage and healing by $s1% of your total Intellect.	31837,31838,31839,31840,31841	
Increases the casting speed of all Paladin spells by $s1% for $d.  Causes Forebearance, preventing the use of Divine Shield, Divine Protection, Hand of Protection again for $25771d.	31842	
Increases your resistance to Stun effects by an additional $s1% and reduces the chance your spells will be dispelled by an additional $s2%.	31844,31845	
All spell damage taken is reduced by $s1%.	31846,31847	
Increases your total Stamina by $s3%, reduces the cooldown of your Divine Shield spell by $/1000;S1 sec.	31848,31849	
When you have less than 35% health or when an attack brings you under 35% health, all damage taken is reduced by $s1%.	31850,31851,31852,31853,31854	
Reduces your chance to be dodged or parried by ${$m1/4}.2% and increases your total Stamina by $s2%.	31858,31859,31860,31861,31862	
Increases all damage caused against Humanoids, Demons, Undead and Elementals by $s1%.	31866,31867,31868	
The amount of damage caused by targets affected by Sanctity Aura is increased by $s1%.	31869,31870	
Melee and ranged critical strikes against you cause $s1% less damage.	31871,31872,31873	
Gives your Judgement spell a $s1% chance to return 80% of the mana cost of the judged seal, additionally your Crusader Strike has a $s2% chance to refresh all Judgements on the target.	31876,31877,31878	
Increases the critical strike chance of all Judgements capable of a critical hit by $s1% and reduces threat caused by all actions by $s2% except when under the effects of Righteous Fury.	31879,31880,31881,31882,31883	
Increases all damage caused by $s1% for $d.  Causes Forebearance, preventing the use of Divine Shield, Divine Protection, Hand of Protection again for $25771d.	31884	
All melee attacks deal additional Holy damage equal to $31893s1% of normal weapon damage, but the Paladin loses health equal to $s2% of the total damage inflicted.\n\nUnleashing this Seal's energy will judge an enemy, instantly causing $31898s1 Holy damage at the cost of health equal to 33% of the damage caused.	31892	
Fills the Paladin with the spirit of justice for $d, giving each melee attack a chance to stun for $20170d.  Only one Seal can be active on the Paladin at any one time.\n\nUnleashing this Seal's energy will judge an enemy for $20184d, preventing them from fleeing and limiting their movement speed.  Your melee strikes will refresh the spell's duration.  Only one Judgement per Paladin can be active at any one time.	31895	
Unleashing this Seal's energy will judge an enemy, instantly causing $31898s1 Holy damage at the cost of health equal to 33% of the damage caused.	31898	
Hurls a holy shield at the enemy, dealing $s1 Holy damage, Dazing them and then jumping to additional nearby enemies.  Affects $x1 total targets.  Lasts $d.	31935,32699,32700	
Increases your chance to critically hit with all spells and melee attacks by $s1% and reduces the chance your Seals and Crusader Strike will be dispelled by $s2%.	32043,35396,35397	
Instantly attack with both weapons.  In addition, the next 2 sources of Nature damage dealt to the target are increased by $17364s1%.  Lasts $17364d.	32175,32176	
Increases melee, ranged, and spell casting speed by $s1% for all party and raid members.  Lasts $d.\n\nAllies receiving this effect will become Exhausted and unable to benefit from Heroism or Bloodlust again for 10 min.	32182	
Increases the mounted speed by $s1% for all party and raid members within $a1 yards.  Players may only have one Aura on them per Paladin at any one time.  This does not stack with other movement speed increasing effects.	32223	
Reduces the damage your summoned demon takes from creature area of effect attacks by an additional $s1%.	32233	
Summons and dismisses a rideable Golden Gryphon mount.  This mount can only be summoned in Outland or Northrend. This mount increases speed depending on your Riding Skill.	32235	
Summons and dismisses a rideable Ebon Gryphon.  This mount can only be summoned in Outland or Northrend. This mount increases speed depending on your Riding Skill.	32239	
Summons and dismisses a rideable Snowy Gryphon.  This mount can only be summoned in Outland or Northrend. This mount increases speed depending on your Riding Skill.	32240	
Summons and dismisses a rideable Swift Blue Gryphon mount.    This mount can only be summoned in Outland or Northrend. This mount increases speed depending on your Riding Skill.	32242	
Summons and dismisses a rideable Tawny Wind Rider mount.  This mount can only be summoned in Outland or Northrend. This mount increases speed depending on your Riding Skill.	32243	
Summons and dismisses a rideable Blue Wind Rider mount.  This mount can only be summoned in Outland or Northrend. This mount increases speed depending on your Riding Skill.	32244	
Summons and dismisses a rideable Green Wind Rider mount.  This mount can only be summoned in Outland or Northrend. This mount increases speed depending on your Riding Skill.	32245	
Summons and dismisses a rideable Swift Red Wind Rider mount.    This mount can only be summoned in Outland or Northrend. This mount increases speed depending on your Riding Skill.	32246	
Creates a portal, teleporting group members that use it to Exodar.	32266	
Creates a portal, teleporting group members that use it to Silvermoon.	32267	
Teleports the caster to Exodar.	32271	
Teleports the caster to Silvermoon.	32272	
Summons and dismisses a rideable Swift Red Gryphon mount.    This mount can only be summoned in Outland or Northrend. This mount increases speed depending on your Riding Skill.	32289	
Summons and dismisses a rideable Swift Green Gryphon mount.    This mount can only be summoned in Outland or Northrend. This mount increases speed depending on your Riding Skill.	32290	
Summons and dismisses a rideable Swift Purple Gryphon mount.    This mount can only be summoned in Outland or Northrend. This mount increases speed depending on your Riding Skill.	32292	
Summons and dismisses a rideable Swift Green Wind Rider mount.    This mount can only be summoned in Outland or Northrend. This mount increases speed depending on your Riding Skill.	32295	
Summons and dismisses a rideable Swift Yellow Wind Rider mount.    This mount can only be summoned in Outland or Northrend. This mount increases speed depending on your Riding Skill.	32296	
Summons and dismisses a rideable Swift Purple Wind Rider mount.    This mount can only be summoned in Outland or Northrend. This mount increases speed depending on your Riding Skill.	32297	
Right Click to summon and dismiss your Netherwhelp.	32298	
Summons and dismisses a rideable phoenix.   Can only be summoned in Outland or Northrend. This mount increases speed depending on your Riding Skill.	32345	
Dispels magic in a $a1 yard radius, removing $s1 harmful $lspell:spells; from each friendly target and $s1 beneficial $lspell:spells; from each enemy target.  Affects a maximum of $i friendly targets and $i enemy targets.  This dispel is potent enough to remove Magic effects that are normally undispellable.	32375	
A word of dark binding that inflicts $s1 Shadow damage to the target.  If the target is not killed by Shadow Word: Death, the caster takes damage equal to the damage inflicted upon the target.	32379,32996,48157,48158	
Your Corruption spell gains an additional $*6;s1% of your bonus spell damage effects, and your Seed of Corruption requires $s2% less damage to trigger its explosion.	32381,32382,32383	
Your Corruption, Bane of Agony, Siphon Life and Seed of Corruption spells also cause the Shadow Embrace effect, which reduces physical damage caused by $32386s1%.	32385	
Your Corruption, Bane of Agony, Siphon Life and Seed of Corruption spells also cause the Shadow Embrace effect, which reduces physical damage caused by $32389s1%.	32387	
Your Corruption, Bane of Agony, Siphon Life and Seed of Corruption spells also cause the Shadow Embrace effect, which reduces physical damage caused by $32391s1%.	32392	
Your Corruption, Curse of Agony, Siphon Life and Seed of Corruption spells also cause the Shadow Embrace effect, which reduces physical damage caused by $32390s1%.	32393	
Your Corruption, Curse of Agony, Siphon Life and Seed of Corruption spells also cause the Shadow Embrace effect, which reduces physical damage caused by $32391s1%.	32394	
Increases the damage bonus effect of your Curse of the Elements spell by an additional $s1%.	32477,32483,32484	
Heals a friendly target and the caster for $s1.  Low threat.	32546,48119,48120	
Greatly increases the morale of party members, giving them $s1 mana every 5 sec.  Effect lasts $d.	32548	
Allows a leatherworker to make master quality leather armors, up to a maximum potential skill of 375.	32549	
Your finishing moves can no longer be dodged, and the damage dealt by your Sinister Strike, Backstab, Shiv and Gouge abilities is increased by $s2%.	32601	
Finishing move that consumes your Deadly Poison doses on the target and deals instant poison damage. One dose is consumed for each combo point.  Following the attack you have an additional $s3% chance to apply poisons for 1 sec per dose:\n  1 dose:  ${$m2*1+$AP*0.03} damage\n  2 doses: ${$m2*2+$AP*0.06} damage\n  3 doses: ${$m2*3+$AP*0.09} damage\n  4 doses: ${$m2*4+$AP*0.12} damage\n  5 doses: ${$m2*5+$AP*0.15} damage	32645	
Master skill in skinning the hides from beasts for use in Leatherworking.  Gives a potential skinning skill of 375.  Requires a Skinning Knife.	32678	
Finishing move that consumes your Deadly Poison doses on the target and deals instant poison damage.  One dose is consumed for each combo point:\n  1 dose:  ${$m2*1+$AP*0.03} damage\n  2 doses: ${$m2*2+$AP*0.06} damage\n  3 doses: ${$m2*3+$AP*0.09} damage\n  4 doses: ${$m2*4+$AP*0.12} damage\n  5 doses: ${$m2*5+$AP*0.15} damage	32684	
Transmutes gems and elemental forces into an Earthstorm Diamond.	32765	
Transmutes gems and elemental forces into a Skyfire Diamond.	32766	
Brings party members within $a1 yards back to life with $s1 health and $q1 mana.  Cannot be cast when in combat.	32841	
The Felguard's damaging melee attacks cause a demonic frenzy, increasing attack power by $32851s1% for $32851d.  This effect can stack up to $32851u times.	32850,32851	
Power infuses the target's party, increasing their Spirit by $s1 for $d.	32999	
Right Click to summon and dismiss a Magical Crawdad.	33050	
Summons the Mighty Mr. Pinchy.	33057	
Blasts the target with Holy energy, causing $33073s1 Holy damage to an enemy, or $33074s1 healing to an ally.	33072,33073,33074	
Places a spell on the target that heals them for $s1 the next time they take damage.  When the heal occurs, Prayer of Mending jumps to a party or raid member within $41635a1 yards.  Jumps up to $n times and lasts $41635d after each jump.  This spell can only be placed on one target at a time.	33076	
Critical hits made against you have a $h% chance to prevent you from being critically hit again for $33143d.	33142,33145,33146	
Critical hits made against you have a chance to prevent you from being critically hit again for $33143d.	33143	
Your spell criticals have a $h% chance to cause your next Smite spell to be instant cast, cost no mana but be incapable of a critical hit.  This effect lasts $33151d.	33150,33154	
Your spell criticals have a chance to cause your next Smite or Flash Heal spell to be instant cast, cost no mana but be incapable of a critical hit.  This effect lasts $33151d.	33151	
Allows your mount to fly in Northrend.	33153	
Your Greater Heal spell gains an additional $s1% and your Flash Heal and Binding Heal gain an additional $s2% of your bonus healing effects.	33158,33159,33160,33161,33162	
Reduces the mana cost of your Dispel Magic, Cure Disease, Abolish Disease and Mass Dispel spells by $s1%.	33167,33171,33172	
Increases the effect of Divine Spirit and Prayer of Spirit by $s3% and they now also increase the target's spell damage and healing by an amount equal to $s1% of their total Spirit.	33174,33182	
Your Mind Blast, Mass Dispel, and damaging Holy spells have an additional $s2% chance to hit.  In addition, your Mass Dispel cast time is reduced by $/1000;S1 sec.	33186,33190	
Your Shadow Word: Pain, Mind Flay and Vampiric Touch spells also cause the target to take an additional $33196s1% spell damage.	33191	
Your Shadow Word: Pain, Mind Flay and Vampiric Touch spells also cause the target to take an additional $33197s1% spell damage.	33192	
Your Shadow Word: Pain, Mind Flay and Vampiric Touch spells also cause the target to take an additional $33198s1% spell damage.	33193	
Your Shadow Word: Pain, Mind Flay and Vampiric Touch spells also cause the target to take an additional $33199s1% spell damage.	33194	
Your Shadow Word: Pain, Mind Flay and Vampiric Touch spells also cause the target to take an additional $33200s1% spell damage.	33195	
Causes $s1% of the damage absorbed by your Power Word: Shield to reflect back at the attacker.  This damage causes no threat.	33201,33202,33203,33204,33205	
Instantly reduces a friendly target's threat by $44416s1%, reduces all damage taken by $s1% and increases resistance to Dispel mechanics by $s2% for $d.	33206	
Reduces the mana cost of your Mind Blast, Mind Control and Mind Flay spells by $s1%.	33213,33214,33215	
Increases the critical strike chance of your Mind Blast and Shadow Word: Death spells and the effect of Psionic Overload by $s1%.	33221,33222,33223,33224,33225	
Allows a cook to make amazing recipes up to a maximum potential skill of 375.	33359	
Increases your Intellect by $s1% and your spell damage and healing by $s2% of your total Intellect.	33589,33590,33591	
Increases your chance to hit with all attacks and spells and reduces the chance you'll be hit by spells by $s1%.	33592,33596	
Your Faerie Fire spell also increases the chance the target will be hit by melee and ranged attacks by $s1%.	33600,33601,33602	
Your Starfire spell gains an additional $s1% and your Wrath gains an additional $s2% of your bonus damage effects.	33603,33604,33605,33606,33607	
Causes a percentage of the damage absorbed by your Power Word: Shield to reflect back at the attacker. This damage causes no threat.	33619	
Summons and dismisses a rideable Swift Pink Hawkstrider.   This mount increases speed depending on your Riding Skill.	33660	
Teleports the caster to Shattrath.	33690,35715	
Creates a portal, teleporting group members that use it to Shattrath.	33691,35717	
Increases melee attack power by $s1 and your damage and healing from spells and effects by up to $s2, but reduces healing effects on you by $23230s1%.  Lasts $d.	33697	
Taunts the creature, increasing the chance that it will attack the Felguard.	33698,33699,33700,47993	
Taunts all enemies within $a1 yards, increasing the chance that they will attack the Voidwalker and reducing chance to hit by $s2% for $d.  More effective than Suffering (Rank 5).	33701	
Increases your damage and healing from spells and effects by up to $s2, but reduces healing effects on you by $23230s1%.  Lasts $d.	33702	
Conjures $s1 $lcroissant:croissants;, providing the mage and $ghis:her; allies with something to eat.\n\nConjured items disappear if logged out for more than 15 minutes.	33717	
The caster is surrounded by $n globes of water, granting $s2 mana per 5 sec.  When a spell, melee or ranged attack hits the caster, $33737s1 mana is restored to the caster. This expends one water globe.  Only one globe will activate every few seconds.  Lasts $d.  Only one Elemental Shield can be active on the Shaman at any one time.	33736	
Lacerates the enemy target, dealing $s2 bleed damage and making them bleed for $o damage over $d and causing a high amount of threat.  Damage increased by attack power.  This effect stacks up to $u times on the same target.	33745	
Heals the target for $o1 over $d.  When Lifebloom completes its duration or is dispelled, the target instantly heals themself for $s2.  This effect can stack up to $u times on the same target.	33763	
Tosses the enemy target into the air, preventing all action but making them invulnerable for up to $d.  Only one target can be affected by your Cyclone at a time.	33786	
Summons $s1 treants to attack enemy targets for $d.	33831	
Increases your chance to resist Stun and Fear mechanics by $s1%.	33851,33852,33957	
Increases all attributes by $s1% and reduces the chance you'll be critically hit by melee attacks by $s2%.	33853,33855,33856	
While in Cat Form, Bear Form, or Dire Bear Form, increases your damage from melee critical strikes by $s1% and your chance to avoid area effect attacks by $s2%.	33859,33866,33867,33868,33869	
Increases your healing spells by up to $s1% of your Agility, and increases healing done to you by $47179s1% while in Cat form.	33872	
Increases your healing spells by up to $s1% of your Agility, and increases healing done to you by $47180s1% while in Cat form.	33873	
Mangle the target for $s3% normal damage plus ${$m1*$m3/100} and causes the target to take $s2% additional damage from Shred and bleed effects for $d.  Awards $34071s1 combo $lpoint:points;.	33876,33982,33983	
Mangle the target for $s3% normal damage plus ${$m1*$m3/100} and causes the target to take $s2% additional damage from Shred and bleed effects for $d.	33878,33986,33987	
Your Healing Touch spell gains an additional $s1% of your bonus healing effects.	33879,33880	
Your critical strike chance with all spells is increased by $s2% and critical strikes against you give you the Natural Perfection effect reducing all damage taken by $45281s1%.  Stacks up to $45281u times.  Lasts $45281d.	33881	
Your critical strike chance with all spells is increased by $s2% and critical strikes against you give you the Natural Perfection effect reducing all damage taken by $45282s1%.  Stacks up to $45282u times.  Lasts $45282d.	33882	
Your critical strike chance with all spells is increased by $s2% and critical strikes against you give you the Natural Perfection effect reducing all damage taken by $45283s1%.  Stacks up to $45283u times.  Lasts $45283d.	33883	
The bonus healing effects of your healing over time spells is increased by $s1%.	33886,33887,33888,33889,33890	
Shapeshift into the Tree of Life.  While in this form you increase healing received by $5420s1% of your total Spirit for all party members within 45 yards, your movement speed is reduced by $5420s2%, and you can only cast Swiftmend, Innervate, Nature's Swiftness, Barkskin, non-healing Restoration spells, and healing over time spells, but the mana cost of these spells is reduced by $5420s3%.\n\nThe act of shapeshifting frees the caster of Polymorph and Movement Impairing effects.	33891	
Mangle the target, inflicting damage and causing the target to take additional damage from bleed effects for $33878d.  This ability can be used in Cat Form or Dire Bear Form.	33917	
Shapeshift into flight form, increasing movement speed by $33948s2% and allowing you to fly.  Cannot use in combat.  Can only use this form in Outland.\n\nThe act of shapeshifting frees the caster of Polymorph and Movement Impairing effects.	33943	
Permanently enchant a piece of chest armor to grant +15 Spirit.  Requires a level 35 or higher item.	33990	
Permanently enchant a piece of chest armor to grant 7 Mana every 5 seconds.  Requires a level 35 or higher item.	33991	
Permanently enchant chest armor to increase resilience rating by 15.  Requires a level 35 or higher item.	33992	
Permanently enchant gloves to grant 10 critical strike rating.  Requires a level 35 or higher item.	33993	
Permanently enchant gloves to increase hit rating by 15.   Requires a level 35 or higher item.	33994	
Permanently enchant gloves to grant +15 Strength.  Requires a level 35 or higher item.	33995	
Permanently enchant gloves to grant 26 attack power.  Requires a level 35 or higher item.	33996	
Permanently enchant gloves to increase spell power by 20.  Requires a level 35 or higher item.	33997	
Permanently enchant gloves to increase spell power by 19.  Requires a level 35 or higher item.	33999	
Permanently enchants bracers to increase Intellect by 12.  Requires a level 35 or higher item.	34001	
Permanently enchants bracers to increase attack power by 24.  Requires a level 35 or higher item.	34002	
Permanently enchant a cloak to increase spell penetration by 20.  Requires a level 35 or higher item.	34003	
Permanently enchant a cloak to increase Agility by 12.  Requires a level 35 or higher item.	34004	
Permanently enchant a cloak to increase arcane resistance by 15.  Requires a level 35 or higher item.	34005	
Permanently enchant a cloak to increase shadow resistance by 15.  Requires a level 35 or higher item.	34006	
Permanently enchant boots to give a minor movement speed increase and increase Agility by 6.  Requires a level 35 or higher item.	34007	
Permanently enchant boots to give a minor movement speed increase and increase Stamina by 9.  Requires a level 35 or higher item.	34008	
Permanently enchant a shield to increase Stamina by 18.  Requires a level 35 or higher item.	34009	
Give the command to kill, causing your pet to instantly attack for an additional $34027s1 damage.  Can only be used after the Hunter lands a critical strike on the target.	34026	
The hunter takes on the aspects of a viper, regenerating mana equal to up to $s1% of $ghis:her; Intellect plus $s2% of $ghis:her; level every 5 sec.  The lower the hunter's current mana, the more mana will be regenerated.  Only one Aspect can be active at a time.	34074	
A steady shot that causes base weapon damage plus ${$RAP*0.2+$m1}.  Causes an additional $s2 against Dazed targets.	34120	
Increases your total Spirit by $s1%.	34151,34152,34153,44397,44398,44399	
Increases chance to critically hit and reduces the mana cost of all Fire spells by an additional $s1%.	34293,34295,34296	
Your Leader of the Pack ability also causes affected targets to have a $s2% chance to heal themselves for $s1% of their total health when they critically hit with a melee or ranged attack.  The healing effect cannot occur more than once every 6 sec.	34297,34300	
Your Leader of the Pack ability also causes affected targets to have a 100% chance to heal themselves for a percentage of their total health when they critically hit with a melee or ranged attack.  The healing effect cannot occur more than once every 6 sec.	34299	
Summons and dismisses a rideable Brown Elekk. This mount increases speed depending on your Riding Skill.	34406	
Summons and dismisses a rideable Great Elite Elekk.   This mount increases speed depending on your Riding Skill.	34407	
Instantly attacks with both weapons for an additional $34414s1 with each weapon.  Damage is increased by 50% against Poisoned targets.  Awards 2 combo points.	34411	
Instantly attacks with both weapons for an additional $34416s1 with each weapon.  Damage is increased by 50% against Poisoned targets.  Awards 2 combo points.	34412	
Instantly attacks with both weapons for an additional $34419s1 with each weapon.  Damage is increased by 50% against Poisoned targets.  Awards 2 combo points.	34413	
Instantly attack the target causing ${$AP*$m1/100} damage.  Can only be used within $32216d after you kill an enemy that yields experience or honor.  Damage is based on your attack power.	34428	
Creates a shadowy fiend to attack the target.  Caster receives mana when the Shadowfiend deals damage.  Lasts $d.	34433	
Increases your speed while mounted by $s1% and your pet's chance to hit by $s2%.  The mounted movement speed increase does not stack with other effects.	34453,34454	
When your pet scores a critical hit, all party and raid members within $34456a1 yards have all their damage increased by $s2% for $34456d.	34455,34459,34460,75446,75447,75593	
Increases your chance to dodge by $s1% and your pet's chance to dodge by an additional $s2%.	34462,34464,34465	
Increases ranged combat attack speed by $s1% and your pet's melee attack speed by $s2%.	34466,34467,34468,34469,34470	
When your pet is under the effects of Bestial Wrath, you also go into a rage causing $34471s2% additional damage and reducing mana costs of all spells by $34471s1% for $34471d.  While enraged, you do not feel pity or remorse or fear and you cannot be stopped unless killed.	34471,34692	
Increases your total Agility by $s1% and your total Intellect by $s2%.	34475,34476	
Threat caused by your next 3 attacks is redirected to the target raid member.  Caster and target can only be affected by one Misdirection spell at a time.  Effect lasts $d.	34477	
Increases your ranged attack power by an amount equal to $s1% of your total Intellect.	34482,34483,34484	
Increases your ranged attack power by $s1%.	34485,34486,34487,34488,34489	
A shot that deals $s1% weapon damage and Silences the target for $d.	34490	
Reduces the mana cost of all traps and melee abilities by $s1% and reduces the cooldown of all traps by $/1000;s2 sec.	34491,34492,34493	
Reduces all damage taken by $s1% and increases attack power by $s2%.	34494,34496	
Gives you a $s1% chance to regain 40% of the mana cost of any shot when it critically hits.	34497,34498,34499	
Your ranged criticals have a $h% chance to apply an Expose Weakness effect to the target. Expose Weakness increases the attack power of all attackers against that target by $34501s1% of your Agility for $34501d.	34500,34502,34503	
Your successful ranged attacks have a $h% chance to increase your critical strike chance with all attacks by $34833s1% for $34833d.	34506	
Your successful ranged attacks have a $h% chance to increase your critical strike chance with all attacks by $34834s1% for $34834d.	34507	
Your successful ranged attacks have a $h% chance to increase your critical strike chance with all attacks by $34835s1% for $34835d.	34508	
Place a trap that will release several venomous snakes to attack the first enemy to approach.  The snakes will die after $45145d.  Trap will exist for $d.  Only one trap can be active at a time.	34600	
Gives you a $h% chance to enter a Clearcasting state after casting any Flash Heal, Binding Heal, or Greater Heal spell.  The Clearcasting state reduces the mana cost of your next Flash Heal, Binding Heal, or Greater Heal spell by $34754s1%.	34753,34859,34860	
Summons and dismisses a rideable Dark War Talbuk.   This mount increases speed depending on your Riding Skill.	34790	
Summons and dismisses a rideable Red Hawkstrider. This mount increases speed depending on your Riding Skill.	34795	
Your successful ranged attacks have a $h% chance to increase your critical strike chance with all attacks by $34836s1% for $34836d.	34838	
Your successful ranged attacks have a $h% chance to increase your critical strike chance with all attacks by $34837s1% for $34837d.	34839	
Heals friendly target and that target's party members within $84587a1 yards of the target for $84587s1.	34861	
Heals friendly target and that target's party members within $84588a1 yards of the target for $84588s1.	34863	
Heals friendly target and that target's party members within $84589a1 yards of the target for $84589s1.	34864	
Heals friendly target and that target's party members within $84590a1 yards of the target for $84590s1.	34865	
Heals friendly target and that target's party members within $84591a1 yards of the target for $84591s1.	34866	
Targets in a cone in front of the caster take ${$m1*3} Fire damage over $d.	34889,35323	
Summons and dismisses a rideable Cobalt War Talbuk.   This mount increases speed depending on your Riding Skill.	34896	
Summons and dismisses a rideable White War Talbuk.   This mount increases speed depending on your Riding Skill.	34897	
Summons and dismisses a rideable Silver War Talbuk.   This mount increases speed depending on your Riding Skill.	34898	
Summons and dismisses a rideable Tan War Talbuk.   This mount increases speed depending on your Riding Skill.	34899	
Increases your total Stamina, Intellect and Spirit by $s1%.	34908,34909,34910,34911,34912	
Causes $34913s1 Fire damage when hit, increases your chance to critically hit with spells by $30482s3% of your Spirit, and reduces the chance you are critically hit by $30482s2%.  Only one type of Armor spell can be active on the Mage at any time.  Lasts $30482d.	34913	
Causes $o2 Shadow damage over $d to your target and causes all party members to gain mana equal to $s1% of any Shadow spell damage you deal.	34914,34916,34917	
Causes Shadow damage to your target and causes all party members to gain mana equal to a percentage of any Shadow spell damage you deal.	34919	
Increases your critical strike chance with spells by an additional $s2% and gives you a $h% chance when hit by a physical attack to reduce the cast time of your next Shadow Bolt or Incinerate spell by $34936s1%.  This effect lasts $34936d and will not occur more than once every 8 seconds.	34935,34938,34939	
Reduces the cooldown of your Rapid Fire ability by $/60000;s2 min.  In addition, after killing an opponent that yields experience or honor, your next Aimed Shot, Arcane Shot or Auto Shot causes $35098s1% additional damage.  Lasts $35098d.	34948	
Reduces the cooldown of your Rapid Fire ability by $/60000;s2 min.  In addition, after killing an opponent that yields experience or honor, your next Aimed Shot, Arcane Shot or Auto Shot causes $35099s1% additional damage.  Lasts $35099d.	34949	
Your ranged critical hits cause your pet to generate $34952s1 Focus.	34950	
Your ranged critical hits cause your pet to generate $34953s1 Focus.	34954	
Summons and dismisses a rideable Purple Hawkstrider. This mount increases speed depending on your Riding Skill.	35018	
Summons and dismisses a rideable Blue Hawkstrider. This mount increases speed depending on your Riding Skill.	35020	
Summons and dismisses a rideable Black Hawkstrider. This mount increases speed depending on your Riding Skill.	35022	
Summons and dismisses a rideable Swift Green Hawkstrider.   This mount increases speed depending on your Riding Skill.	35025	
Summons and dismisses a rideable Swift Purple Hawkstrider.   This mount increases speed depending on your Riding Skill.	35027	
Summons and dismisses a rideable Swift Warstrider.   This mount increases speed depending on your Riding Skill.	35028	
All damage caused by you is increased by $s1% while your pet is active and the critical strike chance of your Kill Command ability is increased by $s2%.	35029,35030	
Reduces the cooldown of your Rapid Fire ability by $/60000;34948s2 min.  In addition, after killing an opponent that yields experience or honor, your next Aimed Shot, Arcane Shot or Chimera Shot causes $35098s1% additional damage.  Lasts $35098d.	35098	
Reduces the cooldown of your Rapid Fire ability by $/60000;34949s2 min.  In addition, after killing an opponent that yields experience or honor, your next Aimed Shot, Arcane Shot or Chimera Shot causes $35099s1% additional damage.  Lasts $35099d.	35099	
Your successful Auto Shot attacks have a $h% chance to Daze the target for $35101d.	35100,35102,35103	
Your successful Chimera Shot and Multi-Shot attacks have a chance to Daze the target for $35101d.	35101	
Increases the critical strike chance of your Multi-Shot ability by $s1% and gives you a $s2% chance to avoid interruption caused by damage while channeling Volley.	35104,35110,35111	
Right Click to summon and dismiss your mana wyrmling.	35156	
Banishes the target.	35182	
Gores the enemy, causing $s1 damage.  This attack has a 50% chance to inflict double damage.	35290,35291,35292,35293,35294,35295,35296,35297,35298	
Teleports to an enemy up to 30 yards away and gives the pet a $s3% chance to avoid the next melee attack.  Lasts $d.	35346	
Increases the critical strike chance of your Wrath, Enervate, Starfire, and Zenith spells by $s1%.	35363,35364	
Spits poison at an enemy, dealing $o1 Nature damage over $d.	35387,35389,35392	
An instant strike that causes $s2% weapon damage as Holy and refreshes all Judgements on the target.	35395	
Reduces the cooldown of your Mortal Strike ability by $/1000;S1 sec and increases the damage it causes by $s2%.	35446,35448,35449,35450,35451	
Gives your successful off-hand melee attacks a $h% chance to generate $35542s1 Energy.	35541	
Gives your successful off-hand melee attacks a $h% chance to generate $35545s1 Energy.	35550	
Gives your successful off-hand melee attacks a $h% chance to generate $35546s1 Energy.	35551	
Gives your successful off-hand melee attacks a $h% chance to generate $35547s1 Energy.	35552	
Gives your successful off-hand melee attacks a $h% chance to generate $35548s1 Energy.	35553	
Increases critical strike damage bonus of all spells by $s1%.	35578,35581	
Increases your spell damage by an amount equal to $s1% of the total of your active demon's Stamina plus Intellect.	35691,35692,35693	
Summons and dismisses a rideable Gray Elekk. This mount increases speed depending on your Riding Skill.	35710	
Summons and dismisses a rideable Purple Elekk. This mount increases speed depending on your Riding Skill.	35711	
Summons and dismisses a rideable Great Green Elekk.   This mount increases speed depending on your Riding Skill.	35712	
Summons and dismisses a rideable Great Blue Elekk.   This mount increases speed depending on your Riding Skill.	35713	
Summons and dismisses a rideable Great Purple Elekk.   This mount increases speed depending on your Riding Skill.	35714	
Allows the miner to reduce a primal earth into its component motes.  Shattering primal earth requires a forge.	35750	
Allows the miner to sunder primal fire into its component motes.  Sundering primal fire requires a forge.	35751	
Imbue the Player's weapon with wind.  Each hit has a 20% chance of dealing additional damage equal to one extra attack with  $25584s1 extra attack power.  Lasts 30 minutes.	35886	
Right Click to summon and dismiss your moth.	35907,35909,35910,35911	
Increases a friendly target's Intellect by $s1, restores $s2 mana every $t2 seconds, and totals stats increased by $s3%.	35912	
Right Click to summon and dismiss your dragonhawk hatchling.	36027,36028,36029,36031	
Right Click to summon and dismiss your firefly.	36034	
Allows you to harness the power of the World... of Warcraft.	36356	
Attempts to step through the shadows and reappear behind your enemy and increases movement speed by $s3% for $d.  The damage of your next ability is increased by $36563s2% and the threat caused is reduced by $44373s1%.  Lasts $36563d.	36554	
Conversion of these items into Shadowcloth can only be done at the Altar of Shadows in Shadowmoon, and only ocassionally can it's power be used in such a way.	36686	
Summons and dismisses Attumen the Huntsman's steed.   This mount increases speed depending on your Riding Skill.	36702	
Returns your totems to the earth, giving you $s1% of the mana required to cast each totem destroyed by Totemic Call.	36936	
Summons and dismisses a rideable Swift Nether Drake mount.  This is an extremely fast mount.  This mount can only be summoned in Outland or Northrend. This mount increases speed depending on your Riding Skill.	37015	
Gives you a $16958h% chance to gain an additional $/10;16959s1 Rage anytime you get a critical strike while in Bear and Dire Bear Form and your critical strikes from Cat Form abilities that add combo points  have a $16952h% chance to add an additional combo point.	37116	
Gives you a $16961h% chance to gain an additional $/10;16959s1 Rage anytime you get a critical strike while in Bear and Dire Bear Form and your critical strikes from Cat Form abilities that add combo points  have a $16954h% chance to add an additional combo point.	37117	
Conjures $s1 $lbottle:bottles; of mountain spring water, providing the mage and $ghis:her; allies with something to drink.\n\nConjured items disappear if logged out for more than 15 minutes.	37420	
Roots the target in place.	38505	
Launches Arcane Missiles at the enemy, causing $38700s1 Arcane damage every $t2 sec for $d.	38699	
Launches Arcane Missiles at the enemy, causing $38700s1 Arcane damage every $38699t2 sec for $38699d.	38700	
Launches Arcane Missiles at the enemy, causing $38703s1 Arcane damage every $38704t2 sec for $38704d.	38703	
Launches Arcane Missiles at the enemy, causing $38703s1 Arcane damage every $t2 sec for $d.	38704	
Increases your ranged attack power by $s1, all stats by $s2, and total stats by $s3%.	38734	
Right Click to summon and dismiss Miniwing.	39181	
Roots the target until the debuff is cleared.  Used in Automation scripts to temporarily halt pathing NPCs.	39258	
Summons and dismisses a rideable Cobalt Riding Talbuk.   This mount increases speed depending on your Riding Skill.	39315	
Summons and dismisses a rideable Dark Riding Talbuk.   This mount increases speed depending on your Riding Skill.	39316	
Summons and dismisses a rideable Silver Riding Talbuk.   This mount increases speed depending on your Riding Skill.	39317	
Summons and dismisses a rideable Tan Riding Talbuk.   This mount increases speed depending on your Riding Skill.	39318	
Summons and dismisses a rideable White Riding Talbuk.   This mount increases speed depending on your Riding Skill.	39319	
Power infuses the target's party, increasing their Shadow resistance by $s1 for $d.	39374	
Right Click to summon and dismiss your invisible wolpertinger from or to the one-liter ale tankard it lives in.	39709	
Summons and dismisses a rideable Green Riding Nether Ray.    This mount can only be summoned in Outland or Northrend. This mount increases speed depending on your Riding Skill.	39798	
Summons and dismisses a rideable Red Riding Nether Ray.    This mount can only be summoned in Outland or Northrend. This mount increases speed depending on your Riding Skill.	39800	
Summons and dismisses a rideable Purple Riding Nether Ray.    This mount can only be summoned in Outland or Northrend. This mount increases speed depending on your Riding Skill.	39801	
Summons and dismisses a rideable Silver Riding Nether Ray.    This mount can only be summoned in Outland or Northrend. This mount increases speed depending on your Riding Skill.	39802	
Summons and dismisses a rideable Blue Riding Nether Ray.    This mount can only be summoned in Outland or Northrend. This mount increases speed depending on your Riding Skill.	39803	
Shapeshift into swift flight form, increasing movement speed by $40121s2% and allowing you to fly.  Cannot use in combat.  Can only use this form in Outland.\n\nThe act of shapeshifting frees the caster of Polymorph and Movement Impairing effects.	40120	
Summons and dismisses a rideable phoenix. This is an extremely fast mount. This mount can only be summoned in Outland or Northrend. This mount increases speed depending on your Riding Skill.	40192	
Right Click to summon and dismiss Lucky the Golden Pig: Oink-oink! May fortune shine upon you this year!	40319	
Right Click to summon and dismiss Lucky the Golden Pig. Oink-oink! May fortune smile upon you this year!	40405	
Right Click to summon and dismiss Bananas. Ook-ook!	40549	
Right Click to summon and dismiss Willy. Wake up, little guy!	40613	
Right Click to summon and dismiss Egbert the hawkstrider hatchling.	40614	
Right Click to summon and dismiss Peanut the baby elekk.	40634	
Right Click to summon and dismiss your pet skunk, Stinker.	40990	
Increases damage caused by your Holy Shield by $s1% and increases the number of charges of your Holy Shield by $s2.	41021,41026	
Summons and dismisses a giant raven steed.   This mount increases speed depending on your Riding Skill.	41252	
Summons and dismisses a rideable Onyx Netherwing Drake mount.    This mount can only be summoned in Outland or Northrend. This mount increases speed depending on your Riding Skill.	41513	
Summons and dismisses a rideable Azure Netherwing Drake mount.    This mount can only be summoned in Outland or Northrend. This mount increases speed depending on your Riding Skill.	41514	
Summons and dismisses a rideable Cobalt Netherwing Drake mount.    This mount can only be summoned in Outland or Northrend. This mount increases speed depending on your Riding Skill.	41515	
Summons and dismisses a rideable Purple Netherwing Drake mount.    This mount can only be summoned in Outland or Northrend. This mount increases speed depending on your Riding Skill.	41516	
Summons and dismisses a rideable Veridian Netherwing Drake mount.    This mount can only be summoned in Outland or Northrend. This mount increases speed depending on your Riding Skill.	41517	
Summons and dismisses a rideable Violet Netherwing Drake mount.    This mount can only be summoned in Outland or Northrend. This mount increases speed depending on your Riding Skill.	41518	
Ice shards pelt the target area doing ${$42198m1*8*$<mult>} Frost damage over $27085d.	42198	
Calls down a fiery rain to burn enemies in the area of effect for ${$42218m1*4} Fire damage over $27212d.	42218	
Creates a violent storm in the target area causing $42230s1 Nature damage to enemies every $27012t3 sec, and increasing the time between attacks by $27012s2%.  Lasts $27012d.  Druid must channel to maintain the spell.	42230	
Continuously fires a volley of ammo at the target area, causing ${$RAP*0.083700+$42234m1} Arcane damage to enemy targets within $a1 yards every ${$1510d/6}.2 $Lsecond:seconds; for $1510d.	42234	
Right Click to summon and dismiss your sinister squashling.	42609	
Transforms a Nexus Crystal into a Small Prismatic Shard.	42613	
Creates 3 Small Prismatic Shards out of a Large Prismatic Shard.	42615	
Permanently enchant a melee weapon to increase Agility by 20.  Requires a level 35 or higher item.	42620	
Summons an entire legion of Ghouls to fight for the Death Knight.  The Ghouls will swarm the area, taunting and fighting anything they can.  While channelling Army of the Dead, the Death Knight takes less damage equal to $Ghis:her; Dodge plus Parry chance.	42650	
Summons an entire legion of Ghouls to fight for the Death Knight.  The Ghouls will swarm the area, taunting and fighting anything they can.	42651	
Summons and dismisses a rideable Spectral Tiger. This mount increases speed depending on your Riding Skill.	42776	
Summons and dismisses a rideable Swift Spectral Tiger.   This mount increases speed depending on your Riding Skill.	42777	
Launches a bolt of frost at the enemy, causing ${$m2*$<mult>} to ${$M2*$<mult>} Frost damage and slowing movement speed by $s1% for $d.	42841,42842	
Launches Arcane Missiles at the enemy, causing $42844s1 Arcane damage every $t2 sec for $d.	42843	
Launches Arcane Missiles at the enemy, causing $42844s1 Arcane damage every $42843t2 sec for $42843d.	42844	
Launches Arcane Missiles at the enemy, causing $42845s1 Arcane damage every $42846t2 sec for $42846d.	42845	
Launches Arcane Missiles at the enemy, causing $42845s1 Arcane damage every $t2 sec for $d.	42846	
Blasts the target with energy, dealing $s1 Arcane damage.  Each time you cast Arcane Blast, the damage of all Arcane spells is increased by $36032s1% and mana cost of Arcane Blast is increased by $36032s2%.  Effect stacks up to $36032u times and lasts $36032d or until any Arcane damage spell except Arcane Blast is cast.	42894,42896,42897	
Deals ${$m1*$<mult>} to ${$M1*$<mult>} Frost damage to an enemy target.  Causes triple damage against Frozen targets.	42913,42914	
Blasts enemies near the caster for ${$m1*$<mult>} to ${$M1*$<mult>} Frost damage and freezes them in place for up to $d.  Damage caused may interrupt the effect.	42917	
Targets in a cone in front of the caster take ${$m2*$<mult>} to ${$M2*$<mult>} Frost damage and are slowed by $s1% for $d.	42930,42931	
Ice shards pelt the target area doing ${$42937m1*8*$<mult>} Frost damage over $42939d.	42937,42939	
Ice shards pelt the target area doing ${$42938m1*8*$<mult>} Frost damage over $42940d.	42938,42940	
A wave of flame radiates outward from the caster, damaging all enemies caught within the blast for $s1 Fire damage, knocking them back and dazing them for $d.	42944,42945	
Conjures $s1 Mana Pies providing the mage and $ghis:her; allies with something to eat.\n\nConjured items disappear if logged out for more than 15 minutes.	42955	
Conjures $s1 Mana Strudels providing the mage and $ghis:her; allies with something to eat.\n\nConjured items disappear if logged out for more than 15 minutes.	42956	
Permanently enchant a melee weapon to occasionally grant you 120 armor penetration rating.  Only one instance of this effect can be active at a time.  Requires a level 60 or higher item.	42974	
Conjures a mana sapphire that can be used to instantly restore $42987s1 mana.  3 charges.	42985	
Infuses all  party and raid members with brilliance, increasing their Intellect by $s1 for $d.	43002,61316	
Increases Armor by $s1 and Frost resistance by $s3.   If an enemy strikes the caster, they may have their movement slowed by $7321s1% and the time between their attacks increased by $7321s2% for $7321d.  Only one type of Armor spell can be active on the Mage at any time.  Lasts $d.	43008	
Increases your resistance to all magic by $s1 and allows $s2% of your mana regeneration to continue while casting.  In addition, the duration of all harmful Magic effects used against you is reduced by $s3%.  Only one type of Armor spell can be active on the Mage at any time.  Lasts $d.	43023,43024	
Instantly shields you, absorbing $s1 damage.  Lasts $d.  While the shield holds, spellcasting will not be delayed by damage.	43038,43039	
Causes $43043s1 Fire damage when hit, increases your chance to critically hit with spells by $43045s3%of your Spirit, and reduces the chance you are critically hit by $43045s2%.  Only one type of Armor spell can be active on the Mage at any time.  Lasts $43045d.	43043	
Causes $43044s1 Fire damage when hit, increases your chance to critically hit with spells by $43046s3%of your Spirit, and reduces the chance you are critically hit by $43046s2%.  Only one type of Armor spell can be active on the Mage at any time.  Lasts $43046d.	43044	
Causes $43043s1 Fire damage when hit, increases your critical strike rating by $43045s3% of your Spirit, and reduces the chance you are critically hit by $43045s2%.  Only one type of Armor spell can be active on the Mage at any time.  Lasts $43045d.	43045	
Causes $43044s1 Fire damage when hit, increases your critical strike rating by $m3% of your Spirit, and reduces the chance you are critically hit by $43046s2%.  Only one type of Armor spell can be active on the Mage at any time.  Lasts $43046d.	43046	
Corrupts the ground targeted by the Death Knight, causing $m1 Shadow damage every sec that targets remain in the area for $d.  This ability produces a high amount of threat.	43265,49936,49937,49938	
Nearby fishing nodes appear on the minimap. Only one form of tracking can be active at a time.	43308	
After landing a melee critical strike, you enter a Focused state.  The Focused state reduces the mana cost of your next Shock spell by $43339s1%.	43338,43339	
Summons and dismisses a rideable Amani War Bear.  This mount increases speed depending on your Riding Skill.	43688	
Right Click to summon and dismiss Toothy the baby crocolisk.	43697	
Right Click to summon and dismiss Muckbreath the baby crocolisk.	43698	
Summons and dismisses a rideable Frost Wyrm.   This mount increases speed depending on your Riding Skill.	43810	
Summons and dismisses a rideable Brewfest Ram. This mount increases speed depending on your Riding Skill.	43899	
Summons and dismisses a rideable Swift Brewfest Ram.   This mount increases speed depending on your Riding Skill.	43900	
Right Click to summon and dismiss Mojo!	43918	
Summons and dismisses a rideable Cenarion War Hippogryph mount.    This mount can only be summoned in Outland or Northrend. This mount increases speed depending on your Riding Skill.	43927	
Begins a ritual that creates a refreshment table.  Raid members can click the table to acquire Conjured Mana Bread.  The tables lasts for $43985d or 50 charges.  Requires the caster and 2 additional party members to complete the ritual.  In order to participate, all players must right-click the refreshment portal and not move until the ritual is complete.	43987	
Chastise the target, causing $s1 Holy damage and Immobilizing them for up to $d. Only works against Humanoids.  This spell causes very low threat.	44041,44043,44044,44045,44046,44047	
Summons and dismisses a Turbo-Charged Flying Machine.  This is a very fast ride.  This vehicle can only be used in Outland or Northrend.  Requires 375 engineering skill to ride. This mount increases speed depending on your Riding Skill.	44151	
Summons and dismisses a Flying Machine.  This vehicle can only be used in Outland or Northrend.  Requires 300 engineering skill to ride. This mount increases speed depending on your Riding Skill.	44153	
An amazing machine that allows the Engineer to fly in Outland and Northrend.	44155	
An amazing machine that allows the Engineer to fly in Outland and Northrend.  This one is turbo charged.	44157	
Heals all nearby group members for $26983s1 every $26983t2 seconds for $26983d.  Druid must channel to maintain the spell.	44208	
Summons and dismisses a rideable Merciless Nether Drake mount.  This is an extremely fast mount.  This mount can only be summoned in Outland or Northrend. This mount increases speed depending on your Riding Skill.	44317,44744	
Right Click to summon and dismiss a pint-sized pink pachyderm.	44369	
Reduces the cooldown of your Presence of Mind, Arcane Power and Invisibility spells by $s1% and the cooldown of your Evocation spell by $/60000;s2 min.	44378,44379	
Permanently enchant a shield to increase Resilience by 12.  Requires a level 35 or higher item.	44383	
When your Mana Shield, Frost Ward, Fire Ward, or Ice Barrier absorbs damage your spell damage is increased by $s1% of the amount absorbed for $44413d.	44394,44395,44396	
Increases your spell haste by $s1%.	44400,44402,44403	
Gives your Arcane Blast, Arcane Barrage, Fireball, Frostbolt and Frostfire Bolt spells a chance to reduce the channeled duration of the next Arcane Missiles spell by $/1000;44401S1 secs, reduce the mana cost by $s3%, and missiles will fire every .5 secs.	44401	
Gives your Arcane Blast a $h% chance, and your Arcane Barrage, Fireball, Frostbolt and Frostfire Bolt spells a ${$h/2}% chance to reduce the channeled duration of the next Arcane Missiles spell by $/1000;44401S1 secs, reduce the mana cost by $44401s3%, and missiles will fire every .5 secs.	44404,54486,54488,54489,54490	
When you absorb damage your spell damage is increased by a percentage of the amount absorbed for $44413d.	44413	
Launches several missiles at the enemy target, causing $s1 Arcane damage.	44425,44780,44781	
When below 35% health all damage taken is reduced by $s1% and your Pyroblast spell's cast time is reduced by ${$44440m2/-1000}.2 secs while the cooldown is increased by ${$44440m3/-1000}.1 secs.	44440	
When below 35% health all damage taken is reduced by $s1% and your Pyroblast spell's cast time is reduced by $/1000;S2 secs while the cooldown is increased by $/1000;S3 secs.	44441,64349,64350	
Your damaging Blast Wave and Dragon's Breath spells have a $h% chance to make your next Flamestrike spell instant cast and cost no mana.  Lasts $54741d.	44442,44443	
Any time you score 2 non-periodic spell criticals in a row using Fireball, Fire Blast, Scorch, Living Bomb, or Frostfire Bolt, you have a $m1% chance the next Pyroblast spell cast within $48108d will be instant cast.	44445,44446,44448	
Increases your spell critical damage bonus with all spells by $s1% but your non-periodic spell criticals cost an additional $s2% of the spell's cost.	44449,44469,44470,44471,44472	
Increases your spell critical damage bonus with all spells but your spell criticals cost additional mana.	44450	
The target becomes a Living Bomb, taking $o1 Fire damage over $d.  After $d or when the spell is dispelled, the target explodes dealing $44461s1 Fire damage to all enemies within $44461a1 yards.	44457	
The target becomes a Living Bomb, taking $44457o1 Fire damage over $44457d.  After $44457d or when the spell is dispelled, the target explodes dealing $44461s1 Fire damage to all enemies within $44461a1 yards.	44461	
Permanently enchant a cloak to increase Frost resistance by 20.  Requires a level 60 or higher item.	44483	
Permanently enchant gloves to increase expertise rating by 15.  Requires a level 60 or higher item.	44484	
Permanently enchant gloves to increase hit rating by 20.  Requires a level 60 or higher item.	44488	
Permanently enchant a shield to increase defense rating by 20.  Requires a level 60 or higher item.	44489	
Permanently enchant chest armor to increase health by 200.  Requires a level 60 or higher item.	44492	
Permanently enchant a cloak to increase nature resistance by 20.  Requires a level 60 or higher item.	44494	
Permanently enchant a cloak to increase Agility by 16. Requires a level 60 or higher item.	44500	
Permanently enchant gloves to increase Herbalism, Mining, and Skinning by 5.  Requires a level 60 or higher item.	44506	
Permanently enchant boots to increase Spirit by 18.  Requires a level 60 or higher item.	44508	
Permanently enchant chest armor to restore 10 mana every 5 seconds.  Requires a level 60 or higher item.	44509	
Permanently enchant a melee weapon to increase Spirit by 45.  Requires a level 60 or higher item.	44510	
Permanently enchant gloves to increase attack power by 35.  Requires a level 60 or higher item.	44513	
Permanently enchant a melee weapon to sometimes inflict fire damage.  Requires a level 60 or higher item.	44524	
Permanently enchant boots to increase Stamina by 22.  Requires a level 60 or higher item.	44528	
Permanently enchant gloves to increase your Agility by 20.  Requires a level 60 or higher item.	44529	
Gives your Chill effects a $s1% chance to grant you the Fingers of Frost effect, which treats your next $44544s1 spells cast as if the target were Frozen.  Lasts $44544d.	44543,44545	
Gives your Chill effects a chance to grant you the Fingers of Frost effect, which treats your next spells cast as if the target were Frozen.  Lasts $44544d.	44544	
Your Frost damage spells with chilling effects have a $h% chance to cause your next Fireball or Frostfire Bolt spell to be instant cast and cost no mana.	44546,44548,44549	
Permanently enchant bracers to add +16 intellect.  Requires a level 60 or higher item.	44555	
Permanently enchant a cloak to increase fire resistance by 20.  Requires a level 60 or higher item.	44556	
Increases the duration of your Summon Water Elemental spell by $/1000;s1 sec and your Frostbolt spell has a $h% chance to grant up to 10 party or raid members mana regeneration equal to 1% of their maximum mana per 5 sec for $57669d.  This effect cannot occur more often than once every $m2 sec.	44557,44560,44561	
Increases the damage caused by your Frostbolt, Frostfire Bolt and Ice Lance spells by $s1% and reduces the movement speed of all chilled targets by an additional $s2%.	44566,44567,44568,44570,44571	
Stuns the target for $d.  Only usable on Frozen targets.  Deals ${$71757m1*$<mult>} to ${$71757M1*$<mult>} damage to targets permanently immune to stuns.	44572	
Permanently enchant bracers to increase attack power by 50.  Requires a level 60 or higher item.	44575	
Permanently enchant a melee weapon to sometimes heal the wielder when striking in melee.  Requires a level 60 or higher item.	44576	
Permanently enchant a cloak to increase spell penetration by 35.  Requires a level 60 or higher item.	44582	
Permanently enchant boots to restore 7 mana and health every 5 seconds.  Requires a level 60 or higher item.	44584	
Permanently enchant chest armor to increase resilience rating by 20.  Requires a level 60 or higher item.	44588	
Permanently enchant boots to increase Agility by 16.  Requires a level 60 or higher item.	44589	
Permanently enchant a cloak to increase shadow resistance by 20.  Requires a level 60 or higher item.	44590	
Permanently enchant a cloak to increase defense rating by 16.  Requires a level 60 or higher item.	44591	
Permanently enchant gloves to increase your spell power by 28.  Requires a level 60 or higher item.	44592	
Permanently enchant bracers to increase Spirit by 18.  Requires a level 60 or higher item.	44593	
Permanently enchant a two-handed melee weapon to increase attack power against Undead by 140.  Requires a level 60 or higher item.	44595	
Permanently enchant a cloak to increase arcane resistance by 20.  Requires a level 60 or higher item.	44596	
Permanently enchant bracers to increase expertise rating by 15.  Requires a level 60 or higher item.	44598	
Permanently enchant gloves to increase critical strike rating by 16.  Requires a level 60 or higher item.	44612	
Launches a bolt of frostfire at the enemy, causing ${$m2*$<mult>} to ${$M2*$<mult>} Frostfire damage, slowing movement speed by $s1% and causing an additional $o3 Frostfire damage over $d. This spell will be checked against the lower of the target's Frost and Fire resists.	44614,47610	
Permanently enchant bracers to increase all stats by 6.  Requires a level 60 or higher item.	44616	
Permanently enchant a melee weapon to have a chance of reducing movement speed and doing additional damage against giants.  Requires a level 60 or higher item.	44621	
Permanently enchant chest armor to increase all stats by 8.  Requires a level 60 or higher item.	44623	
Permanently enchant gloves to increase threat caused by 2% and increase parry rating by 10.  Requires a level 60 or higher item.	44625	
Permanently enchant a melee weapon to increase spell power by 50.  Requires a level 60 or higher item.	44629	
Permanently enchant a two-handed weapon to increase attack power by 85.  Requires a level 60 or higher item.	44630	
Permanently enchant a cloak to increase stealth slightly and Agility by 10.  Requires a level 60 or higher item.	44631	
Permanently enchant a melee weapon to increase Agility by 26.  Requires a level 60 or higher item.	44633	
Permanently enchant bracers to increase spell power by 23.  Requires a level 60 or higher item.	44635	
Permanently enchant a ring to increase spell power by 23.  Only the Enchanter's rings can be enchanted, and enchanting a ring will cause it to become soulbound.	44636	
Permanently enchant a ring to increase attack power by 40.  Only the Enchanter's rings can be enchanted, and enchanting a ring will cause it to become soulbound.	44645	
Gives your Ice Barrier spell a $h% chance to freeze all enemies within $55080a1 yds for $55080d when it is destroyed.	44745,54787	
Right Click to summon and dismiss your tiny sporebat.	45082	
Right Click to summon and dismiss your kite.	45127,68767	
Right Click to summon and dismiss your golden pig.	45174	
Right Click to summon and dismiss your silver pig.	45175	
After taking a critical hit you gain the Focused Will effect, reducing all damage taken by $45237s1% and increasing healing effects on you by $45237s2%.  Stacks up to $45237u times.  Lasts $45237d.	45234	
After taking a critical hit you gain the Focused Will effect, reducing all damage taken by $45241s1% and increasing healing effects on you by $45241s2%.  Stacks up to $45241u times.  Lasts $45241d.	45243	
After taking a critical hit you gain the Focused Will effect, reducing all damage taken by $45242s1% and increasing healing effects on you by $45242s2%.  Stacks up to $45242u times.  Lasts $45242d.	45244	
Allows a scribe to create magical writings, up to a maximum potential skill of 75.	45357	
Allows a scribe to create magical writings, up to a maximum potential skill of 150.	45358	
Allows a scribe to create magical writings, up to a maximum potential skill of 225.	45359	
Allows a scribe to create magical writings, up to a maximum potential skill of 300.	45360	
Allows a scribe to create magical writings, up to a maximum potential skill of 375.	45361	
Allows a scribe to create magical writings, up to a maximum potential skill of 450.	45363	
You become encased in a block of ice, protecting you from all physical attacks and spells for $d, but during that time you cannot attack, move or cast spells.  Also causes Hypothermia, preventing you from recasting Ice Block for $41425d.	45438	
A vicious strike that deals $<weapon>% weapon damage plus $<bonus> and infects the target with Blood Plague, a disease dealing Shadow damage over time.	45462,49917,49918,49919,49920,49921	
A deadly attack that deals $s2% weapon damage plus ${$m1*$m2/100} and heals the Death Knight for $F% of $Ghis:her; maximum health for each of $Ghis:her; diseases on the target.	45463,49923,49924,49998,49999	
A deadly attack that deals damage plus and heals the Death Knight for a percent of damage done per disease on the target.	45470	
Chills the target for $m1 to $M1 Frost damage and  infects them with Frost Fever, a disease that deals periodic damage and reduces melee and ranged attack speed by $55095s2% for $55095d.  Very high threat when in Frost Presence.	45477,49896,49903,49904,49909	
Shackles the target with frozen chains, reducing their movement by $s1%, and infects them with Frost Fever.  The target regains $s2% of their movement each second for $d.	45524	
Immediately activates a Blood Rune and converts it into a Death Rune for the next $d.  Death Runes count as a Blood, Frost or Unholy Rune.	45529	
Allows a physician to make and use bandages up to a potential skill of 450.   Cloth used to make bandages is found on humanoids.	45542	
Grants 190 mana every 5 seconds.	45659	
Shatters a Void Crystal into two Large Prismatic Shards.	45765	
When activated, all of your spells become instant cast.	45813	
Right Click to summon and dismiss your Scorchling.	45890	
Instantly strike the enemy, causing $s2% weapon damage plus $<bonus>, total damage increased by ${$m3/2}.1% for each of your diseases on the target.	45902,49926,49927,49928,49929,49930	
Allows you to summon your Refer-A-Friend.	45927	
A riding rocket!  This can only be summoned in Outland or Northrend. This mount increases speed depending on your Riding Skill.	46197	
An X-TREME riding rocket!    This mount can only be summoned in Outland or Northrend. This mount increases speed depending on your Riding Skill.	46199	
Allows the miner to smelt khorium and hardened adamantite bars into a hardened khorium bar.  Smelting hard khorium requires a forge.	46353	
Right Click to summon and dismiss Snarly the baby crocolisk.	46425	
Right Click to summon and dismiss Chuck the baby crocolisk.	46426	
Permanently enchant a melee weapon to cause your damaging spells and melee weapon hits to occasionally inflict additional Frost damage and slow the target.  Requires a level 60 or higher item.\n\nSlow effect does not work on targets 73 or higher.	46578	
Raises a Ghoul to fight by your side.  If no humanoid corpse that yields experience or honor is available, you must supply Corpse Dust to complete the spell.  You can have a maximum of one Ghoul at a time.  Lasts $46585d.	46584	
Permanently enchant chest armor to increase defense rating by 16.  Requires a level 35 or higher item.	46594	
Right Click to summon and dismiss your baby phoenix.	46599	
Summons and dismisses the Hawkstrider of Kael'thas Sunstrider.   This mount increases speed depending on your Riding Skill.	46628	
Wounds the target causing them to bleed for $o1 damage plus an additional ${0.2*5*(($MWB+$mwb)/2+$AP/14*$MWS)} (based on weapon damage) over $d.  If used while your target is above $s2% health, Rend does $s3% more damage.	46845,47465	
Your melee critical strikes increase the effectiveness of Bleed effects on the target by $46856s1% for $46856d.	46854	
Your melee critical strikes increase the effectiveness of Bleed effects on the target by $46857s1% for $46857d.	46855	
Your normal melee critical strikes increase the effectiveness of Bleed effects on the target by $46856s1% for $46856d.	46856	
Your normal melee critical strikes increase the effectiveness of Bleed effects on the target by $46857s1% for $46857d.	46857	
Reduces the cooldown of your Overpower and Revenge abilities by $/1000;s1 secs and increases the damage done by both abilities by $s2%.  In addition, if you strike a player with Overpower while they are casting, their magical damage and healing will be reduced by $64849s1% for $64849d.	46859	
Reduces the cooldown of your Overpower and Revenge abilities by $/1000;s1 secs and increases the damage done by both abilities by $s3%.  In addition, if you strike a player with Overpower while they are casting, their magical damage and healing will be reduced by $64850s1% for $64850d.	46860	
Increases your total Strength and Stamina by $s1% and your Expertise by $s3.	46865,46866	
Your melee critical hits Enrage you, increasing all damage caused by $57518s1% for $57518d.  This effect does not stack with Enrage.	46867	
Reduces the cooldown of your Bloodrage, Berserker Rage, Recklessness and Death Wish abilities by $s1%.	46908,46909,56924	
Your normal melee attacks have a chance to reduce all healing done to the target by $56112s1% for $56112d.  This can stack up to $56112u times.	46910,56112	
Your normal melee attacks have a chance to reduce all healing done to the target by $56112s1% for $56112d.  This can stack up to $56112u times.  This occurs more often than Furious Attacks (Rank 1).	46911	
Your Heroic Strike, Bloodthirst, and Whirlwind hits have a $h% chance of making your next Slam instant for $46916d.	46913,46914,46915	
Your Heroic Strike, Bloodthirst, and Whirlwind hits have a chance of making your next Slam instant for $46916d.	46916	
Allows you to equip two-handed axes, maces and swords in one hand.  While you have a two-handed weapon equipped in one hand, your physical damage done is reduced by $49152s1%.	46917	
Instantly Whirlwind up to $50622i nearby targets and for the next $d you will perform a whirlwind attack every $t1 sec.  While under the effects of Bladestorm, you can move but cannot perform any other abilities but you do not feel pity or remorse or fear, you cannot be stopped unless killed, and your movement speed cannot be reduced below $84502s1%.	46924	
Reduces damage taken by the target of your Intervene ability by $46946s1% for $46946d.	46945,46946	
Reduces damage taken by the target of your Intervene ability by $46947s1% for $46947d.	46947,46949	
Increases the critical strike chance of your Devastate ability by $s2% and when your Devastate or Revenge ability deals damage it has a $h% chance of refreshing the cooldown of your Shield Slam ability and reducing its cost by $50227s1% for $50227d.	46951,46952,46953	
Sends a wave of force in front of the warrior, causing ${$m3/100*$AP} damage (based on attack power) and stunning all enemy targets within $a1 yards in a frontal cone for $d.	46968	
Summons and dismisses a rideable Elekk.   This mount increases speed depending on your Riding Skill.	47037	
Permanently enchant a cloak to increase defense rating by 12.  Requires a level 35 or higher item.	47051	
Grants the Warlock's summoned demon Empowerment.\n\nImp - Increases the Imp's spell critical strike chance by $54444s1% for $54444d.\n\nVoidwalker - Increases the Voidwalker's health by $54443s2%, and its threat generated from spells and attacks by $54443s2% for $54443d.\n\nSuccubus - Instantly vanishes, causing the Succubus to go into an improved Invisibility state. The vanish effect removes all stuns, snares and movement impairing effects from the Succubus.\n\nFelhunter - Dispels all magical effects from the Felhunter.\n\nFelguard - Increases the Felguard's attack speed by $54508s1% and breaks all stun, snare and movement impairing effects and makes your Felguard immune to them for $54508d.	47193	
When you deal damage with Corruption, you have $h% chance to increase your spell casting speed by $64368s1% for $64368d.	47195	
When you deal damage with Corruption, you have $h% chance to increase your spell casting speed by $64370s1% for $64370d.	47196	
When you deal damage with Corruption, you have $h% chance to increase your spell casting speed by $64371s1% for $64371d.	47197	
Increases the amount drained by your Drain Life by $s1% while your health is at or below 20% health, and increases the damage done by your Shadow spells by $s2% when your target is at or below 35% health.	47198,47199,47200	
Your Corruption and Unstable Affliction spells gain an additional $s2% of your bonus spell damage, and your Drain Life, Drain Soul, Shadow Bolt, and Haunt spells have a $h% chance to reset the duration of your Corruption spell on the target.	47201,47202,47203,47204,47205	
You devastate the area, causing Corruption (Rank 8) to all targets within 15 yards. In addition, your Corruption spell will do 434 Shadow damage to the target when it finishes its duration.	47206	
Increases the damage done by your Imp by $s1%, and all critical hits done by your Imp have a $s2% chance to increase your spell critical hit chance for your next spell by $47283s1%. This effect lasts $47283d.	47220,47221,47223	
You have a $h% chance to heal your pet for $s1% of the amount of spell damage done by you.	47230,47231	
Increases your spell damage by $s3%, and your pet's criticals apply the Demonic Pact effect to your party or raid members. Demonic Pact increases spell power by $s1% of your Spell Damage for $48090d. This effect has a $53646s2 sec cooldown. Does not work on Enslaved demons.	47236,47237,47238,47239,47240	
You transform into a Demon for $47241d.  This form increases your armor contribution from items by $47241s2%, damage by $47241s3%, reduces the chance you'll be critically hit by melee attacks by $54879s1% and reduces the duration of stun and snare effects by $54817s1%.  You gain some unique demon abilities in addition to your normal abilities.	47241	
Increases the duration of your Immolate by $/1000;47245s2 sec, and you have a $47245h% chance to gain the Molten Core effect when your Corruption deals damage. The Molten Core effect empowers your next 3 Incinerate or Soul Fire spells cast within $47383d.\n\nIncinerate - Increases damage done by $47383s1% and reduces cast time by $47383s3%.\n\nSoul Fire - Increases damage done by $47383s1% and increases critical strike chance by $47383s2%.	47245	
Increases the duration of your Immolate by $/1000;47246s2 sec, and you have a $47246h% chance to gain the Molten Core effect when your Corruption deals damage. The Molten Core effect empowers your next 3 Incinerate or Soul Fire spells cast within $71162d.\n\nIncinerate - Increases damage done by $71162s1% and reduces cast time by $71162s3%.\n\nSoul Fire - Increases damage done by $71162s1% and increases critical strike chance by $71162s2%.	47246	
Increases the duration of your Immolate by $/1000;47247s2 sec, and you have a $47247h% chance to gain the Molten Core effect when your Corruption deals damage. The Molten Core effect empowers your next 3 Incinerate or Soul Fire spells cast within $71165d.\n\nIncinerate - Increases damage done by $71165s1% and reduces cast time by $71165s3%.\n\nSoul Fire - Increases damage done by $71165s1% and increases critical strike chance by $71165s2%.	47247	
When you cast Conflagrate, the cast time and global cooldown of your next three Destruction spells is reduced by $54274s1%. Lasts $54274d.	47258	
When you cast Conflagrate, the cast time and global cooldown of your next three Destruction spells is reduced by $54276s1%. Lasts $54276d.	47259	
When you cast Conflagrate, the cast time and global cooldown of your next three Destruction spells is reduced by $54277s1%. Lasts $54277d.	47260	
Your spell damage is increased by $s2% of your Spirit, and your spell criticals increase your Spirit by $47426s1% for 10 sec.	47261	
Your spell damage is increased by $s2% of your Spirit, and your spell criticals increase your Spirit by $47427s1% for 10 sec.	47262	
After you critically strike with a Shadow spell, your next Searing Pain or Immolate spells have a @% chance to become instant cast. This ability has a 20 second cooldown.	47263,47264,47265	
Increases the damage done by your Incinerate and Chaos Bolt spells to targets afflicted by your Immolate by $s1%, and the critical strike chance of your Conflagrate spell is increased by $s2%.	47266,47267,47268,47269,47270	
Your successful blocks have a $s1% chance to block double the normal amount and increases your chance to critically hit with your Shield Slam ability by an additional $s2%.	47294,47295,47296	
Increases maximum health of all party and raid members within $a1 yards by $s1.  Lasts $d.	47439,47440	
Claw the enemy, causing damage.	47468	
Attempt to finish off a wounded foe, causing ${$m1+$AP*0.2} damage and converting each extra point of rage into $*10;F1 additional damage (up to a maximum cost of 30 rage).  Only usable on enemies that have less than 20% health.	47470,47471	
Strangulates an enemy, silencing them for $d.  Non-player victim spellcasting is also interrupted for $32747d.	47476	
Chew a limb off the target, stunning for $d and dealing damage.	47481	
Leap behind the targeted friend or enemy.	47482	
Go into a defensive crouch, reducing the damage taken from melee attacks, ranged attacks and spells by $s1% for $d.	47484	
Sunder the target's armor causing the Sunder Armor effect.  In addition, causes $s2% of weapon damage plus $s3 for each application of Sunder Armor on the target.  The Sunder Armor effect can stack up to $u times.	47497,47498	
Blasts nearby enemies increasing the time between their attacks by $s2% for $d and doing $s1 damage to them.  Damage increased by attack power.  This ability causes additional threat.	47501,47502	
Reduces the cooldown of your Inner Focus, Power Infusion, Pain Suppression and Penance spells by $s1%.	47507,47508	
Critical heals create a protective shield on the target, absorbing $s1% of the amount healed. Lasts $47753d.	47509,47511,47515	
Your Flash Heal, Greater Heal, and Penance spells have a $h% chance to bless the target with Grace, increasing all healing received from the Priest by $47930s2%. This effect will stack up to 3 times. Effect lasts $47930d. Grace can only be active on one target at a time.	47516,47517	
A sweeping attack that does your weapon damage plus $s1 to the target and his $?s58366[two nearest allies][nearest ally].	47519,47520	
Smash the target's mind with cold, interrupting spellcasting and preventing any spell in that school from being cast for $d.	47528	
When your Power Word: Shield is completely absorbed or dispelled you are instantly energized with 1.5% of your total mana, and you have a $s2% chance to energize your shielded target with $s1% total mana, $/10;63653s1 rage, $63655s1 energy or $/10;63652s1 runic power. This effect can only occur once every $63853d.	47535	
When your Power Word: Shield is completely absorbed or dispelled you are instantly energized with 2% of your total mana, and you have a $s2% chance to energize your shielded target with $s1% total mana, $/10;63653s1 rage, $63655s1 energy or $/10;63652s1 runic power. This effect can only occur once every $63853d.	47536	
When your Power Word: Shield is completely absorbed or dispelled you are instantly energized with 2.5% of your total mana, and you have a $s2% chance to energize your shielded target with $s1% total mana, $/10;63653s1 rage, $63655s1 energy or $/10;63652s1 runic power. This effect can only occur once every $63853d.	47537	
Launches a volley of holy light at the target, causing $47666s1 Holy damage to an enemy, or $47750s1 healing to an ally instantly and every $47758t2 sec for $47758d.	47540,47666,47750	
Fire a blast of unholy energy, causing $<damage> Shadow damage to an enemy target or healing $<healing> damage from a friendly Undead target$?s58677[.  Refunds $58677s1 runic power when used to heal.][.]	47541,49892,49893,49894,49895	
Increases healing by $s1% on friendly targets at or below 50% health.	47558,47559,47560	
Increases the amount healed by Circle of Healing, Binding Heal, Holy Nova, Prayer of Healing, Divine Hymn and Prayer of Mending by $s1%, and reduces the cooldown of your Prayer of Mending by $s3%.	47562,47564,47565,47566,47567	
Empower your rune weapon, immediately activating all your runes and generating 25 runic power.	47568	
Your Fade ability now has a $s1% chance to remove all movement impairing effects when used while in Shadowform, and reduces casting or channeling time lost when damaged by $s2% when casting any Shadow spell while in Shadowform.	47569,47570	
Increases your spell power by $s1% of your total Spirit, and your damage done by your Mind Flay and Mind Blast is increased by $s2% if your target is afflicted by your Shadow Word: Pain.	47573,47577,47578,51166,51167	
Your Mind Flay has a $h% chance to refresh the duration of your Shadow Word: Pain on the target, and reduces the damage you take from your own Shadow Word: Death by $s2%.	47580,47581,47582	
You disperse into pure Shadow energy, reducing all damage taken by $47585s1%.  You are unable to attack or cast spells, but you regenerate $49766s1% mana every $60069t1 sec for $d. Dispersion can be cast while stunned, feared or silenced and clears all snare and movement impairing effects when cast, and makes you immune to them while dispersed.	47585	
Increases the damage and healing done by your instant spells by $s1%.	47586,47587,47588,52802,52803	
Fire a blast of unholy energy, causing Shadow damage to an enemy target or healing damage from a friendly Undead target.	47632,47633	
Permanently enchant a cloak to give 225 additional armor.  Requires a level 60 or higher item.	47672	
Permanently enchant chest armor to increase defense rating by 22.   Requires a level 60 or higher item.	47766	
Calls upon a guardian spirit to watch over the friendly target. The spirit increases the healing received by the target by $s1%, and also prevents the target from dying by sacrificing itself.  This sacrifice terminates the effect but heals the target of $s2% of their maximum health. Lasts $d.	47788	
Protects the caster, increasing armor by $s1, and increasing the amount of health generated through spells and effects by $s2%. Only one type of Armor spell can be active on the Warlock at any time.  Lasts $d.	47793,47889	
Calls down a fiery rain to burn enemies in the area of effect for ${$47817m1*4} Fire damage over $47819d.	47817	
Calls down a fiery rain to burn enemies in the area of effect for ${$47818m1*4} Fire damage over $47820d.	47818,47820	
Calls down a fiery rain to burn enemies in the area of effect for ${$47817m1*4} Fire damage over $d.	47819	
Ignites the area surrounding the caster, causing $47823s2 Fire damage to $ghimself:herself; and $47822s1 Fire damage to all nearby enemies every $47823t2 sec.  Lasts $47823d.	47822,47823	
Imbeds a demon seed in the enemy target, causing $47835o1 Shadow damage over $47835d.  When the target takes $47835s2 total damage or dies, the seed will inflict $47833s1 Shadow damage to all enemies within $47833a1 yards of the target.  Only one Corruption spell per Warlock can be active on any one target.	47833,47835	
Imbeds a demon seed in the enemy target, causing $47836o1 Shadow damage over $47836d.  When the target takes $47836s2 total damage or dies, the seed will inflict $47834s1 Shadow damage to all enemies within $47834a1 yards of the target.  Only one Corruption spell per Warlock can be active on any one target.	47834,47836	
Shadow energy slowly destroys the target, causing $o1 damage over $d.  In addition, if the Unstable Affliction is dispelled it will cause $*9;s1 damage to the dispeller and silence them for $31117d. Only one Unstable Affliction or Immolate per Warlock can be active on any one target.	47841,47843	
Drains the soul of the target, causing $o2 Shadow damage over $d.  If the target is at or below 25% health, Drain Soul causes four times the normal damage. If the target dies while being drained, and yields experience or honor, the caster gains a Soul Shard.  Each time the Drain Soul damages the target, it also has a chance to generate a Soul Shard.  Soul Shards are required for other spells.	47855	
Curses the target for $d, reducing Arcane, Fire, Frost, Nature, and Shadow resistances by $s1 and increasing magic damage taken by $s2%.  Only one Curse per Warlock can be active on any one target.	47865	
Creates a Demonic Healthstone that can be used to instantly restore $47874s1 health.\n\nConjured items disappear if logged out for more than 15 minutes.	47871	
Creates a Fel Healthstone that can be used to instantly restore $47875s1 health.\n\nConjured items disappear if logged out for more than 15 minutes.	47878	
Creates a Demonic Soulstone.  The Soulstone can be used to store one target's soul.  If the target dies while his soul is stored, he will be able to resurrect with $47882s1 health and $47882q1 mana.\n\nConjured items disappear if logged out for more than 15 minutes.	47884	
While applied to target weapon it increases damage dealt by periodic spells by $55191s1% and spell haste rating by $55191s3.  Lasts for 1 hour.	47886	
While applied to target weapon it increases damage dealt by periodic spells by $55195s1% and spell haste rating by $55195s3.  Lasts for 1 hour.	47888	
Surrounds the caster with fel energy, increasing spell power by $s3 plus additional spell power equal to $s1% of your Spirit. In addition, you regain $s2% of your maximum health every 5 sec. Only one type of Armor spell can be active on the Warlock at any time.  Lasts $d.	47892,47893	
Targets in a cone in front of the caster take $47897s1 Shadow damage and an additional $47960o1 Fire damage over $47960d.	47897	
Permanently enchant a cloak to increase haste rating by 23.  Requires a level 60 or higher item.	47898	
Permanently enchant a cloak to reduce threat slightly and increase Spirit by 10.  Requires a level 60 or higher item.	47899	
Permanently enchant chest armor to increase health by 275.  Requires a level 60 or higher item.	47900	
Permanently enchant boots to give a minor movement speed increase and 15 Stamina.  Requires a level 60 or higher level item.	47901	
Increases party and raid members' health by $s1.	47982	
Surrounds the friendly party or raid target in a shield of fire, increasing Fire resistance by $s2 and making every strike against the target cause $s1 Fire damage to the attacker.  Lasts $d.  The caster cannot cast Fire Shield on himself.	47983	
Taunts the creature, increasing the chance that it will attack the Voidwalker.  More effective than Torment (Rank 7).	47984	
Sacrifices a portion of the Voidwalker's health, giving its master a shield that will absorb $s1 damage for $d. While the shield holds, spellcasting will not be interrupted by damage.	47985,47986	
Taunts all enemies within $a1 yards, increasing the chance that they will attack the Voidwalker and reducing chance to hit by $s2% for $d.  More effective than Suffering (Rank 6).	47989	
Taunts all enemies within $a1 yards, increasing the chance that they will attack the Voidwalker and reducing chance to hit by $s2% for $d.  More effective than Suffering (Rank 7).	47990	
Charge an enemy, causing $47995s2 damage and stunning it for $47995d.	47995,47996	
Purges $48011s1 harmful magic $leffect:effects; from a friend or $48011s1 beneficial magic $leffect:effects; from an enemy.  If an effect is devoured, the Felhunter will be healed for $s2.	48011	
You summon a Demonic Circle at your feet, lasting $d. You can only have one Demonic Circle active at a time.	48018	
Teleports you to your Demonic Circle and removes all snare effects.	48020	
Summons and dismisses the Headless Horseman's steed.  This mount changes depending on your Riding skill and location.	48025	
Summons and dismisses a rideable Black War Elekk.   This mount increases speed depending on your Riding Skill.	48027	
A burst of Holy energy fills the caster, increasing armor by $s1 and spell power by $s2.  Each melee or ranged damage hit against the priest will remove one charge.  Lasts $d or until $n charges are used.	48040,48168	
Causes an explosion of shadow magic around the enemy target, causing $49821s1 Shadow damage every $T1 sec for $d to all enemies within $49821a1 yards around the target.	48045	
Draws on the soul of the friendly target to shield them, absorbing $s1 damage.  Lasts $d.  While the shield holds, spellcasting will not be interrupted by damage.  Once shielded, the target cannot be shielded again for $6788d.	48065,48066	
Heals the target for $<total> over $d.	48067,48068	
A powerful prayer heals the friendly target's party members within $a1 yards for $s1.	48072	
Power infuses the target's party and raid members, increasing their Spirit by $s1 for $d.	48074	
Causes an explosion of holy light around the caster, causing $48077s1 Holy damage to all enemy targets within $48077a1 yards and healing all party members within $48075a1 yards for $48075s1.  These effects cause no threat.	48075,48077	
Causes an explosion of holy light around the caster, causing $48078s1 Holy damage to all enemy targets within $48078a1 yards and healing all party members within $48076a1 yards for $48076s1.  These effects cause no threat.	48076,48078	
Creates a Holy Lightwell.  Friendly players can click the Lightwell to restore ${$48084m1*3*$<mult>} health over $48084d. Attacks done to you equal to 30% of your total health will cancel the effect. Lightwell lasts for $d or 10 charges.	48086	
Creates a Holy Lightwell.  Friendly players can click the Lightwell to restore ${$48085m1*3*$<mult>} health over $48085d. Attacks done to you equal to 30% of your total health will cancel the effect. Lightwell lasts for $d or 10 charges.	48087	
Heals up to $?s55675[6][5] friendly party or raid members within $a1 yards of the target for $s1.	48088,48089	
Places a spell on the target that heals them for $s1 the next time they take damage.  When the heal occurs, Prayer of Mending jumps to a party or raid member within $48110a1 yards.  Jumps up to $n times and lasts $48110d after each jump.  This spell can only be placed on one target at a time.	48112	
Places a spell on the target that heals them for $s1 the next time they take damage.  When the heal occurs, Prayer of Mending jumps to a party or raid member within $48111a1 yards.  Jumps up to $n times and lasts $48111d after each jump.  This spell can only be placed on one target at a time.	48113	
Heals target for $s1% of maximum health.	48153	
Assault the target's mind with Shadow energy, causing ${$m3*3} Shadow damage over $d and slowing their movement speed by $s2%.	48155,48156	
Causes $o2 Shadow damage over $d to your target and causes up to 10 party or raid members to gain 1% of their maximum mana per 5 sec when you deal damage from Mind Blast. In addition, if the Vampiric Touch is dispelled it will cause $*8;s2 damage to the afflicted target.	48159,48160	
Power infuses all party and raid members, increasing their Stamina by $s1 for $d.	48162	
Power infuses the target's party and raid members, increasing their Shadow resistance by $s1 for $d.	48170	
You send a ghostly soul into the target, dealing $s1 Shadow damage and increasing all damage done by your Shadow damage-over-time effects on the target by $s3% for $d. When the Haunt spell ends or is dispelled, the soul returns to you, healing you for $s2% of the damage it did to the target.	48181,59161,59163,59164	
The death knight takes on the presence of frost, increasing Stamina by $61261s1%, armor contribution from cloth, leather, mail and plate items by $48263s1%, and reducing damage taken by $48263s3%.  Increases threat generated.  Only one Presence may be active at a time.	48263	
Infuses the death knight with unholy fury, increasing attack speed by $s1%, movement speed by $49772s1% and reducing the global cooldown on all abilities by ${$m2/-1000}.1 sec.  Only one Presence may be active at a time.	48265	
Strengthens the Death Knight with the presence of blood, increasing damage by $48266s1% and healing the Death Knight by $50371s1% of damage dealt. Only one Presence may be active at a time.	48266	
Afflicts the target with a disease that causes $o1 Shadow damage over $d. 15% of damage caused by the Devouring Plague heals the caster. This spell can only affect one target at a time.	48299,48300	
Heals a friendly target for $<min> to $<max>.	48377,48378	
Your Moonkin Aura also causes affected targets to gain $50170s1% haste and you to gain $s2% of your spirit as additional spell damage.	48384	
Attacks done to you while in Moonkin form have a $h% chance to cause you to go into a Frenzy, increasing your damage by $48391s2%, cause you to be immune to pushback while casting Balance spells and restore $48391s3% base mana every $48391T3 sec. Lasts $48391d.	48389,48392,48393	
Your Moonkin Aura also causes affected targets to gain $50171s1% haste and you to gain $s2% of your spirit as additional spell damage.	48395	
Your Moonkin Aura also causes affected targets to gain $50172s1% haste and you to gain $s2% of your spirit as additional spell damage.	48396	
Summons or dismisses a Spirit of Competition.	48406	
Summons or dismisses an Essence of Competition.	48408	
Increases your expertise by $s1, and you are refunded $s2% of the energy cost of a finishing move if it fails to land.	48409,48410	
Grants an effect which lasts while the Druid is within the respective shapeshift form.\n\nBear Form - Increases physical damage by $s1%.\n\nCat Form - Increases critical strike chance by $s1%.\n\nMoonkin Form - Increases spell damage by $s1%.\n\nTree of Life Form - Increases healing by $s1%.	48411,48412	
Increases damage done by your Maul and Shred attacks on bleeding targets by $s1%, and increases the critical strike chance of your Ferocious Bite ability on bleeding targets by $s2%.	48432,48433,48434,51268,51269	
Increases the critical effect chance of your Swiftmend and Nourish spells by $s1%.	48435,48436,48437	
Heals up to $s3 friendly party or raid members within $a1 yards of the target for $o1 over $d. The amount healed is applied quickly at first, and slows down as the Wild Growth reaches its full duration.	48438,53248,53249,53251	
Heals the target for ${$m1*5*$<mult>} over $d.	48440,48441	
Heals a friendly target for $s1 and another ${$m2*7*$<mult>} over $d.	48442	
Heals all nearby group members for $48446s1 every $48446t2 seconds for $48446d.  Druid must channel to maintain the spell.	48444	
Heals all nearby group members for $48447s1 every $48447t2 seconds for $48447d.  Druid must channel to maintain the spell.	48445	
Heals all nearby group members for $s1 every $t2 seconds for $d.  Druid must channel to maintain the spell.	48446,48447	
Heals the target for ${$m1*7*$<mult>} over $d.  When Lifebloom completes its duration or is dispelled, the target instantly heals themself for $s2 and the Druid regains half the cost of the spell.  This effect can stack up to $u times on the same target.	48450,48451	
Burns the enemy for $s2 Arcane damage and then an additional ${$m1*4*$<mult>} Arcane damage over $d.	48462,48463	
Creates a violent storm in the target area causing $48466s1 Nature damage to enemies every $48467t3 sec, and increasing the time between attacks by $48467s2%.  Lasts $48467d.  Druid must channel to maintain the spell.	48466	
Creates a violent storm in the target area causing $48466s1 Nature damage to enemies every $48467t3 sec,$?s54831[ reducing movement speed by $54831s1%, ][ ]and increasing the time between attacks by $48467s2%.  Lasts $48467d.  Druid must channel to maintain the spell.	48467	
The enemy target is swarmed by insects, decreasing their chance to hit with melee and ranged attacks by $s2% and causing $o1 Nature damage over $d.	48468	
A strong attack that increases melee damage by $s1 and causes a high amount of threat.  Effects which increase Bleed damage also increase Maul damage.	48479,48480	
Your Shred, Maul, and Mangle attacks cause an Infected Wound in the target. The Infected Wound reduces the movement speed of the target by $58179s1% and the attack speed by $58179s2%. Lasts $58179d.	48483	
Your Shred, Maul, and Mangle attacks cause an Infected Wound in the target. The Infected Wound reduces the movement speed of the target by $58180s1% and the attack speed by $58180s2%. Lasts $58180d.	48484	
Your Shred, Maul, and Mangle attacks cause an Infected Wound in the target. The Infected Wound reduces the movement speed of the target by $58181s1% and the attack speed by $58181s2%. Lasts $58181d.	48485	
Increases damage done by your Hurricane and Typhoon spells by $s1%, and increases the range of your Cyclone spell by $s2 yards.	48488,48514	
Reduces the cooldown of your Mangle (Bear) ability by ${$m1/-1000}.1 sec., and reduces the energy cost of your Mangle (Cat) ability by $s2.	48489,48491,48532	
While using your Enrage ability in Bear Form or Dire Bear Form, your damage is increased by $s1%, and your Tiger's Fury ability also instantly restores $s2 energy.  In addition, the mana cost of Bear Form, Cat Form, and Dire Bear Form is reduced by $s3%.	48492,48494,48495	
When you critically heal your target with Swiftmend, Regrowth, Nourish or Healing Touch spell you have a $h% chance to plant a Living Seed on the target for $s1% of the amount healed. The Living Seed will bloom when the target is next attacked. Lasts $48504d.	48496,48499,48500	
You summon a flurry of stars from the sky on all targets within $50286a yards of the caster, each dealing $50288s1 Arcane damage. Also causes $50294s1 Arcane damage to all other enemies within $50294a1 yards of the enemy target. Maximum 20 stars. Lasts $48505d.  Shapeshifting into an animal form or mounting cancels the effect. Any effect which causes you to lose control of your character will suppress the starfall effect.	48505	
Your Wrath and Starfire spells have a $h% chance to apply the Earth and Moon effect, which increases spell damage taken by $60431s1% for $60431d.  Also increases your spell damage by $s2%.	48506	
Your Wrath and Starfire spells have a $h% chance to  apply the Earth and Moon effect, which increases spell damage taken by $60432s1% for $60432d.  Also increases your spell damage by $s2%.	48510	
Your Wrath and Starfire spells have a $h% chance to apply the Earth and Moon effect, which increases spell damage taken by $60433s1% for $60433d.  Also increases your spell damage by $s2%.	48511	
When you critically hit with Starfire, you have a $h1% chance of increasing damage done by Wrath by $48517s1%. When you critically hit with Wrath, you have a ${$h*0.6}% chance of increasing your critical strike chance with Starfire by $48518s1%. Each effect lasts $48518d and each has a separate $s1 sec cooldown.  Both effects cannot occur simultaneously.	48516,48521,48525	
Increases your armor contribution from items while in Tree of Life Form by $s1%, and increases your healing spell power by $s2% of your spirit while in Tree of Life Form.	48535,48536,48537	
Your Rejuvenation and Wild Growth spells have a $s1% chance to restore $48540s1 Energy, $/10;48541s1 Rage, $48542s1% Mana or $/10;48543s1 Runic Power per tick.	48539,48544,48545	
Swipe nearby enemies, inflicting $s1 damage.  Damage increased by attack power.	48561,48562	
Mangle the target for $s3% normal damage plus ${$m1*$m3/100} and causes the target to take $s2% additional damage from bleed effects for $d.	48563,48564	
Mangle the target for $s3% normal damage plus ${$m1*$m3/100} and causes the target to take $s2% additional damage from bleed effects for $d.  Awards $34071s1 combo $lpoint:points;.	48565,48566	
Lacerates the enemy target, dealing $s2 damage and making them bleed for $o damage over $d and causing a high amount of threat.  Damage increased by attack power.  This effect stacks up to $u times on the same target.	48567,48568	
Shred the target, causing $s3% damage plus ${$m1*$m3/100} to the target.  Must be behind the target.  Awards $s2 combo $lpoint:points;.  Effects which increase Bleed damage also increase Shred damage.	48571,48572	
Rake the target for ${$AP/100+$m1} bleed damage and an additional ${$m2*3+$AP*0.18} damage over $d.  Awards $s3 combo $lpoint:points;.	48573,48574	
Finishing move that causes damage per combo point and converts each extra point of energy (up to a maximum of $s2 extra energy) into ${$f1+$AP/410}.1 additional damage.  Damage is increased by your attack power.\n   1 point  : ${$m1+$b1*1+0.07*$AP}-${$M1+$b1*1+0.07*$AP} damage\n   2 points: ${$m1+$b1*2+0.14*$AP}-${$M1+$b1*2+0.14*$AP} damage\n   3 points: ${$m1+$b1*3+0.21*$AP}-${$M1+$b1*3+0.21*$AP} damage\n   4 points: ${$m1+$b1*4+0.28*$AP}-${$M1+$b1*4+0.28*$AP} damage\n   5 points: ${$m1+$b1*5+0.35*$AP}-${$M1+$b1*5+0.35*$AP} damage	48576,48577	
Ravage the target, causing $s2% damage plus ${$m1*$m2/100} to the target.  Must be prowling and behind the target.  Awards $s3 combo $lpoint:points;.	48578,48579	
An instant strike that causes $m1 damage in addition to $<percent>% of your normal weapon damage.  Awards $s2 combo $lpoint:points;.	48637,48638	
Backstab the target, causing $m2% weapon damage plus ${$m1*1.5} to the target.  Must be behind the target.  Requires a dagger in the main hand.  Awards $s3 combo $lpoint:points;.	48656,48657	
Performs a feint, causing no damage but lowering your threat by a large amount, making the enemy less likely to attack you.  In addition, reduces the damage you take from area of effect attacks by $s2% for $d.	48659	
An instant strike that deals $s2% weapon damage (${$m2*1.45}% if a dagger is equipped) and causes the target to hemorrhage, increasing any Physical damage dealt to the target by up to $<bonus>.  Lasts $n charges or $d.  Awards 1 combo point.	48660	
Instantly attacks with both weapons for $<percent>% weapon damage plus an additional $48662s1 with each weapon.  Damage is increased by 20% against Poisoned targets.  Awards 2 combo points.	48663	
Instantly attacks with both weapons for $<percent>% weapon damage plus an additional $48665m1 with each weapon.  Damage is increased by 20% against Poisoned targets.  Awards 2 combo points.	48666	
Finishing move that causes damage per combo point:\n   1 point  : ${$m1+(($b1*1)+$AP*0.03)*$<mult>}-${$M1+(($b1*1)+$AP*0.07)*$<mult>} damage\n   2 points: ${$m1+(($b1*2)+$AP*0.06)*$<mult>}-${$M1+(($b1*2)+$AP*0.14)*$<mult>} damage\n   3 points: ${$m1+(($b1*3)+$AP*0.09)*$<mult>}-${$M1+(($b1*3)+$AP*0.21)*$<mult>} damage\n   4 points: ${$m1+(($b1*4)+$AP*0.12)*$<mult>}-${$M1+(($b1*4)+$AP*0.28)*$<mult>} damage\n   5 points: ${$m1+(($b1*5)+$AP*0.15)*$<mult>}-${$M1+(($b1*5)+$AP*0.35)*$<mult>} damage	48667,48668	
Finishing move that causes damage over time, increased by your attack power.  Lasts longer per combo point:\n   1 point  : ${($m1+$b1*1+0.015*$AP)*4} damage over $<dur1> secs\n   2 points: ${($m1+$b1*2+0.024*$AP)*5} damage over $<dur2> secs\n   3 points: ${($m1+$b1*3+0.03*$AP)*6} damage over $<dur3> secs\n   4 points: ${($m1+$b1*4+0.03428571*$AP)*7} damage over $<dur4> secs\n   5 points: ${($m1+$b1*5+0.0375*$AP)*8} damage over $<dur5> secs	48671,48672	
Garrote the enemy, silencing them for $1330d causing ${($m1+$AP*0.07)*6} damage over $d, increased by attack power.  Must be stealthed and behind the target.  Awards $s2 combo $lpoint:points;.	48675,48676	
Ambush the target, causing $m2% weapon damage plus ${$m1*2.75} to the target.  Must be stealthed and behind the target.  Requires a dagger in the main hand.  Awards $s3 combo $lpoint:points;.	48689,48690,48691	
Surrounds the Death Knight in an Anti-Magic Shell, absorbing $48707s1% of the damage dealt by harmful spells (up to a maximum of $s2% of the Death Knight's health) and preventing application of harmful magical effects.  Damage absorbed by Anti-Magic Shell energizes the Death Knight with additional runic power.  Lasts $48707d.	48707	
Boils the blood of all enemies within $a1 yards, dealing $s1 Shadow damage.  Deals additional damage to targets infected with Blood Plague or Frost Fever.	48721,49939,49940,49941	
Sacrifices an undead minion, healing the Death Knight for $s3% of $Ghis:her; maximum health.  This heal cannot be a critical.	48743	
Summons and dismisses your rideable Acherus Deathcharger.   This mount increases speed depending on your Riding Skill.	48778	
Heals a friendly target for an amount equal to the Paladin's maximum health and restores $s2 of their mana.  If used on self, the Paladin cannot be targeted by Divine Shield, Divine Protection, Hand of Protection, or self-targeted Lay on Hands again for $25771d.  Also cannot be used on self within $61987d of using Avenging Wrath.	48788	
The Death Knight freezes $Ghis:her; blood to become immune to Stun effects and reduce all damage taken by $?s58625[$58625s1][$s3]% plus additional damage reduction based on Defense for $d.	48792	
Causes ${$m1+0.15*$SPH+0.15*$AP} to ${$M1+0.15*$SPH+0.15*$AP} Holy damage to an enemy target.  If the target is Undead or Demon, it will always critically hit.	48800,48801	
Hurls a hammer that strikes an enemy for ${$m1+0.15*$SPH+0.15*$AP} to ${$M1+0.15*$SPH+0.15*$AP} Holy damage.  Only usable on enemies that have 20% or less health.	48805,48806	
Sends bolts of holy power in all directions, causing ${$m1+0.07*$SPH+0.07*$AP} to ${$M1+0.07*$SPH+0.07*$AP} Holy damage and stunning all Undead and Demon targets within $a1 yds for $d.	48816,48817	
Consecrates the land beneath the Paladin, doing ${8*($m1+0.04*$SPH+0.04*$AP)} Holy damage over $d to enemies who enter the area.	48818,48819	
Blasts the target with Holy energy, causing $48822s1 Holy damage to an enemy, or $48820s1 healing to an ally.	48820,48822,48824	
Blasts the target with Holy energy, causing $48823s1 Holy damage to an enemy, or $48821s1 healing to an ally.	48821,48823,48825	
Hurls a holy shield at the enemy, dealing ${$m1+0.07*$SPH+0.07*$AP} to ${$M1+0.07*$SPH+0.07*$AP} Holy damage, Dazing them and then jumping to additional nearby enemies.  Affects $x1 total targets.  Lasts $d.	48826,48827	
Increases chance to block by $s1% for $d and deals $s2 Holy damage for each attack blocked while active.  Each block expends a charge.  $n charges.	48951,48952	
Summons and dismisses a rideable Swift Zhevra.  This mount increases speed depending on your Riding Skill.	48954,49322	
Increases your chance to hit with your spells by $s1% and reduces the chance that your damage over time diseases can be cured by $s2%.	48962,49567,49568	
Increases the damage and healing of Death Coil by $s1% and reduces the cooldown on Death and Decay by $/1000;s2 sec.	48963,49564,49565	
Increases your total Strength by $s1% and the contribution your Ghouls get from your Strength and Stamina by $s2%.	48965,49571	
Increases the damage of Blood Strike by $s2% and Heart Strike by $s1%, and increases the damage of Blood Boil by $s3%.	48977,49394,49395	
Increases your attack power by $s2 for every ${$m1*$m2} armor value you have.	48978,49390,49391,49392,49393,61216,61221,61222	
Whenever you kill an enemy that grants experience or honor, you generate up to 10 runic power.  In addition, you generate 1 runic power per 5 sec while in combat.	48979	
Converts 1 Blood Rune into $s1% of your maximum health.	48982	
Increases the health provided by Rune Tap by $s1% and lowers its cooldown by $/1000;s2 sec.	48985,49488,49489	
Increases your chance to critically hit with weapons, spells and abilities by $s1%.	48987,49477,49478,49479,49480	
Gives you a $50447s1% bonus to physical damage you deal for $20050d after dealing a critical strike from a weapon swing, spell, or ability.  This effect stacks up to $50447u times.	48988	
Heals your pet for $<total> health over $d.	48989,48990	
Increases the critical strike chance of Blood Strike, Scourge Strike, Heart Strike and Obliterate by $s2%, and reduces threat generated while in Blood or Unholy Presence by $s1%.	48997,49490,49491	
A strike that becomes active after parrying an opponent's attack.  This attack deals ${$AP*0.2+$m1} damage and immobilizes the target for $d.  Counterattack cannot be blocked, dodged, or parried.	48998,48999	
Stings the target, causing ${$RAP*0.2+$m1*$d/3} Nature damage over $d.  Only one Sting per Hunter can be active on any one target.	49000,49001	
You have a $h% chance after dodging, parrying or taking  direct damage to gain the Scent of Blood effect, causing your next melee hit to generate 10 runic power.	49004	
Place a Mark of Blood on an enemy.  Whenever the marked enemy deals damage to a target, that target is healed for $49005s2% of its maximum health.  Lasts for $49005d or up to $49005n hits.	49005	
Increases your total Strength by $s1%, your Stamina by $s2%, and your expertise by $s3.	49006,49526,50029	
A stinging shot that puts the target to sleep for $49011d.  Any damage will cancel the effect.  When the target wakes up, the Sting causes $49009o1 Nature damage over $49009d.  Only one Sting per Hunter can be active on the target at a time.	49009	
A stinging shot that puts the target to sleep for $49012d.  Any damage will cancel the effect.  When the target wakes up, the Sting causes $49010o1 Nature damage over $49010d.  Only one Sting per Hunter can be active on the target at a time.	49010	
A stinging shot that puts the target to sleep for $d.  Any damage will cancel the effect.  When the target wakes up, the Sting causes $49009o1 Nature damage over $49009d.  Only one Sting per Hunter can be active on the target at a time.	49011	
A stinging shot that puts the target to sleep for $d.  Any damage will cancel the effect.  When the target wakes up, the Sting causes $49010o1 Nature damage over $49010d.  Only one Sting per Hunter can be active on the target at a time.	49012	
Increases the damage of Plague Strike by $s1% and Scourge Strike by $s2%.	49013,55236,55237	
Heals you for up to $s1% of your maximum health whenever you kill a target that yields experience or honor.	49015,50154,55136	
Induces a friendly unit into a killing frenzy for $d.  The target is Enraged, which increases their physical damage by $s1%, but causes them to lose health equal to $s2% of their maximum health every second.	49016	
Your Blood Strikes and Heart Strikes have a $h% chance to launch a free Death Coil at your target.	49018,49529,49530	
A brutal instant attack that deals $s2% weapon damage plus ${$m1*$m2/100}, total damage increased ${$m3/2}.1% per each of your diseases on the target, but consumes the diseases.	49020,51423,51424,51425	
Increases the critical strike damage bonus of your Blood Boil, Blood Strike, Death Strike, and Heart Strike abilities by $s1%.	49023,49533,49534	
Your Icy Touch, Howling Blast, Obliterate and Frost Strike do an additional $s1% damage when striking targets with less than 35% health.	49024,49538	
Your weapon hits have a $h% chance to cause the target to spawn 2-4 Bloodworms.  Bloodworms attack your enemies, healing you as they do damage for 20 sec or until killed.	49027,49542,49543	
Summons a second rune weapon that fights on its own for $d, doing the same attacks as the Death Knight but for $51906s3% reduced damage.	49028	
Your diseases also cause Crypt Fever, which increases disease damage taken by the target by $50508s1%.	49032	
Increases the duration of Blood Plague and Frost Fever by $/1000;s1 sec.	49036,49562	
Draw upon unholy energy to become undead for $d.  While undead, you are immune to Charm, Fear and Sleep effects.	49039	
Increases your armor value from items by $s1% and reduces the duration of all movement slowing effects by $s2%.	49042,49786,49787,49788,49789	
An instant shot that causes ${$RAP*0.15+$m1} Arcane damage.	49044,49045	
A steady shot that causes unmodified weapon damage, plus ammo, plus ${$RAP*0.1+$m1}.  Causes an additional $s2 against Dazed targets.	49051,49052,56641	
Place a fire trap that will burn the first enemy to approach for ${($RAP*($<mult>/100)+$49053m1)*$<duration>} Fire damage over $49053d.  Trap will exist for $49055d.  Only one trap can be active at a time.	49053	
Place a fire trap that will burn the first enemy to approach for ${($RAP*($<mult>/100)+$49054m1)*$<duration>} Fire damage over $49054d.  Trap will exist for $49056d.  Only one trap can be active at a time.	49054	
Place a fire trap that will burn the first enemy to approach for ${($RAP*($<mult>/100)+$49053m1)*$<duration>} Fire damage over $49053d.  Trap will exist for $d.  Only one trap can be active at a time.	49055	
Place a fire trap that will burn the first enemy to approach for ${($RAP*($<mult>/100)+$49054m1)*$<duration>} Fire damage over $49054d.  Trap will exist for $d.  Only one trap can be active at a time.	49056	
Place a fire trap that explodes when an enemy approaches, causing ${$RAP*0.1+$49064m1} to ${$RAP*0.1+$49064M1} Fire damage and burning all enemies for $49064o2 additional Fire damage over $49064d to all within $49064a1 yards.  Trap will exist for $49066d.  Only one trap can be active at a time.	49064	
Place a fire trap that explodes when an enemy approaches, causing ${$RAP*0.1+$49065m1} to ${$RAP*0.1+$49065M1} Fire damage and burning all enemies for $49065o2 additional Fire damage over $49065d to all within $49065a1 yards.  Trap will exist for $49067d.  Only one trap can be active at a time.	49065	
Place a fire trap that explodes when an enemy approaches, causing ${$RAP*0.1+$49064m1} to ${$RAP*0.1+$49064M1} Fire damage and burning all enemies for ${$49064m2*10+$RAP} additional Fire damage over $49064d to all within $49064a1 yards.  Trap will exist for $d.  Only one trap can be active at a time.	49066	
Place a fire trap that explodes when an enemy approaches, causing ${$RAP*0.1+$49065m1} to ${$RAP*0.1+$49065M1} Fire damage and burning all enemies for ${$49065m2*10+$RAP} additional Fire damage over $49065d to all within $49065a1 yards.  Trap will exist for $d.  Only one trap can be active at a time.	49067	
Your strength is increased by $s1% and the cost of your Mind Freeze is reduced to 10 runic power.	49137	
Increases your Frost and Shadow damage by $s1%.	49140,49661,49662,49663,49664	
Imbues your rune weapon with the power of frost.  For the next 30 minutes your melee swings have  a chance to cause your target to take an additional $51714s1% damage from Frost for $51714d.  This effect stacks up to 10 times.	49142	
Instantly strike the enemy, causing $s2% weapon damage plus ${$m1*$m2/100} as Frost damage.	49143,51416,51417,51418,51419,55268	
You have a chance equal to your Parry chance of taking $s1% less damage from a direct damage spell.	49145,49495,49497	
You become as hard to stop as death itself.  The duration of all Stun and Fear effects used against you is reduced by 10%, and your mounted speed is increased by 10%.  This does not stack with other movement speed increasing effects.	49146,51969,51983,51986	
Your Chains of Ice, Howling Blast, Icy Touch and Obliterate generate 2.5 additional runic power.	49149	
Cause a corpse to explode for $s1 Shadow damage to all enemies within $50444A1 yards.  Will use a nearby corpse if the target is not a corpse.  Does not affect mechanical or elemental corpses.	49158,51325,51326,51327,51328	
Your Icy Touch does an additional $s1% damage and your Frost Fever reduces melee and ranged attack speed by an additional $s3%.	49175,50031,51456	
Whenever your Blood Runes are on cooldown, you gain the Blade Barrier effect, which decreases damage taken by $s1% for the next $51789d.	49182	
Blast the target with a frigid wind dealing $s2 Frost damage to all enemies within 10 yards.	49184,51409,51410,51411	
Reduces the chance melee attacks will hit you by $s1%.	49186,51108,51109	
Increases the critical strike chance of your Icy Touch and Obliterate by $s1% and casting Obliterate has a $h% chance to reset the cooldown on Howling Blast and cause your next Howling Blast to consume no runes.	49188,56822,59057	
Damage that would take you below $s1% health or taken while you are at $s1% health is reduced by $52284s1%.	49189	
Summons and dismisses a rideable Vengeful Nether Drake mount.  This is an extremely fast mount.  This mount can only be summoned in Outland or Northrend. This mount increases speed depending on your Riding Skill.	49193	
Causes the victims of your Death Coil to be surrounded by a vile swarm of unholy insects, taking $49194s1% of the damage done by the Death Coil over $50536d, and preventing any diseases on the victim from being dispelled.	49194	
When you are hit by a spell, you have a $h% chance to boost your resistance to that type of magic for 18 sec.  Stacks up to 3 times.	49200,50151,50152	
Your spells and abilities deal $s1% more damage to targets infected with Frost Fever.  Also increases your expertise by $s2.	49202,50127,50128,50129,50130	
Purges the earth around the Death Knight of all heat.  Enemies within $51209a1 yards are trapped in ice, preventing them from performing any action for $51209d and infecting them with Frost Fever.  Enemies are considered Frozen, but any damage other than diseases will break the ice.	49203	
A Gargoyle flies into the area and bombards the target with Nature damage modified by the Death Knight's attack power.  Persists for $61777d.	49206	
Whenever you hit with Blood Strike or Pestilence there is a $h% chance that the Blood Rune becomes a Death Rune when it activates.  Death Runes count as a Blood, Frost or Unholy Rune.	49208,56834,56835	
When your diseases damage an enemy, there is a chance equal to your melee critical strike chance that they will cause $s1% additional damage to the target and all enemies within 8 yards.  Ignores any target under the effect of a spell that is cancelled by taking damage.	49217,49654,49655	
Your auto attacks have a $h% chance to cause a Blood-Caked Strike, which hits for $50463s1% weapon damage plus ${$50463m1/2}.1% for each of your diseases on the target.	49219,49627,49628	
The attack power bonus of your spells is increased by $49220s1%.	49220	
The Death Knight is surrounded by $n whirling bones.  While at least 1 bone remains, $Ghe:she; takes $s1% less damage from all sources and deals $s2% more damage with all attacks, spells and abilities.  Each damaging attack that lands consumes 1 bone.  Lasts $d.	49222	
Your Death Strike, Plague Strike and Scourge Strike generate 2.5 additional runic power.	49223	
You take $s2% less damage from all magic.  In addition, your Anti-Magic Shell absorbs an additional $s1% of spell damage.	49224,49610,49611	
Increases your chance to hit with one-handed melee weapons by $s1% and increases the damage done by your offhand weapon by $s2%.	49226,50137,50138	
Instantly shocks the target with concussive force, causing $s2 Nature damage and reducing melee attack speed by $s1% for $d.	49230,49231	
Instantly sears the target with fire, causing $s1 Fire damage immediately and $o2 Fire damage over $d. This periodic damage may critically strike and will occur more rapidly based on the caster's spell haste.	49232,49233	
Allows the miner to smelt a cobalt ore into a cobalt bar.  Requires a forge.	49252	
Allows the miner to smelt 2 saronite ore into a saronite bar.  Requires a forge.	49258	
The caster is surrounded by $n balls of lightning.  When a spell, melee or ranged attack hits the caster, the attacker will be struck for $49278s1 Nature damage.  This expends one lightning ball.  Only one ball will fire every few seconds.  Lasts $d.  Only one Elemental Shield can be active on the Shaman at any one time.	49280	
The caster is surrounded by $n balls of lightning.  When a spell, melee or ranged attack hits the caster, the attacker will be struck for $49279s1 Nature damage.  This expends one lightning ball.  Only one ball will fire every few seconds.  Lasts $d.  Only one Elemental Shield can be active on the Shaman at any one time.	49281	
Protects the target with an earthen shield, reducing casting or channeling time lost when damaged by $s2%  and causing attacks to heal the shielded target for $<heal>.  This effect can only occur once every few seconds.  $n charges.  Lasts $d.  Earth Shield can only be placed on one target at a time and only one Elemental Shield can be active on a target at a time.	49283,49284	
Teleports the caster to Stonard.	49358	
Teleports the caster to Theramore.	49359	
Creates a portal, teleporting group members that use it to Theramore.	49360	
Creates a portal, teleporting group members that use it to Stonard.	49361	
Causes you to leap behind an enemy, dazing them for $50259d.	49376	
Teaches Feral Charge (Bear) and Feral Charge (Cat).\n\nFeral Charge (Bear) - Causes you to charge an enemy, immobilizing and interrupting any spell being cast for $19675d. This ability can be used in Bear Form and Dire Bear Form. 15 second cooldown.\n\nFeral Charge (Cat) - Causes you to leap behind an enemy, dazing them for $50259d. 30 second cooldown.	49377	
Summons and dismisses a rideable Brewfest Riding Kodo. This mount increases speed depending on your Riding Skill.	49378	
Summons and dismisses a rideable Great Brewfest Kodo.   This mount increases speed depending on your Riding Skill.	49379	
Increases your Parry Rating by $s1% of your total Strength.	49410	
Increases your maximum Runic Power by ${$m1/10}.	49455,50147	
Whenever you hit with Death Strike or Obliterate there is a $h% chance that the Frost and Unholy Runes will become Death Runes when they activate.  Death Runes count as a Blood, Frost or Unholy Rune.	49467,50033,50034	
Diseased enemies take $s1% more damage from your Icy Touch, Howling Blast and Frost Strike.	49471,49790,49791	
Whenever you kill an enemy that grants experience or honor, you generate up to 20 runic power.  In addition, you generate 2 runic power per 5 sec while in combat.	49483	
Whenever your Blood Runes are on cooldown, you gain the Blade Barrier effect, which decreases damage taken by $64855s1% for the next $64855d.	49500	
Whenever your Blood Runes are on cooldown, you gain the Blade Barrier effect, which decreases damage taken by $64856s1% for the next $64856d.	49501	
Gives you a $50448s1% bonus to physical damage you deal for $50448d after dealing a critical strike from a weapon swing, spell, or ability.  This effect stacks up to $50448u times.	49503	
Gives you a $50449s1% bonus to physical damage you deal for $50449d after dealing a critical strike from a weapon swing, spell, or ability.  This effect stacks up to $50449u times.	49504	
You have a $h% chance after dodging, parrying or taking  direct damage to gain the Scent of Blood effect, causing your next 2 melee hits to generate 10 runic power.	49508	
You have a $h% chance after dodging, parrying or taking  direct damage to gain the Scent of Blood effect, causing your next 3 melee hits to generate 10 runic power.	49509	
Harness the unholy energy that surrounds and binds all matter, drawing the target toward the death knight and forcing the enemy to attack the death knight for $49560d.	49560,49576	
Increases your total Strength by $s1% and the contribution your Ghouls get from your Strength and Stamina by $s2%	49572	
Draws your target before you with a beam of unholy power. This will also taunt the target, forcing enemies to attack you for $49560d.	49575	
Reduces the cooldown of your Death Grip ability by $/1000;s1 sec.	49588,49589	
Your Death Strike, Plague Strike and Scourge Strike generate 5 additional runic power.	49599	
Your diseases also cause Crypt Fever, which increases disease damage taken by the target by $50509s1%.	49631	
Your diseases also cause Crypt Fever, which increases disease damage taken by the target by $50510s1%.	49632	
The attack power bonus of your spells is increased by $49633s1%.	49633	
The attack power bonus of your spells is increased by $49635s1%.	49635	
The attack power bonus of your spells is increased by $49636s1%.	49636	
Your spells receive an additional $49638s1% benefit from your attack power.	49638	
Your strength is increased by $s1% and your Mind Freeze no longer costs runic power.	49657	
When activated, makes your next Icy Touch, Howling Blast, Frost Strike or Obliterate a critical hit if used within $d.	49796	
Finishing move that causes damage over time.  Damage increases per combo point and by your attack power:\n   1 point: ${($m1+$b1*1+0.01*$AP)*$<dur>} damage over $d.\n   2 points: ${($m1+$b1*2+0.02*$AP)*$<dur>} damage over $d.\n   3 points: ${($m1+$b1*3+0.03*$AP)*$<dur>} damage over $d.\n   4 points: ${($m1+$b1*4+0.04*$AP)*$<dur>} damage over $d.\n   5 points: ${($m1+$b1*5+0.05*$AP)*$<dur>} damage over $d.	49799,49800	
Finishing move that causes damage and stuns the target.  Non-player victim spellcasting is also interrupted for $32747d.  Causes more damage and lasts longer per combo point:\n   1 point  : ${$b1*1+$m1+$mw}-${$b1*1+$M1+$MW} damage, 1 sec\n   2 points: ${$b1*2+$m1+$mw}-${$b1*2+$M1+$MW} damage, 2 sec\n   3 points: ${$b1*3+$m1+$mw}-${$b1*3+$M1+$MW} damage, 3 sec\n   4 points: ${$b1*4+$m1+$mw}-${$b1*4+$M1+$MW} damage, 4 sec\n   5 points: ${$b1*5+$m1+$mw}-${$b1*5+$M1+$MW} damage, 5 sec	49802	
Pounce, stunning the target for $d and causing $49804o1 damage over $49804d.  Must be prowling.  Awards $s3 combo $lpoint:points;.	49803	
Pounce, stunning the target for $49803d and causing $49804o1 damage over $49804d.  Must be prowling.  Awards $49803s3 combo $lpoint:points;.	49804	
Causes an explosion of shadow magic around the enemy target, causing $s1 Shadow damage every 1 sec for $48045d to all enemies within $a1 yards around the target.	49821	
Right Click to summon and dismiss an Ethereal Soul-Trader.	49964	
Victims of your Frost Fever disease are Chilled, reducing movement speed by $50434s1% for $50434d.	50040	
Victims of your Frost Fever disease are Chilled, reducing movement speed by $50435s1% for $50435d.	50041	
Victims of your Frost Fever disease are Chilled, reducing movement speed by $50436s1% for $50436d.	50043	
When you are above 75% health, you deal $s1% more damage.	50096,50108,50109,50110,50111	
Your Chains of Ice, Howling Blast, Icy Touch and Obliterate generate 5 additional runic power.	50115	
Your spells and abilities deal 2% more damage to targets infected with Blood Plague.  Also increases your expertise by $s2.	50117	
Your spells and abilities deal 4% more damage to targets infected with Blood Plague.  Also increases your expertise by $s2.	50118	
Your spells and abilities deal 6% more damage to targets infected with Blood Plague.  Also increases your expertise by $s2.	50119	
Your spells and abilities deal 8% more damage to targets infected with Blood Plague.  Also increases your expertise by $s2.	50120	
Your spells and abilities deal 10% more damage to targets infected with Blood Plague.  Also increases your expertise by $s2.	50121	
Damage that would take you below $s1% health or taken while you are at $s1% health is reduced by $52285s1%.	50149	
Damage that would take you below $s1% health or taken while you are at $s1% health is reduced by $52286s1%.	50150	
Increases the critical strike damage bonus of your Blood Strike, Frost Strike, Howling Blast and Obliterate abilities by $s1%, and increases the duration of your Icebound Fortitude by $/1000;s2 secs.	50187,50190,50191	
Increases damage done by $s1 for $d.	50212,50213	
Pins the target in place, and squeezes for $o2 damage over $d.	50245,53544,53545,53546	
How to find and gather Northrend herbs.   Gives a potential herbalism skill of 450.	50300	
Master skill in skinning the hides from beasts for use in Leatherworking.  Gives a potential skinning skill of 450.  Requires a Skinning Knife.	50305	
You are a Grand Master Miner.  Gives a potential mining skill of 450.	50310	
The moth's wings produce a cloud of dust that increases its attack power by $s2 and heals it for $o1 over $d.	50318,52012,52013,52014	
When activated, this ability temporarily grants you $s1% of your current maximum health for $d.  Only useable while in Bear Form, Cat Form, or Dire Bear Form.  After the effect expires, the health is lost.	50322	
When activated, this ability causes your Mangle (Bear) ability to hit up to $58923s1 targets and have no cooldown, and reduces the energy cost of all your Cat Form abilities by $s1%.  Lasts $d.  You cannot use Tiger's Fury while Berserk is active. \n\nClears the effect of Fear and makes you immune to Fear for the duration.	50334	
While in Frost Presence or Unholy Presence, you retain $s1% healing from Blood Presence, and healing done to you is increased by $s2% in Blood Presence.	50365,50371	
While in Blood Presence or Unholy Presence, you retain $s1% stamina from Frost Presence, and damage done to you is decreased by an additional $s2% in Frost Presence.	50384,50385	
While in Blood Presence or Frost Presence, you retain $s1% increased movement speed from Unholy Presence, and your runes finish their cooldowns $s2% faster in Unholy Presence.	50391,50392	
Cause a corpse to explode for $s1 Shadow damage to all enemies within $A1 yards.  Will use a nearby corpse if the target is not a corpse.  Does not affect mechanical or elemental corpses.	50444	
Gives you a $s1% bonus to physical damage you deal for $d after dealing a critical strike from a weapon swing, spell, or ability.  This effect stacks up to $u times.	50447,50448,50449	
Heals a friendly target for $s1. Heals for an additional 20% if you have a Rejuvenation, Regrowth, Lifebloom, or Wild Growth effect active on the target.	50464	
Target's melee attack power is reduced by $s1 and armor is reduced by $s2% for $d.  Only one Curse per Warlock can be active on any one target.	50511	
You summon a violent Typhoon that does $s2 Nature damage when in contact with hostile targets, knocking them back and dazing them for $61391d.	50516	
Causes the victims of your Death Coil to be surrounded by a vile swarm of unholy insects, taking $49194s1% of the damage done by the Death Coil over $50536d, and prevents diseases on the victim from being dispelled.	50536	
Inflicts $s1 Shadow damage to an enemy target and nearby allies, affecting up to $x1 targets.	50581	
Ignites the area surrounds you, causing $50590s1 Fire damage to all nearby enemies every $50589t1 sec.  Lasts $50589d.	50589	
Silence all enemies within $a1 yards for $d and restores ${$m2/10} Runic Power.  Non-player victim spellcasting is also interrupted for $32747d.	50613	
Increases the critical strike chance of your Heroic Strike, Thunder Clap and Cleave abilities by $s1%.	50685,50686,50687	
Focus your protective gaze on a group or raid target, reducing their damage taken by $s1% and transfers $<threat>% of the threat they cause to you.  In addition, each time they are hit by an attack your Taunt cooldown is refreshed.  Lasts $d.  This effect can only be on one target at a time.	50720	
Sends a bolt of chaotic fire at the enemy, dealing $s1 Fire damage. Chaos Bolt cannot be resisted, and pierces through all absorption effects.	50796,59170,59171,59172	
Spreads existing Blood Plague and Frost Fever infections from your target to all other enemies within $a3 yards.	50842	
Summons and dismisses a rideable Brewfest Kodo. This mount increases speed depending on your Riding Skill.	50869	
Summons and dismisses a rideable Brewfest ram. This mount increases speed depending on your Riding Skill.	50870	
You leech heat from victims of your Frost Fever, so that when their melee attack speed is reduced, yours increases by $s2% for the next 20 sec.	50880,50884,50885,50886,50887	
Opens a gate which the Death Knight can use to return to Ebon Hold.	50977	
Crush 5 herbs to create pigments for making inks.  This will destroy the herbs in the process.	51005	
Places a large, stationary Anti-Magic Zone that reduces spell damage done to party or raid members inside it by $50461s1%.  The Anti-Magic Zone lasts for $51052d or until it absorbs ${$51052m1+2*$AP} spell damage.	51052	
Your Crypt Fever morphs into Ebon Plague, which increases magic damage taken by 4% in addition to increasing disease damage taken.  Improves your critical strike chance with weapons and spells by $51099s2% at all times.	51099	
Your melee attacks have a chance to make your next Icy Touch, Howling Blast or Frost Strike a critical strike.	51123	
Your melee attacks have a chance to make your next Icy Touch, Howling Blast or Frost Strike a critical strike.  Effect occurs more often than Killing Machine (Rank 1).	51127	
Your melee attacks have a chance to make your next Icy Touch, Howling Blast or Frost Strike a critical strike.  Effect occurs more often than Killing Machine (Rank 2).	51128	
Your melee attacks have a chance to make your next Icy Touch, Howling Blast or Frost Strike a critical strike.  Effect occurs more often than Killing Machine (Rank 3).	51129	
Your melee attacks have a chance to make your next Icy Touch, Howling Blast or Frost Strike a critical strike.  Effect occurs more often than Killing Machine (Rank 4).	51130	
Your Crypt Fever morphs into Ebon Plague, which increases magic damage taken by 9% in addition to increasing disease damage taken.  Improves your critical strike chance with weapons and spells by $51160s2% at all times.	51160	
Your Crypt Fever morphs into Ebon Plague, which increases magic damage taken by 13% in addition to increasing disease damage taken.  Improves your critical strike chance with weapons and spells by $51161s2% at all times.	51161	
Increases your total spell haste by $s1% and reduces the base cooldown of your Lifebloom spell by ${$m2/-15}%.	51179,51180,51181,51182,51183	
You become as hard to stop as death itself.  The duration of all Stun and Fear effects used against you is reduced by 20%, and your mounted speed is increased by 20%.  This does not stack with other movement speed increasing effects.	51267,51970	
Reinforces your armor with a thick coat of ice, increasing your armor by $s1% and increasing your Strength by $s2% for $d.	51271	
Allows a cook to make amazing recipes up to a maximum potential skill of 450.	51296	
Allows a Blacksmith to make weapons and armor up to a maximum potential skill of 450.	51300	
Allows a leatherworker to make master quality leather armors, up to a maximum potential skill of 450.	51302	
Allows an alchemist to brew extraordinary potions up to a maximum potential skill of 450.	51304	
Allows an engineer to make bombs and gizmos that very often work as intended up to a maximum potential skill of 450.	51306	
Allows a tailor to make incomparable shirts and armors up to a maximum potential skill of 450.	51309	
Allows a jewelcrafter to make fantastic jewelry, up to a maximum potential skill of 450.	51311	
Allows an enchanter to put masterful enchantments on weapons and armor up to a maximum potential skill of 450.	51313	
Summons and dismisses a rideable Big Battle Bear.  This mount increases speed depending on your Riding Skill.	51412	
Your auto attacks deal an additional $s1% Shadow damage.	51459,51462,51463,51464,51465	
While Clearcasting from Elemental Focus is active, you deal $s2% more spell damage. In addition, party and raid members within $a1 yards receive a $s1% bonus to their spell critical strike chance.	51466,51470	
Increases the critical strike chance of your melee special abilities by $s2%.  In addition, there is a $s1% chance that your Obliterate will do its damage without consuming diseases.	51468,51472,51473	
When stunned, feared or silenced you  shift into the Astral Plane reducing all damage taken by $s1% for the duration of the stun, fear or silence effect.	51474,51478	
When stunned, feared or silenced you shift into the Astral Plane reducing all damage taken by $s1% for the duration of the stun, fear or silence effect.	51479	
Increases the critical strike damage bonus of your Lava Burst spell by an additional $51480s2%, and when your Flame Shock is dispelled your spell casting speed is increased by $51480s1% for $64694d.	51480	
Increases the critical strike damage bonus of your Lava Burst spell by an additional $51481s2%, and when your Flame Shock is dispelled your spell casting speed is increased by $51481s1% for $64694d.	51481	
Increases the critical strike damage bonus of your Lava Burst spell by an additional $51482s2%, and when your Flame Shock is dispelled your spell casting speed is increased by $51482s1% for $64694d.	51482	
Reduces the cooldown of your Chain Lightning spell by .75 sec, your Earthbind Totem also has a $s2% chance to root targets for $64695d when cast and the periodic damage done by your Flame Shock is increased by $s3%.	51483	
Reduces the cooldown of your Chain Lightning spell by 1.5 sec, your Earthbind Totem also has a $s2% chance to root targets for $64695d when cast and the periodic damage done by your Flame Shock is increased by $s3%.	51485	
Reduces the cooldown of your Chain Lightning spell by 2.5 sec, your Earthbind Totem also has a $s2% chance to root targets for $64695d when cast and the periodic damage done by your Flame Shock is increased by $s3%.	51486	
You call down a bolt of lightning, energizing you and damaging nearby enemies within $a1 yards. Restores $s2% mana to you and deals $s1 Nature damage to all nearby enemies, knocking them back 20 yards. This spell is usable while stunned.	51490,59156,59158,59159	
You hurl molten lava at the target, dealing $s1 Fire damage. If your Flame Shock is on the target, Lava Burst will deal a critical strike.	51505,60043	
Transforms the enemy into a frog. While hexed, the target cannot attack or cast spells. Damage caused may interrupt the effect. Lasts $d. Only one target can be hexed at a time.  Only works on Humanoids and Beasts.	51514	
When you Stormstrike, you have a $h% chance to immediately grant you $63375s1% of your base mana.	51521,51522	
Your Earthbind Totem's pulses have a $s1% chance to also remove all snare effects from you and nearby friendly targets, and your Earth Shock reduces enemy attack speed by an additional $/10;s2%.	51523,51524	
You have a $s1% chance to hit your target with a Lightning Shield orb charge when you deal damage with melee attacks and abilities, and your Lightning Shield gains $s2 additional charges.	51525,51526,51527	
When you deal damage with a melee weapon, you have a chance to reduce the cast time of your next Lightning Bolt, Chain Lightning, Lesser Healing Wave, Healing Wave, Chain Heal, or Hex spell by $53817s1%. Stacks up to 5 times. Lasts $53817d.	51528	
When you deal damage with a melee weapon, you have a chance (higher than rank 1) to reduce the cast time of your next Lightning Bolt, Chain Lightning, Lesser Healing Wave, Healing Wave, Chain Heal, or Hex spell by $53817s1%. Stacks up to 5 times. Lasts $53817d.	51529	
When you deal damage with a melee weapon, you have a chance (higher than rank 2) to reduce the cast time of your next Lightning Bolt, Chain Lightning, Lesser Healing Wave, Healing Wave, Chain Heal, or Hex spell by $53817s1%. Stacks up to 5 times. Lasts $53817d.	51530	
When you deal damage with a melee weapon, you have a chance (higher than rank 3) to reduce the cast time of your next Lightning Bolt, Chain Lightning, Lesser Healing Wave, Healing Wave, Chain Heal, or Hex spell by $53817s1%. Stacks up to 5 times. Lasts $53817d.	51531	
When you deal damage with a melee weapon, you have a chance (higher than rank 4) to reduce the cast time of your next Lightning Bolt, Chain Lightning, Lesser Healing Wave, Healing Wave, Chain Heal, or Hex spell by $53817s1%. Stacks up to 5 times. Lasts $53817d.	51532	
Summons two Spirit Wolves under the command of the Shaman, lasting $d.	51533	
Increases the critical effect chance of your spells by $s1%, and increases the chance to apply the Earthliving heal over time effect on the target by $s2% when they are at or under 35% total health.	51554,51555	
When you critically heal with your Healing Wave, Lesser Healing Wave or Riptide you summon an Ancestral spirit to aid you, instantly healing the lowest percentage health friendly party or raid target within 40 yards for $s1% of the amount healed.	51556,51557,51558	
Increases the amount of charges for your Earth Shield by $s1, and increases the healing done by your Earth Shield by $s2%.	51560,51561	
When you cast Chain Heal or Riptide, you have a $s1% chance to lower the cast time of your Healing Wave spell by $53390s1% and increase the critical effect chance of your Lesser Healing Wave spell by $53390s2%, until two such spells have been cast. In addition, your Healing Wave gains an additional $s2% of your bonus healing effects and your Lesser Healing Wave gains an additional $s3% of your bonus healing effects.	51562,51563,51564,51565,51566	
When you apply Instant, Wound or Mind-Numbing poison to a target, you have a $h% chance to apply Crippling poison.	51625,51626	
Whenever anyone in your party or raid blocks, dodges, or parries an attack your chance to critically hit with all combo moves is increased by $52914s1% for $52914d.	51627	
Whenever anyone in your party or raid blocks, dodges, or parries an attack your chance to critically hit with all combo moves is increased by $52915s1% for $52915d.	51628	
Whenever anyone in your party or raid blocks, dodges, or parries an attack your chance to critically hit with all combo moves is increased by $52910s1% for $52910d.	51629	
Increases the damage caused by your Garrote and Rupture abilities by $s1%.	51632,51633	
Your melee critical strikes have a $h% chance to give you $s1 energy.	51634,51635,51636	
Your melee critical strikes have a chance to give you energy.	51637	
Enrages you, increasing all damage caused by $63848s1%.  Requires a bleed effect to be active on the target.  Lasts $63848d.	51662	
Your Eviscerate and Envenom abilities have a $h% chance to refresh your Slice and Dice duration to its 5 combo point maximum.	51664,51665,51667,51668,51669	
Whenever you dodge an attack you gain an Unfair Advantage, striking back for $51675s2% of your main hand weapon's damage.  This cannot occur more than once per second.	51672	
Whenever you dodge an attack you gain an Unfair Advantage, striking back for $51677s2% of your main hand weapon's damage.  This cannot occur more than once per second.	51674	
Whenever you dodge an attack you gain an Unfair Advantage, striking back for $51675s2% of your main hand weapon's damage.	51675	
Whenever you dodge an attack you gain an Unfair Advantage, striking back for $51677s2% of your main hand weapon's damage.	51677	
Increases the range of Throw and Deadly Throw and gives your Deadly Throw a chance to interrupt the target for $51680d.	51680	
Increases your total attack power by $s2% and all physical damage caused to enemies you have poisoned is increased by $58684s1%.	51682	
Your critical strike damage is increased by $s1% when the target has less health than you (as a percentage of total health).	51685,51686,51687,51688,51689	
Step through the shadows from enemy to enemy within 10 yards, attacking an enemy every .5 secs with both weapons until 5 assaults are made, and increasing all damage done by $61851s3% for the duration.  Can hit the same target multiple times.  Cannot hit invisible or stealthed targets.	51690	
Your Ambush and Backstab hits have a $h% chance to unbalance a target, increasing the time between their melee and ranged attacks by $51693s1%, and reducing movement speed by $51693s2% for $51693d.	51692,51696	
Your Ambush and Backstab hits have a chance to unbalance a target, increasing the time between their melee and ranged attacks by $51693s1%, and reducing movement speed by $51693s2% for $51693d.	51693	
When anyone in your group critically hits with a damage or healing spell or ability, you have a $s1% chance to gain a combo point on your current target.  This effect cannot occur more than once every second.	51698,51700,51701	
Reduces the energy cost of your Backstab and Ambush abilities by $s1 and the energy cost of your Hemorrhage by $s2, and increases all damage done by $s3%.	51708,51709,51710,51711,51712	
Enter the Shadow Dance for $d, allowing the use of Sap, Garrote, Ambush, Cheap Shot, Premeditation, Pickpocket and Disarm Trap regardless of being stealthed.	51713	
Right Click to summon and dismiss your nether ray fry.	51716	
Disarm the enemy, removing all weapons, shield or other equipment carried for $d.	51722	
Instantly throw both weapons at all targets within $a1 yards, causing ${$m1*1.5}% weapon damage with daggers, and $s1% weapon damage with all other weapons.	51723	
Incapacitates the target for up to $d.  Must be stealthed.  Only works on Humanoids, Beasts, Demons and Dragonkin that are not in combat.  Any damage caused will revive the target.  Only 1 target may be sapped at a time.	51724	
Imbue the Shaman's weapon with earthen life. Increases healing done by $51940s2 and each heal has a $<chance>% chance to proc Earthliving on the target, healing an additional $51945o over $51945d. Lasts 30 minutes.	51730	
Increases the critical strike chance by $s2% and critical strike damage bonus by $s1% of your Plague Strike and Scourge Strike.	51745,51746	
Right Click to summon and dismiss your vampiric batling.	51851	
Increases the damage done by your Lightning Shield orbs by $s1%, increases the amount of mana gained from your Water Shield orbs by $s2% and increases the amount of healing done by your Earth Shield orbs by $s2%.	51881	
Increases your Attack Power by $s1% of your Intellect.	51883,51884,51885	
Cleanse the spirit of a friendly target, removing 1 poison effect, 1 disease effect, and 1 curse effect.	51886	
Summons and dismisses a rideable Frost Wyrm Mount.    This mount can only be summoned in Outland and Northrend. This mount increases speed depending on your Riding Skill.	51960	
Imbue the Shaman's weapon with earthen life. Increases healing done by $51989s2 and each heal has a $<chance>% chance to proc Earthliving on the target, healing an additional $51990o over $51990d. Lasts 30 minutes.	51988	
Imbue the Shaman's weapon with earthen life. Increases healing done by $52004s2 and each heal has a $<chance>% chance to proc Earthliving on the target, healing an additional $51997o over $51997d. Lasts 30 minutes.	51991	
Imbue the Shaman's weapon with earthen life. Increases healing done by $52005s2 and each heal has a $<chance>% chance to proc Earthliving on the target, healing an additional $51998o over $51998d. Lasts 30 minutes.	51992	
Imbue the Shaman's weapon with earthen life. Increases healing done by $52007s2 and each heal has a $<chance>% chance to proc Earthliving on the target, healing an additional $51999o over $51999d. Lasts 30 minutes.	51993	
Imbue the Shaman's weapon with earthen life. Increases healing done by $52008s2 and each heal has a $<chance>% chance to proc Earthliving on the target, healing an additional $52000o over $52000d. Lasts 30 minutes.	51994	
The caster is surrounded by $52127n globes of water, granting $52127s2 mana per 5 sec.  When a spell, melee or ranged attack hits the caster, $52128s1 mana is restored to the caster. This expends one water globe.  Only one globe will activate every few seconds.  Lasts $52127d.  Only one Elemental Shield can be active on the Shaman at any one time.	52127	
The caster is surrounded by $52129n globes of water, granting $52129s2 mana per 5 sec.  When a spell, melee or ranged attack hits the caster, $52130s1 mana is restored to the caster. This expends one water globe.  Only one globe will activate every few seconds.  Lasts $52129d.  Only one Elemental Shield can be active on the Shaman at any one time.	52129	
The caster is surrounded by $52131n globes of water, granting $52131s2 mana per 5 sec.  When a spell, melee or ranged attack hits the caster, $52132s1 mana is restored to the caster. This expends one water globe.  Only one globe will activate every few seconds.  Lasts $52131d.  Only one Elemental Shield can be active on the Shaman at any one time.	52131	
The caster is surrounded by $52134n globes of water, granting $52134s2 mana per 5 sec.  When a spell, melee or ranged attack hits the caster, $52133s1 mana is restored to the caster. This expends one water globe.  Only one globe will activate every few seconds.  Lasts $52134d.  Only one Elemental Shield can be active on the Shaman at any one time.	52134	
The caster is surrounded by $52136n globes of water, granting $52136s2 mana per 5 sec.  When a spell, melee or ranged attack hits the caster, $52135s1 mana is restored to the caster. This expends one water globe.  Only one globe will activate every few seconds.  Lasts $52136d.  Only one Elemental Shield can be active on the Shaman at any one time.	52136	
The caster is surrounded by $52138n globes of water, granting $52138s2 mana per 5 sec.  When a spell, melee or ranged attack hits the caster, $52137s1 mana is restored to the caster. This expends one water globe.  Only one globe will activate every few seconds.  Lasts $52138d.  Only one Elemental Shield can be active on the Shaman at any one time.	52138	
Reduces the cooldown on Raise Dead by ${$m1/-1000} sec, and the Ghoul summoned by your Raise Dead spell is considered a pet under your control.  Unlike normal Death Knight Ghouls, your pet does not have a limited duration.	52143	
Allows the deciphering of strange and mysterious writings.	52175	
When at less than 35% health, your pet does $s1% more damage and has a $s2% reduced chance to be critically hit.	52234,53497	
Deals $m1 to $M1 Frost damage modified by attack power and reduces the target's ranged, melee attack, and casting speed by $s2% for $d.	52372	
A vicious strike that deals weapon damage plus $s1 modified by attack power and plagues the target, dealing $o2 Shadow damage over $d.	52373	
Instantly strike the enemy, causing $s2% weapon damage plus ${$m1*$m2/100} for each disease effect on the target.	52374	
Fire a blast of unholy energy, causing ${$m1*.4} Shadow damage modified by attack power to an enemy target or healing ${$m1*.6} damage from a friendly Undead target.	52375	
Increases the effect of your Strength of Earth and Flametongue Totems by $s1%.	52456	
Finishing move that increases physical damage done by $s2%.  Only useable while in Cat Form.  Lasts longer per combo point:\n   1 point  : 14 seconds\n   2 points: 19 seconds\n   3 points: 24 seconds\n   4 points: 29 seconds\n   5 points: 34 seconds	52610	
Right Click to summon and dismiss Frosty the frost wyrm whelp.	52615	
Use the Milling skill found in your spellbook to crush herbs into pigments.  You can use pigments to create inks.	52738	
While tracking Beasts, Demons, Dragonkin, Elementals, Giants, Humanoids and Undead, all damage done to those types by the Hunter is increased by $s1%.	52783,52785,52786,52787,52788	
Grants $s1% spell haste for your next spell after casting Power Word: Shield, and increases the amount absorbed by your Power Word: Shield equal to $s2% of your spell power.	52795,52797,52798,52799,52800	
When your pet's Claw, Bite, or Smack ability deals a critical strike, you and your pet deal $s1% increased damage for $70893d.	52858,61680,61681	
Launches a volley of holy light at the target, causing $52998s1 Holy damage to an enemy, or $52983s1 healing to an ally instantly and every $47758t2 sec for $47758d.	52983,52998,53005	
Launches a volley of holy light at the target, causing $52999s1 Holy damage to an enemy, or $52984s1 healing to an ally instantly and every $47758t2 sec for $47758d.	52984,52999,53006	
Launches a volley of holy light at the target, causing $53000s1 Holy damage to an enemy, or $52985s1 healing to an ally instantly and every $47758t2 sec for $47758d.	52985,53000,53007	
Causes an explosion of shadow magic around the enemy target, causing $s1 Shadow damage every 1 sec for $53023d to all enemies within $a1 yards around the target.	53022	
Causes an explosion of shadow magic around the enemy target, causing $53022s1 Shadow damage every $T1 sec for $d to all enemies within $49821a1 yards around the target.	53023	
Right-click to summon and dismiss Mini Tyrael.	53082	
Increases the attack power by $53137s1% of party and raid members within $53137a1 yards.  Also increases your total Strength by $53137s2%.	53137	
Increases the attack power by $53138s1% of party and raid members within $53138a1 yards.  Also increases your total Strength by $53138s2%.	53138	
Teleports the caster to Dalaran.	53140	
Creates a portal, teleporting group members that use it to Dalaran.	53142	
Increases your pet's armor by $s1% and chance to Dodge by $s2%.	53175,53176	
Your pet's Growl generates $s1% additional threat and 10% of its total happiness.	53178,53179	
The movement speed penalty of your pet's Cower is reduced by $s1%.	53180,53181	
Your pet does an additional $s1% damage with all attacks.	53182,53183,53184,62759,62760	
Your pet's attacks have a 10% chance to increase its happiness by 5% and heal 5% of its total health.	53186	
Your pet's attacks have a 20% chance to increase its happiness by 5% and heal 5% of its total health.	53187	
You summon a flurry of stars from the sky on all targets within $53196a yards of the caster, each dealing $53191s1 Arcane damage. Also causes $53188s1 Arcane damage to all other enemies within $53188a1 yards of the enemy target. Maximum 20 stars. Lasts $53199d.  Shapeshifting into an animal form or mounting cancels the effect. Any effect which causes you to lose control of your character will suppress the starfall effect.	53199	
You summon a flurry of stars from the sky on all targets within $53197a yards of the caster, each dealing $53194s1 Arcane damage. Also causes $53189s1 Arcane damage to all other enemies within $53189a1 yards of the enemy target. Maximum 20 stars. Lasts $53200d.  Shapeshifting into an animal form or mounting cancels the effect. Any effect which causes you to lose control of your character will suppress the starfall effect.	53200	
You summon a flurry of stars from the sky on all targets within $53198a yards of the caster, each dealing $53195s1 Arcane damage. Also causes $53190s1 Arcane damage to all other enemies within $53190a1 yards of the enemy target. Maximum 20 stars. Lasts $53201d.  Shapeshifting into an animal form or mounting cancels the effect. Any effect which causes you to lose control of your character will suppress the starfall effect.	53201	
You deal $s3% weapon damage, refreshing the current Sting on your target and triggering an effect:\n\nSerpent Sting - Instantly deals 40% of the damage done by your Serpent Sting.\n\nViper Sting - Instantly restores mana to you equal to 60% of the total amount drained by your Viper Sting.\n\nScorpid Sting - Attempts to Disarm the target for 10 sec. This effect cannot occur more than once per 1 minute.	53209	
You have a $h% chance to shoot an additional shot when doing damage with your auto shot, dealing $53254s1% weapon nature damage. Wild Quiver consumes no ammo.	53215,53216,53217	
Your Steady Shot hits have a chance to increase the damage done by your next Aimed Shot, Arcane Shot or Chimera Shot by $53220s1%, and reduce the mana cost of your next Aimed Shot, Arcane Shot or Chimera Shot by $53220s2%.	53220	
Your Steady Shot hits have a $h% chance to increase the damage done by your next Aimed Shot, Arcane Shot or Chimera Shot by $53220s1%, and reduce the mana cost of your next Aimed Shot, Arcane Shot or Chimera Shot by $53220s2%.	53221,53222,53224	
You summon a violent Typhoon that does $s2 Nature damage when in contact with hostile targets, knocking them back and dazing them for $61390d.	53223	
You summon a violent Typhoon that does $s2 Nature damage when in contact with hostile targets, knocking them back and dazing them for $61388d.	53225	
You summon a violent Typhoon that does $s2 Nature damage when in contact with hostile targets, knocking them back and dazing them for $61387d.	53226	
You summon a violent Typhoon that does $s2 Nature damage when in contact with hostile targets, knocking them back and dazing them for $d.	53227,61387,61388,61390,61391	
You gain $64180s1% of your mana every $53230t1 sec while under the effect of Rapid Fire, and you gain $56654s1% of your mana every $56654t1 sec for $56654d when you gain Rapid Killing.	53228	
You gain $64181s1% of your mana every $54227t1 sec while under the effect of Rapid Fire, and you gain $58882s1% of your mana every $58882t1 sec for $58882d when you gain Rapid Killing.	53232	
Your critical Aimed, Steady and Chimera Shots cause the target to bleed for $s1% of the damage dealt over $63468d.	53234,53237,53238	
Increases your damage done by your shots and the damage done by your pet's special abilities by $s1% on marked targets, and increases the critical strike damage bonus of your Aimed Shot, Arcane Shot, Steady Shot, Kill Shot and Chimera Shot by $s2%.	53241,53243,53244,53245,53246	
When your pet scores a critical hit with a special ability, you have a $s1% chance to instantly regenerate $53398s1% mana.	53252,53253	
You have a chance to shoot an additional shot when doing damage with your auto shot, dealing $53254s1% weapon nature damage. Wild Quiver consumes no ammo.	53254	
You have a $h% chance when you critically hit with Arcane Shot, Steady Shot or Kill Shot to cause your pet's next 2 special attacks to critically hit.	53256,53259,53260	
Reduces the cooldown of your Bestial Wrath, Intimidation and Pet Special Abilities by $s1%.	53262,53263,53264	
Aspect of the Viper - Reduces the damage penalty by $s1%.\n\nAspect of the Monkey - Reduces the damage done to you while active by $s2%.\n\nAspect of the Hawk - Increases the attack power bonus by $s3%.\n\nAspect of the Dragonhawk - Combines the bonuses from Aspect of the Monkey and Hawk.	53265	
You master the art of Beast training, teaching you the ability to tame Exotic pets and increasing your total amount of Pet Skill Points by $s2.	53270	
Your pet attempts to remove all root and movement impairing effects from itself and its target, and causes your pet and its target to be immune to all such effects for $54216d.	53271	
Increases your total Agility by an additional $s2%, and your Arcane Shot, Explosive Shot and Steady Shot critical strikes have a $h% chance to grant up to 10 party or raid members mana regeneration equal to 1% of the maximum mana per 5 sec. Lasts for $57669d.	53290,53291,53292	
If Wyvern Sting is dispelled, the dispeller is also afflicted by Wyvern Sting lasting $s2% of the duration remaining, and increases all damage done by you on targets afflicted by your Serpent Sting by $s1%.	53295,53296,53297	
Increases the critical strike chance of all of your attacks on targets affected by your Frost Trap, Freezing Trap and Freezing Arrow by $s1%.	53298,53299	
You fire an explosive charge into the enemy target, dealing ${$RAP*0.14+$m1}-${$RAP*0.14+$M1} Fire damage. The charge will blast the target every second for an additional $d.	53301,60051,60052,60053	
Increases the critical strike chance of your Kill Shot ability by $53302s2%, and while standing still for $53302s1 sec, you gain Sniper Training increasing the damage done by your Steady Shot, Aimed Shot, Black Arrow and Explosive Shot by $64418s1% for $64418d.	53302	
Increases the critical strike chance of your Kill Shot ability by $53303s2%, and while standing still for $53303s1 sec, you gain Sniper Training increasing the damage done by your Steady Shot, Aimed Shot, Black Arrow and Explosive Shot by $64419s1% for $64419d.	53303	
Increases the critical strike chance of your Kill Shot ability by $53304s2%, and while standing still for $53304s1 sec, you gain Sniper Training increasing the damage done by your Steady Shot, Aimed Shot, Black Arrow and Explosive Shot by $64420s1% for $64420d.	53304	
Roots the target in place and causes $o2 Nature damage over $d.  Damage caused may interrupt the effect.	53308	
While active, any time an enemy strikes the caster they have a $h% chance to become afflicted by Entangling Roots (Rank 8).  $n charges.  Lasts $d.	53312	
Right Click to summon and dismiss your ghostly skull.	53316	
Affixes your two-handed rune weapon with a rune that increases Parry chance by 4% and reduces the duration of Disarm effects by $43588s1%.  Modifying your rune weapon requires a Rune Forge in Ebon Hold.	53323	
Affixes your rune weapon with a rune that adds 2% extra weapon damage as Fire damage or 4% versus Undead targets.  Modifying your rune weapon requires a Rune Forge in Ebon Hold.	53331	
Places the Hunter's Mark on the target, increasing the ranged attack power of all attackers against that target by $s2.  In addition, the target of this ability can always be seen by the hunter whether it stealths or turns invisible.  The target also appears on the mini-map.  Lasts for $d.	53338	
Attack the enemy for ${$AP*0.2+$m1} damage.	53339	
Affixes your rune weapon with a rune that has a chance to increase the damage by $53386s1% for your next 2 attacks that deal Frost or Shadow damage.  Modifying your rune weapon requires a Rune Forge in Ebon Hold.	53341	
Affixes your two-handed rune weapon with a rune that deflects $53362s1% of all spell damage and reduces the duration of Silence effects by $60209s1%.  Modifying your rune weapon requires a Rune Forge in Ebon Hold.	53342	
Affixes your weapon with a rune that causes 2% extra weapon damage as Frost damage and increases enemies' vulnerability to your Frost attacks. Modifying your rune weapon requires a Rune Forge in Ebon Hold.	53343	
Affixes your rune weapon with a rune that has a chance to heal you for $53365s2% and increase total Strength by $53365s1% for $53365d.  Modifying your rune weapon requires a Rune Forge in Ebon Hold.	53344	
You attempt to finish the wounded target off, firing a long range attack dealing $s2% weapon damage plus ${$RAP*0.40+$m1*2}. Kill Shot can only be used on enemies that have 20% or less health.	53351,61005,61006	
You fire an explosive charge into the enemy target, dealing Fire damage. The charge will blast the target every second for an additional $53301d.	53352	
Increases the critical strike chance of Hammer of Wrath by $s2%, reduces the cooldown of Avenging Wrath by $/1000;s1 secs and while affected by Avenging Wrath $s3% of all damage caused bypasses damage reduction effects.	53375,53376	
Your auras also increase casting, ranged and melee attack speeds by $s1%.	53379,53484,53648	
When your Judgement, Crusader Strike and Divine Storm spells deal a critical strike, your target will take $s1% additional damage over $61840d.	53380,53381,53382	
An instant weapon attack that causes $s1% of weapon damage to up to ${$i-1} enemies within $a3 yards.  The Divine Storm heals up to 3 party or raid members totaling $s2% of the damage caused.	53385	
Your pet goes into a killing frenzy.  Successful attacks have a chance to increase attack power by $53403s1%.  This effect will stack up to $53403u times.  Lasts $53401d.	53401	
Unleashes the energy of a Seal spell to judge an enemy for $20184d, preventing them from fleeing and limiting their movement speed.  Refer to individual Seals for additional Judgement effect.  Only one Judgement per Paladin can be active at any one time.	53407	
Unleashes the energy of a Seal spell to judge an enemy for $20186d, giving each attack a chance to restore $20268s1% of the attacker's base mana.  Refer to individual Seals for additional Judgement effect.  Only one Judgement per Paladin can be active at any one time.	53408	
Reduces the duration of all Stun and Fear effects used against your pet by $s1%.	53409,53411	
Your pet heals itself for $o1% of its total health over $d while channeling.	53426	
Your pet takes $s1% less damage from Arcane, Fire, Frost, Nature and Shadow magic.	53427,53429,53430	
Allows the Death Knight to emblazon their weapon with runes.	53428	
Your pet roars, increasing your pet's and your melee and ranged attack power by $s1%.  Lasts $d.	53434	
Reduces the chance your pet will be critically hit by melee attacks by $s1%.	53450,53451	
Your pet runs at high speed towards a group member, intercepting the next melee or ranged attack made against them.	53476	
Your pet taunts the target to attack it for $d.	53477	
Your pet temporarily gains 30% of its maximum health for $53479d.  After the effect expires, the health is lost.	53478	
Protects a friendly target from critical strikes, making attacks against that target unable to be critical strikes, but $s2% of all damage taken by that target is also taken by the pet.  Lasts $d.	53480	
Increases your pet's total Stamina by $s1% and increases all healing effects on your pet by $s2%.	53481,53482	
Reduces the cooldown on your pet's Dash ability by ${$m1/-1000} sec.	53483,53485	
Increases the damage of your Judgement, Crusader Strike and Divine Storm abilities by $s1% and when your melee attacks critically hit the cast time of your next Flash of Light or Exorcism is reduced by ${$53489m1/-1000}.2 sec.	53486	
Increases the damage of your Judgement, Crusader Strike and Divine Storm abilities by $s1% and when your melee attacks critically hit your next Flash of Light  or Exorcism spell becomes instant cast.	53488	
Increases the critical strike damage of your Judgement, Crusader Strike and Divine Storm abilities by $53486s1% and when your melee attacks critically hit the cast time of your next Flash of Light or Exorcism is reduced by ${$53489m1/-1000}.2 sec.	53489	
Removes all movement impairing effects and all effects which cause loss of control of your pet, and reduces damage done to your pet by $63896s1% for $63896d.	53490	
Increases your spell power by an amount equal to $s1% of your attack power and your critical healing spells heal the target for $s2% of the healed amount over 12 seconds.	53501,53502,53503	
A fierce attack causing $s1 damage, modified by pet level, that your pet can use after it makes a critical attack.  Cannot be dodged, blocked or parried.	53508	
Your pet does $s1% additional damage to targets with less than 35% health.	53511,53512	
Your pet has a $53514h% chance after using an ability that the next ability will cost no Focus if used within $53515d.	53514	
Your pet has a $53516h% chance after using an ability that the next ability will cost no Focus if used within $53515d.	53516	
Your pet's inspiring roar restores $o1% of your total mana over $d.	53517	
Reduces the duration of all Stun effects by an additional $s1% and reduces the chance your helpful spells and damage over time effects will be dispelled by an additional $s2%.	53519	
When Divine Sacrifice is activated, your party and raid members within $70940a1 yards take $s1% reduced damage for $70940d.  In addition, increases the duration of your Sacred Shield by $s2% and the amount absorbed by $s3%.	53527,53530	
Your Cleanse spell has a $h% chance to increase the target's resistance to Disease, Magic and Poison by $53659s1% for $53659d.	53551,53552,53553	
Reduces the cooldown on your pet's Dive ability by ${$m1/-1000} sec.	53554,53555	
Increases the range of your Judgement of Light and Judgement of Wisdom spells by $s1 yards and increases your chance to hit by $s2%.	53556,53557	
The target becomes a Beacon of Light to all members of your party or raid within a 60 yard radius.  Any heals you cast on party or raid members will also heal the Beacon for $s1% of the amount healed.  Only one target can be the Beacon of Light at a time. Lasts $d.	53563	
Your Holy Shock critical hits reduce the cast time of your next Flash of Light by ${$53672m2/-1000}.2 sec or increase the critical chance of your next Holy Light by $53672s1%.  In addition, causes your Flash of Light to heal targets with Sacred Shield for an additional $s3% over $66922d.	53569	
Your Holy Shock critical hits reduce the cast time of your next Flash of Light by ${$54149m2/-1000}.1 sec or increase the critical chance of your next Holy Light by $54149s1%.  In addition, causes your Flash of Light to heal targets with Sacred Shield for an additional $s3% over $66922d.	53576	
Reduces spell damage taken by $s2% and gives a $h% chance to refresh the duration of your Divine Plea when you hit an enemy.  In addition, your Divine Plea spell is $s1% less likely to be dispelled.	53583,53585	
Increases your spell power by an amount equal to $s1% of your Strength and increases the amount healed by your critical heals by $s2%.	53590,53591,53592	
Hammer the current target and up to ${$x1-1} additional nearby targets, causing $s3 times your main hand damage per second as Holy damage.	53595	
Slam the target with your shield, causing Holy damage based on your block value plus an additional $s1.	53600,61411	
Each time the target takes damage they gain a Sacred Shield, absorbing $58597s1 damage and increasing the paladin's chance to critically hit with Flash of Light by $58597s2% for up to $58597d.  They cannot gain this effect more than once every $s2 sec.  Lasts $d.  This spell cannot be on more than one target at any one time.	53601	
Reduces the pushback suffered from damaging attacks while casting Steady Shot by $s1%, and increases your chance to hit by $s2%.	53620,53621,53622	
The target becomes a Beacon of Light to all targets within a 60 yard radius.  Any heals you cast on those targets will also heal the Beacon for $s1% of the amount healed.	53651	
The target becomes a Beacon of Light to all targets within a 40 yard radius.  Any heals you cast on those targets will also heal the Beacon for $53563s1% of the amount healed.  Only one target can be the Beacon of Light at a time. Lasts $53563d.	53652,53653,53654	
Increases the damage done by your Seal and Judgement spells by $53671s2%, and your Judgement spells increase your casting and melee haste by $53655s1% for $53655d.	53655	
Increases the damage done by your Seal and Judgement spells by $53673s2%, and your Judgement spells increase your casting and melee haste by $53656s1% for $53656d.	53656	
Increases the damage done by your Seal and Judgement spells by $54151s2%, and your Judgement spells increase your casting and melee haste by $53657s1% for $53657d.	53657	
Your Cleanse spell has a chance to increase the target's resistance to Disease, Magic and Poison.	53659	
Reduces the mana cost of Hand of Freedom, Hand of Sacrifice and Hand of Salvation by $s1%, increases the effectiveness of Hand of Salvation by $s3% and the effectiveness of Hand of Sacrifice by an additional $s2%.	53660,53661	
Increases the damage done by your Seal and Judgement spells by $s2%, and your Judgement spells increase your casting and melee haste by $53655s1% for $53655d.	53671	
Your Holy Shock critical hits reduce the cast time of your next Flash of Light by ${$53672m2/-1000}.2 sec or increase the critical chance of your next Holy Light by $s1%.	53672	
Increases the damage done by your Seal and Judgement spells by $s2%, and your Judgement spells increase your casting and melee haste by $53656s1% for $53656d.	53673	
Reduces the cooldown of your Hammer of Justice by $/1000;s2 sec, increases the duration of your Seal of Justice effect by $/1000;S3 sec and your Judgement spells also reduce the melee attack speed of the target by $s1%.	53695,53696	
Reduces all damage taken by $s2% and grants your Avenger's Shield a $h% chance to silence your targets for $63529d.	53709,53710,53711	
Unleashing this Seal's energy will judge an enemy, instantly causing Holy damage at the cost of health equal to 33% of the damage caused.	53726	
Deals ${1+0.22*$SPH+0.14*$AP} Holy damage to an enemy, increased by 10% for each application of Blood Corruption on the target.	53733	
Fills the Paladin with holy power, causing attacks to apply Blood Corruption, which deals ${(0.013*$SPH+0.025*$AP)*5} additional Holy damage over $31803d.  Once stacked to $31803u times, each of the Paladins attacks also deals $53739s1% weapon damage as additional Holy damage.  Blood Corruption can stack up to $31803u times.  Only one Seal can be active on the Paladin at any one time.  Lasts $d.\n\nUnleashing this Seal's energy will deal ${1+0.22*$SPH+0.14*$AP} Holy damage to an enemy, increased by 10% for each application of Blood Corruption on the target.	53736	
Holy damage every $t1 sec.	53742	
Causes your Fear spell to inflict a Nightmare on the target when the fear effect ends. The Nightmare effect reduces the target's movement speed by $60946s1% for $60946d.	53754	
Your next Fear is instant cast.	53756	
Causes your Fear spell to inflict a Nightmare on the target when the fear effect ends. The Nightmare effect reduces the target's movement speed by $60947s1% for $60947d.	53759	
Transmutes Eternal Life to Shadow.  You have a chance to discover other transmutations when successful.	53771	
Transmutes Eternal Life to Fire.  You have a chance to discover other transmutations when successful.	53773	
Transmutes Eternal Fire to Water.  You have a chance to discover other transmutations when successful.	53774	
Transmutes Eternal Fire to Life.  You have a chance to discover other transmutations when successful.	53775	
Transmutes Eternal Air to Water.  You have a chance to discover other transmutations when successful.	53776	
Transmutes Eternal Air to Earth.  You have a chance to discover other transmutations when successful.	53777	
Transmutes Eternal Shadow to Earth.  You have a chance to discover other transmutations when successful.	53779	
Transmutes Eternal Shadow to Life.  You have a chance to discover other transmutations when successful.	53780	
Transmutes Eternal Earth to Air.  You have a chance to discover other transmutations when successful.	53781	
Transmutes Eternal Earth to Shadow.  You have a chance to discover other transmutations when successful.	53782	
Transmutes Eternal Water to Air.  You have a chance to discover other transmutations when successful.	53783	
Transmutes Eternal Water to Fire.  You have a chance to discover other transmutations when successful.	53784	
Transmutes Eternal Life to Shadow.	54020	
Your Felhunter regains 4% of its maximum mana each time it hits with its Shadow Bite ability and the cooldown on that ability is reduced by ${$m1/-1000} sec.  In addition, increases the effect of your Felhunter's Fel Intelligence by $s2%.	54037	
Your Felhunter regains 8% of its maximum mana each time it hits with its Shadow Bite ability and the cooldown on that ability is reduced by ${$m1/-1000} sec.  In addition, increases the effect of your Felhunter's Fel Intelligence by $s2%.	54038	
Causes $s1 Holy damage to any enemy that strikes a party or raid member within $a1 yards.  Players may only have one Aura on them per Paladin at any one time.	54043	
Your pet can generate health and happiness by eating a corpse.  Will not work on the remains of elemental or mechanical creatures.	54044	
Bite the enemy, causing $s1 Shadow damage plus an additional $s3% damage for each of your damage over time effects on the target.	54049,54050,54051,54052,54053	
Your Soul Leech effect also restores mana to you and your summoned demon equal to $s1% of maximum mana, and has a $s2% chance to grant up to 10 party or raid members mana regeneration equal to 1% of maximum mana per 5 sec. Lasts for $57669d.	54117,54118	
Your Holy Shock critical hits reduce the cast time of your next Flash of Light by ${$54149m2/-1000}.1 sec or increase the critical chance of your next Holy Light by $s1%.	54149	
Increases the damage done by your Seal and Judgement spells by $s2%, and your Judgement spells increase your casting and melee haste by $53657s1% for $53657d.	54151	
Increases the damage done by your Seal and Judgement spells by $54154s2%, and your Judgement spells increase your casting and melee haste by $54152s1% for $54152d.	54152	
Increases the damage done by your Seal and Judgement spells by $54155s2%, and your Judgement spells increase your casting and melee haste by $54153s1% for $54153d.	54153	
Increases the damage done by your Seal and Judgement spells by $s2%, and your Judgement spells increase your casting and melee haste by $54152s1% for $54152d.	54154	
Increases the damage done by your Seal and Judgement spells by $s2%, and your Judgement spells increase your casting and melee haste by $54153s1% for $54153d.	54155	
Right Click to summon and dismiss your wind-up Clockwork Rocket Bot.	54187,75134	
Allows the player to ride flying mounts in Northrend.	54197	
Increases the damage done by your Imp by $s1%, and all critical hits done by your Imp have a $h% chance to increase your spell critical hit chance for your next spell by 100%. This effect lasts 8 sec.	54278	
Increases your summoned demon's critical strike chance equal to $s1% of your critical strike chance.	54347,54348,54349	
Reduces all damage taken by $s1% and reduces the fade time of your Invisibility spell by ${$m2/-1000} sec.	54354	
Increases party and raid members Intellect by $s1 and Spirit by $s2.	54424,57564,57565,57566,57567	
You gain $o1% of your total mana over $d, but the amount healed by your Flash of Light, Holy Light, and Holy Shock spells is reduced by $s2%.	54428	
Affixes your one-handed rune weapon with a rune that increases Parry chance by 2% and reduces the duration of Disarm effects by $43588s1%.  Modifying your rune weapon requires a Rune Forge in Ebon Hold.	54446	
Affixes your one-handed rune weapon with a rune that deflects $54449s1% of all spell damage and reduces the duration of Silence effects by $60209s1% (not cumulative with additional Silence duration reduction).  Modifying your rune weapon requires a Rune Forge in Ebon Hold.	54447	
Damage dealt by Death Knight, Hunter and Warlock pets increased by $s1%.	54562	
Increases Blood Strike and Frost Strike damage by $s2%.  In addition, whenever you hit with Blood Strike or Pestilence there is a $h% chance that the Blood Rune will become a Death Rune when it activates.  Death Runes count as a Blood, Frost or Unholy Rune.	54637,54638,54639	
Increases the target's chance to critically hit with spells by $s1%.  When the target critically hits the caster's chance to critically hit with spells is increased by $54648s1% for $54648d.  Cannot be cast on self.	54646	
Increases the target's chance to critically hit with spells by $s1%.  When the target critically hits the caster's chance to critically hit with spells is increased.	54648	
Summons and dismisses your Winged Steed of the Ebon Blade.  This mount can only be summoned in Outland and  Northrend.  This mount changes speed depending on your Riding skill.	54729	
Increases the critical strike chance of your Fire Blast, Scorch, Arcane Blast and Cone of Cold spells by $s1%.	54734	
Permanently attaches a high-powered device to your belt, allowing you to confuse nearby mechanicals.  Only a skilled engineer can activate the modified belt.\n\nCan only be attached to your own belt, and doing so causes the belt to become soulbound.	54736	
Your damaging Blast Wave and Dragon's Breath spells have a chance to make your next Flamestrike spell instant cast and cost no mana.	54741	
When Interrupted or Silenced you have a $h% chance to become immune to the next Interrupt or Silence mechanic.  Lasts $54748d.	54747,54749	
When Interrupted or Silenced you have a chance to become immune to the next Interrupt or Silence effect.  Lasts $54748d.	54748	
Summons and dismisses a rideable White Polar Bear.   This mount increases speed depending on your Riding Skill.	54753	
Heals a friendly target for 50% of Rejuvenation.	54755	
Charge an enemy, stunning it for $60995d.	54785	
Attach a miniaturized explosive assembly to your belt, allowing you to detach and throw a Cobalt Frag Bomb every 6 minutes.	54793	
Heals for 10% of the value of Holy Light.	54968	
Permanently attaches a hand-mounted pyro rocket launcher to your gloves, allowing a skilled engineer to deal $54757s1 Fire damage to an enemy at long range.  The rocket can only be fired once every 45 sec.\n\nCan only be used on the engineer's gloves, and doing so will cause them to become soulbound.	54998	
Permanently attaches hyperspeed accelerators to a pair of gloves, allowing a skilled engineer to increase their haste rating by $54758s1 for $54758d.  The gloves can only be activated every minute.	54999	
Permanently attaches a flexweave underlay to a cloak, increasing Agility by 23 and allowing you to turn the cloak into a parachute to fall slowly for $55001d.\n\nThe cloak can only be used once a minute and requires an Engineering skill of at least 350.	55002	
Permanently attaches overpowered nitro boosts to a pair of boots, increasing your critical strike rating by 24 and allowing you to greatly increase run speed for $54861d.\n\nThe nitro boosts can only be activated every 3 minutes and require an Engineering skill of at least 400.	55016	
Instantly strike the target and his nearest ally, causing $m2% weapon damage plus $<bonus> on the primary target, and ${$m2/2}% weapon damage plus ${$<bonus>/2} on the secondary target.  Each target takes $m3% additional damage for each of your diseases active on that target$?s58616[, and movement speed is reduced by by $58617s1% for $58617d.][.]	55050,55258,55259,55260,55261,55262	
Increases the range of your Icy Touch,  Chains of Ice and Howling Blast by $s1 yards.	55061	
Increases the range of your Icy Touch, Chains of Ice and Howling Blast by $s1 yards.	55062	
Right Click to summon and dismiss Mr. Chilly.	55068	
An unholy strike that deals $s2% of weapon damage as Physical damage plus ${$m1*$m2/100}.  In addition, for each of your diseases on your target, you deal an additional $s3% of the Physical damage done as Shadow damage.	55090,55265,55270,55271	
Reduces the cooldown of your Cold Snap, Ice Barrier and Summon Water Elemental spells by $s1%.	55091,55092	
Reduces the cooldown of your Frost Nova, Cone of Cold, Ice Block and Icy Veins spells by $s1%.	55094	
Increases your Dodge chance by $s1%.	55129,55130,55131,55132,55133	
Increases the critical effect chance of your Healing Wave, Lesser Healing Wave and Chain Heal by $55198s1%. Each critical heal reduces the chance by 20%. Lasts $55166d.	55166,55198	
Allows the miner to smelt a titanium bar and eternal elements into a titansteel bar.  Requires a forge.	55208	
Allows the miner to smelt 2 titanium ore into a titanium bar.   Requires a forge.	55211	
Whenever your Blood Runes are on cooldown, you gain the Blade Barrier effect, which decreases damage taken by $64858s1% for the next $64858d.	55225	
Whenever your Blood Runes are on cooldown, you gain the Blade Barrier effect, which decreases damage taken by $64859s1% for the next $64859d.	55226	
Temporarily grants the Death Knight $s2% of maximum health and increases the amount of health generated through spells and effects by $s1% for $d.  After the effect expires, the health is lost.	55233	
Your Frostbolt, Fireball, Frostfire Bolt, Pyroblast, Arcane Missiles, Arcane Blast, and Arcane Barrage abilities deal $s1% more damage to snared or slowed targets.	55339,55340	
Creates $<images> copies of the caster nearby, which cast spells and attack the mage's enemies.  Lasts $55342d.	55342	
The target becomes a Living Bomb, taking $o1 Fire damage over $d.  After $d or when the spell is dispelled, the target explodes dealing $55361s1 Fire damage to all enemies within $55361a1 yards.	55359	
The target becomes a Living Bomb, taking $o1 Fire damage over $d.  After $d or when the spell is dispelled, the target explodes dealing $55362s1 Fire damage to all enemies within $55362a1 yards.	55360	
The target becomes a Living Bomb, taking $55359o1 Fire damage over $55359d.  After $55359d or when the spell is dispelled, the target explodes dealing $55361s1 Fire damage to all enemies within $55361a1 yards.	55361	
The target becomes a Living Bomb, taking $55360o1 Fire damage over $55360d.  After $55360d or when the spell is dispelled, the target explodes dealing $55362s1 Fire damage to all enemies within $55362a1 yards.	55362	
Heals the friendly target for $s1, then jumps to heal additional nearby targets.  If cast on a party member, the heal will only jump to other party members.  Each jump reduces the effectiveness of the heal by 40%.  Heals $x1 total targets.	55458,55459	
Rides and parks a badass Mechano-hog.  This is a very fast set of wheels. This mount increases speed depending on your Riding Skill.	55531	
Heals a friendly target.	55533	
Gives the Jewelcrafter the chance to cut uncommon quality Northrend gems into perfect gems.	55534	
Increases the melee haste of all party and raid members within $55610a1 yds by $55610s1% and your haste by an additional $55610s2%.	55610	
Reduces the cooldown on Raise Dead by ${$m1/-1000} sec and the cooldown on Army of the Dead by ${$m2/-60000} min.  Also reduces the damage your pet takes from creature area of effect attacks by $s3%.	55620,55623	
Permanently add a socket to your bracers.  Requires a level 60 or higher item.\n\nCannot add more than one socket to an item.  Can only add a socket to your own armor, and adding a socket binds the item to you.  The added socket requires that you maintain 400 blacksmithing or it will become inactive.	55628	
Permanently add a socket to your gloves.  Requires a level 60 or higher item.\n\nCannot add more than one socket to an item.  Can only add a socket to your own armor, and adding a socket binds the item to you.  The added socket requires that you maintain 400 blacksmithing or it will become inactive.	55641	
Embroiders a subtle pattern of light into your cloak, giving you a chance to increase your spell power by $55637s1 for $55637d when casting a spell.\n\nEmbroidering your cloak will cause it to become soulbound.  Requires 400 Tailoring to use.	55642	
Your Plague Strikes and Scourge Strikes cause the Desecrated Ground effect.  Targets in the area are slowed by $55741s1% by the grasping arms of the dead while standing on the unholy ground.  Lasts $55741d.	55666	
Your Plague Strikes and Scourge Strikes cause the Desecrated Ground effect.  Targets in the area are slowed by $68766s1% by the grasping arms of the dead while standing on the unholy ground.  Lasts $68766d.	55667	
You regenerate $o1% of your total health over $d.  This ability requires an Enrage effect, consumes all Enrage effects and prevents any from affecting you for the full duration.	55694	
When your pet dies, it will miraculously return to life with full health.	55709	
Embroiders a magical pattern into your cloak, giving you a chance to restore $55767s1 mana when you cast a spell.\n\nYou can only embroider your own cloak and embroidering your cloak will cause it to become soulbound.  Requires 400 Tailoring to use.	55769	
Embroiders a magical pattern into your cloak, causing your damaging melee and ranged attacks to sometimes increase your attack power by $55775s1 for $55775d.\n\nYou can only embroider your own cloak and embroidering your cloak will cause it to become soulbound.  Requires 400 Tailoring to use.	55777	
The difficult task of assembling a glacial bag can only be done every 7 days.	56005	
Permanently embroiders your pants with master's spellthread, increasing spell power by 50 and Stamina by 30.\n\nOnly the tailor's pants can be embroidered, and doing so will cause them to become soulbound.	56034	
Permanently embroiders your pants with sanctified spellthread, increasing spell power by 50 and Spirit by 20.\n\nOnly the tailor's pants can be embroidered, and doing so will cause them to become soulbound.	56039	
Heals a friendly target for $s1% of maximum health.	56131	
Your Power Word: Shield also heals the target for $55672s1% of the absorption amount.	56160	
Your Prayer of Healing spell also heals an additional $55680s1% of its initial heal over 6 sec.	56161	
Commands the target to attack you, but has no effect if the target is already attacking you.	56222	
Creates an wormhole that should get you and your party members to Gadgetzan.	56273	
Increases your pet's damage by $s1% and you and your pet's movement speed by $s2% while your pet is active. This does not stack with other movement speed increasing effects.	56314,56315,56316,56317,56318	
Increases the damage done by your Explosive Shot,  Explosive Trap, Black Arrow and Immolation Trap by $s2%.	56333,56336,56337	
Increases you and your pet's attack power and ranged attack power equal to $s1% of your total Stamina.	56339,56340,56341	
You have a $s1% chance when you trap a target with Freezing Trap, Freezing Arrow or Frost Trap and a $s2% chance when you deal periodic damage with your Immolation Trap, Explosive Trap or Black Arrow to cause your next 2 Arcane Shot or Explosive Shot spells to trigger no cooldown, cost no mana and consume no ammo. This effect has a $56342s3 sec cooldown.	56342,56343,56344	
You have a chance when you trap a target with Freezing Trap, Freezing Arrow or Frost Trap and a chance when you deal periodic damage with your Immolation Trap, Explosive Trap or Black Arrow to cause your next 2 Arcane Shot or Explosive Shot spells to trigger no cooldown, cost no mana and consume no ammo. This effect has a $56342s3 sec cooldown.	56453	
Your melee critical hits Enrage you, increasing all damage caused by $57519s1% for $57519d.  This effect does not stack with Enrage.	56611	
Your melee critical hits Enrage you, increasing all damage caused by $57520s1% for $57520d.  This effect does not stack with Enrage.	56612	
Your melee critical hits Enrage you, increasing all damage caused by $57521s1% for $57521d.  This effect does not stack with Enrage.	56613	
Your melee critical hits Enrage you, increasing all damage caused by $57522s1% for $57522d.  This effect does not stack with Enrage.	56614	
Your wasp stings for $s1 Nature damage, and decreases the armor of the target by $s2 for $d.  While affected, the target cannot stealth or turn invisible.	56626,56627,56628,56629	
Whenever your Rend ability causes damage, you have a $h% chance of allowing the use of your Overpower ability for $60503d.  1 charge.  This effect will not occur more than once every 6 sec.	56636,56637,56638	
Strike the target for $s2% weapon damage plus ${$m2*$AP*$m3/10000}.  Only usable after the Death Knight dodges or parries.  Can't be dodged, blocked, or parried.  This attack causes a high amount of threat.	56815	
Increases the damage done by your Slam, Whirlwind and Bloodthirst abilities by $s2%.	56927,56929,56930,56931,56932	
Increases the number of targets your Cleave hits by 1.	57154	
The Death Knight blows the Horn of Winter, which generates 10 runic power and increases total Strength and Agility of all party or raid members within $a1 yards by $s1.  Lasts $d.	57330,57623	
Transmute the element of air and gems into a Skyflare Diamond.	57425	
Transmute the element of fire and gems into a Earthsiege Diamond.	57427	
Increases the critical effect chance of your Flash Heal, Greater Heal and Penance (Heal) spells by $s1% on targets afflicted by the Weakened Soul effect, and you have a $h% chance to reduce all damage taken by $63944s1% for $63944d to all friendly party and raid targets when you cast Power Word: Shield. This effect has a $57470s3 sec cooldown.	57470,57472	
Your Charge, Intercept and Intervene abilities are now usable while in combat and in any stance.  In addition, your Intervene ability will remove all movement impairing effects.	57499	
Summons the Eye of Acherus with $s1 health $d that allows vision of nearby area and warns of enemies that attack it.  Right-Click on buff to switch back and forth between Eye of Acherus and normal vision.	57532	
Summons a Strength of Earth Totem with $s1 health at the feet of the caster.  The totem increases the strength and agility of all party and raid members within $57621a1 yards by $57621s2.  Lasts $d.	57622	
Permanently enchant bracers to increase attack power by 130.\n\nCan only be used on the leatherworker's bracers, and doing so will cause them to become soulbound.  Fur Lining requires at least 400 skill in Leatherworking to remain active.	57683	
Permanently enchant bracers to increase Stamina by 102.\n\nCan only be used on the leatherworker's bracers, and doing so will cause them to become soulbound.  Fur Lining requires at least 400 skill in Leatherworking to remain active.	57690	
Permanently enchant bracers to increase spell power by 76.\n\nCan only be used on the leatherworker's bracers, and doing so will cause them to become soulbound.  Fur Lining requires at least 400 skill in Leatherworking to remain active.	57691	
Permanently enchant bracers to increase your Fire resistance by 70.\n\nCan only be used on the leatherworker's bracers, and doing so will cause them to become soulbound.  Fur Lining requires at least 400 skill in Leatherworking to remain active.	57692	
Permanently enchant bracers to increase your Frost resistance by 70.\n\nCan only be used on the leatherworker's bracers, and doing so will cause them to become soulbound.  Fur Lining requires at least 400 skill in Leatherworking to remain active.	57694	
Permanently enchant bracers to increase your Shadow resistance by 70.\n\nCan only be used on the leatherworker's bracers, and doing so will cause them to become soulbound.  Fur Lining requires at least 400 skill in Leatherworking to remain active.	57696	
Permanently enchant bracers to increase your Nature resistance by 70.\n\nCan only be used on the leatherworker's bracers, and doing so will cause them to become soulbound.  Fur Lining requires at least 400 skill in Leatherworking to remain active.	57699	
Permanently enchant bracers to increase your Arcane resistance by 70.\n\nCan only be used on the leatherworker's bracers, and doing so will cause them to become soulbound.  Fur Lining requires at least 400 skill in Leatherworking to remain active.	57701	
Summons a Totem of Wrath with $s1 health at the feet of the caster.  The totem increases spell power by $57660s2 for all party and raid members, and increases the critical strike chance of of all attacks by $30708s1% against all enemies within $30708a1 yards.  Lasts $d.	57720	
Summons a Totem of Wrath with $s1 health at the feet of the caster.  The totem increases the spell power by $57662s2 for all party and raid members, and increases the critical strike chance of all attacks by $30708s1% against all enemies within $30708a1 yards.  Lasts $d.	57721	
Summons a Totem of Wrath with $s1 health at the feet of the caster.  The totem increases spell power by $57663s2 for all party and raid members, and increases the critical strike chance of all attacks by $30708s1% against all enemies within $30708a1 yards.  Lasts $d.	57722	
Throws your weapon at the enemy causing ${$m1+$AP*.50} damage (based on attack power).  This ability causes high threat.	57755	
Increases the damage and healing done by your periodic spell damage and healing effects by $s1%.	57810,57811,57812,57813,57814	
Instantly counterattack an enemy for ${$m1+$AP*0.310} to ${$M1+$AP*0.310} damage.   Revenge is only usable after the warrior blocks, dodges or parries an attack.	57823	
Increases your damage done by your Wrath spell to targets afflicted by your Insect Swarm by $s1%, and increases the critical strike chance of your Starfire spell by $s2% on targets afflicted by your Moonfire spell.	57849,57850,57851	
Increases the duration of your Moonfire and Rejuvenation spells by ${$m1/1000} sec, your Regrowth spell by ${$m2/1000} sec, and your Insect Swarm and Lifebloom spells by ${$m3/1000} sec.	57865	
Increases your attack power by $s1% and reduces the damage you take by $s2%, while in Bear or Dire Bear Form.	57873,57876,57877	
Increases your dodge while in Bear Form or Dire Bear Form by $s1%, and you regenerate $s2 rage every time you dodge while in Bear Form or Dire Bear Form.	57878,57880,57881	
The current party or raid member becomes the target of your Tricks of the Trade.  The threat caused by your next attack and all actions taken for $57933d afterwards will be transferred to the target.  In addition, all damage caused by the target is increased by $57933s1% during this time.	57933	
The current party or raid member becomes the target of your Tricks of the Trade.  The threat caused by your next damaging attack and all actions taken for $57933d afterwards will be transferred to the target.  In addition, all damage caused by the target is increased by $57933s1% during this time.	57934	
Converts ${$m1+$SPI*1.5} health into ${$m1*$<mult>+$SPS*.5*$<mult>} mana.  Spell power increases the amount of mana returned.	57946	
The caster is surrounded by $57960n globes of water, granting $57960s2 mana per 5 sec.  When a spell, melee or ranged attack hits the caster, $57961s1 mana is restored to the caster. This expends one water globe.  Only one globe will activate every few seconds.  Lasts $57960d.  Only one Elemental Shield can be active on the Shaman at any one time.	57960	
Finishing move that consumes your Deadly Poison doses on the target and deals instant poison damage.  Following the Envenom attack you have an additional $s3% chance to apply Deadly Poison and a $s2% increased frequency of applying Instant Poison for 1 sec plus an additional 1 sec per combo point.  One dose is consumed for each combo point:\n  1 dose:  ${($m1-1)*1+$AP*0.09} damage\n  2 doses: ${($m1-1)*2+$AP*0.18} damage\n  3 doses: ${($m1-1)*3+$AP*0.27} damage\n  4 doses: ${($m1-1)*4+$AP*0.36} damage\n  5 doses: ${($m1-1)*5+$AP*0.45} damage	57992,57993	
Instantly blasts the target with a gust of wind, causing no damage but interrupting spellcasting and preventing any spell in that school from being cast for $d. Also lowers your threat, making the enemy less likely to attack you.	57994	
Assault the target's mind with Shadow energy, causing Shadow damage over $48156d and slowing the target to $15407s2% of their movement speed.	58381	
Increases the critical hit chance of all attacks made against any target you have poisoned by $s1%, reduces the duration of all Poison effects applied to you by $s2%, and gives Envenom a $s3% chance not to consume Deadly Poison.	58410	
Increases your total attack power by $s2% and all physical damage caused to enemies you have poisoned is increased by $58683s1%.	58413	
Reduces the cooldown by $/1000;s1 sec and energy cost by $s3 of your Tricks of the Trade, Distract and Shadowstep abilities and reduces the cooldown of Preparation by $/60000;S2 min.	58414,58415	
While stealthed, and for 20 seconds after breaking stealth, you regenerate $58427s1% additional energy.	58426,58427	
Continuously fires a volley of ammo at the target area, causing ${$RAP*0.083700+$58432m1} Arcane damage to enemy targets within $a1 yards every ${$1510d/6}.2 $Lsecond:seconds; for $1510d.	58431,58432	
Continuously fires a volley of ammo at the target area, causing ${$RAP*0.083700+$58433m1} Arcane damage to enemy targets within $a1 yards every ${$1510d/6}.2 $Lsecond:seconds; for $1510d.	58433,58434	
Grants the periodic damage from your Corruption and Unstable Affliction spells the ability to critically hit for $s1% increased damage, and increases the critical strike damage bonus of your Haunt spell by $s2%.	58435	
Summons a Stoneclaw Totem with $s1 health at the feet of the caster for $d that taunts creatures within $25512a1 yards to attack it.  Enemies attacking the Stoneclaw Totem have a $25513h% chance to be stunned for $39796d.  Stoneclaw totem also protects all your totems, causing them to absorb $58589s1 damage.	58580	
Summons a Stoneclaw Totem with $s1 health at the feet of the caster for $d that taunts creatures within $25512a1 yards to attack it.  Enemies attacking the Stoneclaw Totem have a $25513h% chance to be stunned for $39796d. Stoneclaw totem also protects all your totems, causing them to absorb $58590s1 damage.	58581	
Summons a Stoneclaw Totem with $s1 health at the feet of the caster for $d that taunts creatures within $25512a1 yards to attack it.  Enemies attacking the Stoneclaw Totem have a $25513h% chance to be stunned for $39796d. Stoneclaw totem also protects all your totems, causing them to absorb $58591s1 damage.	58582	
Summons and dismisses a rideable Brutal Nether Drake mount.  This is an extremely fast mount.  This mount can only be summoned in Outland or Northrend. This mount increases speed depending on your Riding Skill.	58615	
Summons a Strength of Earth Totem with $s1 health at the feet of the caster.  The totem increases the strength and agility of all party and raid members within $58646a1 yards by $58646s2.  Lasts $d.	58643	
Summons a Flametongue Totem with $s1 health at the feet of the caster.  Party and raid members within $58651a1 yards of the totem have their spell damage and healing increased by up to $58651s1.  Lasts $d.	58649	
Summons a Flametongue Totem with $s1 health at the feet of the caster.  Party and raid members within $58654a1 yards of the totem have their spell damage and healing increased by up to $58654s1.  Lasts $d.	58652	
Summons a Flametongue Totem with $s1 health at the feet of the caster.  Party and raid members within $58655a1 yards of the totem have their spell damage and healing increased by up to $58655s1.  Lasts $d.	58656	
Begins a ritual that creates a refreshment table.  Raid members can click the table to acquire Conjured Mana Strudels.  The tables lasts for $58661d or 50 charges.  Requires the caster and 2 additional party members to complete the ritual.  In order to participate, all players must right-click the refreshment portal and not move until the ritual is complete.	58659	
Summons a Searing Totem with $s1 health at your feet for $d that repeatedly attacks an enemy within $58700r1 yards for $58700s1 Fire damage.	58699	
Summons a Searing Totem with $s1 health at your feet for $d that repeatedly attacks an enemy within $58701r1 yards for $58701s1 Fire damage.	58703	
Summons a Searing Totem with $s1 health at your feet for $d that repeatedly attacks an enemy within $58702r1 yards for $58702s1 Fire damage.	58704	
Summons a Magma Totem with $s1 health at the feet of the caster for ${$d-1} sec that causes $58732s1 Fire damage to creatures within $58732a1 yards every $58733t1 seconds.	58731	
Summons a Magma Totem with $s1 health at the feet of the caster for ${$58734d-1} sec that causes $58735s1 Fire damage to creatures within $58735a1 yards every $58736t1 seconds.	58734	
Summons a Fire Resistance Totem with $s1 health at the feet of the caster for $d that increases the fire resistance of party and raid members within $58738a1 yards by $58738s1.	58737	
Summons a Fire Resistance Totem with $s1 health at the feet of the caster for $d that increases the fire resistance of party and raid members within $58740a1 yards by $58740s1.	58739	
Summons a Frost Resistance Totem with $s1 health at the feet of the caster for $d.  The totem increases party and raid members' frost resistance by $58742s1, if within $58742a1 yards.	58741	
Summons a Frost Resistance Totem with $s1 health at the feet of the caster for $d.  The totem increases party and raid members' frost resistance by $58744s1, if within $58744a1 yards.	58745	
Summons a Nature Resistance Totem with $s1 health at the feet of the caster for $d that increases the nature resistance of party and raid members within $58748a1 yards by $58748s1.	58746	
Summons a Nature Resistance Totem with $s1 health at the feet of the caster for $d that increases the nature resistance of party and raid members within $58750a1 yards by $58750s1.	58749	
Summons a Stoneskin Totem with $s1 health at the feet of the caster.  The totem protects party and raid members within $58752a1 yards, increasing armor by $58752s1.  Lasts $d.	58751	
Summons a Stoneskin Totem with $s1 health at the feet of the caster.  The totem protects party and raid members within $58754a1 yards, increasing armor by $58754s1.  Lasts $d.	58753	
Summons a Healing Stream Totem with $s1 health at the feet of the caster for $d that heals group members within $58759a1 yards for $58763s1 every $58763t1 seconds.	58755	
Summons a Healing Stream Totem with $s1 health at the feet of the caster for $d that heals group members within $58760a1 yards for $58764s1 every $58764t1 seconds.	58756	
Summons a Healing Stream Totem with $s1 health at the feet of the caster for $d that heals group members within $58761a1 yards for $58765s1 every $58765t1 seconds.	58757	
Summons a Mana Spring Totem with $s1 health at the feet of the caster for $d that restores $58775s1 mana every 5 seconds to all party and raid members within $58778a1 yards.	58771	
Summons a Mana Spring Totem with $s1 health at the feet of the caster for $d that restores $58776s1 mana every 5 seconds to all party and raid members within $58779a1 yards.	58773	
Summons a Mana Spring Totem with $s1 health at the feet of the caster for $d that restores $58777s1 mana every 5 seconds to all party and raid members within $58780a1 yards.	58774	
Imbue the Shaman's weapon with fire, increasing total spell damage by $58784s2$?s55451[ and increasing spell critical strike chance by $55451s1%.][.] Each hit causes $/77;58786m1 to $/25;58786M1 additional Fire damage, based on the speed of the weapon.  Slower weapons cause more fire damage per swing.  Lasts 30 minutes.	58785	
Imbue the Shaman's weapon with fire, increasing total spell damage by $58791s2$?s55451[ and increasing spell critical strike chance by $55451s1%.][.] Each hit causes $/77;58787m1 to $/25;58787M1 additional Fire damage, based on the speed of the weapon.  Slower weapons cause more fire damage per swing.  Lasts 30 minutes.	58789	
Imbue the Shaman's weapon with fire, increasing total spell damage by $58792s2$?s55451[ and increasing spell critical strike chance by $55451s1%.][.] Each hit causes $/77;58788m1 to $/25;58788M1 additional Fire damage, based on the speed of the weapon.  Slower weapons cause more fire damage per swing.  Lasts 30 minutes.	58790	
Imbue the Shaman's weapon with frost.  Each hit has a chance of causing $58797s2 additional Frost damage and slowing the target's movement speed by $58797s1% for $58797d.  Lasts 30 minutes.	58794	
Imbue the Shaman's weapon with frost.  Each hit has a chance of causing $58798s2 additional Frost damage and slowing the target's movement speed by $58798s1% for $58798d.  Lasts 30 minutes.	58795	
Imbue the Shaman's weapon with frost.  Each hit has a chance of causing $58799s1 additional Frost damage and slowing the target's movement speed by $58799s2% for $58799d.  Lasts 30 minutes.	58796	
Imbue the Shaman's weapon with wind.  Each hit has a 20% chance of dealing additional damage equal to two extra attacks with $s2 extra attack power.  Lasts 30 minutes.	58801,58803,58804	
Whenever you take damage from or block a melee attack you cause damage equal to $s1% of your block value.	58872,58874	
Begins a ritual that creates a Soulwell.  Raid members can click the Soulwell to acquire a Fel Healthstone.  The Soulwell lasts for $58889d or 25 charges.  Requires the caster and 2 additional party members to complete the ritual.  In order to participate, all players must right-click the soul portal and not move until the ritual is complete.	58887	
Summons and dismisses your Big Blizzard Bear.  This mount changes depending on your Riding skill.	58983	
Activate to slip into the shadows, reducing the chance for enemies to detect your presence.  Lasts until cancelled or upon moving.  Rogues and Druids with Shadowmeld are more difficult to detect while stealthed or prowling.	58984,86620	
Reduces the chance you'll be hit by spells by $s3% and when the ability is used it will reflect the first spell cast against the $s2 closest party members within 20 yards.	59088,59089	
Drains $s1 of your summoned demon's Mana, returning 100% to you.	59092	
Reduces the chance you will be hit by Shadow spells by $s1%.	59221,59535,59536,59538,59539,59540,59541	
Right Click to summon and dismiss a Giant Sewer Rat	59250	
You sometimes find additional cloth from Northrend humanoids.	59390	
Heals the target for $o1 over $d.  The amount healed is increased by your spell power or attack power, whichever is higher.	59542,59547	
Heals the target for $o1 over $d.  The amount healed is increased by your spell power.	59544,59548	
Summons and dismisses a rideable Azure Drake.    This mount can only be summoned in Outland or Northrend. This mount increases speed depending on your Riding Skill.	59567	
Summons and dismisses a rideable Blue Drake.    This mount can only be summoned in Outland or Northrend. This mount increases speed depending on your Riding Skill.	59568	
Summons and dismisses a rideable Bronze Drake.    This mount can only be summoned in Outland or Northrend. This mount increases speed depending on your Riding Skill.	59569	
Summons and dismisses a rideable Red Drake.    This mount can only be summoned in Outland or Northrend. This mount increases speed depending on your Riding Skill.	59570	
Summons and dismisses a rideable Twilight Drake.    This mount can only be summoned in Outland or Northrend. This mount increases speed depending on your Riding Skill.	59571	
Summons and dismisses a rideable Black Polar Bear.  This mount increases speed depending on your Riding Skill.	59572	
Summons and dismisses a rideable Brown Polar Bear.  This mount increases speed depending on your Riding Skill.	59573	
Increases the critical strike damage of your Judgement, Crusader Strike and Divine Storm abilities by $53488s1% and when your melee attacks critically hit your next Flash of Light or Exorcism spell becomes instant cast.	59578	
Permanently enchant a melee weapon to increase critical strike and hit rating by 25.  Requires a level 60 or higher item.	59619	
Permanently enchant a melee weapon to sometimes increase your attack power by $59620s1, but at the cost of reduced armor.  Requires a level 60 or higher item.	59621	
Permanently enchant a melee weapon to cause your harmful spells to sometimes increase haste rating by $59626s1.  Requires a level 60 or higher item.	59625	
Permanently enchant a ring to increase Stamina by 30.  Only the Enchanter's rings can be enchanted, and enchanting a ring will cause it to become soulbound.	59636	
Summons and dismisses a rideable Black Drake.    This mount can only be summoned in Outland or Northrend. This mount increases speed depending on your Riding Skill.	59650	
Taunts all enemies within $a1 yards for $d.	59671	
You transform into a Demon for $47241d.  This form increases your armor by $47241s2%, damage by $47241s3%, reduces the chance you'll be critically hit by melee attacks by 6% and reduces the duration of stun and snare effects by $54817s1%.  You gain some unique demon abilities in addition to your normal abilities. 3 minute cooldown.	59672	
You transform into a Demon for $d.  In this form, your armor increases by $47241s2%, you do $47241s3% more damage, and the duration of stun and snare effects is reduced by $54817s1%.  You gain some unique demon abilities in addition to your normal abilities. 3 minute cooldown.	59673	
Increases the critical strike damage bonus of your Destruction spells and your Imp's Firebolt spell by $s1%.	59738,59739,59740,59741	
Summons and dismisses a rideable Black War Mammoth.   This mount increases speed depending on your Riding Skill.	59785,59788	
Summons and dismisses a rideable Wooly Mammoth.   This mount increases speed depending on your Riding Skill.	59791,59793	
Summons and dismisses a rideable Ice Mammoth.   This mount increases speed depending on your Riding Skill.	59797,59799	
Summons and dismisses a rideable Grand Ice Mammoth.  This is a very fast mount that can carry 3 passengers. This mount increases speed depending on your Riding Skill.	59802,59804	
A disease dealing ${$m1*1.15+$AP*0.055*1.15} Shadow damage every 3 sec for $55078d.  Caused by Plague Strike and other abilities.\n\nBase damage ${$m1*1.15}\nBonus from attack power ${$AP*0.055*1.15}	59879	
A disease dealing ${$m1*1.15+$AP*0.055*1.15} Frost damage every 3 sec and reducing the target's melee and ranged attack speed by $55095s2% for $55095d.  Caused by Icy Touch and other spells.\n\nBase damage ${$m1*1.15}\nBonus from attack power ${$AP*0.055*1.15}	59921	
Summons and dismisses a rideable Red Proto-Drake.    This mount can only be summoned in Outland or Northrend. This mount increases speed depending on your Riding Skill.	59961	
Summons and dismisses a rideable Black Proto-Drake.  This is an extremely fast mount.  This mount can only be summoned in Outland or Northrend. This mount increases speed depending on your Riding Skill.	59976	
Summons and dismisses a rideable Blue Proto-Drake.    This mount can only be summoned in Outland or Northrend. This mount increases speed depending on your Riding Skill.	59996	
Summons and dismisses a rideable Time-Lost Proto-Drake.    This mount can only be summoned in Outland or Northrend. This mount increases speed depending on your Riding Skill.	60002	
Summons and dismisses a rideable Plagued Proto-Drake.  This is an extremely fast mount.  This mount can only be summoned in Outland or Northrend. This mount increases speed depending on your Riding Skill.	60021	
Summons and dismisses a rideable Violet Proto-Drake.    This mount can only be summoned in Outland or Northrend. This mount increases speed depending on your Riding Skill.	60024	
Summons and dismisses a rideable Albino Drake.    This mount can only be summoned in Outland or Northrend. This mount increases speed depending on your Riding Skill.	60025	
You charge your off-hand weapon with lava, instantly dealing $s1% off-hand Weapon damage. Damage is increased by $s2% if your off-hand weapon is enchanted with Flametongue.	60103	
Summons and dismisses a rideable armored brown bear.  This mount increases speed depending on your Riding Skill.	60114,60116	
Summons and dismisses a rideable black war bear.  This mount increases speed depending on your Riding Skill.	60118,60119	
Summons and dismisses a rideable Grand Caravan Mammoth.  This is a very fast mount that can carry 3 passengers and vendors. This mount increases speed depending on your Riding Skill.	60136,60140	
Increases the critical strike damage bonus of your Searing and Magma Totems and your Fire, Frost, and Nature spells by $s1%.	60184,60185,60187,60188	
Fire a freezing arrow that places a Freezing Trap at the target location, freezing the first enemy that approaches, preventing all action for up to $14309d.  Any damage caused will break the ice.  Trap will exist for $60202d.  Only one trap can be active at a time.	60192,60202,60210	
While applied to target weapon it increases damage dealt by direct spells by $55150s1% and spell critical strike rating by $55150s3.  Lasts for 1 hour.	60219	
While applied to target weapon it increases damage dealt by direct spells by $55151s1% and spell critical strike rating by $55151s3.  Lasts for 1 hour.	60220	
Transmutes many saronite bars into a single titanium bar.  You have a chance to discover other transmutations when successful.	60350	
Rides and parks a rockin' Mekgineer's Chopper.  This is a very fast set of wheels. This mount increases speed depending on your Riding Skill.	60424	
Permanently attach jormungar reinforcements onto your pants, increasing Stamina by 55 and Agility by 22.\n\nCan only attach to your own armor, and attaching causes the item to become soulbound.	60583	
Permanently attach nerubian reinforcements onto your pants, increasing attack power by 75 and critical strike rating by 22.\n\nCan only attach to your own armor, and attaching causes the item to become soulbound.	60584	
Permanently enchant boots to increase attack power by 24.  Requires a level 60 or higher item.	60606	
Permanently enchant a cloak to increase haste rating by 15.  Requires a level 60 or higher item.	60609	
Permanently enchant bracers to increase attack power by 38.  Requires a level 60 or higher item.	60616	
Permanently enchant a melee weapon to increase attack power by 50.  Requires a level 60 or higher item.	60621	
Permanently enchant boots to increase critical strike and hit rating by 12.  Requires a level 60 or higher item.	60623	
Permanently enchant a shield to increase Intellect by 25.  Requires a level 60 or higher item.	60653	
Permanently enchant a cloak to increase Agility by 22. Requires a level 60 or higher item.	60663	
Permanently enchant gloves to increase attack power by 44.  Requires a level 60 or higher item.	60668	
Permanently enchant a two-handed weapon to increase attack power by 110.  Requires a level 60 or higher item.	60691	
Permanently enchant chest armor to increase all stats by 10.  Requires a level 60 or higher item.	60692	
Permanently enchant a melee weapon to increase attack power by 65.  Requires a level 60 or higher item.	60707	
Permanently enchant a melee weapon to increase spell power by 63.  Requires a level 60 or higher item.	60714	
Permanently enchant boots to increase attack power by 32.  Requires a level 60 or higher item.	60763	
Permanently enchant bracers to increase spell power by 30.  Requires a level 60 or higher item.	60767	
Experiment with Northrend herbs to discover a new Alchemy recipe.  Can only be done every 3 days.	60893	
Removes any Immobilization effects and refreshes the cooldown of your Intercept ability.	60970	
Transforms the enemy into a harmless serpent, forcing it to slither around for up to $d.  While wandering, the serpent cannot attack or cast spells but will regenerate very quickly.  Any damage will transform the target back into its normal form.  Only one target can be polymorphed at a time.  Only works on Beasts, Humanoids and Critters.	61025	
Permanently adds 120 attack power and 15 critical strike rating to shoulder armor.\n\nCan only be applied to your own armor, and doing so will cause it to become soulbound.	61117	
Permanently adds 70 spell power and 8 mana every 5 sec to shoulder armor.\n\nCan only be applied to your own armor, and doing so will cause it to become soulbound.	61118	
Permanently adds 60 dodge rating and 15 defense rating to shoulder armor.\n\nCan only be applied to your own armor, and doing so will cause it to become soulbound.	61119	
Permanently adds 70 spell power and 15 critical strike rating to shoulder armor.\n\nCan only be applied to your own armor, and doing so will cause it to become soulbound.	61120	
When you are above 75% health, you deal $s1% more damage.  In addition, your attacks ignore up to $s3% of your opponent's armor at all times.	61154,61155,61156,61157,61158	
Compiles your experiences from the day, creating a random assortment of inscribed works.  You are very likely to discover new major glyph recipes this way.	61177	
Enslaves the target demon, up to level $m1, forcing it to do your bidding.  While enslaved, the time between the demon's attacks is increased by $s2% and its casting speed is slowed by $s3%.  Lasts up to $d.	61191	
Summons and dismisses a rideable Armored Snowy Gryphon mount.    This mount can only be summoned in Outland or Northrend. This mount increases speed depending on your Riding Skill.	61229	
Summons and dismisses a rideable Armored Blue Wind Rider mount.    This mount can only be summoned in Outland or Northrend. This mount increases speed depending on your Riding Skill.	61230	
Create random scrolls in an effort to discover new minor glyph recipes.	61288	
Targets in a cone in front of the caster take $61290s1 Shadow damage and an additional $61291o1 Fire damage over $61291d.	61290	
Summons and dismisses a rideable Green Proto-Drake.    This mount can only be summoned in Outland or Northrend. This mount increases speed depending on your Riding Skill.	61294	
Heals a friendly target for $s1 and another $o2 over $d.  Your next Chain Heal cast on that primary target within $d will consume the healing over time effect and increase the amount of the Chain Heal by $s3%.	61295,61299,61300,61301	
Transforms the enemy into a harmless black cat, forcing it to pussyfoot around for up to $d.  While wandering, the cat cannot attack or cast spells but will regenerate very quickly.  Any damage will transform the target back into its normal form.  Only one target can be polymorphed at a time.  Only works on Beasts, Humanoids and Critters.	61305	
Summons and dismisses a Magnificent Flying Carpet.  This is a very fast rug.  Can only be used in Outland and Northrend.  Requires 425 skill in tailoring to ride. This mount increases speed depending on your Riding Skill.	61309	
Increases your Energy regeneration rate by $s1%.	61329	
When activated, this ability temporarily grants you $s1% of your maximum health for $d while in Bear Form, Cat Form, or Dire Bear Form.  After the effect expires, the health is lost.	61336	
All non-periodic spell criticals have a $h% chance to grace you with a blessing of nature, increasing your spell casting speed by $16886s1% for $16886d.	61345,61346	
Right Click to summon and dismiss a Tame Tickbird.	61348	
Right Click to summon and dismiss a Tame White Tickbird.	61349	
Right Click to summon and dismiss a Proto-Drake Whelp.	61350	
Right Click to summon and dismiss a Cobra Hatchling.	61351	
Right Click to summon and dismiss Pengu.	61357	
You summon a violent Typhoon that does $s2 Nature damage when in contact with hostile targets, knocking them back and dazing them for $53227d.	61384	
Calls forth the Traveler's Tundra Mammoth, complete with two buddies! This is a very fast mammoth! This mount increases speed depending on your Riding Skill.	61425,61447	
Summons and dismisses a Swift Mooncloth Carpet.  This is a very fast rug.  Can only be used in Outland and Northrend.  Requires 450 skill in tailoring to ride.	61442	
Summons and dismisses a Swift Shadoweave Carpet.  This is a very fast rug.  Can only be used in Outland and Northrend.  Requires 450 skill in tailoring to ride.	61444	
Summons and dismisses a Swift Spellfire Carpet.  This is a very fast rug.  Can only be used in Outland and Northrend.  Requires 450 skill in tailoring to ride.	61446	
Summons and dismisses a Flying Carpet.  Can only be used in Outland and Northrend.  Requires 300 skill in tailoring to ride. This mount increases speed depending on your Riding Skill.	61451	
Unlike most casters, a Death Knight's spells cause double damage on critical hits.	61455	
Calls forth the Grand Black War Mammoth! This is a very fast mammoth! Allows two passengers to board that are in the same group as the driver. This mount increases speed depending on your Riding Skill.	61465,61467	
Calls forth the Grand Ice Mammoth! This is a very fast mammoth! Allows two passengers to board that are in the same group as the driver. This mount increases speed depending on your Riding Skill.	61469,61470	
Right Click to summon and dismiss your Kirin Tor Familiar	61472	
Causes the shaman's active Fire totem to emit a wave of flames, inflicting $61650s1 Fire damage to enemies within $61650a1 yards of the totem.	61649	
Causes the shaman's active Fire totem to emit a wave of flames, inflicting $61654s1 Fire damage to enemies within $61654a1 yards of the totem.	61657	
Increases your pet's attack speed by $61682s1%.  Your pet will hit faster but each hit will do less damage.	61682	
Increases your pet's attack speed by $61683s1%.  Your pet will hit faster but each hit will do less damage.	61683	
Increases your pet's total Stamina by $s1%.	61686,61687,61688	
Increases your pet's armor by $s1%.	61689,61690	
Transforms the enemy into a harmless rabbit, forcing it to scamper around for up to $d.  While wandering, the rabbit cannot attack or cast spells but will regenerate very quickly.  Any damage will transform the target back into its normal form.  Only one target can be polymorphed at a time.  Only works on Beasts, Humanoids and Critters.	61721	
Right Click to summon and dismiss your Spring Rabbit.	61725	
Right Click to summon and dismiss your Plump Turkey.	61773	
Transforms the enemy into a harmless Turkey, forcing it to waddle around for up to $d.  While waddling, the turkey cannot attack or cast spells but will regenerate very quickly.  Any damage will transform the target back into its normal form.  Only one target can be polymorphed at a time.  Only works on Beasts, Humanoids and Critters.	61780	
The hunter takes on the aspects of a dragonhawk, increasing ranged attack power by $s1 and chance to dodge by $61848s1%.  Only one Aspect can be active at a time.	61846,61847	
Right Click to summon and dismiss your Baby Blizzard Bear.	61855	
Right Click to summon and dismiss your little pet fawn.	61991	
Summons and dismisses a rideable Blue Dragonhawk.    This mount can only be summoned in Outland or Northrend. This mount increases speed depending on your Riding Skill.	61996	
Summons and dismisses a rideable Red Dragonhawk.    This mount can only be summoned in Outland or Northrend. This mount increases speed depending on your Riding Skill.	61997	
Raises the corpse of a raid or party member to fight by your side.  The player will have control over the Ghoul for $46619d.	61999	
Summons and dismisses a rideable Black Dragonhawk Mount.    This mount can only be summoned in Outland or Northrend. This mount increases speed depending on your Riding Skill.	62048	
Swipe nearby enemies, inflicting $s1% weapon damage.	62078	
Your Lightning Bolt and Chain Lightning spells gain an additional $s1% and your Lava Burst gains an additional $s2% of your bonus damage effects.	62097,62098,62099,62100,62101	
Taunts the target to attack you.  If the target is tauntable and not currently targeting you, causes ${1+0.5*$AP} Holy damage.	62124	
Affixes your two-handed rune weapon with a rune that increases Defense by $62157s1 and total Stamina by $62157s2%.  Modifying your rune weapon requires a Rune Forge in Ebon Hold.	62158	
Permanently enchant bracers to increase Stamina by 40.  Requires a level 60 or higher item.	62256	
Permanently enchant a melee weapon to increase Stamina by 50.  Requires a level 60 or higher item.	62257	
This delicacy is best served raw and thus requires no cooking fire.	62350	
Right Click to summon and dismiss your Teldrassil Sproutling.	62491	
Right Click to summon and dismiss your Dun Morogh Cub.	62508	
Right Click to summon and dismiss your Tirisfal batling.	62510	
Right Click to summon and dismiss your Durotar scorpion.	62513	
Right Click to summon and dismiss your Alarming Clockbot.	62514	
Right Click to summon and dismiss your Elwynn lamb.	62516	
Right Click to summon and dismiss your Mulgore hatchling.	62542	
Right Click to summon and dismiss your strand crawler.	62561	
Right Click to summon and dismiss your Ammen Vale lashling.	62562	
Right Click to summon and dismiss your enchanted broom.	62564	
Each time you deal a critical strike while in Bear Form or Dire Bear Form, you gain Savage Defense, reducing the damage taken from the next physical attack that strikes you by $62600s1% of your attack power.	62600	
Right Click to summon and dismiss your Argent Crusade squire.	62609	
Right Click to summon and dismiss your Mechanopeep.	62674	
Right Click to summon and dismiss your Argent Crusade gruntling.	62746	
Choose one of your stabled pets to replace your current pet.  The selected pet busts out of its stable to join you no matter where you are.  Cannot be used in combat.	62757	
Increases the contribution your pet gets from your Stamina by $s1% and attack power by $s2%.	62758,62762	
Your pet's Growl also heals it for $s1% of its total health.	62764,62765	
Fire a blast of unholy energy, causing $s1 Shadow damage to an enemy target or healing ${$m1*1.5} damage from a friendly Undead target.	62900,62901,62902,62903,62904	
Increases the damage of your Death Strike by $s1%, increases its critical strike chance by $s2%, and increases the healing granted by $s3%.	62905,62908	
Cuts a black diamond into a red, blue or yellow gemstone of similar quality.  The type of gem is not known until the gem is cut.	62941	
Permanently enchant a staff to increase spell power by 81.  Requires a level 60 or higher item.	62948	
Permanently enchant a staff to increase spell power by 69.  Requires a level 60 or higher item.	62959	
When you deal damage with your Corruption spell, you are instantly healed for $<percent>% of the damage done. In addition, the damage done by your Corruption, Seed of Corruption and Unstable Affliction damage over time effects is increased by $s2%.	63108	
Reduces the cooldown of your Demonic Empowerment, Metamorphosis, and Fel Domination spells by $s1%.	63117,63121,63123	
When you Shadowbolt, Incinerate or Soul Fire a target that is at or below $s2% health, the cast time of Soul Fire spell is reduced by $s1% for $63165d. Soul Fires cast under the effect of Decimation cost no shard.	63156	
When you Shadowbolt, Incinerate or Soul Fire a target that is at or below $63158s2% health, the cast time of your Soul Fire spell is reduced by $63158s1% for $63165d. Soul Fires cast under the effect of Decimation cost no shard.	63158	
Summons and dismisses a rideable Stormwind Steed.   This mount increases speed depending on your Riding Skill.	63232	
When you critically strike with Searing Pain or Conflagrate, your Fire and Shadow spell damage is increased by $63244s1% for $63244d.	63245	
Right Click to summon and dismiss Murkimus the Gladiator.	63318,75936	
Reduces all damage taken by $s1%.	63349,63350,63351	
Reduces the cooldown of your Flame Shock and Frost Shock spells by an additional $/1000;S1 sec., and increases the direct damage done by your Flame Shock and Frost Shock spells by an additional $s2%.	63370,63372	
Increases the damage done by your Lightning Bolt, Chain Lightning, Lava Lash and Shock spells by $s1% on targets afflicted by your Frostbrand Attack effect, and your Frost Shock has a $s2% chance to root the target in ice for $63685d. when used on targets at or further than $63685s1 yards from you.	63373,63374	
Grants $s2% additional armor contribution from cloth and leather items while in Travel Form or while not shapeshifted, increases the damage reduction granted by your Barkskin spell by $s1% and reduces the chance your Barkskin is dispelled by $s3%.	63410,63411	
Frost Trap and Freezing Trap - Increases the duration by $s1%.\n\nImmolation Trap, Explosive Trap and Black Arrow - Increases the periodic damage done by $s2%.\n\nSnake Trap - Increases the number of snakes summoned by $*2;s3.	63457,63458	
Grants the periodic damage from your Lacerate and Rip abilities the ability to critically hit.	63503	
Reduces the mana cost of your Flash Heal by $s2%, and increases the critical effect chance of your Flash Heal by $s1% on friendly targets at or below 50% health.	63504,63505,63506	
Your Renew spell gains an additional $s1% of your bonus healing effects, and your Renew will instantly heal the target for $s2% of the total periodic effect.	63534,63542,63543	
Grants your pet $s2% haste for $d and  heals it for ${$m1*10}% of its health over the duration.	63560	
Reduces the cooldown of your Power Word: Shield ability by $/1000;s1 sec, and reduces the mana cost of your Power Word: Shield by $s2%.	63574	
Increases the periodic damage done by your Devouring Plague by $s1%, and when you cast Devouring Plague you instantly deal damage equal to $s2% of its total periodic effect.	63625,63626,63627	
Summons and dismisses a rideable Darkspear Raptor.   This mount increases speed depending on your Riding Skill.	63635	
Summons and dismisses a rideable Ironforge Ram.   This mount increases speed depending on your Riding Skill.	63636	
Summons and dismisses a rideable Darnassian Nightsaber.   This mount increases speed depending on your Riding Skill.	63637	
Summons and dismisses a rideable Gnomeregan Mechanostrider.   This mount increases speed depending on your Riding Skill.	63638	
Summons and dismisses a rideable Exodar Elekk.   This mount increases speed depending on your Riding Skill.	63639	
Summons and dismisses a rideable Orgrimmar Wolf.   This mount increases speed depending on your Riding Skill.	63640	
Summons and dismisses a rideable Thunder Bluff Kodo.   This mount increases speed depending on your Riding Skill.	63641	
Summons and dismisses a rideable Silvermoon Hawkstrider.   This mount increases speed depending on your Riding Skill.	63642	
Summons and dismisses a rideable Forsaken Warhorse.   This mount increases speed depending on your Riding Skill.	63643	
Switch to your Secondary Talent Specialization.	63644	
Switch to your Primary Talent Specialization.	63645	
Increases all healing done by you and all healing effects on you by $s1%.	63646,63647,63648,63649,63650	
Increases the damage done by your Lightning Bolt, Chain Lightning, Lava Lash and Shock spells on targets afflicted by your Frostbrand Attack effect, and your Frost Shock has a chance to root the target in ice for $63685d. when used on targets at or further than $63685s1 yards from you.	63685	
Right Click to summon and dismiss your Sen'jin fetish.	63712	
When you heal with Binding Heal or Flash Heal, the cast time of your next Greater Heal or Prayer of Healing spell is reduced by $63731s1%. Stacks up to 3 times. Lasts $63731d.	63730,63731	
When you heal with Binding Heal or Flash Heal, the cast time of your next Greater Heal or Prayer of Healing spell is reduced by $63735s1%. Stacks up to 3 times. Lasts $63735d.	63733,63735	
When you heal with Binding Heal or Flash Heal, the cast time of your next Greater Heal or Prayer of Healing spell is reduced by $63734s1%. Stacks up to 3 times. Lasts $63734d.	63734,63737	
Permanently enchant boots to increase your chance to hit with attacks, ranged attacks, and spells by $15464s1%.	63746	
Permanently attaches a springy arachnoweave to a cloak, increasing spell power by 27 and allowing you to turn the cloak into a parachute to fall slowly for $55001d.\n\nThe cloak can only be used once a minute and requires an Engineering skill of at least 350.	63765	
Permanently inserts reticulated armor webbing into gloves, increasing armor by 885.\n\nAttaching the armor webbing causes the gloves to become soulbound.  An Engineering skill of 400 is required to keep the webbing active.	63770	
Summons and dismisses a rideable mechanical gnome head.  This is a very fast construction.  This construction can only be summoned in Outland or Northrend. This mount increases speed depending on your Riding Skill.	63796	
Summons and dismisses a rideable Argent Hippogryph mount.    This mount can only be summoned in Outland or Northrend. This mount increases speed depending on your Riding Skill.	63844	
Summons and dismisses a rideable Ironbound Proto-Drake.  This is an extremely fast mount.  This mount can only be summoned in Outland or Northrend. This mount increases speed depending on your Riding Skill.	63956	
Summons and dismisses a rideable Rusted Proto-Drake.  This is an extremely fast mount.  This mount can only be summoned in Outland or Northrend. This mount increases speed depending on your Riding Skill.	63963	
You terrify the target, causing them to tremble in horror for $d and drop their main hand and ranged weapons for $64058d.	64044	
You terrify the target, causing them to tremble in horror for $64044d and drop their main hand and ranged weapons for $64058d.	64058	
When you cast Power Word: Shield, you increase the target's movement speed by $s1% for $64128d, and you have a $s2% chance when you cast Abolish Disease on yourself to also cleanse 1 poison effect in addition to diseases.	64127,64129	
$s1% of all damage taken by party members within $a1 yards is redirected to the Paladin (up to a maximum of $s3% of the Paladin's health times the number of party members).  Damage which reduces the Paladin below $s2% health will break the effect.  Lasts $d.	64205	
Right Click to summon and dismiss Mimiron's XS-001 Prototype.   He really hates water.	64351	
When below 35% health all damage taken is reduced by $44440s1% and your Pyroblast spell's cast time is reduced by ${$44440m2/-1000}.2 secs while the cooldown is increased by ${$44440m3/1000}.1 secs.  In addition, melee and ranged attacks made against you have a $64350h% chance to disarm your attacker's main hand and ranged weapons.	64353	
When below 35% health all damage taken is reduced by $44441s1% and your Pyroblast spell's cast time is reduced by ${$44441m2/-1000}.1 secs while the cooldown is increased by ${$44441m3/1000} secs.  In addition, melee and ranged attacks made against you have a $64349h% chance to disarm your attacker's main hand and ranged weapons.	64357	
Throws your weapon at the enemy causing ${$64382m1+$AP*.50} damage (based on attack power), reducing the armor on the target by $64382s2% for $64382d or removing any invulnerabilities.	64380,64382	
Permanently enchants a weapon to sometimes grant Blade Warding when striking an enemy.  Blade Warding increases your parry rating by 200 and inflicts 600 to 800 damage on your next parry.  Lasts 10 sec.\n\nThis enchantment requires the wielder is at least level 75.	64441	
Permanently enchants your weapon to sometimes grant Blood Reserve when striking an enemy or inflicting damage with bleed attacks.  When you fall below 35% health, Blood Reserve restores $64568s1 health.  Lasts $64568d and stacks up to $64568u times.\n\nThis enchantment requires the wielder is at least level 75.	64579	
Summons and dismisses a rideable Blue Skeletal Warhorse.   This mount increases speed depending on your Riding Skill.	64656	
Summons and dismisses a rideable White Kodo. This mount increases speed depending on your Riding Skill.	64657	
Summons and dismisses a rideable Black Wolf. This mount increases speed depending on your Riding Skill.	64658	
Summons and dismisses a rideable Venomhide Ravasaur.   This mount increases speed depending on your Riding Skill.	64659	
Summons and dismisses a rideable Sea Turtle.  This mount can't move very quickly on land, but she's a great swimmer.\n\nDue to her calm and steady nature, swim speed is not affected by effects that increase or decrease mount speed.	64731	
Heals $64843s2 nearby lowest health friendly party or raid targets within $64844a1 yards for $64844s1 every $64843t1 sec for $64843d, and increases healing done to them by $64844s2% for $64844d. Maximum of $*4;64843s2 heals. The Priest must channel to maintain the spell.	64843	
Heals $64843s2 nearby lowest health friendly party or raid targets within $a1 yards for $64844s1 every $64843t1 sec for $64843d, and increases healing done to them by $64844s2% for $64844d. Maximum of $*4;64843s2 heals. The Priest must channel to maintain the spell.	64844	
Your Holy Shock critical heals now also place a periodic healing effect on the target, healing for $64890s1% of the Holy Shock's heal amount over $64891d.	64891	
Restores $64904s1% mana to $64901s2 nearby low mana friendly party or raid targets every $64901t1 sec for $64901d, and increases their total maximum mana by $64904s2% for $64904d. Maximum of $*4;s2 mana restores. The Priest must channel to maintain the spell.	64901,64904	
Summons and dismisses a rideable Deadly Gladiator's Frost Wyrm mount.  This is an extremely fast mount.  This mount can only be summoned in Outland or Northrend. This mount increases speed depending on your Riding Skill.	64927	
Your Charge ability is now usable while in combat, but the cooldown on Charge is increased by ${$m3/1000} sec. Following a Charge, your next Slam or Mortal Strike has an additional $65156s1% chance to critically hit if used within $65156d.	64976	
Summons and dismisses a rideable Black Skeletal Horse. This mount increases speed depending on your Riding Skill.	64977	
Reduces the mana cost of your healing over time spells by $5420s1% and grants the ability to shapeshift into the Tree of Life. While in this form you increase healing received by $34123s1% for all party and raid members within $34123a1 yards, and you can only cast Restoration spells in addition to Innervate, Barkskin, Nature's Grasp and Thorns spells.\n\nThe act of shapeshifting frees the caster of Polymorph and Movement Impairing effects.	65139	
Reduces the damage your pet takes from creature area of effect attacks by an additional $s1%.	65220	
Right Click to summon and dismiss a Curious Oracle Hatchling.	65381	
Right Click to summon and dismiss a Curious Wolvar Pup.	65382	
Summons and dismisses a rideable Furious Gladiator's Frost Wyrm mount.  This is an extremely fast mount.  This mount can only be summoned in Outland or Northrend. This mount increases speed depending on your Riding Skill.	65439	
Summons and dismisses a rideable Great Red Elekk.   This mount increases speed depending on your Riding Skill.	65637	
Summons and dismisses a rideable Swift Moonsaber.   This mount increases speed depending on your Riding Skill.	65638	
Summons and dismisses a rideable Swift red Hawkstrider.   This mount increases speed depending on your Riding Skill.	65639	
Summons and dismisses a rideable Swift Gray Steed.   This mount increases speed depending on your Riding Skill.	65640	
Summons and dismisses a rideable Great Golden Kodo.   This mount increases speed depending on your Riding Skill.	65641	
Summons and dismisses a rideable Turbostrider.   This mount increases speed depending on your Riding Skill.	65642	
Summons and dismisses a rideable Swift Violet Ram.   This mount increases speed depending on your Riding Skill.	65643	
Summons and dismisses a rideable Swift Purple Raptor.   This mount increases speed depending on your Riding Skill.	65644	
Summons and dismisses a rideable White Skeletal Warhorse.   This mount increases speed depending on your Riding Skill.	65645	
Summons and dismisses a rideable Swift Burgundy Wolf.   This mount increases speed depending on your Riding Skill.	65646	
When dual-wielding, your Death Strikes, Obliterates, Plague Strikes, Rune Strikes, Blood Strikes and Frost Strikes have a $s1% chance to also deal damage with your offhand weapon.	65661,66191,66192	
Right Click to summon and dismiss your Warbot.	65682	
Summons and dismisses a rideable Magic Rooster.  No, seriously.  This is a very fast mount.	65917	
Right Click to summon and dismiss Grunty the Murloc Marine.	66030	
Summons and dismisses a rideable Silver Covenant Hippogryph mount.    This mount can only be summoned in Outland or Northrend. This mount increases speed depending on your Riding Skill.	66087	
Summons and dismisses a rideable Sunreaver Dragonhawk mount.    This mount can only be summoned in Outland or Northrend. This mount increases speed depending on your Riding Skill.	66088	
Summons and dismisses a rideable Quel'dorei Steed.   This mount increases speed depending on your Riding Skill.	66090	
Summons and dismisses a rideable Sunreaver Hawkstrider.   This mount increases speed depending on your Riding Skill.	66091	
Right Click to summon and dismiss your Shimmering Wyrmling.	66096	
Summons and dismisses a rideable Magic Rooster.  No, seriously.   This mount increases speed depending on your Riding Skill.	66122,66123,66124	
Right Click to summon and dismiss your Macabre Marionette.	66175	
A deadly attack that deals $s2% offhand weapon damage plus a bonus and heals the Death Knight for $F% of $Ghis:her; maximum health for each of $Ghis:her; diseases on the target.	66188	
Instantly strike the enemy, causing $s2% offhand weapon damage plus a bonus as Frost damage.	66196	
A brutal instant attack that deals $s2% offhand weapon damage plus a bonus, total damage increased ${$m3/2}.1% per each of your diseases on the target, but consumes the diseases.	66198	
Instantly strike the enemy, causing $s2% offhand weapon damage plus a bonus, total damage increased by ${$m3/2}.1% for each of your diseases on the target.	66215	
A vicious strike that deals $s2% offhand weapon damage plus a bonus and infects the target with Blood Plague, a disease dealing Shadow damage over time.	66216	
Strike the target for $s2% offhand weapon damage plus a bonus.  Only usable after the Death Knight dodges or parries.  Can't be dodged, blocked, or parried.  This attack causes a high amount of threat.	66217	
Right Click to summon and dismiss your jade tiger.	66520	
Transmute the element of shadow and a Monarch Topaz into an Ametrine.	66658	
Transmute the element of fire and a Scarlet Ruby into a Cardinal Ruby.	66659	
Transmute the element of life and a Autumn's Glow into King's Amber.	66660	
Transmute the element of shadow and a Twilight Opal into a Dreadstone.	66662	
Transmute the element of air and a Sky Sapphire into a Majestic Zircon.	66663	
Transmute several Forest Emeralds into an Eye of Zul.	66664	
Your Blood Strikes cause you to deal $63583s1% additional damage with all attacks for the next $63583d.	66799	
Your Blood Strikes cause you to deal $66800s1% additional damage with all attacks for the next $66800d.	66814	
Your Blood Strikes cause you to deal $66801s1% additional damage with all attacks for the next $66801d.	66815	
Your Blood Strikes cause you to deal $66802s1% additional damage with all attacks for the next $66802d.	66816	
Your Blood Strikes cause you to deal $66803s1% additional damage with all attacks for the next $66803d.	66817	
Simultaneously places up to 4 totems specified in the Totem Bar. Castable while moving.	66842	
Simultaneously places up to 4 totems specified in the Totem Bar. Can call different totems than Call of the Elements. Castable while moving.	66843	
Simultaneously places up to 4 totems specified in the Totem Bar. Can call different totems than Call of the Elements or Call of the Ancestors. Castable while moving.	66844	
Summons and dismisses a rideable Ochre Skeletal Warhorse.   This mount increases speed depending on your Riding Skill.	66846	
Summons and dismisses a rideable Striped Dawnsaber. This mount increases speed depending on your Riding Skill.	66847	
Summons an Argent Charger, which serves as a mount.   This mount increases speed depending on your Riding Skill.	66906	
Summons an Argent Warhorse, which serves as a mount. This mount increases speed depending on your Riding Skill.	66907	
Heal over time.	66922	
Summons and dismisses a rideable Relentless Gladiator's Frost Wyrm mount.  This is an extremely fast mount.  This mount can only be summoned in Outland or Northrend. This mount increases speed depending on your Riding Skill.	67336	
Right Click to summon and dismiss your hatchling.	67413,67414,67415,67416,67417,67418,67419,67420	
Summons and dismisses a rideable Argent Warhorse.   This mount increases speed depending on your Riding Skill.	67466	
Right Click to summon and dismiss your onyx panther.	67527	
Attaches a tiny mind amplification dish to your helmet, increasing Stamina by 45 and allowing you to engage in mental battle with your enemies to, hopefully, control them.  Can be used every 10 min.\n\nEnchanting your helm binds it to you.  Requires 350 engineering to use.	67839	
Summons and dismisses a rideable Swift Horde Wolf.   This mount increases speed depending on your Riding Skill.	68056	
Summons and dismisses a rideable Swift Alliance Steed.   This mount increases speed depending on your Riding Skill.	68057	
Summons and dismisses a rideable Crusader's White Warhorse.   This mount increases speed depending on your Riding Skill.	68187	
Summons and dismisses a rideable Crusader's Black Warhorse.   This mount increases speed depending on your Riding Skill.	68188	
Right Click to summon and dismiss your spectral tiger cub.	68810	
Summons and dismisses a rideable Onyxian Drake.    This mount can only be summoned in Outland or Northrend. This mount increases speed depending on your Riding Skill.	69395	
Disenchants an Abyss Crystal into Greater Cosmic Essence or Infinite Dust.	69412	
Right Click to summon and dismiss your core hound pup.	69452	
Right Click to summon and dismiss your gryphon hatchling.	69535	
Right Click to summon and dismiss your wind rider cub.	69536	
Right Click to summon and dismiss your zipao tiger.	69539	
Right Click to call or say goodbye to your pandaren monk friend.	69541	
Right Click to summon or dismiss Lil' K.T.	69677	
Affixes your rune weapon with a rune that increases Defense by $70163s1 and total Stamina by $70163s2%.  Modifying your rune weapon requires a Rune Forge in Ebon Hold.	70164	
Right Click to summon and dismiss your pug.	70613	
Heals over $d.	70772	
Heals the target for $70808s1% of a recent critical heal Chain Heal over $d.	70809	
Summon a Water Elemental to fight for the caster for 45 sec.	70909	
Summons and dismisses a rideable Big Love Rocket.  This mount changes depending on your Riding skill and location.	71342	
Permanently enchant gloves to increase fishing skill by 5.	71692	
Summons and dismisses a rideable Wrathful Gladiator's Frost Wyrm mount.  This is an extremely fast mount.  This mount can only be summoned in Outland or Northrend. This mount increases speed depending on your Riding Skill.	71810	
Right Click to summon and dismiss your toxic wasteling. Do not feed toxic wasteling. Do not allow toxic wasteling to approach small animals. Do not touch, sniff, or even look at toxic wasteling for extended periods of time.	71840	
Summons and dismisses the flying undead horse Invincible.  This mount changes depending on your Riding skill and location.	72286	
Summons and dismisses a rideable Icebound Frostbrood Vanquisher.  This is an extremely fast mount.  This mount can only be summoned in Outland or Northrend. This mount increases speed depending on your Riding Skill.	72807	
Summons and dismisses a rideable Bloodbathed Frostbrood Vanquisher.  This is an extremely fast mount.  This mount can only be summoned in Outland or Northrend. This mount increases speed depending on your Riding Skill.	72808	
Summons and dismisses your rideable Crimson Deathcharger.   This mount increases speed depending on your Riding Skill.	73313	
Summons and dismisses a rideable Blazing Hippogryph.  This mount changes depending on your Riding skill.	74856	
Summons and dismisses a rideable Wooly White Rhino.   This mount increases speed depending on your Riding Skill.	74918	
Right Click to summon and dismiss your Frigid Frostling.	74932	
The damage dealt by your Flame Shock can now be critical strikes.	75461	
Summons and dismisses a Frosty Flying Carpet.  This is a very fast rug.  Can only be used in Outland and Northrend.  Requires 425 skill in tailoring to ride. This mount increases speed depending on your Riding Skill.	75596	
Summons or dismisses a Celestial Dragon.	75613	
Summons and dismisses a Celestial Steed.  This mount changes depending on your Riding skill and location.	75614	
Right Click to set down or pick up your Lil' XT action figure.	75906	
Summons an X-53 Touring Rocket.  This two-passenger mount's speed depends upon your riding skill.	75973	
Right Click to summon and dismiss Mini Thor.	78381	
You sometimes find additional cloth from most creatures.	84239	
Right Click to summon and dismiss Beetah Beetle.	84243	
Reduces your chance to be dodged or parried with Maces and Two-Handed Maces by ${$m1/4}%.	84423	
Reduces your chance to be dodged or parried with Swords and Two-Handed Swords by ${$m1/4}%.	84424	
Your chance to critically hit with Wands is increased by $s1%.	84425	
Reduces your chance to be dodged or parried with Daggers by ${$m1/4}%.	84426	
Your chance to critically hit with Thrown Weapons is increased by $s1%.	84427	
Your chance to critically hit with Guns is increased by $s1%.	84428	
Reduces your chance to be dodged or parried with Axes and Two-Handed Axes by ${$m1/4}%.	84430	
Reduces your chance to be dodged or parried with Fist Weapons by ${$m1/4}%.	84431	
Reduces your chance to be dodged or parried with Staves by ${$m1/4}%.	84432	
Your chance to critically hit with Bow Weapons is increased by $s1%.	84433	
Reduces your chance to be dodged or parried with Polearms by ${$m1/4}%.	84434	
Allows you to use abilities from the Human race.	84435	
Allows you to use abilities from the Dwarf race.	84446	
Fills the Paladin with the might of thanes for $d, giving your attacks a chance based on weapon speed to gain $84464s1 Armor and increase the damage of Hammer of Wrath by $84464s2% for $84464d. This effect stacks up to $84464u times.\n\nUnleashing this Seal's energy will cause all nearby targets to take $84463s1 Holy damage per stack and increase the duration of Mountain's Might to $84463d until your next use of this Seal.	84465	
Summons and dismisses a rideable Risen Warhorse. This mount increases speed depending on your Riding Skill.	84466	
Summons and dismisses a rideable Risen Charger. This mount increases speed depending on your Riding Skill.	84467	
Increases your Spirit by $84468s1% of your Intellect for $84468d.	84469	
Allows you to use abilities from the Tauren race.	84470	
Increases your resistance to all schools of magic by an amount equal to your level. Lasts $d.	84487	
Causes the target to emit harmful rays of light, dealing $84488s1 Holy damage to the target and ${$84488m1*2} Holy damage to up to ${$84488i-1} enemies around the target every $t sec. for $d.	84489	
Causes the target to emit harmful rays of light, dealing $84490s1 Holy damage to the target and ${$84490m1*2} Holy damage to up to ${$84490i-1} enemies around the target every $t sec. for $d.	84491	
Causes the target to emit harmful rays of light, dealing $84492s1 Holy damage to the target and ${$84492m1*2} Holy damage to up to ${$84492i-1} enemies around the target every $t sec. for $d.	84493	
Causes the target to emit harmful rays of light, dealing $84494s1 Holy damage to the target and ${$84494m1*2} Holy damage to up to ${$84494i-1} enemies around the target every $t sec. for $d.	84495	
Causes the target to emit harmful rays of light, dealing $84496s1 Holy damage to the target and ${$84496m1*2} Holy damage to up to ${$84496i-1} enemies around the target every $t sec. for $d.	84497	
Causes the target to emit harmful rays of light, dealing $84498s1 Holy damage to the target and ${$84498m1*2} Holy damage to up to ${$84498i-1} enemies around the target every $t sec. for $d.	84499	
Causes the target to emit harmful rays of light, dealing $84500s1 Holy damage to the target and ${$84500m1*2} Holy damage to up to ${$84500i-1} enemies around the target every $t sec. for $d.	84501	
Fills the Paladin with holy spirit for $d, granting each melee attack an additional ${$cond($eq($HND,1),0.85*($m1*1.2*1.03*$MWS/100)+0.03*($MW+$mw)/2-1,1.2*($m1*1.2*1.03*$MWS/100)+0.03*($MW+$mw)/2+1)} Holy damage.  Persists for 0.5 seconds when swapping to any other Seal.\n\nUnleashing this Seal's energy will cause $20187s1 Holy damage to an enemy.	84508	
Fills the Paladin with holy spirit for $d, granting each melee attack an additional ${$cond($eq($HND,1),0.85*($m1*1.2*1.03*$MWS/100)+0.03*($MW+$mw)/2-1,1.2*($m1*1.2*1.03*$MWS/100)+0.03*($MW+$mw)/2+1)} Holy damage.  Persists for 0.5 seconds when swapping to any other Seal.\n\nUnleashing this Seal's energy will cause $20280s1 Holy damage to an enemy.	84509	
Fills the Paladin with holy spirit for $d, granting each melee attack an additional ${$cond($eq($HND,1),0.85*($m1*1.2*1.03*$MWS/100)+0.03*($MW+$mw)/2-1,1.2*($m1*1.2*1.03*$MWS/100)+0.03*($MW+$mw)/2+1)} Holy damage.  Persists for 0.5 seconds when swapping to any other Seal.\n\nUnleashing this Seal's energy will cause $20281s1 Holy damage to an enemy.	84510	
Fills the Paladin with holy spirit for $d, granting each melee attack an additional ${$cond($eq($HND,1),0.85*($m1*1.2*1.03*$MWS/100)+0.03*($MW+$mw)/2-1,1.2*($m1*1.2*1.03*$MWS/100)+0.03*($MW+$mw)/2+1)} Holy damage.  Persists for 0.5 seconds when swapping to any other Seal.\n\nUnleashing this Seal's energy will cause $20282s1 Holy damage to an enemy.	84511	
Fills the Paladin with holy spirit for $d, granting each melee attack an additional ${$cond($eq($HND,1),0.85*($m1*1.2*1.03*$MWS/100)+0.03*($MW+$mw)/2-1,1.2*($m1*1.2*1.03*$MWS/100)+0.03*($MW+$mw)/2+1)} Holy damage.  Persists for 0.5 seconds when swapping to any other Seal.\n\nUnleashing this Seal's energy will cause $20283s1 Holy damage to an enemy.	84512	
Fills the Paladin with holy spirit for $d, granting each melee attack an additional ${$cond($eq($HND,1),0.85*($m1*1.2*1.03*$MWS/100)+0.03*($MW+$mw)/2-1,1.2*($m1*1.2*1.03*$MWS/100)+0.03*($MW+$mw)/2+1)} Holy damage.  Persists for 0.5 seconds when swapping to any other Seal.\n\nUnleashing this Seal's energy will cause $20284s1 Holy damage to an enemy.	84513	
Fills the Paladin with holy spirit for $d, granting each melee attack an additional ${$cond($eq($HND,1),0.85*($m1*1.2*1.03*$MWS/100)+0.03*($MW+$mw)/2-1,1.2*($m1*1.2*1.03*$MWS/100)+0.03*($MW+$mw)/2+1)} Holy damage.  Persists for 0.5 seconds when swapping to any other Seal.\n\nUnleashing this Seal's energy will cause $20285s1 Holy damage to an enemy.	84514	
Fills the Paladin with holy spirit for $d, granting each melee attack an additional ${$cond($eq($HND,1),0.85*($m1*1.2*1.03*$MWS/100)+0.03*($MW+$mw)/2-1,1.2*($m1*1.2*1.03*$MWS/100)+0.03*($MW+$mw)/2+1)} Holy damage.  Persists for 0.5 seconds when swapping to any other Seal.\n\nUnleashing this Seal's energy will cause $20286s1 Holy damage to an enemy.	84515	
Fills the Paladin with strength of will for $d, causing your attacks to deal $84524s1% weapon damage as Holy damage to your target and an additional target nearby.\n        \nUnleashing this Seal's energy will release a wave of light in front of you, dealing $84525s2 Holy damage to all targets it hits. $84525s3% of the damage dealt by this wave will also damage you over $84523d.	84526	
Fills the Paladin with strength of will for $d, causing your attacks to deal $84527s1% weapon damage as Holy damage to your target and an additional target nearby.\n        \nUnleashing this Seal's energy will release a wave of light in front of you, dealing $84528s2 Holy damage to all targets it hits. $84528s3% of the damage dealt by this wave will also damage you over $84523d.	84529	
Increases your number of pet talent points by $s1.	84541,84542,84543,84544	
Snap the enemy, causing $s1 damage.	84546,84547,84548,84549,84550,84551,84552,84553	
Create the reagent for the Blind Ability.	84554	
Transfers any existing combo points to the current enemy target. Requires active combo points.  Does not break stealth.	84568	
Infuse water with power, transforming it into Weak Holy Water.	84593	
Infuse water with power, transforming it into Lesser Holy Water.	84595	
Infuse water with power, transforming it into Holy Water.	84597	
Infuse water with power, transforming it into Strong Holy Water.	84599	
Infuse water with power, transforming it into Blessed Holy Water.	84601	
Create a barrier around you, absorbing damage dealt to all party and raid members within it.  The barrier lasts for $d or until it absorbs $s1 damage, increased by up to 250% when affecting a large group.  Priest must channel to maintain the spell.	84602,84603,84604	
Hurls a ball of molten lava at the target for $s1 Fire damage and resetting the duration of your active Flame Shock effect.	84605,84607,84609,84611,84613,84615,84617,84619	
Hurls a ball of molten lava at the target for $s1 Fire damage.	84606,84608,84610,84612,84614,84616,84618,84620	
Soothes the target elemental, reducing the range at which it will attack you by $s1 yards.  Only affects Elemental targets level 40 or lower.  Lasts $d.	84628	
Soothes the target elemental, reducing the range at which it will attack you by $s1 yards.  Only affects Elemental targets level 55 or lower.  Lasts $d.	84629	
Soothes the target elemental, reducing the range at which it will attack you by $s1 yards.  Only affects Elemental targets level 70 or lower.  Lasts $d.	84630	
If you have an active Lightning Shield, your critical hits with Lightning Bolt and Chain Lightning have a $h% chance to cause your Lightning Shield to gain an additional charges, up to 9. When you reach 9 charges, any attempt to gain another charge will instead launch a Lightning Shield ball at your target.\n\nWhen you have more than 3 Lightning Shield charges active, your Earth Shock spell will consume up to 1 surplus charge after 2 seconds, sending it at your target.	84642	
If you have an active Lightning Shield, your critical hits with Lightning Bolt and Chain Lightning have a $h% chance to cause your Lightning Shield to gain an additional charges, up to 9. When you reach 9 charges, any attempt to gain another charge will instead launch a Lightning Shield ball at your target.\n\nWhen you have more than 3 Lightning Shield charges active, your Earth Shock spell will consume up to 2 surplus charges every 2 seconds for up to 4 seconds, sending them at your target.	84644	
If you have an active Lightning Shield, your critical hits with Lightning Bolt and Chain Lightning have a $h% chance to cause your Lightning Shield to gain an additional charges, up to 9. When you reach 9 charges, any attempt to gain another charge will instead launch a Lightning Shield ball at your target.\n\nWhen you have more than 3 Lightning Shield charges active, your Earth Shock spell will consume up to 3 surplus charges every 2 seconds for up to 6 seconds, sending them at your target.	84646	
Places a Rune of Power on the ground for $d which increases your spell damage by $84657s1% while you stand within $84657a1 yards.	84658	
Launches several missiles at the enemy target, causing $s1 Arcane damage and consuming any of your Arcane Blast stacks.  Each stack of Arcane Blast consumed increases this damage by $36032s3% and it increases the damage of your Arcane Missiles by $84659s1% for $84659d.	84660,84661,84662,84663	
Conjures a dagger with 50 durability which can be equipped by anyone that can use that weapon type.  The damage dealt by the dagger is based on the level of the mage.\n            \nConjured items disappear if logged out for more than 15 minutes.	84667	
Conjures a shortsword with 50 durability which can be equipped by anyone that can use that weapon type.  The damage dealt by the shortsword is based on the level of the mage.\n            \nConjured items disappear if logged out for more than 15 minutes.	84668	
Conjures a greatsword with 50 durability which can be equipped by anyone that can use that weapon type.  The damage dealt by the greatsword is based on the level of the mage.\n            \nConjured items disappear if logged out for more than 15 minutes.	84669	
Conjures a hammer with 50 durability which can be equipped by anyone that can use that weapon type.  The damage dealt by the hammer is based on the level of the mage.\n            \nConjured items disappear if logged out for more than 15 minutes.	84670	
Conjures a mace with 50 durability which can be equipped by anyone that can use that weapon type.  The damage dealt by the mace is based on the level of the mage.\n            \nConjured items disappear if logged out for more than 15 minutes.	84671	
Conjures an axe with 50 durability which can be equipped by anyone that can use that weapon type.  The damage dealt by the axe is based on the level of the mage.\n            \nConjured items disappear if logged out for more than 15 minutes.	84672	
Conjures a battle axe with 50 durability which can be equipped by anyone that can use that weapon type.  The damage dealt by the battle axe is based on the level of the mage.\n            \nConjured items disappear if logged out for more than 15 minutes.	84673	
Grants the Warlock's summoned demon Empowerment.\n        \nImp: Your Imp's Firebolts have a 100% chance to critically hit and cost no mana for $84693d.\n        \nVoidwalker: Summon demonic plating onto your Voidwalker, increasing its armor by $84694s1% and improving its threat generation by $84694s2%. Lasts $84694d.\n        \nSuccubus: Your Succubus casts Partial Invisibility, causing all melee and ranged attacks made against it to have a 75% chance to miss and increasing its damage by $84695s3%.\n        \nFelhunter: Sacrifice 10% to 20% of your maximum health to empower your Felhunter's Spell Lock ability, reducing its cooldown by $/1000;84696s1 seconds for $84696d. Must be above 20% health to cast.\n\nFelguard: Your Felguard hurls their weapon at the target and enrages, stunning the target for $84697d and increasing its damage dealt by $54508s1% for $54508d.\n\nInfernal: Your Infernal becomes immune to all attacks and spells for $84698d.\n\nDoomguard: Your Doomguard casts Shadow Bolt Volley, dealing $84699s1 Shadow damage to all nearby enemies within $84699a yards.\n\nEnslaved Demon: Apply Demonic Frenzy to your Enslaved Demon, causing it to take $84700s3 damage every $84700t3 seconds and increasing its attack speed by $84700s1% and casting speed by $84700s2% for $84700d.	84701	
Enter a pact with a raid or party members soul. If the target dies while under this pact you gain 1 Soul Shard and your Spell Damage is increased by $84703s1 for $84703d.	84704	
Tears open a portal to the twisting nether for $d, which periodically releases a demon under your control. These demons do not replace your currently active demon. The final demon summoned by the portal is always a Felguard, which stuns your current target for 4 seconds when it appears.  Moving more than 45 yards from the portal causes it to close.	84708	
Your Felhunter regains 5% of its maximum mana each time it hits with its Shadow Bite ability.	84722	
Your Felhunter regains 10% of its maximum mana each time it hits with its Shadow Bite ability.	84723	
Enemies around the Infernal take $84727s1 Fire damage every $t1 seconds.	84728	
All equipable Weapons will receive additional Feral Attack Power based on Weapon DPS. Only a Druid may see this bonus stat.	84730	
Applies Rejuvenation (Rank 3) to your friendly target and that target's party members within 25 yards.	84740	
Applies Rejuvenation (Rank 4) to your friendly target and that target's party members within 25 yards.	84741	
Applies Rejuvenation (Rank 5) to your friendly target and that target's party members within 25 yards.	84742	
Applies Rejuvenation (Rank 6) to your friendly target and that target's party members within 25 yards.	84743	
Applies Rejuvenation (Rank 7) to your friendly target and that target's party members within 25 yards.	84744	
Applies Rejuvenation (Rank 8) to your friendly target and that target's party members within 25 yards.	84745	
Applies Rejuvenation (Rank 9) to your friendly target and that target's party members within 25 yards.	84746	
Applies Rejuvenation (Rank 10) to your friendly target and that target's party members within 25 yards.	84747	
Allows the friendly target to walk across water for $d.  Any damage will cancel the effect.	84750	
Right Click to summon and dismiss your earth elemental.	84980	
Teaches you how to summon this companion.	85050,85177,85611,86030,86947,86949,87289,87994	
Requires: Balefire Curse  This item binds to you upon being crafted.	85230	
Permanently enchant a melee weapon to sometimes empower the wielding matey, increasing agility by 45 and parry chance by 3%.	86379	
Grow a Small Glimmering Shard into a Large Glimmering Shard.	86386	
Grow a Small Glowing Shard into a Large Glowing Shard.	86387	
Grow a Small Radiant Shard into a Large Radiant Shard.	86388	
Grow a Small Brilliant Shard into a Large Brilliant Shard.	86389	
Increases the fox's dodge chance by $s1% and reduces the chance ranged attacks hit the fox by $s2%.  Lasts $d.	86489	
Increases Damage by $s1%. Increases Base Armor by $s2%. Increases Health by $s3%.	86490,86493,86497,86498,86499,86501,86505,86506,86507,86508,86511,86512,86514,86515,86516,86517,86518,86520,86521	
Decreases Damage by $s1%. Increases Base Armor by $s2%. Increases Health by $s3%.	86491,86492,86504,86509,86510	
Increases Damage by $s1%. Increases Base Armor by $s2%. Decreases Health by $s3%.	86494,86496,86502,86503	
Decreases Damage by $s1%. Increases Base Armor by $s2%. Decreases Health by $s3%.	86495	
Increases Damage by $s1%. Decreases Base Armor by $s2%. Increases Health by $s3%.	86500,86513,86519	
Increases Damage by $s1%. Decreases Base Armor by $s2%. Decreases Health by $s3%.	86522	
Right Click to tap a pony keg of delicious Special Brew.\n\nSpecial Brew disappears if logged out for more than 15 minutes.	86536	
Allows you to use abilities from the Gnome race.	86537	
Your flight path routes throughout the world will take on the appearance of a Gnomish Gyrocopter.	86540	
Place a Banner of Heritage at your feet lasting for 3 minutes.	86541	
Allows you to use abilities from the Orc race.	86542	
Increases attack power by $s1, but reduces healing effects on you by $86546s1%.  Lasts $d.	86545	
Increases attack power by $s1, but reduces healing effects on you by $86548s1%.  Lasts $d.	86547	
Increases attack power by $s1, but reduces healing effects on you by $86550s1%.  Lasts $d.	86549	
Increases attack power by $s1, but reduces healing effects on you by $86552s1%.  Lasts $d.	86551	
Increases attack power by $s1, but reduces healing effects on you by $86554s1%.  Lasts $d.	86553	
Increases attack power by $s1, but reduces healing effects on you by $86556s1%.  Lasts $d.	86555	
Increases attack power by $s1, but reduces healing effects on you by $86558s1%.  Lasts $d.	86557	
Increases your damage and healing from spells and effects by up to $s2, but reduces healing effects on you by $86560s1%.  Lasts $d.	86559	
Increases your damage and healing from spells and effects by up to $s2, but reduces healing effects on you by $86562s1%.  Lasts $d.	86561	
Increases your damage and healing from spells and effects by up to $s2, but reduces healing effects on you by $86564s1%.  Lasts $d.	86563	
Increases your damage and healing from spells and effects by up to $s2, but reduces healing effects on you by $86566s1%.  Lasts $d.	86565	
Increases your damage and healing from spells and effects by up to $s2, but reduces healing effects on you by $86568s1%.  Lasts $d.	86567	
Increases your damage and healing from spells and effects by up to $s2, but reduces healing effects on you by $86570s1%.  Lasts $d.	86569	
Increases your damage and healing from spells and effects by up to $s2, but reduces healing effects on you by $86572s1%.  Lasts $d.	86571	
Increases melee attack power by $s1 and your damage and healing from spells and effects by up to $s2, but reduces healing effects on you by $86574s1%.  Lasts $d.	86573	
Increases melee attack power by $s1 and your damage and healing from spells and effects by up to $s2, but reduces healing effects on you by $86576s1%.  Lasts $d.	86575	
Increases melee attack power by $s1 and your damage and healing from spells and effects by up to $s2, but reduces healing effects on you by $86578s1%.  Lasts $d.	86577	
Increases melee attack power by $s1 and your damage and healing from spells and effects by up to $s2, but reduces healing effects on you by $86580s1%.  Lasts $d.	86579	
Increases melee attack power by $s1 and your damage and healing from spells and effects by up to $s2, but reduces healing effects on you by $86582s1%.  Lasts $d.	86581	
Increases melee attack power by $s1 and your damage and healing from spells and effects by up to $s2, but reduces healing effects on you by $86584s1%.  Lasts $d.	86583	
Increases melee attack power by $s1 and your damage and healing from spells and effects by up to $s2, but reduces healing effects on you by $86586s1%.  Lasts $d.	86585	
While travelling when dead you will ride an embodiment of Lo'Gosh with his pack.	86587	
Don your Tribal Totem.	86588	
Allows you to use abilities from the Troll race.	86590	
Increases your casting and attack speed by $86600s1% to $86600s3%.  At full health the speed increase is $86600s1% with a greater effect up to $86600s3% if you are badly hurt when you activate Berserking. Lasts $86600d. Power cost varies based on your currently active form.	86602	
Increases your casting and attack speed by $86600s1% to $86600s3%.  At full health the speed increase is $86600s1% with a greater effect up to $86600s3% if you are badly hurt when you activate Berserking. Lasts $86600d.	86603,86604,86605	
On death there is a chance for the Loa Bwonsamdi to appear and mock your failure.	86606	
Allows you to use abilities from the Night Elf race.	86607	
Activate to meld into the earth and rocks around you, reducing the chance for enemies to detect your presence.  Lasts until cancelled or upon moving.  Rogues and Druids with Shadowmeld are more difficult to detect while stealthed or prowling.	86617	
Activate to enter an ethereal form, reducing the chance for enemies to detect your presence.  Lasts until cancelled or upon moving.  Rogues and Druids with Shadowmeld are more difficult to detect while stealthed or prowling.	86618	
Activate to bend light around you, reducing the chance for enemies to detect your presence.  Lasts until cancelled or upon moving.  Rogues and Druids with Shadowmeld are more difficult to detect while stealthed or prowling.	86619	
Activate to embrace the darkness of undeath, reducing the chance for enemies to detect your presence.  Lasts until cancelled or upon moving.  Rogues and Druids with Shadowmeld are more difficult to detect while stealthed or prowling.	86621	
Activate to blend into the background, reducing the chance for enemies to detect your presence.  Lasts until cancelled or upon moving.  Rogues and Druids with Shadowmeld are more difficult to detect while stealthed or prowling.	86622	
Activate to hide among your surroundings as your ancestors did before you, reducing the chance for enemies to detect your presence.  Lasts until cancelled or upon moving.  Rogues and Druids with Shadowmeld are more difficult to detect while stealthed or prowling.	86623	
Increases your attack and casting speed by $86625s1% during the night. Increases your critical strike chance by $86624s1% during the day.	86626	
Increases your attack and casting speed by $86628s1% during the night. Increases your critical strike chance by $86627s1% during the day.	86629	
Increases your attack and casting speed by $86631s1% during the night. Increases your critical strike chance by $86630s1% during the day.	86632	
Increases your attack and casting speed by $86634s1% during the night. Increases your critical strike chance by $86633s1% during the day.	86635	
Increases your attack and casting speed by $86637s1% during the night. Increases your critical strike chance by $86636s1% during the day.	86638	
Increases your attack and casting speed by $86640s1% during the night. Increases your critical strike chance by $86639s1% during the day.	86641	
Increases your attack and casting speed by $86643s1% during the night. Increases your critical strike chance by $86642s1% during the day.	86644	
Increases your attack and casting speed by $86646s1% during the night. Increases your critical strike chance by $86645s1% during the day.	86647	
Allows you to use abilities from the Undead race.	86655	
Allows the caster to take on the appearance of the selected Undead creature.	86659	
When activated, regenerates $86674s1% of total health every $86674t1 sec for $86674d.  Only works on Humanoid or Undead corpses within $a1 yds.  Any movement, action, or damage taken while Cannibalizing will cancel the effect.	86675	
When activated, regenerates $86676s1% of total health every $86676t1 sec for $86676d.  Only works on Humanoid or Undead corpses within $a1 yds.  Any movement, action, or damage taken while Howling will cancel the effect.	86677	
When activated, regenerates $86678s1% of total health every $86678t1 sec for $86678d.  Only works on Humanoid or Undead corpses within $a1 yds.  Any movement, action, or damage taken while Praying will cancel the effect.	86679	
When activated, regenerates $86680s1% of total health every $86680t1 sec for $86680d.  Only works on Humanoid or Undead corpses within $a1 yds.  Any movement, action, or damage taken while Dancing will cancel the effect.	86681	
When activated, regenerates $86682s1% of total health every $86682t1 sec for $86682d.  Only works on Humanoid or Undead corpses within $a1 yds.  Any movement, action, or damage taken while Cheering will cancel the effect.	86683	
When activated, regenerates $86684s1% of total health every $86684t1 sec for $86684d.  Only works on Humanoid or Undead corpses within $a1 yds.  Any movement, action, or damage taken while Embracing will cancel the effect.	86685	
When activated, regenerates $86686s1% of total health every $86686t1 sec for $86686d.  Only works on Humanoid or Undead corpses within $a1 yds.  Any movement, action, or damage taken while Analyzing will cancel the effect.	86687	
When activated, regenerates $86688s1% of total health every $86688t1 sec for $86688d.  Only works on Humanoid or Undead corpses within $a1 yds.  Any movement, action, or damage taken while Praying will cancel the effect.	86689	
You receive $s1% increased duration and $s2% increased effect from elixirs and flasks.	86703	
Repair all of your gear to full durability.	86740,86741	
Permanently enchant a ring to increase damage and healing done by magical spells and effects by 8. Only the enchanter's rings can be enchanted and enchanting a ring will cause it to become soulbound.	86765	
Permanently enchant a ring to increase attack power by 14. Only the enchanter's rings can be enchanted and enchanting a ring will cause it to become soulbound.	86766	
Permanently enchant a ring to increase stamina by 8. Only the enchanter's rings can be enchanted and enchanting a ring will cause it to become soulbound.	86767	
Permanently enchant a ring to increase damage and healing done by magical spells and effects by 6. Only the enchanter's rings can be enchanted and enchanting a ring will cause it to become soulbound.	86768	
Permanently enchant a ring to increase attack power by 12. Only the enchanter's rings can be enchanted and enchanting a ring will cause it to become soulbound.	86769	
Permanently enchant a ring to increase stamina by 6. Only the enchanter's rings can be enchanted and enchanting a ring will cause it to become soulbound.	86770	
Permanently enchant a ring to increase damage and healing done by magical spells and effects by 4. Only the enchanter's rings can be enchanted and enchanting a ring will cause it to become soulbound.	86772	
Permanently enchant a ring to increase attack power by 8. Only the enchanter's rings can be enchanted and enchanting a ring will cause it to become soulbound.	86773	
Permanently enchant a ring to increase stamina by 4. Only the enchanter's rings can be enchanted and enchanting a ring will cause it to become soulbound.	86774	
Permanently enchant a ring to increase damage and healing done by magical spells and effects by 2. Only the enchanter's rings can be enchanted and enchanting a ring will cause it to become soulbound.	86776	
Permanently enchant a ring to increase attack power by 4. Only the enchanter's rings can be enchanted and enchanting a ring will cause it to become soulbound.	86777	
Permanently enchant a ring to increase stamina by 2. Only the enchanter's rings can be enchanted and enchanting a ring will cause it to become soulbound.	86778	
Permanently enchant a ring to increase damage and healing done by magical spells and effects by 5. Only the enchanter's rings can be enchanted and enchanting a ring will cause it to become soulbound.	86780	
Permanently enchant a ring to increase attack power by 10. Only the enchanter's rings can be enchanted and enchanting a ring will cause it to become soulbound.	86781	
Permanently enchant a ring to increase stamina by 5. Only the enchanter's rings can be enchanted and enchanting a ring will cause it to become soulbound.	86782	
Permanently enchant a melee weapon to cause your spell casts to occasionally grant the wisdom of dragons, increasing intellect by 60 and restoring 80 mana every 5 seconds for 15 seconds.	86794	
Permanently enchant a two-handed melee weapon to sometimes bless the wielder with 30 agility, 200 armor, and 5% dodge for 15 seconds.	86796	
Permanently enchant a melee weapon to sometimes empower the wielder, increasing melee attack power by 100 and melee attack speed by 3%.	86798	
Permanently enchant a melee weapon to sometimes bless the wielder, healing you for 150-300 and increasing your healing received by 20% for 10 seconds.	86800	
You sometimes find Black Lotus from high level herbs.	86817	
Your resistance to all schools of magic is increased by $s1.	86818,86819,86820,86821,86822	
All your hard work spent mining has made you exceptionally tough, increasing your total health by $s1%.	86875,86876,86877,86878,86879	
Your appreciation for the art of hunting increases your damage done to beasts and dragonkin by $s1%.	86880,86881,86882,86883,86884	
Removes all test auras from the target.	87549	
Removes ALL Achievements and Statistics from the target. USE WITH CAUTION!	87558	
Summons and dismisses Swift Shore Strider.	150000	
Summons and dismisses Savage Raptor.	150001	
Right Click to summon and dismiss your Nightsaber Cub.	150006	
An instant strike that causes $s1 damage.	150067,150071,150072,150073,150074,150075	
While dual-wielding, your movement speed is increased by $150070s1% and you gain $150069s1% attack speed each time your melee auto-attack strikes the same target as your previous auto-attack, stacking up to $150069u times. Lasts $150069d or until your auto-attack strikes a different target.	150068	
An instant strike that causes $s2% weapon damage and empowers your next Holy spell or ability with a duration of less than 20 sec by $150077s1%.	150076	
An instant strike that causes $s2% weapon damage plus ${$SPH*0.25} (based on holy spell damage) as Holy and increases the enemy's Holy damage taken by $21183s1.	150078	
An instant strike that causes $s2% weapon damage plus ${$SPH*0.26} (based on holy spell damage) as Holy and increases the enemy's Holy damage taken by $20188s1.	150079	
An instant strike that causes $s2% weapon damage plus ${$SPH*0.27} (based on holy spell damage) as Holy and increases the enemy's Holy damage taken by $20300s1.	150080	
An instant strike that causes $s2% weapon damage plus ${$SPH*0.28} (based on holy spell damage) as Holy and increases the enemy's Holy damage taken by $20301s1.	150081	
An instant strike that causes $s2% weapon damage plus ${$SPH*0.29} (based on holy spell damage) as Holy and increases the enemy's Holy damage taken by $20302s1.	150082	
An instant strike that causes $s2% weapon damage plus ${$SPH*0.3} (based on holy spell damage) as Holy and increases the enemy's Holy damage taken by $20303s1.	150083	
Causes $s1 damage to the target and decreases Spirit based mana regeneration by $s2%.  Only useable after 3 casts of Wrath.	150089,150091,150092	
Causes $s1 Arcane damage to the target and $150099s1 damage to up to $150099i enemies within $150099a1 yards of the target.  Only useable after 3 casts of Starfire.	150090	
Causes $s1 Arcane damage to the target and $150100s1 damage to up to $150100i enemies within $150100a1 yards of the target.  Only useable after 3 casts of Starfire.	150093	
